{
   "type": "FeatureCollection",
   "features": [
  {
    "type": "Feature",
    "geometry": {
       "type": "Point",
       "coordinates":  [ 121.563452,25.043341 ]
    },
    "properties": {
    "行政區":"信義區",
    "友善店家名稱":"采芊文創",
    "地址":"臺北市信義區忠孝東路四段553巷22弄53號1樓",
    "電話":"02-2746-0153",
    "簡介":"提供教學舞台，並招募工藝領域的年輕人才，共同創造優質工藝創作環境。",
    "英文友善":"1",
    "日文友善":"1",
    "韓文友善":"0",
    "行動裝置充電":"0",
    "無障礙友善":"0",
    "性別友善":"1",
    "便利支付":"1",
    "素食":"0",
    "友善廁所":"0",
    "公平貿易友善":"0",
    "Free WiFi":"0",
    "自行車友善":"0",
    "哺集乳友善":"0",
    "穆斯林友善":"1",
    "月經友善":"0",
    "友善項目總計":5
    }
  },
  {
    "type": "Feature",
    "geometry": {
       "type": "Point",
       "coordinates":  [ 121.563203,25.042213 ]
    },
    "properties": {
    "行政區":"信義區",
    "友善店家名稱":"吐司股長 松菸文創店",
    "地址":"臺北市信義區忠孝東路四段553巷\n6弄8之1號",
    "電話":"02-2764-9060/徐先生0937079009",
    "簡介":"以特色古早味碳烤吐司引發排隊熱潮，店內佈置宛如80年代教室，走進時空品嚐傳統美味和歲月的美好，堅持帶給大家80年代的味道，樸實而單純的美味。",
    "英文友善":"1",
    "日文友善":"0",
    "韓文友善":"0",
    "行動裝置充電":"0",
    "無障礙友善":"0",
    "性別友善":"1",
    "便利支付":"0",
    "素食":"0",
    "友善廁所":"1",
    "公平貿易友善":"0",
    "Free WiFi":"1",
    "自行車友善":"0",
    "哺集乳友善":"0",
    "穆斯林友善":"0",
    "月經友善":"0",
    "友善項目總計":4
    }
  },
  {
    "type": "Feature",
    "geometry": {
       "type": "Point",
       "coordinates":  [ 121.56728,25.036072 ]
    },
    "properties": {
    "行政區":"信義區",
    "友善店家名稱":"新東陽三越信義專櫃",
    "地址":"臺北市信義區松壽路11號B2\n(新光三越A11館)",
    "電話":"02-2722-7526/總公司02-2772-6222＃957(郭小姐)",
    "簡介":"新東陽以推動中華美食精緻化，國際化的精神標竿為企業目標，打造”來台必買、出國必帶、台灣特產第一品牌”的企業形象，帶給消費者優質的購物體驗。",
    "英文友善":"1",
    "日文友善":"1",
    "韓文友善":"0",
    "行動裝置充電":"1",
    "無障礙友善":"1",
    "性別友善":"1",
    "便利支付":"1",
    "素食":"1",
    "友善廁所":"1",
    "公平貿易友善":"0",
    "Free WiFi":"1",
    "自行車友善":"0",
    "哺集乳友善":"0",
    "穆斯林友善":"0",
    "月經友善":"0",
    "友善項目總計":9
    }
  },
  {
    "type": "Feature",
    "geometry": {
       "type": "Point",
       "coordinates":  [ 121.561179,25.030158 ]
    },
    "properties": {
    "行政區":"信義區",
    "友善店家名稱":"藤香厚工豆花",
    "地址":"臺北市信義區吳興街113號",
    "電話":"02-2345-3222/0932-233-058(廖店長)",
    "簡介":"豆花滑順綿密、入口即化的口感，加上如蜜般香甜的 特製火炒焦糖，絕對一碗接一碗。還有創新「豆花五重奏」，鹹甜口感顛覆你對的想像呦!",
    "英文友善":"0",
    "日文友善":"0",
    "韓文友善":"0",
    "行動裝置充電":"0",
    "無障礙友善":"1",
    "性別友善":"1",
    "便利支付":"0",
    "素食":"1",
    "友善廁所":"0",
    "公平貿易友善":"0",
    "Free WiFi":"0",
    "自行車友善":"0",
    "哺集乳友善":"0",
    "穆斯林友善":"0",
    "月經友善":"0",
    "友善項目總計":3
    }
  },
  {
    "type": "Feature",
    "geometry": {
       "type": "Point",
       "coordinates":  [ 121.557885,25.03246 ]
    },
    "properties": {
    "行政區":"信義區",
    "友善店家名稱":"太平洋商旅",
    "地址":"臺北市信義區光復南路495號11樓",
    "電話":"02-8780-8000",
    "簡介":"備有中西式如意廳、會議室、交誼廳及健身房等多項設施，結合了差旅住宿、餐飲服務、商務辦公以及會議空間。",
    "英文友善":"1",
    "日文友善":"1",
    "韓文友善":"0",
    "行動裝置充電":"1",
    "無障礙友善":"0",
    "性別友善":"1",
    "便利支付":"1",
    "素食":"1",
    "友善廁所":"1",
    "公平貿易友善":"0",
    "Free WiFi":"1",
    "自行車友善":"0",
    "哺集乳友善":"0",
    "穆斯林友善":"0",
    "月經友善":"0",
    "友善項目總計":8
    }
  },
  {
    "type": "Feature",
    "geometry": {
       "type": "Point",
       "coordinates":  [ 121.558884,25.033256 ]
    },
    "properties": {
    "行政區":"信義區",
    "友善店家名稱":"肉伯火雞肉飯",
    "地址":"臺北市信義區信義路四段405號",
    "電話":"02-8780-3388",
    "簡介":"CNN推薦必吃台南在地美食臺北分店，以每日現煮火雞肉搭配白飯淋上雞油高湯，香甜不油膩。除了正宗火雞肉飯，另有五種配湯，其中以扁魚白菜湯更是南部傳統古早味，最受喜愛。",
    "英文友善":"1",
    "日文友善":"0",
    "韓文友善":"0",
    "行動裝置充電":"0",
    "無障礙友善":"0",
    "性別友善":"0",
    "便利支付":"0",
    "素食":"0",
    "友善廁所":"1",
    "公平貿易友善":"0",
    "Free WiFi":"0",
    "自行車友善":"0",
    "哺集乳友善":"0",
    "穆斯林友善":"0",
    "月經友善":"0",
    "友善項目總計":2
    }
  },
  {
    "type": "Feature",
    "geometry": {
       "type": "Point",
       "coordinates":  [ 121.563668,25.027235 ]
    },
    "properties": {
    "行政區":"信義區",
    "友善店家名稱":"鬍鬚張臺北北醫店",
    "地址":"臺北市信義區吳興街251號",
    "電話":"02-2758-8567/總公司:02-2298-2185＃232(行企部劉副理)",
    "簡介":"「鬍鬚張魯肉飯」創立於1960年，秉持『傳統美食，追求幸福』的創業初衷，從路邊攤創起，以發揚台灣美食文化為職志，不斷的做中學，以品質、口味、服務、衛生為基礎，提供安全美味的產品，整潔親切的用餐環境與氛圍的餐廳。\n鬍鬚張以「誠信篤實」、「追求卓越」、「顧客滿意」、「永續成長」為經營理念，以「以人為本」、「人才培育」、「賞罰分明」、「成果分享」為管理原則，並致力於『將魯肉飯販賣到全世界都知道』的企業願景實踐。",
    "英文友善":"0",
    "日文友善":"0",
    "韓文友善":"0",
    "行動裝置充電":"0",
    "無障礙友善":"0",
    "性別友善":"1",
    "便利支付":"0",
    "素食":"0",
    "友善廁所":"1",
    "公平貿易友善":"0",
    "Free WiFi":"0",
    "自行車友善":"0",
    "哺集乳友善":"0",
    "穆斯林友善":"0",
    "月經友善":"0",
    "友善項目總計":2
    }
  },
  {
    "type": "Feature",
    "geometry": {
       "type": "Point",
       "coordinates":  [ 121.564604,25.033524 ]
    },
    "properties": {
    "行政區":"信義區",
    "友善店家名稱":"裕珍馨臺北101專櫃",
    "地址":"臺北市信義區信義路五段7號B1專櫃",
    "電話":"02-8101-7670",
    "簡介":"一首籤詩，六個聖筊，在媽祖的祝福下，糕餅門外漢陳基振開啟了「裕珍馨」與「奶油酥餅」的傳奇。 \n走過半個世紀，裕珍馨，奶油酥餅的創始者，始終秉持著最初的用心與傳統工藝，隨著時代進步，加入更多的創新概念，嚴選更優質的健康素材，以細緻的製餅工藝，揉出奶油酥餅每一口的香酥濃郁，更揉入了深深的關心與祝福。 \n製餅是使命，也是文化的傳承，裕珍馨把對所有愛護者的感念，化成堅持與用心，以誠信、負責、惜福的心，繼續延續最道地的好滋味。",
    "英文友善":"1",
    "日文友善":"1",
    "韓文友善":"0",
    "行動裝置充電":"0",
    "無障礙友善":"0",
    "性別友善":"0",
    "便利支付":"1",
    "素食":"1",
    "友善廁所":"1",
    "公平貿易友善":"0",
    "Free WiFi":"1",
    "自行車友善":"0",
    "哺集乳友善":"1",
    "穆斯林友善":"0",
    "月經友善":"0",
    "友善項目總計":7
    }
  },
  {
    "type": "Feature",
    "geometry": {
       "type": "Point",
       "coordinates":  [ 121.563903,25.034026 ]
    },
    "properties": {
    "行政區":"信義區",
    "友善店家名稱":"新東陽101專櫃",
    "地址":"臺北市信義區市府路45號B1",
    "電話":"02-8101-8380/總公司02-2772-6222＃957(郭小姐)",
    "簡介":"新東陽101專櫃位於臺北101 B1。 門市主要販售新東陽各式肉鬆、肉乾、糕點、鳳梨酥、各式休閒零嘴、以及精選台灣各地的土特產、與進口的日/韓等地商品，商品豐富應有盡有。 新東陽以推動中華美食精緻化，國際化的精神標竿為企業目標，堅守著誠信、踏實、積極、創新的四大理念在地化經營，打造”來台必買、出國必帶、台灣特產第一品牌”的企業形象，帶給消費者優質的購物體驗。 2010年台灣食品消費調查統計年鑑報導:新東陽肉乾、肉鬆、肉醬等系列商品均為消費者最常選購的品牌第一名，因此有肉品王國的美譽 2011年更獲得台灣百大品牌之殊榮 我們提供多元化的媒體付款服務，包含Apple Pay、Samsung Pay與即時線上支付卡-銀聯卡。 同時，也可免費申辦加入新東陽會員，立即享有紅利點數回饋商品，還有專屬會員的活動，讓您輕鬆集點，購物享優惠，更多的優質商品，歡迎您蒞臨門市參觀選購。",
    "英文友善":"1",
    "日文友善":"1",
    "韓文友善":"0",
    "行動裝置充電":"1",
    "無障礙友善":"0",
    "性別友善":"1",
    "便利支付":"1",
    "素食":"1",
    "友善廁所":"1",
    "公平貿易友善":"0",
    "Free WiFi":"1",
    "自行車友善":"0",
    "哺集乳友善":"0",
    "穆斯林友善":"0",
    "月經友善":"0",
    "友善項目總計":8
    }
  },
  {
    "type": "Feature",
    "geometry": {
       "type": "Point",
       "coordinates":  [ 121.577268,25.044899 ]
    },
    "properties": {
    "行政區":"信義區",
    "友善店家名稱":"有機緣地-松山店",
    "地址":"臺北市信義區虎林街83號1樓",
    "電話":"02-8787-2429/公司:02-2657-7333",
    "簡介":"提供有機天然食品飲料，健康安心肉品、天 然保健食品與時尚機能服飾。",
    "英文友善":"1",
    "日文友善":"0",
    "韓文友善":"0",
    "行動裝置充電":"0",
    "無障礙友善":"0",
    "性別友善":"1",
    "便利支付":"1",
    "素食":"1",
    "友善廁所":"0",
    "公平貿易友善":"1",
    "Free WiFi":"0",
    "自行車友善":"0",
    "哺集乳友善":"0",
    "穆斯林友善":"0",
    "月經友善":"0",
    "友善項目總計":5
    }
  },
  {
    "type": "Feature",
    "geometry": {
       "type": "Point",
       "coordinates":  [ 121.568091,25.044604 ]
    },
    "properties": {
    "行政區":"信義區",
    "友善店家名稱":"ALL IN ONE 餐廳",
    "地址":"臺北市信義區基隆路一段101巷23號",
    "電話":"02-2767-7058",
    "簡介":"我們一直以  為朋友，家人做菜為出發點，\n\n可透過溝通來量身打造餐點，與其做華而不實的餐點\n\n不如用輕鬆自在的料理，讓顧客常訪.....",
    "英文友善":"0",
    "日文友善":"0",
    "韓文友善":"0",
    "行動裝置充電":"0",
    "無障礙友善":"0",
    "性別友善":"1",
    "便利支付":"1",
    "素食":"0",
    "友善廁所":"1",
    "公平貿易友善":"0",
    "Free WiFi":"0",
    "自行車友善":"0",
    "哺集乳友善":"0",
    "穆斯林友善":"0",
    "月經友善":"0",
    "友善項目總計":3
    }
  },
  {
    "type": "Feature",
    "geometry": {
       "type": "Point",
       "coordinates":  [ 121.569488,25.02841 ]
    },
    "properties": {
    "行政區":"信義區",
    "友善店家名稱":"小隱茶庵 - 信義店",
    "地址":"臺北市信義區信義路五段150巷14弄8號1樓",
    "電話":"02-2723-8520",
    "簡介":"“Lily 也提到的店名的由來，「小隱的隱字，來自於植物；植物總是先向下扎根，才往上開出花朵，隱的意象就是過程，如同人生的眾多階段裡，其中一個過程是「隱」。那個隱能激發出之後更多的夢想與想像。」”\n\n“小隱茶庵，是期望構築一個讓人能沈思、放鬆，與心靈有關的所在”\n\n“「在小隱，我們把泡茶形式簡化，以壺、茶海、茶杯為單位的形式呈現，不用繁瑣的步驟，讓人們能簡單體驗泡茶的樂趣，也仍可保留茶道儀式感及文化底蘊。」”",
    "英文友善":"1",
    "日文友善":"1",
    "韓文友善":"0",
    "行動裝置充電":"1",
    "無障礙友善":"0",
    "性別友善":"1",
    "便利支付":"1",
    "素食":"1",
    "友善廁所":"1",
    "公平貿易友善":"0",
    "Free WiFi":"1",
    "自行車友善":"0",
    "哺集乳友善":"0",
    "穆斯林友善":"1",
    "月經友善":"1",
    "友善項目總計":10
    }
  },
  {
    "type": "Feature",
    "geometry": {
       "type": "Point",
       "coordinates":  [ 121.574147,25.039771 ]
    },
    "properties": {
    "行政區":"信義區",
    "友善店家名稱":"瑰夏咖啡",
    "地址":"臺北市信義區忠孝東路五段372巷27弄1號1樓(玻璃屋)",
    "電話":"0917 220 661",
    "簡介":"專注於烘豆工作，給您最好的咖啡體驗\n以誠信為本、專業品質、服務態度為理念\n做好品牌形象，並積極提升價值。\n咖啡教學、分享、咖啡豆販賣、濾掛咖啡",
    "英文友善":"0",
    "日文友善":"0",
    "韓文友善":"0",
    "行動裝置充電":"0",
    "無障礙友善":"0",
    "性別友善":"0",
    "便利支付":"0",
    "素食":"0",
    "友善廁所":"0",
    "公平貿易友善":"0",
    "Free WiFi":"1",
    "自行車友善":"0",
    "哺集乳友善":"0",
    "穆斯林友善":"0",
    "月經友善":"0",
    "友善項目總計":1
    }
  },
  {
    "type": "Feature",
    "geometry": {
       "type": "Point",
       "coordinates":  [ 121.566233,25.026202 ]
    },
    "properties": {
    "行政區":"信義區",
    "友善店家名稱":"青春雞",
    "地址":"臺北市信義區吳興街359-13號1樓",
    "電話":"02-2729-1996",
    "簡介":"一個提供吃飽喝足看展回憶青春的去處！\n#青春雞\n#我們的雞是青春",
    "英文友善":"0",
    "日文友善":"0",
    "韓文友善":"0",
    "行動裝置充電":"0",
    "無障礙友善":"0",
    "性別友善":"1",
    "便利支付":"1",
    "素食":"0",
    "友善廁所":"0",
    "公平貿易友善":"0",
    "Free WiFi":"1",
    "自行車友善":"0",
    "哺集乳友善":"0",
    "穆斯林友善":"0",
    "月經友善":"0",
    "友善項目總計":3
    }
  },
  {
    "type": "Feature",
    "geometry": {
       "type": "Point",
       "coordinates":  [ 121.558837,25.031499 ]
    },
    "properties": {
    "行政區":"信義區",
    "友善店家名稱":"天食地栗",
    "地址":"臺北市信義區基隆路二段33之3號1樓",
    "電話":"02-2738-5385",
    "簡介":"以油品為首，匯集歐洲各式食材好物。嚴選小農制莊園級橄欖油，展現歐陸生活飲食態度。\n珍選好油、好水、好酒、好食，產地送來風土與陽光，歐洲農莊到台灣廚房，每一餐都是味覺天堂。",
    "英文友善":"1",
    "日文友善":"0",
    "韓文友善":"0",
    "行動裝置充電":"1",
    "無障礙友善":"0",
    "性別友善":"1",
    "便利支付":"0",
    "素食":"0",
    "友善廁所":"1",
    "公平貿易友善":"0",
    "Free WiFi":"1",
    "自行車友善":"0",
    "哺集乳友善":"0",
    "穆斯林友善":"0",
    "月經友善":"0",
    "友善項目總計":5
    }
  },
  {
    "type": "Feature",
    "geometry": {
       "type": "Point",
       "coordinates":  [ 121.544632,25.052761 ]
    },
    "properties": {
    "行政區":"松山區",
    "友善店家名稱":"AN58歐陸小酒館",
    "地址":"臺北市松山區慶城街1號2樓",
    "電話":"02-2506-0616",
    "簡介":"交通方便，西班牙精緻美食料理，食材新鮮，開放式廚區設計，異國風餐點與瓷器，座位寬敞。",
    "英文友善":"1",
    "日文友善":"0",
    "韓文友善":"0",
    "行動裝置充電":"0",
    "無障礙友善":"0",
    "性別友善":"1",
    "便利支付":"1",
    "素食":"1",
    "友善廁所":"0",
    "公平貿易友善":"0",
    "Free WiFi":"1",
    "自行車友善":"0",
    "哺集乳友善":"0",
    "穆斯林友善":"0",
    "月經友善":"1",
    "友善項目總計":6
    }
  },
  {
    "type": "Feature",
    "geometry": {
       "type": "Point",
       "coordinates":  [ 121.559866,25.082719 ]
    },
    "properties": {
    "行政區":"中山區",
    "友善店家名稱":"九華樓",
    "地址":"臺北市中山區樂群三路303號3樓",
    "電話":"0903-083-308/02-2581-8111#6625",
    "簡介":"純正粵菜，由國寶級御廚，擅長廣式「鮑、參、翅、肚」頂級料理，以嚴謹與細膩的態度，讓美食成為體驗味覺、嗅覺、視覺的三重享受。",
    "英文友善":"1",
    "日文友善":"0",
    "韓文友善":"0",
    "行動裝置充電":"0",
    "無障礙友善":"1",
    "性別友善":"1",
    "便利支付":"1",
    "素食":"1",
    "友善廁所":"1",
    "公平貿易友善":"0",
    "Free WiFi":"1",
    "自行車友善":"0",
    "哺集乳友善":"1",
    "穆斯林友善":"0",
    "月經友善":"0",
    "友善項目總計":8
    }
  },
  {
    "type": "Feature",
    "geometry": {
       "type": "Point",
       "coordinates":  [ 121.542365,25.052796 ]
    },
    "properties": {
    "行政區":"中山區",
    "友善店家名稱":"國賓中餐廳\n(原臺北國賓飯店川菜廳)",
    "地址":"臺北市中山區遼寧街177號2F",
    "電話":"02-2536-2370/02-2100-2100#2818",
    "簡介":"以傳統正宗的牛肉末取代臺灣人常吃的豬肉末，讓料理更增添特殊風味，這就是國賓大飯店川菜廳的價值。",
    "英文友善":"1",
    "日文友善":"1",
    "韓文友善":"0",
    "行動裝置充電":"1",
    "無障礙友善":"1",
    "性別友善":"0",
    "便利支付":"1",
    "素食":"1",
    "友善廁所":"0",
    "公平貿易友善":"0",
    "Free WiFi":"1",
    "自行車友善":"0",
    "哺集乳友善":"0",
    "穆斯林友善":"0",
    "月經友善":"0",
    "友善項目總計":7
    }
  },
  {
    "type": "Feature",
    "geometry": {
       "type": "Point",
       "coordinates":  [ 121.520497,25.070359 ]
    },
    "properties": {
    "行政區":"中山區",
    "友善店家名稱":"歐點歐式餐酒館",
    "地址":"臺北市中山區玉門街一號\n(MAJI square 集食行樂)",
    "電話":"02-2585-1550/0933-318-233(EMMA)",
    "簡介":"地中海料理結合了歐洲各國複合式風味餐點，大量且多元的海鮮深獲客人喜愛。",
    "英文友善":"1",
    "日文友善":"0",
    "韓文友善":"0",
    "行動裝置充電":"0",
    "無障礙友善":"1",
    "性別友善":"1",
    "便利支付":"1",
    "素食":"1",
    "友善廁所":"0",
    "公平貿易友善":"0",
    "Free WiFi":"0",
    "自行車友善":"1",
    "哺集乳友善":"0",
    "穆斯林友善":"0",
    "月經友善":"0",
    "友善項目總計":6
    }
  },
  {
    "type": "Feature",
    "geometry": {
       "type": "Point",
       "coordinates":  [ 121.526002,25.054824 ]
    },
    "properties": {
    "行政區":"中山區",
    "友善店家名稱":"長富時尚旅店",
    "地址":"臺北市中山區長春路56號",
    "電話":"02-2542-0101",
    "簡介":"以環保概念為主軸，設計24間精緻客房，都市叢林的綠建築，讓在外的您們安心享受飯店提供的服務，彷彿在家中般的自在舒適。",
    "英文友善":"1",
    "日文友善":"1",
    "韓文友善":"0",
    "行動裝置充電":"1",
    "無障礙友善":"0",
    "性別友善":"1",
    "便利支付":"1",
    "素食":"0",
    "友善廁所":"1",
    "公平貿易友善":"0",
    "Free WiFi":"1",
    "自行車友善":"0",
    "哺集乳友善":"0",
    "穆斯林友善":"0",
    "月經友善":"0",
    "友善項目總計":7
    }
  },
  {
    "type": "Feature",
    "geometry": {
       "type": "Point",
       "coordinates":  [ 121.536473,25.054943 ]
    },
    "properties": {
    "行政區":"中山區",
    "友善店家名稱":"洪師父牛肉麵-建北門市",
    "地址":"臺北市中山區建國北路二段72號",
    "電話":"02-2243-2853*24/02-2500-6850(店家)",
    "簡介":"洪師父為台灣牛肉麵的代表品牌，除了傳統牛肉麵外，也不斷的開發新產品與新口味。本公司所開發的產品，是美食競賽的常勝軍，在業界頗具知名度，除了大大小小的獎項之外，也常受政府部門邀約，參加國內外美食活動、記者會、展覽，同時也經常參予各式美食競賽，增加台灣美食曝光度。眾多兩岸三地、國內外媒體的報導，在報章雜誌專題採訪，報導數百則。",
    "英文友善":"1",
    "日文友善":"1",
    "韓文友善":"0",
    "行動裝置充電":"0",
    "無障礙友善":"0",
    "性別友善":"1",
    "便利支付":"1",
    "素食":"0",
    "友善廁所":"1",
    "公平貿易友善":"0",
    "Free WiFi":"0",
    "自行車友善":"0",
    "哺集乳友善":"0",
    "穆斯林友善":"0",
    "月經友善":"0",
    "友善項目總計":5
    }
  },
  {
    "type": "Feature",
    "geometry": {
       "type": "Point",
       "coordinates":  [ 121.533396,25.059474 ]
    },
    "properties": {
    "行政區":"中山區",
    "友善店家名稱":"雀客旅館",
    "地址":"臺北市中山區松江路253號",
    "電話":"02-7726-6277",
    "簡介":"以簡約不造作的紐約 LOFT ⼯業⾵格為整體調性，刻意裸露的磚牆和管線、顏⾊對⽐強烈的拼貼地磚與百⽼匯式的招牌",
    "英文友善":"1",
    "日文友善":"0",
    "韓文友善":"0",
    "行動裝置充電":"1",
    "無障礙友善":"1",
    "性別友善":"1",
    "便利支付":"1",
    "素食":"0",
    "友善廁所":"1",
    "公平貿易友善":"0",
    "Free WiFi":"1",
    "自行車友善":"0",
    "哺集乳友善":"0",
    "穆斯林友善":"1",
    "月經友善":"0",
    "友善項目總計":8
    }
  },
  {
    "type": "Feature",
    "geometry": {
       "type": "Point",
       "coordinates":  [ 121.52938,25.047931 ]
    },
    "properties": {
    "行政區":"中山區",
    "友善店家名稱":"喜瑞飯店",
    "地址":"臺北市中山區長安東路一段64號",
    "電話":"02-2541-0077",
    "簡介":"全館提供免費無線上網、隨選視聽娛樂系統，客房內更備有進口頂級沐浴用品。集結舒適、功能與時尚。",
    "英文友善":"1",
    "日文友善":"1",
    "韓文友善":"0",
    "行動裝置充電":"1",
    "無障礙友善":"1",
    "性別友善":"1",
    "便利支付":"1",
    "素食":"1",
    "友善廁所":"0",
    "公平貿易友善":"0",
    "Free WiFi":"1",
    "自行車友善":"1",
    "哺集乳友善":"0",
    "穆斯林友善":"0",
    "月經友善":"1",
    "友善項目總計":10
    }
  },
  {
    "type": "Feature",
    "geometry": {
       "type": "Point",
       "coordinates":  [ 121.537766,25.062145 ]
    },
    "properties": {
    "行政區":"中山區",
    "友善店家名稱":"晶宴會館民權館",
    "地址":"臺北市中山區民權東路三段2號B1",
    "電話":"02-8773-4567/02-22266277#229",
    "簡介":"晶宴民權館共有四個主題宴會劇場，四種不同風格特色劇場，宛如四重奏的完美合奏，營造夢幻的婚宴場地，為新人留下美好回憶。",
    "英文友善":"1",
    "日文友善":"0",
    "韓文友善":"0",
    "行動裝置充電":"0",
    "無障礙友善":"1",
    "性別友善":"1",
    "便利支付":"1",
    "素食":"1",
    "友善廁所":"1",
    "公平貿易友善":"0",
    "Free WiFi":"1",
    "自行車友善":"0",
    "哺集乳友善":"1",
    "穆斯林友善":"0",
    "月經友善":"0",
    "友善項目總計":8
    }
  },
  {
    "type": "Feature",
    "geometry": {
       "type": "Point",
       "coordinates":  [ 121.543951,25.059536 ]
    },
    "properties": {
    "行政區":"中山區",
    "友善店家名稱":"新驛旅店復興北路店",
    "地址":"臺北市中山區復興北路338號",
    "電話":"02-2515-8777",
    "簡介":"溫馨氣氛、 親切服務，除了基本設備外，更提供了自助使用的炊事小家電與洗衣房，讓人享受隨心所欲的自主生活節奏。",
    "英文友善":"1",
    "日文友善":"1",
    "韓文友善":"0",
    "行動裝置充電":"1",
    "無障礙友善":"1",
    "性別友善":"1",
    "便利支付":"1",
    "素食":"0",
    "友善廁所":"1",
    "公平貿易友善":"0",
    "Free WiFi":"1",
    "自行車友善":"1",
    "哺集乳友善":"1",
    "穆斯林友善":"0",
    "月經友善":"0",
    "友善項目總計":10
    }
  },
  {
    "type": "Feature",
    "geometry": {
       "type": "Point",
       "coordinates":  [ 121.542013,25.062586 ]
    },
    "properties": {
    "行政區":"中山區",
    "友善店家名稱":"IRUN跑陸上競技專賣店",
    "地址":"臺北市中山區民權東路三段31號1樓",
    "電話":"02-2517-6030",
    "簡介":"自行車、路跑、陸上的運動用品專賣店。",
    "英文友善":"1",
    "日文友善":"0",
    "韓文友善":"0",
    "行動裝置充電":"0",
    "無障礙友善":"0",
    "性別友善":"1",
    "便利支付":"1",
    "素食":"0",
    "友善廁所":"0",
    "公平貿易友善":"0",
    "Free WiFi":"1",
    "自行車友善":"1",
    "哺集乳友善":"0",
    "穆斯林友善":"0",
    "月經友善":"0",
    "友善項目總計":5
    }
  },
  {
    "type": "Feature",
    "geometry": {
       "type": "Point",
       "coordinates":  [ 121.520497,25.070359 ]
    },
    "properties": {
    "行政區":"中山區",
    "友善店家名稱":"神農市場",
    "地址":"臺北市中山區玉門街一號\n(MAJI square 集食行樂)",
    "電話":"02-2597-7126#116 窗口王先生 \n02-2597-7126#612 企劃總監",
    "簡介":"為了愛吃愛做菜的人，將安心食材通通集合在一起，匯集在地好農食材、商品與特色伴手禮，更設有熟菜食堂及復古咖啡吧",
    "英文友善":"1",
    "日文友善":"0",
    "韓文友善":"0",
    "行動裝置充電":"1",
    "無障礙友善":"1",
    "性別友善":"1",
    "便利支付":"1",
    "素食":"1",
    "友善廁所":"1",
    "公平貿易友善":"0",
    "Free WiFi":"0",
    "自行車友善":"0",
    "哺集乳友善":"1",
    "穆斯林友善":"0",
    "月經友善":"0",
    "友善項目總計":8
    }
  },
  {
    "type": "Feature",
    "geometry": {
       "type": "Point",
       "coordinates":  [ 121.521451,25.052592 ]
    },
    "properties": {
    "行政區":"中山區",
    "友善店家名稱":"源吉兆庵",
    "地址":"臺北市中山區南京西路5號",
    "電話":"02-2523-1575\n#62/0936883425(林小姐)",
    "簡介":"源吉兆庵，商品皆由日本岡山直送，提供和菓子、月餅、蛋糕等日式點心，讓民眾品嚐到最道地的日本原味。",
    "英文友善":"0",
    "日文友善":"1",
    "韓文友善":"0",
    "行動裝置充電":"0",
    "無障礙友善":"0",
    "性別友善":"1",
    "便利支付":"1",
    "素食":"0",
    "友善廁所":"0",
    "公平貿易友善":"0",
    "Free WiFi":"1",
    "自行車友善":"0",
    "哺集乳友善":"0",
    "穆斯林友善":"0",
    "月經友善":"0",
    "友善項目總計":4
    }
  },
  {
    "type": "Feature",
    "geometry": {
       "type": "Point",
       "coordinates":  [ 121.543111,25.048176 ]
    },
    "properties": {
    "行政區":"中山區",
    "友善店家名稱":"大地清旅。旅店",
    "地址":"臺北市中山區長安東路二段246號4樓",
    "電話":"02-2711-0102/0905-161182(黃小姐)",
    "簡介":"交通十分便利、商圈機能發達，周遭多熱門景點，鬧中取靜，環境單純，商務、旅遊住宿，安全無虞。以北歐簡約風格為主。",
    "英文友善":"1",
    "日文友善":"1",
    "韓文友善":"0",
    "行動裝置充電":"1",
    "無障礙友善":"0",
    "性別友善":"1",
    "便利支付":"1",
    "素食":"1",
    "友善廁所":"0",
    "公平貿易友善":"0",
    "Free WiFi":"1",
    "自行車友善":"1",
    "哺集乳友善":"0",
    "穆斯林友善":"0",
    "月經友善":"1",
    "友善項目總計":9
    }
  },
  {
    "type": "Feature",
    "geometry": {
       "type": "Point",
       "coordinates":  [ 121.523287,25.051411 ]
    },
    "properties": {
    "行政區":"中山區",
    "友善店家名稱":"丹迪旅店天津店",
    "地址":"臺北市中山區天津街70號",
    "電話":"02-2541-5788",
    "簡介":"現代化客房以白色作裝飾，配有迷你冰箱和私人保險箱。私人衛浴設有淋浴設施或浴缸，為了推廣簡約時尚的生活美學。",
    "英文友善":"1",
    "日文友善":"1",
    "韓文友善":"0",
    "行動裝置充電":"0",
    "無障礙友善":"0",
    "性別友善":"1",
    "便利支付":"1",
    "素食":"0",
    "友善廁所":"1",
    "公平貿易友善":"0",
    "Free WiFi":"1",
    "自行車友善":"0",
    "哺集乳友善":"0",
    "穆斯林友善":"0",
    "月經友善":"0",
    "友善項目總計":6
    }
  },
  {
    "type": "Feature",
    "geometry": {
       "type": "Point",
       "coordinates":  [ 121.524931,25.064533 ]
    },
    "properties": {
    "行政區":"中山區",
    "友善店家名稱":"果實咖啡堂",
    "地址":"臺北市中山區雙城街17巷7號1樓",
    "電話":"02-2595-9183/0913545101(黃小姐)",
    "簡介":"以咖啡為主要飲品有義式咖啡也有單品虹吸式咖啡，店內員工都有受過專業的咖啡知識訓練。",
    "英文友善":"0",
    "日文友善":"0",
    "韓文友善":"0",
    "行動裝置充電":"1",
    "無障礙友善":"0",
    "性別友善":"1",
    "便利支付":"1",
    "素食":"1",
    "友善廁所":"1",
    "公平貿易友善":"0",
    "Free WiFi":"1",
    "自行車友善":"0",
    "哺集乳友善":"0",
    "穆斯林友善":"0",
    "月經友善":"0",
    "友善項目總計":6
    }
  },
  {
    "type": "Feature",
    "geometry": {
       "type": "Point",
       "coordinates":  [ 121.52234,25.063033 ]
    },
    "properties": {
    "行政區":"中山區",
    "友善店家名稱":"最佳風情",
    "地址":"臺北市中山區中山北路二段158號",
    "電話":"02-2586-3333/0933005888(高先生)",
    "簡介":"best romamce最佳風情不只是婚紗攝影，我們努力的不僅是照片的美麗呈現，我們留存的是故事是真情、是感動是最美好的每個瞬間，絕對值得您一再回味。",
    "英文友善":"1",
    "日文友善":"0",
    "韓文友善":"0",
    "行動裝置充電":"0",
    "無障礙友善":"0",
    "性別友善":"1",
    "便利支付":"1",
    "素食":"0",
    "友善廁所":"0",
    "公平貿易友善":"0",
    "Free WiFi":"1",
    "自行車友善":"0",
    "哺集乳友善":"0",
    "穆斯林友善":"0",
    "月經友善":"0",
    "友善項目總計":4
    }
  },
  {
    "type": "Feature",
    "geometry": {
       "type": "Point",
       "coordinates":  [ 121.52424,25.064398 ]
    },
    "properties": {
    "行政區":"中山區",
    "友善店家名稱":"開心茶屋",
    "地址":"臺北市中山區雙城街10之一號",
    "電話":"02-2592-4940",
    "簡介":"想做真實、好喝又便宜的飲品，給大家喝，希望口渴時會想到開心茶屋",
    "英文友善":"0",
    "日文友善":"1",
    "韓文友善":"0",
    "行動裝置充電":"0",
    "無障礙友善":"0",
    "性別友善":"1",
    "便利支付":"0",
    "素食":"1",
    "友善廁所":"0",
    "公平貿易友善":"0",
    "Free WiFi":"0",
    "自行車友善":"0",
    "哺集乳友善":"0",
    "穆斯林友善":"0",
    "月經友善":"0",
    "友善項目總計":3
    }
  },
  {
    "type": "Feature",
    "geometry": {
       "type": "Point",
       "coordinates":  [ 121.521244,25.052326 ]
    },
    "properties": {
    "行政區":"中山區",
    "友善店家名稱":"新東陽三越南京專櫃",
    "地址":"臺北市中山區南京西路12號B2",
    "電話":"02-2541-7919/總公司02-2772-6222＃957(郭小姐)",
    "簡介":"新東陽以推動中華美食精緻化，國際化的精神標竿為企業目標，打造”來台必買、出國必帶、台灣特產第一品牌”的企業形象，帶給消費者優質的購物體驗。",
    "英文友善":"1",
    "日文友善":"0",
    "韓文友善":"0",
    "行動裝置充電":"0",
    "無障礙友善":"1",
    "性別友善":"1",
    "便利支付":"1",
    "素食":"1",
    "友善廁所":"1",
    "公平貿易友善":"0",
    "Free WiFi":"1",
    "自行車友善":"0",
    "哺集乳友善":"1",
    "穆斯林友善":"0",
    "月經友善":"0",
    "友善項目總計":8
    }
  },
  {
    "type": "Feature",
    "geometry": {
       "type": "Point",
       "coordinates":  [ 121.525825,25.066472 ]
    },
    "properties": {
    "行政區":"中山區",
    "友善店家名稱":"誠意中西藥局",
    "地址":"臺北市中山區林森北路613號",
    "電話":"02-2595-0951",
    "簡介":"提供全天候 專業藥師、美容師、營養師 駐店服務。專營中西藥品、保健食品、醫學美容商品、醫療器材、處方調劑。",
    "英文友善":"1",
    "日文友善":"0",
    "韓文友善":"0",
    "行動裝置充電":"0",
    "無障礙友善":"0",
    "性別友善":"1",
    "便利支付":"1",
    "素食":"0",
    "友善廁所":"0",
    "公平貿易友善":"0",
    "Free WiFi":"1",
    "自行車友善":"0",
    "哺集乳友善":"0",
    "穆斯林友善":"0",
    "月經友善":"0",
    "友善項目總計":4
    }
  },
  {
    "type": "Feature",
    "geometry": {
       "type": "Point",
       "coordinates":  [ 121.524837,25.064181 ]
    },
    "properties": {
    "行政區":"中山區",
    "友善店家名稱":"PAVONA CAFE 帕沃納咖啡",
    "地址":"臺北市中山區雙城街13巷9號1樓",
    "電話":"0921-777439/02-2597-5773/0929-672-999(柯小姐)",
    "簡介":"以珊瑚為命名，將過路人當作魚來比喻，也就是提供路人一個暫時的休息的地方，輕鬆的環境與香醇的咖啡，提供給所有需要休息的人。",
    "英文友善":"1",
    "日文友善":"0",
    "韓文友善":"0",
    "行動裝置充電":"1",
    "無障礙友善":"0",
    "性別友善":"1",
    "便利支付":"1",
    "素食":"0",
    "友善廁所":"0",
    "公平貿易友善":"0",
    "Free WiFi":"0",
    "自行車友善":"0",
    "哺集乳友善":"0",
    "穆斯林友善":"0",
    "月經友善":"0",
    "友善項目總計":4
    }
  },
  {
    "type": "Feature",
    "geometry": {
       "type": "Point",
       "coordinates":  [ 121.560738,25.083015 ]
    },
    "properties": {
    "行政區":"中山區",
    "友善店家名稱":"一鷺串燒居酒屋大直旗艦店",
    "地址":"臺北市中山區植福路217號",
    "電話":"02-8501-5885",
    "簡介":"採用天然地雞、高級備長炭以及自製醬料，賦予串燒一個全新不同的概念，是一鷺對自我的期許。",
    "英文友善":"1",
    "日文友善":"1",
    "韓文友善":"0",
    "行動裝置充電":"1",
    "無障礙友善":"0",
    "性別友善":"1",
    "便利支付":"1",
    "素食":"1",
    "友善廁所":"1",
    "公平貿易友善":"0",
    "Free WiFi":"1",
    "自行車友善":"1",
    "哺集乳友善":"0",
    "穆斯林友善":"0",
    "月經友善":"1",
    "友善項目總計":10
    }
  },
  {
    "type": "Feature",
    "geometry": {
       "type": "Point",
       "coordinates":  [ 121.534789,25.061995 ]
    },
    "properties": {
    "行政區":"中山區",
    "友善店家名稱":"一鷺串燒居酒屋松江本店",
    "地址":"臺北市中山區民權東路二段152巷1號1F",
    "電話":"02-2504-3668",
    "簡介":"採用天然地雞、高級備長炭以及自製醬料，賦予串燒一個全新不同的概念，是一鷺對自我的期許。",
    "英文友善":"1",
    "日文友善":"1",
    "韓文友善":"0",
    "行動裝置充電":"1",
    "無障礙友善":"0",
    "性別友善":"1",
    "便利支付":"1",
    "素食":"1",
    "友善廁所":"1",
    "公平貿易友善":"0",
    "Free WiFi":"1",
    "自行車友善":"1",
    "哺集乳友善":"0",
    "穆斯林友善":"0",
    "月經友善":"1",
    "友善項目總計":10
    }
  },
  {
    "type": "Feature",
    "geometry": {
       "type": "Point",
       "coordinates":  [ 121.526349,25.066233 ]
    },
    "properties": {
    "行政區":"中山區",
    "友善店家名稱":"D . M T a s t e café",
    "地址":"臺北市中山區新生北路三段68巷39號1F",
    "電話":"02-2591-7959",
    "簡介":"開店35年專營各種餐具批發與零售，咖啡器具與新鮮咖啡豆烘焙等，種類多達十萬種，歡迎有開店及餐具、咖啡用品需求來店參觀。",
    "英文友善":"0",
    "日文友善":"0",
    "韓文友善":"0",
    "行動裝置充電":"0",
    "無障礙友善":"0",
    "性別友善":"1",
    "便利支付":"0",
    "素食":"0",
    "友善廁所":"0",
    "公平貿易友善":"0",
    "Free WiFi":"1",
    "自行車友善":"0",
    "哺集乳友善":"0",
    "穆斯林友善":"0",
    "月經友善":"0",
    "友善項目總計":2
    }
  },
  {
    "type": "Feature",
    "geometry": {
       "type": "Point",
       "coordinates":  [ 121.525361,25.066582 ]
    },
    "properties": {
    "行政區":"中山區",
    "友善店家名稱":"火鍋世家 (臺北德惠店)",
    "地址":"臺北市中山區德惠街22號",
    "電話":"02-2595-6666/0922252041(康先生)",
    "簡介":"以提供新鮮、平價的食材為理念，在地經營五年，身盛在顧客的認同及喜愛，讓所有來店的貴賓都有溫馨親切的感受。",
    "英文友善":"1",
    "日文友善":"0",
    "韓文友善":"0",
    "行動裝置充電":"1",
    "無障礙友善":"1",
    "性別友善":"1",
    "便利支付":"1",
    "素食":"1",
    "友善廁所":"1",
    "公平貿易友善":"0",
    "Free WiFi":"1",
    "自行車友善":"0",
    "哺集乳友善":"0",
    "穆斯林友善":"0",
    "月經友善":"1",
    "友善項目總計":9
    }
  },
  {
    "type": "Feature",
    "geometry": {
       "type": "Point",
       "coordinates":  [ 121.524413,25.064594 ]
    },
    "properties": {
    "行政區":"中山區",
    "友善店家名稱":"吃味－原露天義大利麵",
    "地址":"臺北市中山區雙城街17之2號1樓",
    "電話":"0955-106-517\n02-2599-1799",
    "簡介":"平實的價格也能吃到不平凡的料理，每一客麵現點現炒，學生又可以免費加大，內用有無限量供應的紅茶、冰淇淋，又有免費wi-fi沒有低消，不收服務費。",
    "英文友善":"0",
    "日文友善":"0",
    "韓文友善":"0",
    "行動裝置充電":"1",
    "無障礙友善":"0",
    "性別友善":"1",
    "便利支付":"0",
    "素食":"0",
    "友善廁所":"1",
    "公平貿易友善":"0",
    "Free WiFi":"1",
    "自行車友善":"0",
    "哺集乳友善":"0",
    "穆斯林友善":"0",
    "月經友善":"0",
    "友善項目總計":4
    }
  },
  {
    "type": "Feature",
    "geometry": {
       "type": "Point",
       "coordinates":  [ 121.556698,25.083375 ]
    },
    "properties": {
    "行政區":"中山區",
    "友善店家名稱":"美麗華百樂園",
    "地址":"臺北市中山區敬業三路20號",
    "電話":"02-2175-3456#5217 趙先生",
    "簡介":"美麗華結合娛樂、科技、藝術於一體，可以媲美日本「東京台場摩天輪」，成為情侶約會的首選景點，加上還有浪漫夢幻的音樂旋轉木馬遊樂設施，讓空氣中更充滿溫馨歡樂感，打造複合式的商業空間。",
    "英文友善":"1",
    "日文友善":"0",
    "韓文友善":"0",
    "行動裝置充電":"0",
    "無障礙友善":"1",
    "性別友善":"1",
    "便利支付":"1",
    "素食":"1",
    "友善廁所":"1",
    "公平貿易友善":"0",
    "Free WiFi":"0",
    "自行車友善":"0",
    "哺集乳友善":"1",
    "穆斯林友善":"0",
    "月經友善":"0",
    "友善項目總計":7
    }
  },
  {
    "type": "Feature",
    "geometry": {
       "type": "Point",
       "coordinates":  [ 121.553786,25.080311 ]
    },
    "properties": {
    "行政區":"中山區",
    "友善店家名稱":"彩匯自助餐廳",
    "地址":"臺北市中山區樂群二路55號1樓",
    "電話":"02-7722-3395#5552 洪小姐",
    "簡介":"每天備有各種琳琅珍味• 以美福集團自信的嚴選肉品搭配各地蔬食．調配出包括中西湯品、西式餐點、中式料理。",
    "英文友善":"1",
    "日文友善":"1",
    "韓文友善":"1",
    "行動裝置充電":"1",
    "無障礙友善":"1",
    "性別友善":"1",
    "便利支付":"1",
    "素食":"1",
    "友善廁所":"1",
    "公平貿易友善":"0",
    "Free WiFi":"1",
    "自行車友善":"0",
    "哺集乳友善":"1",
    "穆斯林友善":"1",
    "月經友善":"0",
    "友善項目總計":12
    }
  },
  {
    "type": "Feature",
    "geometry": {
       "type": "Point",
       "coordinates":  [ 121.521896,25.051715 ]
    },
    "properties": {
    "行政區":"中山區",
    "友善店家名稱":"螺絲瑪莉義麵坊",
    "地址":"臺北市中山區南京西路12巷13弄9號1樓",
    "電話":"02-2521-9972(會計部)/ 02-2521-9822(店家)",
    "簡介":"在地食材挑選方面既堅持又嚴格!義大利麵堅持每天當天現煮，絕對不使用隔夜義大利麵，影響麵條口感，嚴選新鮮頂級的食材，但在用料方面卻絲毫不手軟且相當大方。",
    "英文友善":"1",
    "日文友善":"0",
    "韓文友善":"0",
    "行動裝置充電":"1",
    "無障礙友善":"0",
    "性別友善":"1",
    "便利支付":"0",
    "素食":"1",
    "友善廁所":"1",
    "公平貿易友善":"0",
    "Free WiFi":"1",
    "自行車友善":"0",
    "哺集乳友善":"0",
    "穆斯林友善":"0",
    "月經友善":"0",
    "友善項目總計":6
    }
  },
  {
    "type": "Feature",
    "geometry": {
       "type": "Point",
       "coordinates":  [ 121.52243,25.048401 ]
    },
    "properties": {
    "行政區":"中山區",
    "友善店家名稱":"烤司院炭烤吐司專賣",
    "地址":"臺北市中山區天津街16號",
    "電話":"02-2563-8360/0931368167(王小姐)",
    "簡介":"專營炭烤吐司，以招牌店料理(失控起司肉蛋土司)特選紅心蛋及起司料理，極具視覺效果及滑嫩口感聞名，店內裝潢溫馨且獨特設有單人座，可與院長共同用餐。",
    "英文友善":"1",
    "日文友善":"1",
    "韓文友善":"0",
    "行動裝置充電":"0",
    "無障礙友善":"1",
    "性別友善":"1",
    "便利支付":"0",
    "素食":"1",
    "友善廁所":"1",
    "公平貿易友善":"0",
    "Free WiFi":"0",
    "自行車友善":"1",
    "哺集乳友善":"0",
    "穆斯林友善":"0",
    "月經友善":"1",
    "友善項目總計":8
    }
  },
  {
    "type": "Feature",
    "geometry": {
       "type": "Point",
       "coordinates":  [ 121.526874,25.064986 ]
    },
    "properties": {
    "行政區":"中山區",
    "友善店家名稱":"綠蒂咖啡 Lotty Café",
    "地址":"臺北市中山區農安街53號",
    "電話":"02-2595-3480",
    "簡介":"以自家烘焙之精品咖啡豆做為一切根本的咖啡廳。優質親切服務，提供義式咖啡、單品咖啡、花草茶、果汁、商業午餐、早午餐、輕食、鬆餅、下午茶等。",
    "英文友善":"1",
    "日文友善":"0",
    "韓文友善":"0",
    "行動裝置充電":"0",
    "無障礙友善":"0",
    "性別友善":"1",
    "便利支付":"0",
    "素食":"0",
    "友善廁所":"0",
    "公平貿易友善":"0",
    "Free WiFi":"1",
    "自行車友善":"1",
    "哺集乳友善":"0",
    "穆斯林友善":"0",
    "月經友善":"0",
    "友善項目總計":4
    }
  },
  {
    "type": "Feature",
    "geometry": {
       "type": "Point",
       "coordinates":  [ 121.55591,25.083572 ]
    },
    "properties": {
    "行政區":"中山區",
    "友善店家名稱":"薇閣精品旅館大直旗艦館",
    "地址":"臺北市中山區敬業三路11號",
    "電話":"02-8502-7000",
    "簡介":"薇閣大直館，是薇閣自成為台灣精品旅館的領導品牌以來，斥資最大的旗艦館。重金禮聘蔣家第四代蔣友柏、英籍旅台夜店設計大師林馬克等五大設計公司，二十多位最精銳的頂尖設計師共同打造台灣第一座Design Hotel，也是以新享樂主義概念出發的Fun-tel，實現極致奢華與精緻。在大直館這個珠寶盒中，影城的聲光影音、舞場DJ的曼妙音響、KTV的放懷抒情、美食街的佳餚料理、夜店的美酒繽紛、藥妝店的個人貼身清潔用品；這裡不是101，這裡是Fun肆的兩人天堂-薇閣異想世界!",
    "英文友善":"1",
    "日文友善":"0",
    "韓文友善":"0",
    "行動裝置充電":"1",
    "無障礙友善":"1",
    "性別友善":"1",
    "便利支付":"1",
    "素食":"1",
    "友善廁所":"1",
    "公平貿易友善":"0",
    "Free WiFi":"1",
    "自行車友善":"1",
    "哺集乳友善":"0",
    "穆斯林友善":"0",
    "月經友善":"1",
    "友善項目總計":10
    }
  },
  {
    "type": "Feature",
    "geometry": {
       "type": "Point",
       "coordinates":  [ 121.523743,25.054199 ]
    },
    "properties": {
    "行政區":"中山區",
    "友善店家名稱":"晶華軒",
    "地址":"臺北市中山區中山北路二段39巷3號2樓",
    "電話":"02-2521-5000 分機 3236",
    "簡介":"位於臺北晶華酒店3樓的Silk House晶華軒，餐廳內融合了中國傳統書法藝術和現代的燈光、玻璃造景，從包廂透明玻璃上可以看到書法，如「醉月雲飄飛，舞蝶賞霞露」，也可以從外看到裡面桌椅全景，結合古典美學與低調奢華的時尚氛圍，古今兼具，非常有美感，為一重裝潢外觀的飲食場所。一道道精緻的正宗川粵料理，從菜名到擺盤都非常講究，在每個小細節中，盡是中式料理的精華!10間包廂可舉辦4~24人的宴會，殷情的服務、極致的品味，使其成為臺北社交圈最耀眼的宴飲場所。",
    "英文友善":"1",
    "日文友善":"1",
    "韓文友善":"0",
    "行動裝置充電":"1",
    "無障礙友善":"1",
    "性別友善":"1",
    "便利支付":"1",
    "素食":"1",
    "友善廁所":"1",
    "公平貿易友善":"0",
    "Free WiFi":"1",
    "自行車友善":"0",
    "哺集乳友善":"1",
    "穆斯林友善":"0",
    "月經友善":"0",
    "友善項目總計":10
    }
  },
  {
    "type": "Feature",
    "geometry": {
       "type": "Point",
       "coordinates":  [ 121.531576,25.05075 ]
    },
    "properties": {
    "行政區":"中山區",
    "友善店家名稱":"臺北馥華商旅松江館",
    "地址":"臺北市中山區一江街3號",
    "電話":"02-2511-8896",
    "簡介":"臺北馥華商旅是精品平價飯店，典雅的大方設計，濃厚的異國風情，CP值高的人氣酒店，位於臺北市中心，緊鄰南京東路、松江路，距離臺北捷運松江南京站步行2分鐘，交通方便，生活機能充足。提供最優質住宿服務、免費無線上網、數位頻道收視系統。使用防燃建材及自動偵煙設備，讓每位住客都能安心享受舒適的住宿環境。大廳提供24小時電腦、網路、郵件收發、傳真，提供便利服務。不管是觀光、洽公、家庭旅遊，皆是臺北住宿首選。",
    "英文友善":"1",
    "日文友善":"1",
    "韓文友善":"0",
    "行動裝置充電":"0",
    "無障礙友善":"1",
    "性別友善":"1",
    "便利支付":"1",
    "素食":"1",
    "友善廁所":"0",
    "公平貿易友善":"0",
    "Free WiFi":"1",
    "自行車友善":"1",
    "哺集乳友善":"0",
    "穆斯林友善":"0",
    "月經友善":"0",
    "友善項目總計":8
    }
  },
  {
    "type": "Feature",
    "geometry": {
       "type": "Point",
       "coordinates":  [ 121.542248,25.05007 ]
    },
    "properties": {
    "行政區":"中山區",
    "友善店家名稱":"蘭芳麵食館",
    "地址":"臺北市中山區遼寧街95號",
    "電話":"02-2752-9611",
    "簡介":"集結家傳四川小麵與眷村美食的蘭芳麵食館，背後是兩個男人相知相惜的兄弟情。日據時代的木門、老木板、打造出眷村風味的老菜櫃、老餐車、店内乾淨溫暖，雅潔舒適。\n獨創的高人氣商品花椒麵-蘭芳小麵，以大紅袍、青花椒、乾辣椒等打碎煉製的麻辣油做為基底，浸潤在紅油裡的麵條香氣誘人。加入蒜泥、薑泥、以紹典老|酒炒的肉末等，趁熱拌勻，口中先透出花椒細緻的微苦韻味，入喉麻香多於辣|勁、唇齒留香。\n店中有著淡淡地中藥香滷味順喉好吃，搭配特製花椒辣油，必點。若不吃辣，還可嚐嚐紹子麵，麵條拌開香氣襲來，略帶鹹口的澆汁～連小朋友都愛吃呢！",
    "英文友善":"1",
    "日文友善":"1",
    "韓文友善":"0",
    "行動裝置充電":"0",
    "無障礙友善":"0",
    "性別友善":"0",
    "便利支付":"0",
    "素食":"0",
    "友善廁所":"0",
    "公平貿易友善":"0",
    "Free WiFi":"0",
    "自行車友善":"0",
    "哺集乳友善":"0",
    "穆斯林友善":"0",
    "月經友善":"0",
    "友善項目總計":2
    }
  },
  {
    "type": "Feature",
    "geometry": {
       "type": "Point",
       "coordinates":  [ 121.53337,25.050735 ]
    },
    "properties": {
    "行政區":"中山區",
    "友善店家名稱":"臺北旅坊",
    "地址":"臺北市中山區松江路95-1號4樓",
    "電話":"02-2502-9955",
    "簡介":"旅行是一種探險，休息。每個人都期待從中獲取養分，重新打造自己。\n臺北旅坊位於臺北的心臟地帶\n距離捷運松江南京站 3 號和 4 號線（4號出口）僅數步之遙。\n每間舒適的客房均配有電視機和水壺，免費的無線網路，並提供私人浴室。\n設計概念呈現傳統四合院式的房間配置，每間客房都有窗戶，陽光，環繞著大廳，簡潔的設計，復古木製的傢俱，溫馨的就像回到家裡。我們期待每一次的旅行，都能從心打造自己。",
    "英文友善":"1",
    "日文友善":"1",
    "韓文友善":"0",
    "行動裝置充電":"1",
    "無障礙友善":"0",
    "性別友善":"1",
    "便利支付":"1",
    "素食":"0",
    "友善廁所":"1",
    "公平貿易友善":"0",
    "Free WiFi":"1",
    "自行車友善":"0",
    "哺集乳友善":"0",
    "穆斯林友善":"0",
    "月經友善":"0",
    "友善項目總計":7
    }
  },
  {
    "type": "Feature",
    "geometry": {
       "type": "Point",
       "coordinates":  [ 121.536212,25.057699 ]
    },
    "properties": {
    "行政區":"中山區",
    "友善店家名稱":"和逸飯店 臺北民生館\n",
    "地址":"臺北市中山區民生東路二段178號",
    "電話":"02-7706-3399",
    "簡介":"交通便捷的四星飯店，賓至如歸的貼心體驗\nHOTEL COZZI和逸飯店－臺北民生館，位於交通便捷的臺北市中山區，步行6分鐘即達捷運行天宮站，直通商業核心地段及熱門旅遊景點，無論是以商務或觀光為目的旅客均能享有最便利的交通地理位置。\n\n和逸飯店在軟硬體規劃上皆以「時時體貼，處處合意」為出發點，以適切的溫度，提供具親和力但不叨擾的服務品質。暖色調的裝潢、大量原木傢俱與石材建築，明亮採光與淡淡香氛營造舒心放鬆空間，洗滌旅客疲憊的身心。\n\n和逸飯店較大型飯店少了一點拘謹，比商務飯店則多了一份溫暖，期望為忙於業務拜訪的商務人士，或是結束一整天城市探索的休閒旅客，提供一個讓旅客卸下心防、鬆脫領帶與高跟鞋的自在空間。讓您彷彿身處都會鬧區中的綠洲，在服務、客房、餐飲、環境、交通上都合您心意。",
    "英文友善":"1",
    "日文友善":"1",
    "韓文友善":"0",
    "行動裝置充電":"0",
    "無障礙友善":"1",
    "性別友善":"1",
    "便利支付":"1",
    "素食":"1",
    "友善廁所":"1",
    "公平貿易友善":"0",
    "Free WiFi":"1",
    "自行車友善":"0",
    "哺集乳友善":"0",
    "穆斯林友善":"0",
    "月經友善":"0",
    "友善項目總計":8
    }
  },
  {
    "type": "Feature",
    "geometry": {
       "type": "Point",
       "coordinates":  [ 121.532769,25.049645 ]
    },
    "properties": {
    "行政區":"中山區",
    "友善店家名稱":"漉海鮮蒸氣鍋(松江店)",
    "地址":"臺北市中山區松江路76號1樓",
    "電話":"02-2809-8010#9 總部陳先生\n02-2523-9963",
    "簡介":"漉，字義上是「完封精華」之意。將大海珍貴的美味完整封存，送達您口中，是我們唯一的初衷，更是不容妥協的堅持。從嚴選最新鮮的生猛海味以及蔬菜，到透過獨特蒸氣烹煮方式，呈現食材最誘人的原始風味，讓您的每一口體驗，都飽滿鮮美。松江店內部裝潢明亮舒適，而且緊鄰松江南京捷運站，交通十分方便，絕對是親朋好友聚餐的唯一選擇！",
    "英文友善":"1",
    "日文友善":"1",
    "韓文友善":"0",
    "行動裝置充電":"1",
    "無障礙友善":"1",
    "性別友善":"1",
    "便利支付":"0",
    "素食":"0",
    "友善廁所":"1",
    "公平貿易友善":"0",
    "Free WiFi":"0",
    "自行車友善":"1",
    "哺集乳友善":"0",
    "穆斯林友善":"0",
    "月經友善":"0",
    "友善項目總計":7
    }
  },
  {
    "type": "Feature",
    "geometry": {
       "type": "Point",
       "coordinates":  [ 121.525353,25.055548 ]
    },
    "properties": {
    "行政區":"中山區",
    "友善店家名稱":"新東陽林森店",
    "地址":"臺北市中山區林森北路282號1樓",
    "電話":"02-2536-7736/總公司02-2772-6222＃957(郭小姐)",
    "簡介":"座落在長春路與林森北路交叉口，本店是臺灣銀行指定外幣收兌處及「旅行購物保障」認證，並榮獲經濟部認可OTOP案商家，推行一鄉一特產，販賣台灣全省特色特產，台灣手工藝品、現場烘烤鳳梨酥及MIT商品，販售商品種類多樣化，都是觀光客指定購買的人氣商品，並備有提供免費打箱打包服務，滿足所有顧客需求，是觀光客最佳選擇地標，除了提供舒適、滿足一次購足的購物空間外，流利的英、日文服務是我們全體夥伴給外國觀光客留下最美好回憶的責任。\n門市主要販售新東陽各式肉鬆、肉乾、糕點、鳳梨酥、各式休閒零嘴、以及精選台灣各地的土特、與進口的日/韓等地商品，商品豐富應有盡有。\n新東陽以推動中華美食精緻化，國際化的精神標竿為企業目標，堅守著誠信、踏實、積極、創新的四大理念在地化經營，打造“來台必買出國必帶，台灣特產第一品牌”的企業形象，帶給消費者優質購物體驗。\n2010年台灣食品消費調查統計年鑑報導：新東陽肉乾、肉鬆、肉醬等系列商品均為消費者最常選購的品牌第一名，因此有肉品王國的美譽2011年更獲得台灣百大品牌之殊榮。\n我們提供多元化的媒體付款服務，包含Apple Pay、Samsung Pay與即時線上支付卡-銀聯卡。\n同時，也可免費申辦加入新東陽會員，立即享有紅利點數回饋商品，還有專屬會員的活動，讓您輕鬆集點，購物享優惠，更多的優質商品，歡迎您蒞臨門市參觀選購。",
    "英文友善":"1",
    "日文友善":"1",
    "韓文友善":"0",
    "行動裝置充電":"1",
    "無障礙友善":"0",
    "性別友善":"1",
    "便利支付":"1",
    "素食":"1",
    "友善廁所":"1",
    "公平貿易友善":"0",
    "Free WiFi":"1",
    "自行車友善":"0",
    "哺集乳友善":"0",
    "穆斯林友善":"0",
    "月經友善":"0",
    "友善項目總計":8
    }
  },
  {
    "type": "Feature",
    "geometry": {
       "type": "Point",
       "coordinates":  [ 121.538332,25.057611 ]
    },
    "properties": {
    "行政區":"中山區",
    "友善店家名稱":"晶宴會館民生館",
    "地址":"臺北市中山區民生東路三段8號1樓",
    "電話":"02-2517-9977",
    "簡介":"晶宴會館為台灣第一婚宴品牌，北台灣擁有多間分館，自2004成立至今服務超過四萬對新人，累積百萬消費人次，同時秉持「玩婚主義」的品牌精神，讓新人擁有不一樣的完美婚禮，實現新人們一生中最幸福的時刻。民生館擁有雙樓層，共計2個宴會劇場，廳內無柱挑高空間，呈現大氣雍容的雅緻氛圍，同時擁有一座戶外證婚台，滿足新人對婚禮的無限憧憬。無論喜慶婚宴、企業餐敘、或尾牙春酒等，都是您的最佳首選。",
    "英文友善":"0",
    "日文友善":"0",
    "韓文友善":"0",
    "行動裝置充電":"0",
    "無障礙友善":"1",
    "性別友善":"1",
    "便利支付":"0",
    "素食":"1",
    "友善廁所":"1",
    "公平貿易友善":"0",
    "Free WiFi":"1",
    "自行車友善":"0",
    "哺集乳友善":"1",
    "穆斯林友善":"0",
    "月經友善":"1",
    "友善項目總計":7
    }
  },
  {
    "type": "Feature",
    "geometry": {
       "type": "Point",
       "coordinates":  [ 121.524602,25.063243 ]
    },
    "properties": {
    "行政區":"中山區",
    "友善店家名稱":"豐味亭異國素食餐廳",
    "地址":"臺北市中山區雙城街3巷2號1樓",
    "電話":"02-2599-6000",
    "簡介":"豐味亭每道蔬食均明確標示出：各類素別 (均無五辛)，若有宗教因素亦可安心食用！",
    "英文友善":"1",
    "日文友善":"1",
    "韓文友善":"0",
    "行動裝置充電":"0",
    "無障礙友善":"0",
    "性別友善":"1",
    "便利支付":"0",
    "素食":"1",
    "友善廁所":"1",
    "公平貿易友善":"0",
    "Free WiFi":"0",
    "自行車友善":"1",
    "哺集乳友善":"0",
    "穆斯林友善":"1",
    "月經友善":"0",
    "友善項目總計":7
    }
  },
  {
    "type": "Feature",
    "geometry": {
       "type": "Point",
       "coordinates":  [ 121.523962,25.065048 ]
    },
    "properties": {
    "行政區":"中山區",
    "友善店家名稱":"Escapeholics密室逃脫",
    "地址":"臺北市中山區農安街19號B1",
    "電話":"02-2595-5760",
    "簡介":"Escapeholics【逃托上癮者】、是Escape【逃托】+Holics【上癮者】的結合字，想要透過遊戲讓每位玩家都玩到上癮!",
    "英文友善":"1",
    "日文友善":"1",
    "韓文友善":"0",
    "行動裝置充電":"1",
    "無障礙友善":"0",
    "性別友善":"1",
    "便利支付":"1",
    "素食":"0",
    "友善廁所":"1",
    "公平貿易友善":"0",
    "Free WiFi":"1",
    "自行車友善":"0",
    "哺集乳友善":"0",
    "穆斯林友善":"0",
    "月經友善":"0",
    "友善項目總計":7
    }
  },
  {
    "type": "Feature",
    "geometry": {
       "type": "Point",
       "coordinates":  [ 121.553786,25.080311 ]
    },
    "properties": {
    "行政區":"中山區",
    "友善店家名稱":"臺北美福大飯店",
    "地址":"臺北市中山區樂群二路55號",
    "電話":"02-7722-3399",
    "簡介":"臺北美福大飯店為2016年台灣自創品牌的五星級國際飯店，並分別於2016及2017年獲得世界奢華酒店及世界旅遊酒店組織的獎項肯定，2018年更榮獲米其林餐廳及住宿推薦。坐落於大直地區，鄰近捷運文湖線劍南路站，至松山機場僅需車程10分鐘，桃園機場35分鐘，讓旅客輕鬆遊走臺北。飯店規劃146間頂級客房、5間特色餐廳、1間池畔酒吧及1間烘焙坊，設有挑高七公尺的無柱氣派宴會廳，以及戶外恆溫泳池與三溫暖等休閒設施。",
    "英文友善":"1",
    "日文友善":"1",
    "韓文友善":"0",
    "行動裝置充電":"1",
    "無障礙友善":"1",
    "性別友善":"1",
    "便利支付":"1",
    "素食":"1",
    "友善廁所":"1",
    "公平貿易友善":"0",
    "Free WiFi":"1",
    "自行車友善":"0",
    "哺集乳友善":"1",
    "穆斯林友善":"1",
    "月經友善":"1",
    "友善項目總計":12
    }
  },
  {
    "type": "Feature",
    "geometry": {
       "type": "Point",
       "coordinates":  [ 121.52557,25.050975 ]
    },
    "properties": {
    "行政區":"中山區",
    "友善店家名稱":"皇家玫瑰旅館-中山館",
    "地址":"臺北市中山區林森北路133巷8號",
    "電話":"02-2531-7333/02-8245-8288*5(施小姐)",
    "簡介":"雋永玫瑰 為旅程迎來一刻綻放 皇家玫瑰林森館，以幻化多變的玫瑰色澤為設計理念，巧妙運用的色彩主題，為每間客房都創造了各自獨特的風格，也給予了旅客極致繽紛的住宿體驗。 享盡繁華熱鬧 未完待續的經典 坐落於巷弄一隅的林森館，中正紀念堂、當代藝術館、國際藝術村、華山大草原等等，繁華的中山捷運站商圈、堪稱美食殿堂的寧夏夜市，都與林森館近在咫尺，讓旅客隨時都可以深入認識臺北傳統與現代的文化精髓。",
    "英文友善":"1",
    "日文友善":"1",
    "韓文友善":"1",
    "行動裝置充電":"1",
    "無障礙友善":"0",
    "性別友善":"1",
    "便利支付":"1",
    "素食":"0",
    "友善廁所":"1",
    "公平貿易友善":"0",
    "Free WiFi":"1",
    "自行車友善":"0",
    "哺集乳友善":"0",
    "穆斯林友善":"0",
    "月經友善":"0",
    "友善項目總計":8
    }
  },
  {
    "type": "Feature",
    "geometry": {
       "type": "Point",
       "coordinates":  [ 121.523705,25.065778 ]
    },
    "properties": {
    "行政區":"中山區",
    "友善店家名稱":"皇家玫瑰旅館-雙城館",
    "地址":"臺北市中山區雙城街28巷8號",
    "電話":"02-2595-8077",
    "簡介":"柔和玫瑰 感受家的溫暖氣息 深灰色的混凝土外牆、個性十足的建築外觀，搭上為冷色調增添一分暖意的木質大門，打造讓人彷彿回到家中的親切感。 鬧中取靜，美食無所不在 皇家玫瑰雙城館，距離中山國小捷運站僅需7分鐘的步行路程，緊鄰在一旁的24小時美食街，讓您在漫漫長夜中，一樣可以滿足嘴饞的慾望。",
    "英文友善":"1",
    "日文友善":"1",
    "韓文友善":"1",
    "行動裝置充電":"1",
    "無障礙友善":"1",
    "性別友善":"1",
    "便利支付":"1",
    "素食":"0",
    "友善廁所":"1",
    "公平貿易友善":"0",
    "Free WiFi":"1",
    "自行車友善":"0",
    "哺集乳友善":"0",
    "穆斯林友善":"0",
    "月經友善":"0",
    "友善項目總計":9
    }
  },
  {
    "type": "Feature",
    "geometry": {
       "type": "Point",
       "coordinates":  [ 121.524335,25.054219 ]
    },
    "properties": {
    "行政區":"中山區",
    "友善店家名稱":"Robin's牛排屋及鐵板燒",
    "地址":"臺北市中山區中山北路二段39巷3號2樓",
    "電話":"02-2521-5000分機 3930、3931/ \n02-2523-1321 牛排館/ 02-2581-5198 鐵板燒/\n02-2523-8000#3673公關部羅小姐",
    "簡介":"ROBIN'S Grill首創 Casual Fine Dining，企圖營造出「自在又奢華」的用餐氛圍。消費者對於在自在的環境下、不受拘束的品味美食，有越來越高的偏好度，然而，享用時尚氛圍、精緻擺盤以及頂級美食這種稍稍款待自己的奢華需求，也是消費者佈時會出現的慾望；這正是為什麼Robin's要在Fine Dining(華麗、高尚、講究)的用餐環境中，導入Casual(自在、輕鬆、隨意)的概念，領導時尚趨勢的同時，也滿足主流消費者的需求。",
    "英文友善":"1",
    "日文友善":"1",
    "韓文友善":"0",
    "行動裝置充電":"1",
    "無障礙友善":"1",
    "性別友善":"1",
    "便利支付":"1",
    "素食":"1",
    "友善廁所":"1",
    "公平貿易友善":"0",
    "Free WiFi":"1",
    "自行車友善":"0",
    "哺集乳友善":"1",
    "穆斯林友善":"0",
    "月經友善":"0",
    "友善項目總計":10
    }
  },
  {
    "type": "Feature",
    "geometry": {
       "type": "Point",
       "coordinates":  [ 121.548976,25.08349 ]
    },
    "properties": {
    "行政區":"中山區",
    "友善店家名稱":"鬍鬚張大直北安店",
    "地址":"臺北市中山區北安路631號",
    "電話":"02-2532-7592/總公司:02-2298-2185＃232(行企部劉副理)",
    "簡介":"「鬍鬚張魯肉飯」創立於1960年，秉持『傳統美食，追求幸福』的創業初衷，從路邊攤創起，以發揚台灣美食文化為職志，不斷的做中學，以品質、口味、服務、衛生為基礎，提供安全美味的產品，整潔親切的用餐環境與氛圍的餐廳。\n鬍鬚張以「誠信篤實」、「追求卓越」、「顧客滿意」、「永續成長」為經營理念，以「以人為本」、「人才培育」、「賞罰分明」、「成果分享」為管理原則，並致力於『將魯肉飯販賣到全世界都知道』的企業願景實踐。",
    "英文友善":"0",
    "日文友善":"0",
    "韓文友善":"0",
    "行動裝置充電":"0",
    "無障礙友善":"0",
    "性別友善":"1",
    "便利支付":"0",
    "素食":"0",
    "友善廁所":"1",
    "公平貿易友善":"0",
    "Free WiFi":"0",
    "自行車友善":"0",
    "哺集乳友善":"0",
    "穆斯林友善":"0",
    "月經友善":"0",
    "友善項目總計":2
    }
  },
  {
    "type": "Feature",
    "geometry": {
       "type": "Point",
       "coordinates":  [ 121.530103,25.059004 ]
    },
    "properties": {
    "行政區":"中山區",
    "友善店家名稱":"鬍鬚張臺北吉林店",
    "地址":"臺北市中山區吉林路220號",
    "電話":"02-2531-6407/總公司:02-2298-2185＃232(行企部劉副理)",
    "簡介":"「鬍鬚張魯肉飯」創立於1960年，秉持『傳統美食，追求幸福』的創業初衷，從路邊攤創起，以發揚台灣美食文化為職志，不斷的做中學，以品質、口味、服務、衛生為基礎，提供安全美味的產品，整潔親切的用餐環境與氛圍的餐廳。\n鬍鬚張以「誠信篤實」、「追求卓越」、「顧客滿意」、「永續成長」為經營理念，以「以人為本」、「人才培育」、「賞罰分明」、「成果分享」為管理原則，並致力於『將魯肉飯販賣到全世界都知道』的企業願景實踐。",
    "英文友善":"0",
    "日文友善":"0",
    "韓文友善":"0",
    "行動裝置充電":"0",
    "無障礙友善":"0",
    "性別友善":"1",
    "便利支付":"0",
    "素食":"0",
    "友善廁所":"1",
    "公平貿易友善":"0",
    "Free WiFi":"0",
    "自行車友善":"0",
    "哺集乳友善":"0",
    "穆斯林友善":"0",
    "月經友善":"0",
    "友善項目總計":2
    }
  },
  {
    "type": "Feature",
    "geometry": {
       "type": "Point",
       "coordinates":  [ 121.521012,25.063002 ]
    },
    "properties": {
    "行政區":"中山區",
    "友善店家名稱":"鬍鬚張臺北民權店",
    "地址":"臺北市中山區民權西路43號",
    "電話":"02-2593-0196/總公司:02-2298-2185＃232(行企部劉副理)",
    "簡介":"「鬍鬚張魯肉飯」創立於1960年，秉持『傳統美食，追求幸福』的創業初衷，從路邊攤創起，以發揚台灣美食文化為職志，不斷的做中學，以品質、口味、服務、衛生為基礎，提供安全美味的產品，整潔親切的用餐環境與氛圍的餐廳。\n鬍鬚張以「誠信篤實」、「追求卓越」、「顧客滿意」、「永續成長」為經營理念，以「以人為本」、「人才培育」、「賞罰分明」、「成果分享」為管理原則，並致力於『將魯肉飯販賣到全世界都知道』的企業願景實踐。",
    "英文友善":"0",
    "日文友善":"0",
    "韓文友善":"0",
    "行動裝置充電":"0",
    "無障礙友善":"0",
    "性別友善":"1",
    "便利支付":"0",
    "素食":"0",
    "友善廁所":"1",
    "公平貿易友善":"0",
    "Free WiFi":"0",
    "自行車友善":"0",
    "哺集乳友善":"0",
    "穆斯林友善":"0",
    "月經友善":"0",
    "友善項目總計":2
    }
  },
  {
    "type": "Feature",
    "geometry": {
       "type": "Point",
       "coordinates":  [ 121.54342,25.055948 ]
    },
    "properties": {
    "行政區":"中山區",
    "友善店家名稱":"鬍鬚張臺北興安店",
    "地址":"臺北市中山區興安街120號",
    "電話":"02-2501-2989/總公司:02-2298-2185＃232(行企部劉副理)",
    "簡介":"「鬍鬚張魯肉飯」創立於1960年，秉持『傳統美食，追求幸福』的創業初衷，從路邊攤創起，以發揚台灣美食文化為職志，不斷的做中學，以品質、口味、服務、衛生為基礎，提供安全美味的產品，整潔親切的用餐環境與氛圍的餐廳。\n鬍鬚張以「誠信篤實」、「追求卓越」、「顧客滿意」、「永續成長」為經營理念，以「以人為本」、「人才培育」、「賞罰分明」、「成果分享」為管理原則，並致力於『將魯肉飯販賣到全世界都知道』的企業願景實踐。",
    "英文友善":"0",
    "日文友善":"0",
    "韓文友善":"0",
    "行動裝置充電":"0",
    "無障礙友善":"0",
    "性別友善":"1",
    "便利支付":"0",
    "素食":"0",
    "友善廁所":"1",
    "公平貿易友善":"0",
    "Free WiFi":"0",
    "自行車友善":"0",
    "哺集乳友善":"0",
    "穆斯林友善":"0",
    "月經友善":"0",
    "友善項目總計":2
    }
  },
  {
    "type": "Feature",
    "geometry": {
       "type": "Point",
       "coordinates":  [ 121.522891,25.067716 ]
    },
    "properties": {
    "行政區":"中山區",
    "友善店家名稱":"老爺木桶店",
    "地址":"臺北市中山區中山北路三段53-7號",
    "電話":"02-2585-6939/0921-067-398",
    "簡介":"老爺木桶店以製作實用，耐看的台灣檜木桶，浴桶起家，歷經數十年的時光，秉持一貫誠懇與實在的態度，用心設計每件產品，不只站在顧客的角度，更為顧客尋找問題，解決問題。老爺木桶店，自民國80年初開始生產，批發橢圓形（有鋼圈）台灣檜木桶，由於精良的木桶製作技術，在木桶界打了良好的基礎，第，(一)家門市，在民國87年，成立於天母士東市場旁（忠誠路二段）期間將檜木桶的鋼圈改良，(、)不斷研發新的工法，好口碑顧客源源不絕，(。)近幾年，老爺木桶店堅持實在的設計和用料，由早期的橢圓形檜木桶，進化為方形檜木桶（無鋼圈，(、)無煩惱），(、)躺式檜木桶，(、)崁入式方形檜木桶，(、)規格品方形檜木桶(、)客製化方形檜木桶(、)泡腳桶，浴用木椅以及最新的大理石腳座等多種設計(，)真正體貼客戶的心，並獲得多項新樣式專利以及新型專利(。)",
    "英文友善":"0",
    "日文友善":"0",
    "韓文友善":"0",
    "行動裝置充電":"0",
    "無障礙友善":"0",
    "性別友善":"1",
    "便利支付":"0",
    "素食":"0",
    "友善廁所":"0",
    "公平貿易友善":"0",
    "Free WiFi":"0",
    "自行車友善":"0",
    "哺集乳友善":"0",
    "穆斯林友善":"0",
    "月經友善":"0",
    "友善項目總計":1
    }
  },
  {
    "type": "Feature",
    "geometry": {
       "type": "Point",
       "coordinates":  [ 121.558745,25.084285 ]
    },
    "properties": {
    "行政區":"中山區",
    "友善店家名稱":"維多麗亞酒店",
    "地址":"臺北市中山區敬業四路168號",
    "電話":"02-8502-0000\n行銷公關部劉小姐\n不給分機",
    "簡介":"維多麗亞酒店坐落於臺北市中山區大直美麗華購物商圈，鄰近捷運文湖線劍南路站，以十九世紀英國盛世維多麗亞王朝的建築風格元素、英式貴族鐘樓、層次漸變的LED燈光、英式風情戶外花園及泳池畔花園，創造出時尚、古典的多樣風貌。\n\n酒店內設有96間寬敞舒適客房及套房，3間主題餐廳包括N°168 PRIME牛排館、la FESTA義大利餐廳、雙囍中餐廳、以及會議室、宴會廳、健身房、游泳池、戶外花園等休閒設施，提供國內、外旅客最佳的住宿環境。",
    "英文友善":"1",
    "日文友善":"1",
    "韓文友善":"1",
    "行動裝置充電":"1",
    "無障礙友善":"1",
    "性別友善":"1",
    "便利支付":"1",
    "素食":"1",
    "友善廁所":"1",
    "公平貿易友善":"0",
    "Free WiFi":"1",
    "自行車友善":"0",
    "哺集乳友善":"1",
    "穆斯林友善":"0",
    "月經友善":"0",
    "友善項目總計":11
    }
  },
  {
    "type": "Feature",
    "geometry": {
       "type": "Point",
       "coordinates":  [ 121.558745,25.084285 ]
    },
    "properties": {
    "行政區":"中山區",
    "友善店家名稱":"雙囍中餐廳",
    "地址":"臺北市中山區敬業四路168號2樓",
    "電話":"02-6602-5672\n行銷公關部劉小姐\n不給分機",
    "簡介":"以營造充滿喜悅歡樂、雙囍臨門的幸福感為名的「雙囍」中餐廳，是以粵菜為底的多元中式料理餐廳，嚴選頂級鮑翅參肚、新鮮直送活魚、有機農場新鮮時蔬等優質新鮮食材，傳承中式料理的經典精神與原創性、創造精緻粵式風華，展現主廚極致精湛技藝，成就細膩講究的多元中式料理，演繹出味覺與視覺兼具的美味饗宴。",
    "英文友善":"1",
    "日文友善":"0",
    "韓文友善":"0",
    "行動裝置充電":"1",
    "無障礙友善":"1",
    "性別友善":"1",
    "便利支付":"1",
    "素食":"1",
    "友善廁所":"1",
    "公平貿易友善":"0",
    "Free WiFi":"1",
    "自行車友善":"0",
    "哺集乳友善":"1",
    "穆斯林友善":"0",
    "月經友善":"0",
    "友善項目總計":9
    }
  },
  {
    "type": "Feature",
    "geometry": {
       "type": "Point",
       "coordinates":  [ 121.558745,25.084285 ]
    },
    "properties": {
    "行政區":"中山區",
    "友善店家名稱":"N∘168 PRIME牛排館(大直本館)",
    "地址":"臺北市中山區敬業四路168號4樓",
    "電話":"02-6602-5678\n行銷公關部劉小姐\n不給分機",
    "簡介":"* 2018 N∘168 PRIME牛排館 獲選臺北米其林指南 推薦餐廳*\n以維多麗亞酒店地址「168號」命名的「N∘168PRIME牛排館」，是一間自然簡約風格的專業牛排料理餐廳，強調Casual Fine Dining的餐飲特色。N∘168 PRIME牛排館開幕至今八年，憑藉著優異的餐飲水平、細心的服務態度以及典雅精緻的戶外花園，說服許多美食饕客慕名而來，也因此業績連續多年在市場名列前茅，以新穎的牛排料理技術，活潑親切的飲食設計，帶給客人更完美的用餐體驗。",
    "英文友善":"1",
    "日文友善":"0",
    "韓文友善":"0",
    "行動裝置充電":"1",
    "無障礙友善":"1",
    "性別友善":"1",
    "便利支付":"1",
    "素食":"1",
    "友善廁所":"1",
    "公平貿易友善":"0",
    "Free WiFi":"1",
    "自行車友善":"0",
    "哺集乳友善":"1",
    "穆斯林友善":"0",
    "月經友善":"0",
    "友善項目總計":9
    }
  },
  {
    "type": "Feature",
    "geometry": {
       "type": "Point",
       "coordinates":  [ 121.558745,25.084285 ]
    },
    "properties": {
    "行政區":"中山區",
    "友善店家名稱":"la FESTA 義大利餐廳",
    "地址":"臺北市中山區敬業四路168號2樓",
    "電話":"02-6602-5671\n行銷公關部劉小姐\n不給分機",
    "簡介":"la FESTA是極少數經義大利官方組織Ospitalita' Italian 認證為「全球正統義大利餐廳」，強調食材新鮮、高品質與手工現做料理，為結合義大利料理融入生活美學的展現，以最能凸顯食材原汁原味的地中海烹調方式，大量選用海鮮、蔬菜、水果、五穀雜糧和橄欖油為食材，不以重鹹的醬汁或鹽巴，採用天然食材原料調味方式將食材本身的鮮美全面提升，保有義大利料理傳統精神與原創性，以獨特手法顛覆傳統創造革新，成就當代義大利美食料理。",
    "英文友善":"1",
    "日文友善":"0",
    "韓文友善":"0",
    "行動裝置充電":"1",
    "無障礙友善":"1",
    "性別友善":"1",
    "便利支付":"1",
    "素食":"1",
    "友善廁所":"1",
    "公平貿易友善":"0",
    "Free WiFi":"1",
    "自行車友善":"0",
    "哺集乳友善":"1",
    "穆斯林友善":"0",
    "月經友善":"0",
    "友善項目總計":9
    }
  },
  {
    "type": "Feature",
    "geometry": {
       "type": "Point",
       "coordinates":  [ 121.534358,25.048328 ]
    },
    "properties": {
    "行政區":"中山區",
    "友善店家名稱":"黑橋牌-長安門市",
    "地址":"臺北市中山區長安東路二段86號",
    "電話":"02-2517-8164/02-22983155#203張副課",
    "簡介":"黑橋牌食品於1957年成立，因率先將舊時台灣市面上乾鹹的廣式臘腸，改良為現今甜潤多汁的台灣風味，獨創的香腸滋味在台灣炮而紅，成立至今已超過六十年，每逢年節皆可看見店舖大排長龍的搶購盛況，不僅開創台灣香腸的美食傳奇，更奠定現今台灣香腸第一品牌的口碑。\n店內除了販售十多種款式的香腸，更提供多種口味的豬肉乾、牛肉乾、手炒肉酥等美味肉品，全部都是來台必買的美食。近年推出的脆片肉乾、條子肉乾、肉酥餅乾等廣受年輕顧客喜愛，也成為黑橋牌暢銷人氣商品。\n黑橋牌門市多次接獲海內外媒體採訪，香港美食家蔡瀾也曾率團到店選購，黑豬肉香腸、黑豬肉乾、香腸肉包是招牌推薦品，店內並提供鳳梨酥、綠豆糕等各式台灣特產，是來台必訪的特產名店。",
    "英文友善":"1",
    "日文友善":"0",
    "韓文友善":"0",
    "行動裝置充電":"0",
    "無障礙友善":"0",
    "性別友善":"1",
    "便利支付":"1",
    "素食":"1",
    "友善廁所":"0",
    "公平貿易友善":"0",
    "Free WiFi":"0",
    "自行車友善":"0",
    "哺集乳友善":"0",
    "穆斯林友善":"0",
    "月經友善":"0",
    "友善項目總計":4
    }
  },
  {
    "type": "Feature",
    "geometry": {
       "type": "Point",
       "coordinates":  [ 121.523308,25.050795 ]
    },
    "properties": {
    "行政區":"中山區",
    "友善店家名稱":"新純香 Guestea \nシンジュンコウ",
    "地址":"臺北市中山區中山北路一段105巷13-1號1樓",
    "電話":"02-2543-2932",
    "簡介":"新純香茶行自1981年1月1日創立，目前由第二代王昭瓔經營，因為他秉持著母親留下來的誠懇與善心用心經營並用奉茶的精神來款待每個顧客。有著現代與傳統的結合。選茶烘茶獨具匠心，又具新式經營思考，可謂傳統茶心與現代精神的兼容並蓄。顧客們每次上門品茗，都能享受忙中偷閒輕鬆自在並讓路過進來的每位顧客都猶如回家中，找到心安頓之所。正因為這種溫馨懇切的待客風格，使得許多顧客再度光臨，有時還帶來日本當地的名產相贈，其亦客亦友的互動關係，足令店中的來客羡慕不已。",
    "英文友善":"0",
    "日文友善":"1",
    "韓文友善":"0",
    "行動裝置充電":"0",
    "無障礙友善":"0",
    "性別友善":"0",
    "便利支付":"0",
    "素食":"0",
    "友善廁所":"0",
    "公平貿易友善":"0",
    "Free WiFi":"1",
    "自行車友善":"0",
    "哺集乳友善":"0",
    "穆斯林友善":"0",
    "月經友善":"0",
    "友善項目總計":2
    }
  },
  {
    "type": "Feature",
    "geometry": {
       "type": "Point",
       "coordinates":  [ 121.548886,25.081776 ]
    },
    "properties": {
    "行政區":"中山區",
    "友善店家名稱":"里仁大直北安店",
    "地址":"臺北市中山區北安路598號",
    "電話":"02-2532-1767/02-77146168#80514(總公司陳'S)",
    "簡介":"1988年里仁開張，決心要做「該做但還沒有人做的事」。提供以誠信契作支持和鼓勵農友，栽植無農藥化肥的純淨蔬果來友善環境，也尋找願意還原食物本味、恢復環境清靜的淳厚廠商，近年更積極以產品包材減塑支持淨塑。 里仁產品開發堅持自然、健康、平實。主要產品包括有機或轉型農產品、少或無添加物的食品，不含基改成份，以本土有機為優先，支持綠保生態並關懷弱勢。",
    "英文友善":"0",
    "日文友善":"0",
    "韓文友善":"0",
    "行動裝置充電":"0",
    "無障礙友善":"0",
    "性別友善":"0",
    "便利支付":"0",
    "素食":"1",
    "友善廁所":"0",
    "公平貿易友善":"0",
    "Free WiFi":"0",
    "自行車友善":"0",
    "哺集乳友善":"0",
    "穆斯林友善":"0",
    "月經友善":"0",
    "友善項目總計":1
    }
  },
  {
    "type": "Feature",
    "geometry": {
       "type": "Point",
       "coordinates":  [ 121.535245,25.051826 ]
    },
    "properties": {
    "行政區":"中山區",
    "友善店家名稱":"里仁-南京伊通店",
    "地址":"臺北市中山區南京東路二段180號",
    "電話":"02-2517-6307/02-8712-2678/02-77146168#80514(總公司陳'S)",
    "簡介":"1988年里仁開張，決心要做「該做但還沒有人做的事」。提供以誠信契作支持和鼓勵農友，栽植無農藥化肥的純淨蔬果來友善環境，也尋找願意還原食物本味、恢復環境清靜的淳厚廠商，近年更積極以產品包材減塑支持淨塑。 里仁產品開發堅持自然、健康、平實。主要產品包括有機或轉型農產品、少或無添加物的食品，不含基改成份，以本土有機為優先，支持綠保生態並關懷弱勢。",
    "英文友善":"0",
    "日文友善":"0",
    "韓文友善":"0",
    "行動裝置充電":"0",
    "無障礙友善":"0",
    "性別友善":"0",
    "便利支付":"0",
    "素食":"1",
    "友善廁所":"0",
    "公平貿易友善":"0",
    "Free WiFi":"0",
    "自行車友善":"0",
    "哺集乳友善":"0",
    "穆斯林友善":"0",
    "月經友善":"0",
    "友善項目總計":1
    }
  },
  {
    "type": "Feature",
    "geometry": {
       "type": "Point",
       "coordinates":  [ 121.54216,25.050239 ]
    },
    "properties": {
    "行政區":"中山區",
    "友善店家名稱":"北海道活魷魚",
    "地址":"臺北市中山區遼寧街54號1樓",
    "電話":"0918-716-192",
    "簡介":"臺北市 遼寧街夜市裡面的三代老店，歡迎大家前來品嚐傳統美味小吃。",
    "英文友善":"1",
    "日文友善":"1",
    "韓文友善":"0",
    "行動裝置充電":"0",
    "無障礙友善":"1",
    "性別友善":"1",
    "便利支付":"0",
    "素食":"0",
    "友善廁所":"1",
    "公平貿易友善":"0",
    "Free WiFi":"0",
    "自行車友善":"1",
    "哺集乳友善":"0",
    "穆斯林友善":"0",
    "月經友善":"0",
    "友善項目總計":6
    }
  },
  {
    "type": "Feature",
    "geometry": {
       "type": "Point",
       "coordinates":  [ 121.531619,25.053176 ]
    },
    "properties": {
    "行政區":"中山區",
    "友善店家名稱":"泊咖啡",
    "地址":"臺北市中山區一江街25號1樓",
    "電話":"02-2521-0214",
    "簡介":"座落臺北市中山區一江公園對面的個性小店，擁有自家烘培配方咖啡豆與精緻自製點心，愉悅輕鬆的環境，真心歡迎每一位客人。",
    "英文友善":"1",
    "日文友善":"0",
    "韓文友善":"0",
    "行動裝置充電":"1",
    "無障礙友善":"0",
    "性別友善":"1",
    "便利支付":"0",
    "素食":"0",
    "友善廁所":"1",
    "公平貿易友善":"0",
    "Free WiFi":"1",
    "自行車友善":"0",
    "哺集乳友善":"0",
    "穆斯林友善":"0",
    "月經友善":"0",
    "友善項目總計":5
    }
  },
  {
    "type": "Feature",
    "geometry": {
       "type": "Point",
       "coordinates":  [ 121.542241,25.048959 ]
    },
    "properties": {
    "行政區":"中山區",
    "友善店家名稱":"HUKI富氣水產",
    "地址":"臺北市中山區遼寧街57號",
    "電話":"02-2740-8641",
    "簡介":"雖是居酒屋，但與一般傳統居酒屋不同，店內設有活缸，養著當季最鮮美活海鮮、現點現做。",
    "英文友善":"0",
    "日文友善":"0",
    "韓文友善":"0",
    "行動裝置充電":"1",
    "無障礙友善":"0",
    "性別友善":"0",
    "便利支付":"1",
    "素食":"1",
    "友善廁所":"1",
    "公平貿易友善":"0",
    "Free WiFi":"1",
    "自行車友善":"0",
    "哺集乳友善":"0",
    "穆斯林友善":"0",
    "月經友善":"0",
    "友善項目總計":5
    }
  },
  {
    "type": "Feature",
    "geometry": {
       "type": "Point",
       "coordinates":  [ 121.531854,25.061499 ]
    },
    "properties": {
    "行政區":"中山區",
    "友善店家名稱":"蜀留香正宗重慶手工酸辣粉",
    "地址":"臺北市中山區民權東路二段92巷1弄6號一樓",
    "電話":"0932-296-486",
    "簡介":"一家重慶麵食的小吃館",
    "英文友善":"0",
    "日文友善":"0",
    "韓文友善":"0",
    "行動裝置充電":"1",
    "無障礙友善":"0",
    "性別友善":"1",
    "便利支付":"0",
    "素食":"0",
    "友善廁所":"1",
    "公平貿易友善":"0",
    "Free WiFi":"1",
    "自行車友善":"0",
    "哺集乳友善":"0",
    "穆斯林友善":"0",
    "月經友善":"0",
    "友善項目總計":4
    }
  },
  {
    "type": "Feature",
    "geometry": {
       "type": "Point",
       "coordinates":  [ 121.558869,25.079685 ]
    },
    "properties": {
    "行政區":"中山區",
    "友善店家名稱":"闊佬",
    "地址":"臺北市中山區樂群二路198號",
    "電話":"02-8502-5857",
    "簡介":"我們的大老闆來自產地直送的海鮮大盤商，所以我們闊佬shabu shabu的食材都是第一手頂級的食材、新鮮海鮮直達店面，我們的用心只希望呈現最好品質給您。\n\n不論春夏秋冬，熱愛吃鍋的您，闊佬不僅給您新鮮彈牙的活海鮮，更有精緻的肉品等著您來享用。\n\n我們擁有明亮的用餐空間，您不論約會，聚餐，都會讓您享受我們一等的服務。\n\n闊佬，您身邊的火鍋行家",
    "英文友善":"1",
    "日文友善":"0",
    "韓文友善":"0",
    "行動裝置充電":"1",
    "無障礙友善":"1",
    "性別友善":"1",
    "便利支付":"1",
    "素食":"1",
    "友善廁所":"1",
    "公平貿易友善":"0",
    "Free WiFi":"0",
    "自行車友善":"0",
    "哺集乳友善":"0",
    "穆斯林友善":"0",
    "月經友善":"0",
    "友善項目總計":7
    }
  },
  {
    "type": "Feature",
    "geometry": {
       "type": "Point",
       "coordinates":  [ 121.525049,25.050428 ]
    },
    "properties": {
    "行政區":"中山區",
    "友善店家名稱":"紅記珠寶有限公司",
    "地址":"臺北市中山區林森北路109號1樓",
    "電話":"02-2523-0122",
    "簡介":"紅記珠寶於1987年成立，在地經營至今32年，於104年重新登記為現在的名字，最主要的理念是希冀展現出女性不凡的氣度與貴氣。\n\n紅記珠寶高貴不貴，除了高價位的產品項目之外，也有符合年輕族群需求，平價又親民的珠寶，讓更多人了解珠寶的美好。\n\n紅記珠寶的商標於視覺上以鳳凰來儀的姿態，結合紅寶石般的底蘊色彩與行隸體的《紅》字，創造出優雅的線條與莊嚴的美感。",
    "英文友善":"1",
    "日文友善":"1",
    "韓文友善":"0",
    "行動裝置充電":"1",
    "無障礙友善":"1",
    "性別友善":"1",
    "便利支付":"1",
    "素食":"0",
    "友善廁所":"1",
    "公平貿易友善":"0",
    "Free WiFi":"1",
    "自行車友善":"1",
    "哺集乳友善":"0",
    "穆斯林友善":"0",
    "月經友善":"0",
    "友善項目總計":9
    }
  },
  {
    "type": "Feature",
    "geometry": {
       "type": "Point",
       "coordinates":  [ 121.532572,25.062044 ]
    },
    "properties": {
    "行政區":"中山區",
    "友善店家名稱":"朝晨商號",
    "地址":"臺北市中山區松江路362巷9號1樓",
    "電話":"02-2567-7955",
    "簡介":"台日式早午餐舖\n\n主要販售：\n1.碳烤三明治\n2.紅茶牛乳、紅茶、咖啡\n3.漢堡\n4.熱壓吐司\n5.日式丼飯定食(每日11:00 am提供)\n\n提供外帶與外送服務\n外送平台服務(Uber Eats/foodpanda)請搜尋「朝晨商號」\n配合「中央疫情指揮中心」實施「實聯制」",
    "英文友善":"1",
    "日文友善":"0",
    "韓文友善":"0",
    "行動裝置充電":"1",
    "無障礙友善":"0",
    "性別友善":"1",
    "便利支付":"0",
    "素食":"1",
    "友善廁所":"1",
    "公平貿易友善":"0",
    "Free WiFi":"1",
    "自行車友善":"1",
    "哺集乳友善":"1",
    "穆斯林友善":"0",
    "月經友善":"0",
    "友善項目總計":8
    }
  },
  {
    "type": "Feature",
    "geometry": {
       "type": "Point",
       "coordinates":  [ 121.538223,25.054827 ]
    },
    "properties": {
    "行政區":"中山區",
    "友善店家名稱":"臺北御珍",
    "地址":"臺北市中山區長春路199號",
    "電話":"02-2518-0162",
    "簡介":"堅持手作，秉持傳統工法\n\n位於臺北市中山區長春路199號1樓，秉持傳統手工製作，不斷創新研發，採用植物性奶油，低油低糖、甜而不膩、符合健康標準，卻不失食物的風味，更是素食者的最佳點心。\n\n臺北御珍成立於96年，楊師傅秉持師傅的教誨，製作產品前、我們都會先想過這個食物我們自己是否願意食用，同理顧客的感受，對待每一位客人都是當作自己家的人一樣，是我們對於產品的堅持，謹守傳統工法，以健康為訴求，不添加化學添加物，用心製作傳統點心，讓屬於食材最真實的味道呈現出來，因此堅持手工製作，還原最真實的味道。",
    "英文友善":"0",
    "日文友善":"0",
    "韓文友善":"0",
    "行動裝置充電":"1",
    "無障礙友善":"0",
    "性別友善":"1",
    "便利支付":"0",
    "素食":"1",
    "友善廁所":"0",
    "公平貿易友善":"0",
    "Free WiFi":"1",
    "自行車友善":"0",
    "哺集乳友善":"0",
    "穆斯林友善":"1",
    "月經友善":"0",
    "友善項目總計":5
    }
  },
  {
    "type": "Feature",
    "geometry": {
       "type": "Point",
       "coordinates":  [ 121.523028,25.048565 ]
    },
    "properties": {
    "行政區":"中山區",
    "友善店家名稱":"植健身",
    "地址":"臺北市中山區中山北路一段33巷25號",
    "電話":"02-2522-1152",
    "簡介":"如果您想尋找一家\n交通方便又好訓練的臺北市健身房，\n那沒有比植健身更合適的選擇了。\n位於市區內最便利繁華的地段，\n\n卻又在靜巷中遠離喧囂，\n\n使用最頂級的健身器材\nROGUE、CYBEX、Life Fitness、\nHammer Strength、UESAKA，\n並提供Wi-Fi、淋浴、免治馬桶、\n免費密碼置物櫃、飲水機以及休息區，\n你可以在植健身完成所有的訓練。",
    "英文友善":"1",
    "日文友善":"0",
    "韓文友善":"0",
    "行動裝置充電":"1",
    "無障礙友善":"0",
    "性別友善":"1",
    "便利支付":"1",
    "素食":"0",
    "友善廁所":"1",
    "公平貿易友善":"0",
    "Free WiFi":"1",
    "自行車友善":"1",
    "哺集乳友善":"1",
    "穆斯林友善":"0",
    "月經友善":"1",
    "友善項目總計":9
    }
  },
  {
    "type": "Feature",
    "geometry": {
       "type": "Point",
       "coordinates":  [ 121.521784,25.051712 ]
    },
    "properties": {
    "行政區":"中山區",
    "友善店家名稱":"嗨糖日式可麗餅",
    "地址":"臺北市中山區南京西路12巷13弄7號",
    "電話":"02-2511-8776",
    "簡介":"HiSugar : 嗨糖 日式可麗餅\n\n外送下午茶.辦公室下午茶.\n\n臺北市下午茶外送.會議點心.\n\n下午茶甜點.辦公室點心.\n\n中山甜點.中山美食.クレープ.crepe\n\n嗨糖Facebook \n\nhttps://www.facebook.com/Hisugar.cc\n\n嗨糖Line搜尋@hisugar.cc\n嗨糖Line連結",
    "英文友善":"0",
    "日文友善":"0",
    "韓文友善":"0",
    "行動裝置充電":"0",
    "無障礙友善":"0",
    "性別友善":"0",
    "便利支付":"0",
    "素食":"0",
    "友善廁所":"0",
    "公平貿易友善":"0",
    "Free WiFi":"1",
    "自行車友善":"0",
    "哺集乳友善":"0",
    "穆斯林友善":"0",
    "月經友善":"0",
    "友善項目總計":1
    }
  },
  {
    "type": "Feature",
    "geometry": {
       "type": "Point",
       "coordinates":  [ 121.530449,25.050615 ]
    },
    "properties": {
    "行政區":"中山區",
    "友善店家名稱":"梁記嘉義雞肉飯",
    "地址":"臺北市中山區興亞里松江路90巷19號1樓",
    "電話":"02-2563-4671",
    "簡介":"延續嘉義的古早味雞肉飯，​​​​​​​民國64年於臺北成立梁記嘉義雞肉飯。",
    "英文友善":"0",
    "日文友善":"0",
    "韓文友善":"0",
    "行動裝置充電":"0",
    "無障礙友善":"0",
    "性別友善":"1",
    "便利支付":"1",
    "素食":"0",
    "友善廁所":"0",
    "公平貿易友善":"0",
    "Free WiFi":"0",
    "自行車友善":"0",
    "哺集乳友善":"0",
    "穆斯林友善":"0",
    "月經友善":"0",
    "友善項目總計":2
    }
  },
  {
    "type": "Feature",
    "geometry": {
       "type": "Point",
       "coordinates":  [ 121.529371,25.051879 ]
    },
    "properties": {
    "行政區":"中山區",
    "友善店家名稱":"第一化粧品廠南京旗艦店",
    "地址":"臺北市中山區南京東路二段36號",
    "電話":"02-2581-1100\n總公司：03-3961234#109\nMillie",
    "簡介":"第一化粧品承襲第一化工五十年的專業原料知識，創立口碑第一的「de第一化粧品」。從傳統臺北大稻埕商圈的天水路發跡，歷經千辛打造優質適價台灣品牌之路，堅持將「自然‧簡單‧無負擔」的品牌精神落實發揚─「原料自然‧配方簡單‧產品親肌無負擔」；以化粧品原料專家為基礎，堅持台灣自產自銷，並輔以環保可回收包材及舒適無壓的購物環境，所以客戶都能親身體驗專業優質產品與服務所帶來的平價奢華享受。",
    "英文友善":"0",
    "日文友善":"0",
    "韓文友善":"0",
    "行動裝置充電":"0",
    "無障礙友善":"0",
    "性別友善":"1",
    "便利支付":"1",
    "素食":"0",
    "友善廁所":"1",
    "公平貿易友善":"0",
    "Free WiFi":"0",
    "自行車友善":"0",
    "哺集乳友善":"0",
    "穆斯林友善":"0",
    "月經友善":"0",
    "友善項目總計":3
    }
  },
  {
    "type": "Feature",
    "geometry": {
       "type": "Point",
       "coordinates":  [ 121.521272,25.048656 ]
    },
    "properties": {
    "行政區":"中山區",
    "友善店家名稱":"城市綠洲股份有限公司臺北分公司",
    "地址":"臺北市中山區中山北路一段21號",
    "電話":"02-2564-3702",
    "簡介":"城市綠洲與您共享山林歲月秉持著希望能夠建立起【城市裡的綠洲，解都會生活的渴】帶領大家走向戶外為經營理念而創立。綠洲店內綜合各項戶外活動用品，包括登山、露營、自行車、 水上用品…",
    "英文友善":"1",
    "日文友善":"0",
    "韓文友善":"0",
    "行動裝置充電":"0",
    "無障礙友善":"0",
    "性別友善":"1",
    "便利支付":"0",
    "素食":"0",
    "友善廁所":"1",
    "公平貿易友善":"0",
    "Free WiFi":"1",
    "自行車友善":"1",
    "哺集乳友善":"0",
    "穆斯林友善":"0",
    "月經友善":"0",
    "友善項目總計":5
    }
  },
  {
    "type": "Feature",
    "geometry": {
       "type": "Point",
       "coordinates":  [ 121.528228,25.054993 ]
    },
    "properties": {
    "行政區":"中山區",
    "友善店家名稱":"福隆棉紙廠有限公司",
    "地址":"臺北市中山區長春路89號",
    "電話":"02-2537-6771",
    "簡介":"東方書畫紙專門店～～質地上乘，宜書宜畫（紙中之王）（紙壽千年），從地靈人傑，山明水秀的《埔里》誕生出宣紙的世家，梳理ㄧ木ㄧ枝的千絲萬縷。蒸、煮、沖、曬、漂、漿。造就出特種精良紙張，供毛筆書畫的手工紙，平滑柔韌，細膩勻薄洁白耐久，吸墨性強之特性。\n白紙高洁素雅、色紙斑斕清奇，書寫作畫、裱褙包裝，紙幅卷出無限想像。一日一張，靈思婆娑歲月綿長。",
    "英文友善":"0",
    "日文友善":"0",
    "韓文友善":"0",
    "行動裝置充電":"0",
    "無障礙友善":"0",
    "性別友善":"1",
    "便利支付":"1",
    "素食":"0",
    "友善廁所":"0",
    "公平貿易友善":"0",
    "Free WiFi":"1",
    "自行車友善":"0",
    "哺集乳友善":"0",
    "穆斯林友善":"0",
    "月經友善":"0",
    "友善項目總計":3
    }
  },
  {
    "type": "Feature",
    "geometry": {
       "type": "Point",
       "coordinates":  [ 121.524097,25.064184 ]
    },
    "properties": {
    "行政區":"中山區",
    "友善店家名稱":"MY 幾圈 甜甜圈專賣店",
    "地址":"臺北市中山區雙城街10巷11號",
    "電話":"0985-975-098",
    "簡介":"小時候總愛偷拿阿公書桌抽屜裡面的糖果，散發淡淡木頭香味總是讓人難以忘懷，\n甜甜圈古早的好滋味是小時候放學最愛吃的點心，於是將回憶的兩種味道結合成思念MY老家的味道。\n",
    "英文友善":"0",
    "日文友善":"0",
    "韓文友善":"0",
    "行動裝置充電":"0",
    "無障礙友善":"0",
    "性別友善":"0",
    "便利支付":"1",
    "素食":"1",
    "友善廁所":"0",
    "公平貿易友善":"0",
    "Free WiFi":"0",
    "自行車友善":"0",
    "哺集乳友善":"0",
    "穆斯林友善":"0",
    "月經友善":"0",
    "友善項目總計":2
    }
  },
  {
    "type": "Feature",
    "geometry": {
       "type": "Point",
       "coordinates":  [ 121.559866,25.082719 ]
    },
    "properties": {
    "行政區":"中山區",
    "友善店家名稱":"驢子餐廳",
    "地址":"臺北市中山區樂群三路303號3樓",
    "電話":"0903-393-098",
    "簡介":"採用手工料理，以新鮮當季、自有農場栽培的食材入菜，將料理本質中的美味，變成一道道精緻的料理呈現。",
    "英文友善":"1",
    "日文友善":"0",
    "韓文友善":"0",
    "行動裝置充電":"0",
    "無障礙友善":"1",
    "性別友善":"1",
    "便利支付":"1",
    "素食":"1",
    "友善廁所":"1",
    "公平貿易友善":"0",
    "Free WiFi":"1",
    "自行車友善":"0",
    "哺集乳友善":"1",
    "穆斯林友善":"0",
    "月經友善":"0",
    "友善項目總計":8
    }
  },
  {
    "type": "Feature",
    "geometry": {
       "type": "Point",
       "coordinates":  [ 121.569669,25.051497 ]
    },
    "properties": {
    "行政區":"松山區",
    "友善店家名稱":"小公館人文旅舍",
    "地址":"臺北市松山區南京東路五段399號5樓",
    "電話":"02-2769-0200",
    "簡介":"打造一間像是「家」的空間，期望在一個舒服、放鬆的空間可以引發人與人之間的情感交流，也等待著每一位造訪的旅客，留下更多故事。",
    "英文友善":"1",
    "日文友善":"1",
    "韓文友善":"0",
    "行動裝置充電":"1",
    "無障礙友善":"1",
    "性別友善":"1",
    "便利支付":"1",
    "素食":"0",
    "友善廁所":"1",
    "公平貿易友善":"0",
    "Free WiFi":"1",
    "自行車友善":"0",
    "哺集乳友善":"0",
    "穆斯林友善":"1",
    "月經友善":"0",
    "友善項目總計":9
    }
  },
  {
    "type": "Feature",
    "geometry": {
       "type": "Point",
       "coordinates":  [ 121.548308,25.062163 ]
    },
    "properties": {
    "行政區":"松山區",
    "友善店家名稱":"長毛象休閒旅遊名店",
    "地址":"臺北市松山區民權東路三段181號",
    "電話":"02-2719-0258/黃小姐0910403765",
    "簡介":"專營戶外用品、登山、休閒出國旅遊配備，提供舒適精采的高品質休閒生活用品，引進歐洲知名品牌。",
    "英文友善":"1",
    "日文友善":"0",
    "韓文友善":"0",
    "行動裝置充電":"0",
    "無障礙友善":"0",
    "性別友善":"1",
    "便利支付":"1",
    "素食":"0",
    "友善廁所":"0",
    "公平貿易友善":"0",
    "Free WiFi":"1",
    "自行車友善":"1",
    "哺集乳友善":"0",
    "穆斯林友善":"0",
    "月經友善":"0",
    "友善項目總計":5
    }
  },
  {
    "type": "Feature",
    "geometry": {
       "type": "Point",
       "coordinates":  [ 121.557025,25.051368 ]
    },
    "properties": {
    "行政區":"松山區",
    "友善店家名稱":"裕珍馨(南京店)",
    "地址":"臺北市松山區南京東路四段180號",
    "電話":"02-2577-9025/楊小姐04-2683-1969＃1402",
    "簡介":"一首籤詩，六個聖筊，在媽祖的祝福下，糕餅門外漢陳基振開啟了「裕珍馨」與「奶油酥餅」的傳奇。 \n走過半個世紀，裕珍馨，奶油酥餅的創始者，始終秉持著最初的用心與傳統工藝，隨著時代進步，加入更多的創新概念，嚴選更優質的健康素材，以細緻的製餅工藝，揉出奶油酥餅每一口的香酥濃郁，更揉入了深深的關心與祝福。 \n製餅是使命，也是文化的傳承，裕珍馨把對所有愛護者的感念，化成堅持與用心，以誠信、負責、惜福的心，繼續延續最道地的好滋味。",
    "英文友善":"1",
    "日文友善":"1",
    "韓文友善":"1",
    "行動裝置充電":"0",
    "無障礙友善":"0",
    "性別友善":"0",
    "便利支付":"1",
    "素食":"1",
    "友善廁所":"0",
    "公平貿易友善":"0",
    "Free WiFi":"1",
    "自行車友善":"0",
    "哺集乳友善":"0",
    "穆斯林友善":"0",
    "月經友善":"0",
    "友善項目總計":6
    }
  },
  {
    "type": "Feature",
    "geometry": {
       "type": "Point",
       "coordinates":  [ 121.575954,25.050709 ]
    },
    "properties": {
    "行政區":"松山區",
    "友善店家名稱":"裕珍馨(饒河店)",
    "地址":"臺北市松山區饒河街189號",
    "電話":"02-2742-0869/楊小姐04-2683-1969＃1402",
    "簡介":"一首籤詩，六個聖筊，在媽祖的祝福下，糕餅門外漢陳基振開啟了「裕珍馨」與「奶油酥餅」的傳奇。 \n走過半個世紀，裕珍馨，奶油酥餅的創始者，始終秉持著最初的用心與傳統工藝，隨著時代進步，加入更多的創新概念，嚴選更優質的健康素材，以細緻的製餅工藝，揉出奶油酥餅每一口的香酥濃郁，更揉入了深深的關心與祝福。 \n製餅是使命，也是文化的傳承，裕珍馨把對所有愛護者的感念，化成堅持與用心，以誠信、負責、惜福的心，繼續延續最道地的好滋味。",
    "英文友善":"1",
    "日文友善":"1",
    "韓文友善":"1",
    "行動裝置充電":"1",
    "無障礙友善":"1",
    "性別友善":"1",
    "便利支付":"0",
    "素食":"0",
    "友善廁所":"0",
    "公平貿易友善":"0",
    "Free WiFi":"1",
    "自行車友善":"1",
    "哺集乳友善":"0",
    "穆斯林友善":"0",
    "月經友善":"0",
    "友善項目總計":8
    }
  },
  {
    "type": "Feature",
    "geometry": {
       "type": "Point",
       "coordinates":  [ 121.551905,25.063649 ]
    },
    "properties": {
    "行政區":"松山區",
    "友善店家名稱":"新東陽臺北機場店",
    "地址":"臺北市松山區敦化北路340-9號",
    "電話":"02-2545-6846/總公司02-2772-6222＃957(郭小姐)",
    "簡介":"新東陽以推動中華美食精緻化，國際化的精神標竿為企業目標，打造”來台必買、出國必帶、台灣特產第一品牌”的企業形象，帶給消費者優質的購物體驗。",
    "英文友善":"1",
    "日文友善":"1",
    "韓文友善":"0",
    "行動裝置充電":"1",
    "無障礙友善":"1",
    "性別友善":"1",
    "便利支付":"1",
    "素食":"1",
    "友善廁所":"1",
    "公平貿易友善":"0",
    "Free WiFi":"1",
    "自行車友善":"0",
    "哺集乳友善":"1",
    "穆斯林友善":"0",
    "月經友善":"0",
    "友善項目總計":10
    }
  },
  {
    "type": "Feature",
    "geometry": {
       "type": "Point",
       "coordinates":  [ 121.548571,25.053576 ]
    },
    "properties": {
    "行政區":"松山區",
    "友善店家名稱":"新東陽敦化店",
    "地址":"臺北市松山區敦化北路112號",
    "電話":"02-2713-4618/總公司02-2772-6222＃957(郭小姐)",
    "簡介":"新東陽以推動中華美食精緻化，國際化的精神標竿為企業目標，打造”來台必買、出國必帶、台灣特產第一品牌”的企業形象，帶給消費者優質的購物體驗。",
    "英文友善":"1",
    "日文友善":"1",
    "韓文友善":"0",
    "行動裝置充電":"1",
    "無障礙友善":"0",
    "性別友善":"1",
    "便利支付":"1",
    "素食":"1",
    "友善廁所":"1",
    "公平貿易友善":"0",
    "Free WiFi":"1",
    "自行車友善":"0",
    "哺集乳友善":"0",
    "穆斯林友善":"0",
    "月經友善":"0",
    "友善項目總計":8
    }
  },
  {
    "type": "Feature",
    "geometry": {
       "type": "Point",
       "coordinates":  [ 121.554168,25.048051 ]
    },
    "properties": {
    "行政區":"松山區",
    "友善店家名稱":"鬍鬚張臺北八德店",
    "地址":"臺北市松山區八德路三段124號",
    "電話":"02-2579-2776/總公司:02-2298-2185＃232(行企部劉副理)",
    "簡介":"「鬍鬚張魯肉飯」創立於1960年，秉持『傳統美食，追求幸福』的創業初衷，從路邊攤創起，以發揚台灣美食文化為職志，不斷的做中學，以品質、口味、服務、衛生為基礎，提供安全美味的產品，整潔親切的用餐環境與氛圍的餐廳。\n鬍鬚張以「誠信篤實」、「追求卓越」、「顧客滿意」、「永續成長」為經營理念，以「以人為本」、「人才培育」、「賞罰分明」、「成果分享」為管理原則，並致力於『將魯肉飯販賣到全世界都知道』的企業願景實踐。",
    "英文友善":"0",
    "日文友善":"0",
    "韓文友善":"0",
    "行動裝置充電":"0",
    "無障礙友善":"0",
    "性別友善":"1",
    "便利支付":"0",
    "素食":"0",
    "友善廁所":"1",
    "公平貿易友善":"0",
    "Free WiFi":"0",
    "自行車友善":"0",
    "哺集乳友善":"0",
    "穆斯林友善":"0",
    "月經友善":"0",
    "友善項目總計":2
    }
  },
  {
    "type": "Feature",
    "geometry": {
       "type": "Point",
       "coordinates":  [ 121.564573,25.051597 ]
    },
    "properties": {
    "行政區":"松山區",
    "友善店家名稱":"鬍鬚張南京三民店",
    "地址":"臺北市松山區南京東路五段227號",
    "電話":"02-5571-3810/總公司:02-2298-2185＃232(行企部劉副理)",
    "簡介":"「鬍鬚張魯肉飯」創立於1960年，秉持『傳統美食，追求幸福』的創業初衷，從路邊攤創起，以發揚台灣美食文化為職志，不斷的做中學，以品質、口味、服務、衛生為基礎，提供安全美味的產品，整潔親切的用餐環境與氛圍的餐廳。\n鬍鬚張以「誠信篤實」、「追求卓越」、「顧客滿意」、「永續成長」為經營理念，以「以人為本」、「人才培育」、「賞罰分明」、「成果分享」為管理原則，並致力於『將魯肉飯販賣到全世界都知道』的企業願景實踐。",
    "英文友善":"0",
    "日文友善":"0",
    "韓文友善":"0",
    "行動裝置充電":"0",
    "無障礙友善":"0",
    "性別友善":"1",
    "便利支付":"0",
    "素食":"0",
    "友善廁所":"1",
    "公平貿易友善":"0",
    "Free WiFi":"0",
    "自行車友善":"0",
    "哺集乳友善":"0",
    "穆斯林友善":"0",
    "月經友善":"0",
    "友善項目總計":2
    }
  },
  {
    "type": "Feature",
    "geometry": {
       "type": "Point",
       "coordinates":  [ 121.552701,25.057903 ]
    },
    "properties": {
    "行政區":"松山區",
    "友善店家名稱":"鬍鬚張臺北民生店",
    "地址":"臺北市松山區民生東路四段76號",
    "電話":"02-2715-0389/總公司:02-2298-2185＃232(行企部劉副理)",
    "簡介":"「鬍鬚張魯肉飯」創立於1960年，秉持『傳統美食，追求幸福』的創業初衷，從路邊攤創起，以發揚台灣美食文化為職志，不斷的做中學，以品質、口味、服務、衛生為基礎，提供安全美味的產品，整潔親切的用餐環境與氛圍的餐廳。\n鬍鬚張以「誠信篤實」、「追求卓越」、「顧客滿意」、「永續成長」為經營理念，以「以人為本」、「人才培育」、「賞罰分明」、「成果分享」為管理原則，並致力於『將魯肉飯販賣到全世界都知道』的企業願景實踐。",
    "英文友善":"0",
    "日文友善":"0",
    "韓文友善":"0",
    "行動裝置充電":"0",
    "無障礙友善":"0",
    "性別友善":"1",
    "便利支付":"0",
    "素食":"0",
    "友善廁所":"1",
    "公平貿易友善":"0",
    "Free WiFi":"0",
    "自行車友善":"0",
    "哺集乳友善":"0",
    "穆斯林友善":"0",
    "月經友善":"0",
    "友善項目總計":2
    }
  },
  {
    "type": "Feature",
    "geometry": {
       "type": "Point",
       "coordinates":  [ 121.558775,25.056647 ]
    },
    "properties": {
    "行政區":"松山區",
    "友善店家名稱":"小春日和動物雜貨珈琲",
    "地址":"臺北市松山區延壽街361號",
    "電話":"02-8787-6920",
    "簡介":"小春日和是一家兼具寵物美容與咖啡輕食的寵物咖啡店，提供舒適優美的環境，能讓主人與美容師有更好的溝通互動，也能與寵物共享休閒時光\n我們不僅建立起一個喜歡動物和寵物飼主的交流空間，並教育客人正確的飼養觀念/知識，用愛護的方式理解寵物不是消費品，在日常中就學習如何照顧，達到寵物友善空間的落實。",
    "英文友善":"0",
    "日文友善":"0",
    "韓文友善":"0",
    "行動裝置充電":"1",
    "無障礙友善":"0",
    "性別友善":"1",
    "便利支付":"1",
    "素食":"1",
    "友善廁所":"0",
    "公平貿易友善":"0",
    "Free WiFi":"1",
    "自行車友善":"0",
    "哺集乳友善":"0",
    "穆斯林友善":"0",
    "月經友善":"0",
    "友善項目總計":5
    }
  },
  {
    "type": "Feature",
    "geometry": {
       "type": "Point",
       "coordinates":  [ 121.554014,25.048051 ]
    },
    "properties": {
    "行政區":"松山區",
    "友善店家名稱":"璽印篆刻藝術中心",
    "地址":"臺北市松山區八德路三段118號",
    "電話":"02-2579-2233/劉先生(負責人):02-2522-2922",
    "簡介":"印章，本店至今仍遵照古法製作印章，手工刻印，並嚴格控管印章品質。為了和市場區隔，將傳統技法結合現代藝術，讓一度成為夕陽的印章，重新展現千年智慧。",
    "英文友善":"0",
    "日文友善":"1",
    "韓文友善":"0",
    "行動裝置充電":"1",
    "無障礙友善":"0",
    "性別友善":"1",
    "便利支付":"1",
    "素食":"0",
    "友善廁所":"0",
    "公平貿易友善":"0",
    "Free WiFi":"1",
    "自行車友善":"1",
    "哺集乳友善":"0",
    "穆斯林友善":"0",
    "月經友善":"0",
    "友善項目總計":6
    }
  },
  {
    "type": "Feature",
    "geometry": {
       "type": "Point",
       "coordinates":  [ 121.554858,25.047988 ]
    },
    "properties": {
    "行政區":"松山區",
    "友善店家名稱":"有機緣地-八德店",
    "地址":"臺北市松山區八德路三段150號",
    "電話":"02-2577-9727/公司:02-2657-7333",
    "簡介":"提供有機天然食品飲料，健康安心肉品、天 然保健食品與時尚機能服飾。",
    "英文友善":"1",
    "日文友善":"0",
    "韓文友善":"0",
    "行動裝置充電":"0",
    "無障礙友善":"1",
    "性別友善":"1",
    "便利支付":"1",
    "素食":"1",
    "友善廁所":"0",
    "公平貿易友善":"1",
    "Free WiFi":"0",
    "自行車友善":"0",
    "哺集乳友善":"0",
    "穆斯林友善":"0",
    "月經友善":"0",
    "友善項目總計":6
    }
  },
  {
    "type": "Feature",
    "geometry": {
       "type": "Point",
       "coordinates":  [ 121.544126,25.046129 ]
    },
    "properties": {
    "行政區":"松山區",
    "友善店家名稱":"真心台菜 復興店",
    "地址":"臺北市松山區 復興南路一段39號GF (微風廣場)",
    "電話":"02-6600-1280",
    "簡介":"將50年代記憶中，台灣菜原始樸實手藝，也是酒家菜文化的原型\n加入宜蘭獨有風味特產，結合現代簡約裝潢與溫暖細膩的服務\n對傳統料理傾注真誠亦真實的情感與心意\n讓我們用台灣在地食材與演繹傳統的手法\n一起品嘗道地台灣料理\n感受屬於台灣最真實、最純粹、最美好的本質\n就像我們對家人般的溫暖真心",
    "英文友善":"1",
    "日文友善":"0",
    "韓文友善":"0",
    "行動裝置充電":"0",
    "無障礙友善":"1",
    "性別友善":"1",
    "便利支付":"1",
    "素食":"1",
    "友善廁所":"0",
    "公平貿易友善":"0",
    "Free WiFi":"1",
    "自行車友善":"0",
    "哺集乳友善":"0",
    "穆斯林友善":"0",
    "月經友善":"0",
    "友善項目總計":6
    }
  },
  {
    "type": "Feature",
    "geometry": {
       "type": "Point",
       "coordinates":  [ 121.546147,25.047188 ]
    },
    "properties": {
    "行政區":"松山區",
    "友善店家名稱":"菜豚屋(八德店)",
    "地址":"臺北市松山區八德路二段410巷16弄8號",
    "電話":"02-2778-8055/02-2712-8287張會計",
    "簡介":"位於林森北路巷弄內的VEGETEJIYA菜豚屋林森店，是一間日韓混血的烤肉店，如果搭乘大眾交通工具可以在中山站或是松江南京站出站，步行5~8分鐘即可到達。以日式韓味的風格打出名號， 特色就是用新鮮生菜包燒肉一起吃， 所以生菜的大小跟乾淨衛生是很重要的， 也讓「吃肉」變得不油不膩，更健康！",
    "英文友善":"1",
    "日文友善":"1",
    "韓文友善":"0",
    "行動裝置充電":"1",
    "無障礙友善":"1",
    "性別友善":"1",
    "便利支付":"0",
    "素食":"1",
    "友善廁所":"1",
    "公平貿易友善":"0",
    "Free WiFi":"0",
    "自行車友善":"1",
    "哺集乳友善":"0",
    "穆斯林友善":"0",
    "月經友善":"0",
    "友善項目總計":8
    }
  },
  {
    "type": "Feature",
    "geometry": {
       "type": "Point",
       "coordinates":  [ 121.562158,25.060953 ]
    },
    "properties": {
    "行政區":"松山區",
    "友善店家名稱":"小茶栽堂 - 富錦店",
    "地址":"臺北市松山區富錦街463號",
    "電話":"02-8772-8589/02-2882-1826*1802陳先生/02-2882-1826#1804張小姐",
    "簡介":"本著「將台灣的美好介紹給世界」的初衷，小茶裁堂於2006年創立於臺北，堅持100%台灣產自然栽培茶，無農藥、無化肥的純淨好茶，甫榮獲2020「世界品質評鑑大賞」金獎肯定，搭配獲獎無數的設計實力，打造由裡而外的經典品味。\n「以茶為圓心，烘焙為半徑，畫生活為圓，品味幸福的圓滿。」\n以茶入味，是我們茶食的特色，堅持自然原味無添加，結合西式甜點與純正台灣茶葉，在市場上以中高價、客製化的精品禮盒榮獲客户肯定。\n創始店位於大安區，致力為大眾提供最精繳的品茶體驗。",
    "英文友善":"1",
    "日文友善":"1",
    "韓文友善":"0",
    "行動裝置充電":"0",
    "無障礙友善":"0",
    "性別友善":"0",
    "便利支付":"1",
    "素食":"0",
    "友善廁所":"0",
    "公平貿易友善":"0",
    "Free WiFi":"0",
    "自行車友善":"0",
    "哺集乳友善":"0",
    "穆斯林友善":"0",
    "月經友善":"0",
    "友善項目總計":3
    }
  },
  {
    "type": "Feature",
    "geometry": {
       "type": "Point",
       "coordinates":  [ 121.558094,25.059517 ]
    },
    "properties": {
    "行政區":"松山區",
    "友善店家名稱":"馬札羅咖啡烘培",
    "地址":"臺北市松山區民生東路五段69巷17號",
    "電話":"02-2756-0965",
    "簡介":"馬札羅咖啡是一家專營優質精品的咖啡豆商,可以在店內喝咖啡,也可以購買每個星期新鮮烘焙咖啡豆,甚至我們講求新鮮的理念都貫徹到隨身掛耳包都是現做的,確保所有的咖啡新鮮好喝,更讓您喝的健康!當然我們自許為一家溫馨帶有溫度的社區咖啡館,讓我們在這陪伴著居民的每一天!",
    "英文友善":"1",
    "日文友善":"0",
    "韓文友善":"0",
    "行動裝置充電":"1",
    "無障礙友善":"0",
    "性別友善":"1",
    "便利支付":"1",
    "素食":"0",
    "友善廁所":"0",
    "公平貿易友善":"0",
    "Free WiFi":"1",
    "自行車友善":"0",
    "哺集乳友善":"0",
    "穆斯林友善":"0",
    "月經友善":"0",
    "友善項目總計":5
    }
  },
  {
    "type": "Feature",
    "geometry": {
       "type": "Point",
       "coordinates":  [ 121.558128,25.059182 ]
    },
    "properties": {
    "行政區":"松山區",
    "友善店家名稱":"好時光披薩",
    "地址":"臺北市松山區民生東路五段69巷7號一樓",
    "電話":"02-3765-1369",
    "簡介":"“好時光披薩”成立於2013年，提供手工窯烤披薩、豹紋口袋麵包、主廚私房午餐(平日供應)、小食料理、季節沙拉、燉湯、家常甜點。\n承襲義大利傳統拿坡里窯烤披薩手工基礎規制，使用義大利00麵粉(義大利披薩協會指定)、海鹽、Mutti番茄泥、頂級初榨橄欖油、Mozzarella乳酪等，食材嚴選手工製作，以長時間低溫慢活發酵，醞釀出麵皮豐富層次的風味。",
    "英文友善":"1",
    "日文友善":"0",
    "韓文友善":"0",
    "行動裝置充電":"0",
    "無障礙友善":"0",
    "性別友善":"1",
    "便利支付":"1",
    "素食":"1",
    "友善廁所":"1",
    "公平貿易友善":"0",
    "Free WiFi":"0",
    "自行車友善":"0",
    "哺集乳友善":"0",
    "穆斯林友善":"0",
    "月經友善":"0",
    "友善項目總計":5
    }
  },
  {
    "type": "Feature",
    "geometry": {
       "type": "Point",
       "coordinates":  [ 121.560248,25.060417 ]
    },
    "properties": {
    "行政區":"松山區",
    "友善店家名稱":"朋廚烘焙坊",
    "地址":"臺北市松山區新中街41號",
    "電話":"02-2528-9906/管理部門:02-2786-1231",
    "簡介":"在民生社區深耕多年的朋廚，今年搖身一變，漆上明亮活力的色澤，並重新回歸早午餐的行列，寬敞開放的空間，在綠意與麥香的圍繞之下，走進店裡彷彿一切都慢了下來，生活總是東奔西忙，但有一聲「Bonjour！」的問候，就是元氣與愜意的開始！",
    "英文友善":"1",
    "日文友善":"0",
    "韓文友善":"0",
    "行動裝置充電":"0",
    "無障礙友善":"0",
    "性別友善":"1",
    "便利支付":"1",
    "素食":"0",
    "友善廁所":"0",
    "公平貿易友善":"0",
    "Free WiFi":"0",
    "自行車友善":"0",
    "哺集乳友善":"0",
    "穆斯林友善":"0",
    "月經友善":"0",
    "友善項目總計":3
    }
  },
  {
    "type": "Feature",
    "geometry": {
       "type": "Point",
       "coordinates":  [ 121.547531,25.059854 ]
    },
    "properties": {
    "行政區":"松山區",
    "友善店家名稱":"猴頑咖啡敦北民生店",
    "地址":"臺北市松山區敦化北路222巷29號1樓",
    "電話":"0986-800-686",
    "簡介":"猴頑咖啡敦北民生店\n咖啡、披薩、鬆餅，用最真的食物期待您的光臨，也歡迎疫情期間外帶回家～\n也是專業的葡萄瓶裝酒專賣，歡迎參觀選購！\n《未滿十八歲請勿飲酒》",
    "英文友善":"1",
    "日文友善":"0",
    "韓文友善":"0",
    "行動裝置充電":"0",
    "無障礙友善":"0",
    "性別友善":"1",
    "便利支付":"0",
    "素食":"0",
    "友善廁所":"0",
    "公平貿易友善":"0",
    "Free WiFi":"1",
    "自行車友善":"1",
    "哺集乳友善":"0",
    "穆斯林友善":"0",
    "月經友善":"0",
    "友善項目總計":4
    }
  },
  {
    "type": "Feature",
    "geometry": {
       "type": "Point",
       "coordinates":  [ 121.544597,25.054448 ]
    },
    "properties": {
    "行政區":"松山區",
    "友善店家名稱":"松山茗茶",
    "地址":"臺北市松山區長春路422號",
    "電話":"02-2507-9165",
    "簡介":"承傳百年老店，第三代經營37年，阿里山自有茶園茶廠。專營台灣高山烏龍茶、紅茶及普洱茶。",
    "英文友善":"1",
    "日文友善":"0",
    "韓文友善":"0",
    "行動裝置充電":"0",
    "無障礙友善":"0",
    "性別友善":"1",
    "便利支付":"1",
    "素食":"1",
    "友善廁所":"0",
    "公平貿易友善":"0",
    "Free WiFi":"1",
    "自行車友善":"0",
    "哺集乳友善":"0",
    "穆斯林友善":"0",
    "月經友善":"0",
    "友善項目總計":5
    }
  },
  {
    "type": "Feature",
    "geometry": {
       "type": "Point",
       "coordinates":  [ 121.544126,25.046129 ]
    },
    "properties": {
    "行政區":"松山區",
    "友善店家名稱":"香茅廚泰式餐廳\n(復興店)",
    "地址":"臺北市松山區復興南路一段39號G樓",
    "電話":"02-6600-3210",
    "簡介":"泰式料理的精髓在於香料的多樣化，舉凡南薑、紅蔥頭、檸檬葉、香茅、薑黃、、等，其中又以『香茅』最廣範的被運用入菜。無論料理、醬料或飲品，都是泰菜中不可或缺的元素。 因此『香茅廚』一名，油然而生，取其大量運用香茅入菜，變化出精緻美味泰國料理的廚房，亦即代表『香茅廚』餐廳在泰國料理中佔有一席之地。 \n香茅廚秉持著泰菜魂並致力於將泰國東北傳統料理飲食文化精髓融入台灣，以『創新』的料理技術與視覺藝術上的『變革』，呈現料理豐富多變的特色，給予顧客時尚新體驗。 \n其中唯一不變的就是對料理的執著與堅持，堅持給予顧客最好的，期待所有饕客都能有賓至如歸的感受，讓在台灣的你不用飛往泰國也能品嚐泰北雙城獨有的傳統料理。",
    "英文友善":"1",
    "日文友善":"0",
    "韓文友善":"0",
    "行動裝置充電":"1",
    "無障礙友善":"1",
    "性別友善":"1",
    "便利支付":"1",
    "素食":"1",
    "友善廁所":"1",
    "公平貿易友善":"0",
    "Free WiFi":"1",
    "自行車友善":"0",
    "哺集乳友善":"1",
    "穆斯林友善":"0",
    "月經友善":"0",
    "友善項目總計":9
    }
  },
  {
    "type": "Feature",
    "geometry": {
       "type": "Point",
       "coordinates":  [ 121.564389,25.060907 ]
    },
    "properties": {
    "行政區":"松山區",
    "友善店家名稱":"心家純淨蔬食",
    "地址":"臺北市松山區富錦街508號",
    "電話":"02-23698089/0958-021-632",
    "簡介":"心家守護你健康的品牌，家的廚房，全球後疫情時代來臨喚醒人對食物與健康的重新思考，不時不食後疫情時代新文明新生活選對了，人與環境健康淨化升級，人文飲食 健康事業 源起2007年6月5日陳健宏先生由葷轉素創辦陽明春天蔬食創作料理，起心動念不做葷食料理不在做殺業的善念開啟了蔬食原食材創作料理走健康養生的經營理念，2019年新冠肺炎疫情傳播全球喚醒了人類對於生命的無常成為全人類的命運共同體，大家應該更要意識到尊重生命平等更加需要一份敬畏的心重新思考吃對的食物與健康的關係，2020年陽明春天延續天然健康純淨素理念推廣新品牌，心家麻辣燙快速營養均衡滿足一般年輕大眾市場需求從新思考食物與健康的關係，從吃每一餐開始舖墊出健康快樂新生活運動，\n用心思考我們與食物的關係文明新生活尊重生命和諧飲食，食材選對了吃出健康，\n純淨素、升級我們生命的每一天，人文健康事業是陽明春天始終如一的精神。\n",
    "英文友善":"1",
    "日文友善":"0",
    "韓文友善":"0",
    "行動裝置充電":"0",
    "無障礙友善":"0",
    "性別友善":"1",
    "便利支付":"0",
    "素食":"1",
    "友善廁所":"0",
    "公平貿易友善":"0",
    "Free WiFi":"1",
    "自行車友善":"0",
    "哺集乳友善":"0",
    "穆斯林友善":"0",
    "月經友善":"0",
    "友善項目總計":4
    }
  },
  {
    "type": "Feature",
    "geometry": {
       "type": "Point",
       "coordinates":  [ 121.563777,25.06086 ]
    },
    "properties": {
    "行政區":"松山區",
    "友善店家名稱":"Aplus幸福窯烤",
    "地址":"臺北市松山區富錦街492號",
    "電話":"02-27656898/0915-131-558",
    "簡介":"我們的麵包手工烘焙出令人難忘的幸福口感，沒有華麗的裝飾，只有自然樸實的麵包香以及我們真摯的用心。",
    "英文友善":"0",
    "日文友善":"0",
    "韓文友善":"0",
    "行動裝置充電":"1",
    "無障礙友善":"0",
    "性別友善":"0",
    "便利支付":"0",
    "素食":"1",
    "友善廁所":"0",
    "公平貿易友善":"0",
    "Free WiFi":"1",
    "自行車友善":"0",
    "哺集乳友善":"0",
    "穆斯林友善":"0",
    "月經友善":"0",
    "友善項目總計":3
    }
  },
  {
    "type": "Feature",
    "geometry": {
       "type": "Point",
       "coordinates":  [ 121.575275,25.050419 ]
    },
    "properties": {
    "行政區":"松山區",
    "友善店家名稱":"金門風味館臺北饒河店",
    "地址":"臺北市松山區饒河街142號1樓",
    "電話":"02-23699711/0908-369-058",
    "簡介":"金門風味館,推出金門特色料理及中式飯包,不但如此,還可一次購足金門特色酒款!歡迎光臨參觀品嘗選購~",
    "英文友善":"0",
    "日文友善":"0",
    "韓文友善":"0",
    "行動裝置充電":"0",
    "無障礙友善":"0",
    "性別友善":"1",
    "便利支付":"1",
    "素食":"0",
    "友善廁所":"0",
    "公平貿易友善":"0",
    "Free WiFi":"0",
    "自行車友善":"0",
    "哺集乳友善":"0",
    "穆斯林友善":"0",
    "月經友善":"0",
    "友善項目總計":2
    }
  },
  {
    "type": "Feature",
    "geometry": {
       "type": "Point",
       "coordinates":  [ 121.558609,25.060431 ]
    },
    "properties": {
    "行政區":"松山區",
    "友善店家名稱":"羅得奧商行",
    "地址":"臺北市松山區富錦街370號",
    "電話":"02-2748-6305/0963-516-342",
    "簡介":"about selection ：每個人都有無限可能!! 在這裡試穿無極限，全部任你配\n\nabout cafe: 最大的武器是誠意，用最好的原料，做最有誠意的餐點，即使只是一杯茶",
    "英文友善":"1",
    "日文友善":"0",
    "韓文友善":"0",
    "行動裝置充電":"1",
    "無障礙友善":"0",
    "性別友善":"1",
    "便利支付":"0",
    "素食":"0",
    "友善廁所":"1",
    "公平貿易友善":"0",
    "Free WiFi":"1",
    "自行車友善":"1",
    "哺集乳友善":"0",
    "穆斯林友善":"0",
    "月經友善":"0",
    "友善項目總計":6
    }
  },
  {
    "type": "Feature",
    "geometry": {
       "type": "Point",
       "coordinates":  [ 121.545688,25.063275 ]
    },
    "properties": {
    "行政區":"松山區",
    "友善店家名稱":"一滴滴 EDD 漢方甜點工作室",
    "地址":"臺北市松山區復興北路427巷20號1樓",
    "電話":"02-8712-0058",
    "簡介":"一滴滴琢磨 一口口舒活──一滴滴 EDD\n\n木屑蛋糕、花草茶與咖啡，來自老中藥舖的專屬氣味。老爸炮製40餘載歲月，信源蔘藥行積累無數客戶口碑。\n遵循四季節氣，王家女兒中西融慧。中藥老手選製藥材，適性調配，甜點師鑽研食材風味，講究科學，潛心琢磨，每一口都是原方獨味。\n春天的桂花黃耆，炎夏的洛神紅麴，涼秋的百合雪燕，冷冬的首烏人蔘，不熬水、不磨粉，化作甜點適季養生。尋來枸杞杜仲作陪，生乳捲此生必追。來中藥房吃甜點，再佐一杯人蔘拿鐵，身心皆療癒，滴滴珍貴甜入心扉！",
    "英文友善":"1",
    "日文友善":"0",
    "韓文友善":"0",
    "行動裝置充電":"0",
    "無障礙友善":"0",
    "性別友善":"1",
    "便利支付":"1",
    "素食":"1",
    "友善廁所":"0",
    "公平貿易友善":"0",
    "Free WiFi":"0",
    "自行車友善":"1",
    "哺集乳友善":"0",
    "穆斯林友善":"0",
    "月經友善":"0",
    "友善項目總計":5
    }
  },
  {
    "type": "Feature",
    "geometry": {
       "type": "Point",
       "coordinates":  [ 121.554854,25.052142 ]
    },
    "properties": {
    "行政區":"松山區",
    "友善店家名稱":"一日樂食",
    "地址":"臺北市松山區南京東路四段133巷4弄5號1樓",
    "電話":"02-2545-5648",
    "簡介":"健康餐盒、輕食便當、外帶餐盒、少油少鹽、美味多種選擇",
    "英文友善":"1",
    "日文友善":"0",
    "韓文友善":"0",
    "行動裝置充電":"1",
    "無障礙友善":"0",
    "性別友善":"1",
    "便利支付":"0",
    "素食":"1",
    "友善廁所":"1",
    "公平貿易友善":"0",
    "Free WiFi":"1",
    "自行車友善":"0",
    "哺集乳友善":"0",
    "穆斯林友善":"0",
    "月經友善":"0",
    "友善項目總計":6
    }
  },
  {
    "type": "Feature",
    "geometry": {
       "type": "Point",
       "coordinates":  [ 121.556804,25.056256 ]
    },
    "properties": {
    "行政區":"松山區",
    "友善店家名稱":"子木咖啡",
    "地址":"臺北市松山區延壽街412號",
    "電話":"02-2713-4890/0910-383-681",
    "簡介":"民生社區的綠洲、父母的綠洲，我們是子木咖啡，打造親子友善空間，提供父母與孩子相處、吃喝玩樂的空間。沒有七彩繽紛的裝潢，但有濃厚的人情味；沒有波瀾壯闊的網美牆，但有小巧可愛的玩具間，不論是否有帶小孩，子木咖啡永遠都是讓您停下腳步來補充能量的好地方，我們不限時間，非常歡迎您來此與我們一起感受親子同樂的美好時光。",
    "英文友善":"1",
    "日文友善":"0",
    "韓文友善":"0",
    "行動裝置充電":"1",
    "無障礙友善":"0",
    "性別友善":"0",
    "便利支付":"0",
    "素食":"1",
    "友善廁所":"1",
    "公平貿易友善":"0",
    "Free WiFi":"1",
    "自行車友善":"0",
    "哺集乳友善":"0",
    "穆斯林友善":"0",
    "月經友善":"1",
    "友善項目總計":6
    }
  },
  {
    "type": "Feature",
    "geometry": {
       "type": "Point",
       "coordinates":  [ 121.546819,25.053858 ]
    },
    "properties": {
    "行政區":"松山區",
    "友善店家名稱":"Coco Brother 椰兄-南京店",
    "地址":"臺北市松山區南京東路三段303巷24號",
    "電話":"02-2762-8686/0988-389-057",
    "簡介":"海派泰式創意料理\n椰以道地泰式椰子冰淇淋起家,自東南亞引進正宗泰式料理,有別於過往以桌菜為主流的泰式料理餐廳,主打一個人也能享用的泰式定食及南洋鍋物獨創之打拋豬冰花煎餃,將泰式經典口味包入日系/中式煎餃,讓人耳目一新!品牌定位「海派泰式創意料理」,以「海派」一詞傳達椰兄欲傳達之品牌個性,也延續Coco h的命名緣起-不論東南亞還是台灣,朋友間稱兄道弟之親切熱情。同時隱含海洋之聯想,呼應店內營造之海邊椰林風情。品牌定位另求「創意料理」,強化特色及差異性,豎立創意泰式餐點鮮明旗幟。",
    "英文友善":"1",
    "日文友善":"0",
    "韓文友善":"0",
    "行動裝置充電":"0",
    "無障礙友善":"0",
    "性別友善":"1",
    "便利支付":"1",
    "素食":"0",
    "友善廁所":"1",
    "公平貿易友善":"0",
    "Free WiFi":"1",
    "自行車友善":"0",
    "哺集乳友善":"0",
    "穆斯林友善":"0",
    "月經友善":"0",
    "友善項目總計":5
    }
  },
  {
    "type": "Feature",
    "geometry": {
       "type": "Point",
       "coordinates":  [ 121.581198,25.049641 ]
    },
    "properties": {
    "行政區":"南港區",
    "友善店家名稱":"龍笛美學精品館",
    "地址":"臺北市南港區市民大道七段11號",
    "電話":"02-2783-3358/02-2783-6633",
    "簡介":"其蘊藏著豐富的中華文化內涵與東方優雅底蘊，設計手法融合了當代需求，為現代女性的智慧與氣質更添雍容以及自信美。",
    "英文友善":"1",
    "日文友善":"0",
    "韓文友善":"0",
    "行動裝置充電":"0",
    "無障礙友善":"0",
    "性別友善":"1",
    "便利支付":"1",
    "素食":"0",
    "友善廁所":"0",
    "公平貿易友善":"0",
    "Free WiFi":"0",
    "自行車友善":"0",
    "哺集乳友善":"0",
    "穆斯林友善":"0",
    "月經友善":"1",
    "友善項目總計":4
    }
  },
  {
    "type": "Feature",
    "geometry": {
       "type": "Point",
       "coordinates":  [ 121.607208,25.052669 ]
    },
    "properties": {
    "行政區":"南港區",
    "友善店家名稱":"茄子咖哩",
    "地址":"臺北市南港區忠孝東路7段369號9樓\n南港車站C棟",
    "電話":"02-2652-9388",
    "簡介":"茄子洋廚La Maison du Aubergine，由老闆旅居日本期間請益於日本正統歐風洋食料理主廚，自日本帶回正統的洋食做法，堅持花時間訓練專業廚師在臺灣的每一家分店，以較傳統耗工費時的手工方式，用心為每一位顧客精心製作每一份料理。如同藝術工匠，為了將作品表現得淋漓盡致、苛求作品完美的心態一般。也就是茄子的企業精神「究極」與「匠心」的意義。",
    "英文友善":"1",
    "日文友善":"0",
    "韓文友善":"0",
    "行動裝置充電":"0",
    "無障礙友善":"0",
    "性別友善":"1",
    "便利支付":"0",
    "素食":"0",
    "友善廁所":"1",
    "公平貿易友善":"0",
    "Free WiFi":"0",
    "自行車友善":"0",
    "哺集乳友善":"1",
    "穆斯林友善":"0",
    "月經友善":"0",
    "友善項目總計":4
    }
  },
  {
    "type": "Feature",
    "geometry": {
       "type": "Point",
       "coordinates":  [ 121.61408,25.059284 ]
    },
    "properties": {
    "行政區":"南港區",
    "友善店家名稱":"臺北馥華商旅南港館",
    "地址":"臺北市南港區三重路23號",
    "電話":"02-2785-2655/0970694050",
    "簡介":"座落於南港三重路上，南港經貿園區旁，南港展覽館步行約5分鐘，捷運南港軟體園區站步行約5分鐘，緊鄰環東快速道路、國道中山高、北二高交通便捷。典雅大方的設計、濃厚的異國風情，為南港經貿園區帶來優閒的浪漫氛圍。全館客房內均提供32吋液晶電視、免費寬頻有線無線上網、日本衛星收視頻道等，讓您的商務旅程資訊零時差。使用防燃建材及自動偵煙設備，讓每位住客都能安心享受高雅舒適的住宿環境大廳提供24小時電腦、網路、郵件收發、傳真，提供商務商旅最便利貼心的服務。",
    "英文友善":"1",
    "日文友善":"1",
    "韓文友善":"0",
    "行動裝置充電":"0",
    "無障礙友善":"1",
    "性別友善":"0",
    "便利支付":"0",
    "素食":"1",
    "友善廁所":"0",
    "公平貿易友善":"0",
    "Free WiFi":"1",
    "自行車友善":"0",
    "哺集乳友善":"1",
    "穆斯林友善":"1",
    "月經友善":"0",
    "友善項目總計":7
    }
  },
  {
    "type": "Feature",
    "geometry": {
       "type": "Point",
       "coordinates":  [ 121.593175,25.050073 ]
    },
    "properties": {
    "行政區":"南港區",
    "友善店家名稱":"鬍鬚張臺北昆陽店",
    "地址":"臺北市南港區忠孝東路六段422號",
    "電話":"02-2653-7151//總公司:02-2298-2185＃232(行企部劉副理)",
    "簡介":"「鬍鬚張魯肉飯」創立於1960年，秉持『傳統美食，追求幸福』的創業初衷，從路邊攤創起，以發揚台灣美食文化為職志，不斷的做中學，以品質、口味、服務、衛生為基礎，提供安全美味的產品，整潔親切的用餐環境與氛圍的餐廳。\n鬍鬚張以「誠信篤實」、「追求卓越」、「顧客滿意」、「永續成長」為經營理念，以「以人為本」、「人才培育」、「賞罰分明」、「成果分享」為管理原則，並致力於『將魯肉飯販賣到全世界都知道』的企業願景實踐。",
    "英文友善":"0",
    "日文友善":"0",
    "韓文友善":"0",
    "行動裝置充電":"0",
    "無障礙友善":"0",
    "性別友善":"1",
    "便利支付":"0",
    "素食":"0",
    "友善廁所":"1",
    "公平貿易友善":"0",
    "Free WiFi":"0",
    "自行車友善":"0",
    "哺集乳友善":"0",
    "穆斯林友善":"0",
    "月經友善":"0",
    "友善項目總計":2
    }
  },
  {
    "type": "Feature",
    "geometry": {
       "type": "Point",
       "coordinates":  [ 121.580884,25.045517 ]
    },
    "properties": {
    "行政區":"南港區",
    "友善店家名稱":"鬍鬚張臺北永吉店",
    "地址":"臺北市南港區永吉路533號",
    "電話":"02-2788-8081/總公司:02-2298-2185＃232(行企部劉副理)",
    "簡介":"「鬍鬚張魯肉飯」創立於1960年，秉持『傳統美食，追求幸福』的創業初衷，從路邊攤創起，以發揚台灣美食文化為職志，不斷的做中學，以品質、口味、服務、衛生為基礎，提供安全美味的產品，整潔親切的用餐環境與氛圍的餐廳。\n鬍鬚張以「誠信篤實」、「追求卓越」、「顧客滿意」、「永續成長」為經營理念，以「以人為本」、「人才培育」、「賞罰分明」、「成果分享」為管理原則，並致力於『將魯肉飯販賣到全世界都知道』的企業願景實踐。",
    "英文友善":"0",
    "日文友善":"0",
    "韓文友善":"0",
    "行動裝置充電":"0",
    "無障礙友善":"0",
    "性別友善":"1",
    "便利支付":"0",
    "素食":"0",
    "友善廁所":"1",
    "公平貿易友善":"0",
    "Free WiFi":"0",
    "自行車友善":"0",
    "哺集乳友善":"0",
    "穆斯林友善":"0",
    "月經友善":"0",
    "友善項目總計":2
    }
  },
  {
    "type": "Feature",
    "geometry": {
       "type": "Point",
       "coordinates":  [ 121.594067,25.048922 ]
    },
    "properties": {
    "行政區":"南港區",
    "友善店家名稱":"宝其咖啡工坊",
    "地址":"臺北市南港區昆陽街154號",
    "電話":"02-2654-6879",
    "簡介":"宝其咖啡，由一杯咖啡延伸出無限寬廣的世界。 \n\n人生下半場，就是要活出有質感的第二人生！宝其咖啡兩位女老闆，將人生上半場淬煉成平凡踏實的幸福呈現給大家。 \n從選豆、烘豆、沖煮、最後完成美味咖啡之終極解析。在生活步調快的臺北，用悠閒和綠意，療癒身心。從裡到外每個角落都佈置得精心別緻，來這裏，你可以擁有一整個下午的寧靜，享受精緻平凡的幸福。",
    "英文友善":"0",
    "日文友善":"0",
    "韓文友善":"0",
    "行動裝置充電":"0",
    "無障礙友善":"0",
    "性別友善":"1",
    "便利支付":"0",
    "素食":"0",
    "友善廁所":"0",
    "公平貿易友善":"0",
    "Free WiFi":"0",
    "自行車友善":"0",
    "哺集乳友善":"0",
    "穆斯林友善":"0",
    "月經友善":"0",
    "友善項目總計":1
    }
  },
  {
    "type": "Feature",
    "geometry": {
       "type": "Point",
       "coordinates":  [ 121.614481,25.063255 ]
    },
    "properties": {
    "行政區":"南港區",
    "友善店家名稱":"黑熊咖啡",
    "地址":"臺北市南港區重陽路561號",
    "電話":"02-26511664/0912-449-218",
    "簡介":"黑熊只挑選最佳品質與全台獨有特性的咖啡，直接將產區與消費者連結，提供最真實的資訊，並且用我們專業的態度，用心對待每一位客人，希望黑熊能成為溫暖大家的秘密基地，累的時候就來黑熊享受一杯好咖啡。而黑熊除了賣咖啡外，對食材也相當講究，甚至晚間會販售精緻鍋物，讓客人來到黑熊可以處處是驚喜，每次來都能有不一樣的體驗。",
    "英文友善":"0",
    "日文友善":"0",
    "韓文友善":"0",
    "行動裝置充電":"1",
    "無障礙友善":"0",
    "性別友善":"1",
    "便利支付":"0",
    "素食":"0",
    "友善廁所":"0",
    "公平貿易友善":"0",
    "Free WiFi":"1",
    "自行車友善":"0",
    "哺集乳友善":"0",
    "穆斯林友善":"0",
    "月經友善":"0",
    "友善項目總計":3
    }
  },
  {
    "type": "Feature",
    "geometry": {
       "type": "Point",
       "coordinates":  [ 121.613022,25.054606 ]
    },
    "properties": {
    "行政區":"南港區",
    "友善店家名稱":"幸福肥計劃咖啡店",
    "地址":"臺北市南港區南港路一段171巷16號",
    "電話":"02-27830602/0919-662-900",
    "簡介":"美味又漂亮的甜點,滿足每個人的心靈與胃",
    "英文友善":"1",
    "日文友善":"0",
    "韓文友善":"0",
    "行動裝置充電":"1",
    "無障礙友善":"0",
    "性別友善":"0",
    "便利支付":"1",
    "素食":"0",
    "友善廁所":"0",
    "公平貿易友善":"0",
    "Free WiFi":"1",
    "自行車友善":"0",
    "哺集乳友善":"0",
    "穆斯林友善":"0",
    "月經友善":"1",
    "友善項目總計":5
    }
  },
  {
    "type": "Feature",
    "geometry": {
       "type": "Point",
       "coordinates":  [ 121.607964,25.054461 ]
    },
    "properties": {
    "行政區":"南港區",
    "友善店家名稱":"義薩格 義法小酒館",
    "地址":"臺北市南港區南港路一段295號",
    "電話":"02-27833838/0905-061-238",
    "簡介":"本地農漁戶用心栽培的食材",
    "英文友善":"1",
    "日文友善":"0",
    "韓文友善":"0",
    "行動裝置充電":"1",
    "無障礙友善":"0",
    "性別友善":"1",
    "便利支付":"0",
    "素食":"0",
    "友善廁所":"0",
    "公平貿易友善":"0",
    "Free WiFi":"1",
    "自行車友善":"0",
    "哺集乳友善":"0",
    "穆斯林友善":"0",
    "月經友善":"0",
    "友善項目總計":4
    }
  },
  {
    "type": "Feature",
    "geometry": {
       "type": "Point",
       "coordinates":  [ 121.607496,25.052571 ]
    },
    "properties": {
    "行政區":"南港區",
    "友善店家名稱":"YAYOI彌生軒 南港車站店",
    "地址":"臺北市南港區忠孝東路七段371號B1樓",
    "電話":"02-2786-3298",
    "簡介":"一飯、一湯，加上主菜和副菜的組合，在日本稱為定食。\n從家庭飲食而生，長久以來匯融著不同國家飲食精髓，與日常生活一同演變，發展至今。\n我們認為定食，正是日本「真正的飲食」：剛出鍋的熱騰騰白飯、搭配各類菜餚，自然而然地達到營養均衡；使用當季食材、感受不同時節的美味。\n\n\n一道道料理皆用心以對，充滿日本特有的細緻堅持──歡迎來到定食的世界，YAYOI彌生軒。",
    "英文友善":"1",
    "日文友善":"1",
    "韓文友善":"0",
    "行動裝置充電":"0",
    "無障礙友善":"0",
    "性別友善":"0",
    "便利支付":"0",
    "素食":"0",
    "友善廁所":"0",
    "公平貿易友善":"0",
    "Free WiFi":"0",
    "自行車友善":"0",
    "哺集乳友善":"0",
    "穆斯林友善":"0",
    "月經友善":"0",
    "友善項目總計":2
    }
  },
  {
    "type": "Feature",
    "geometry": {
       "type": "Point",
       "coordinates":  [ 121.506962,25.135999 ]
    },
    "properties": {
    "行政區":"北投區",
    "友善店家名稱":"日勝生加賀屋國際溫泉飯店股份有限公司",
    "地址":"臺北市北投區光明路236號",
    "電話":"02-2891-1111/02-2898-5555*6706(黃小姐)",
    "簡介":"全館以日本建築技法雕琢，以日本能登三大工藝品-九谷燒、輪島塗、金箔，呈現日式典雅之美，讓所有賓客感受前所未有的和風體驗。",
    "英文友善":"1",
    "日文友善":"1",
    "韓文友善":"0",
    "行動裝置充電":"1",
    "無障礙友善":"1",
    "性別友善":"0",
    "便利支付":"1",
    "素食":"0",
    "友善廁所":"1",
    "公平貿易友善":"0",
    "Free WiFi":"1",
    "自行車友善":"0",
    "哺集乳友善":"1",
    "穆斯林友善":"0",
    "月經友善":"0",
    "友善項目總計":8
    }
  },
  {
    "type": "Feature",
    "geometry": {
       "type": "Point",
       "coordinates":  [ 121.505039,25.136177 ]
    },
    "properties": {
    "行政區":"北投區",
    "友善店家名稱":"水美溫泉會館",
    "地址":"臺北市北投區光明路224號",
    "電話":"02-2898-3838",
    "簡介":"水美溫泉會館座落在北投公園旁，為新概念身心靈溫泉SPA空間；坐擁扶疏草木入懷，白磺暖泉拂去您一身疲憊",
    "英文友善":"1",
    "日文友善":"1",
    "韓文友善":"0",
    "行動裝置充電":"1",
    "無障礙友善":"1",
    "性別友善":"1",
    "便利支付":"1",
    "素食":"1",
    "友善廁所":"0",
    "公平貿易友善":"0",
    "Free WiFi":"1",
    "自行車友善":"0",
    "哺集乳友善":"0",
    "穆斯林友善":"0",
    "月經友善":"0",
    "友善項目總計":8
    }
  },
  {
    "type": "Feature",
    "geometry": {
       "type": "Point",
       "coordinates":  [ 121.511042,25.136952 ]
    },
    "properties": {
    "行政區":"北投區",
    "友善店家名稱":"水都溫泉會館",
    "地址":"臺北市北投區光明路283號",
    "電話":"02-2897-9060",
    "簡介":"水都溫泉會館獨特調配超濃優質硫磺泉，屬偏酸性的特殊泉質，富含多種微量元素，宛如死海般的礦物保養，提供最極致的美體享受。",
    "英文友善":"1",
    "日文友善":"1",
    "韓文友善":"0",
    "行動裝置充電":"0",
    "無障礙友善":"0",
    "性別友善":"1",
    "便利支付":"1",
    "素食":"0",
    "友善廁所":"0",
    "公平貿易友善":"0",
    "Free WiFi":"1",
    "自行車友善":"0",
    "哺集乳友善":"0",
    "穆斯林友善":"0",
    "月經友善":"0",
    "友善項目總計":5
    }
  },
  {
    "type": "Feature",
    "geometry": {
       "type": "Point",
       "coordinates":  [ 121.503705,25.137585 ]
    },
    "properties": {
    "行政區":"北投區",
    "友善店家名稱":"北投老爺酒店",
    "地址":"臺北市北投區中和街2號",
    "電話":"02-2896-9777",
    "簡介":"緊鄰陽明山國家公園及關渡自然生態園區，擁有遠離塵囂的靜謐與優雅環境，離塵不離城的地理位置，為旅人的假期增添豐富多樣的可能。",
    "英文友善":"1",
    "日文友善":"1",
    "韓文友善":"0",
    "行動裝置充電":"1",
    "無障礙友善":"1",
    "性別友善":"1",
    "便利支付":"1",
    "素食":"1",
    "友善廁所":"1",
    "公平貿易友善":"0",
    "Free WiFi":"1",
    "自行車友善":"0",
    "哺集乳友善":"1",
    "穆斯林友善":"1",
    "月經友善":"0",
    "友善項目總計":11
    }
  },
  {
    "type": "Feature",
    "geometry": {
       "type": "Point",
       "coordinates":  [ 121.509367,25.136783 ]
    },
    "properties": {
    "行政區":"北投區",
    "友善店家名稱":"北投熱海溫泉大飯店",
    "地址":"臺北市北投區光明路258號",
    "電話":"02-2891-5161",
    "簡介":"讓溫泉、美食釋放旅途中的疲憊，為身、心、靈帶來最輕盈舒爽的感受，留下最甜美的回憶。",
    "英文友善":"1",
    "日文友善":"1",
    "韓文友善":"0",
    "行動裝置充電":"1",
    "無障礙友善":"1",
    "性別友善":"1",
    "便利支付":"1",
    "素食":"1",
    "友善廁所":"0",
    "公平貿易友善":"0",
    "Free WiFi":"1",
    "自行車友善":"0",
    "哺集乳友善":"0",
    "穆斯林友善":"1",
    "月經友善":"0",
    "友善項目總計":9
    }
  },
  {
    "type": "Feature",
    "geometry": {
       "type": "Point",
       "coordinates":  [ 121.515103,25.137568 ]
    },
    "properties": {
    "行政區":"北投區",
    "友善店家名稱":"北投麗禧溫泉酒店",
    "地址":"臺北市北投區幽雅路30號",
    "電話":"02-2898-8888",
    "簡介":"北投麗禧溫泉酒店，通過「友善穆斯林」國際認證的旅店，從餐點住宿全面提供符合穆斯林標準的服務，提供國際旅客最友善服務。",
    "英文友善":"1",
    "日文友善":"1",
    "韓文友善":"1",
    "行動裝置充電":"0",
    "無障礙友善":"1",
    "性別友善":"0",
    "便利支付":"1",
    "素食":"1",
    "友善廁所":"0",
    "公平貿易友善":"0",
    "Free WiFi":"1",
    "自行車友善":"0",
    "哺集乳友善":"1",
    "穆斯林友善":"1",
    "月經友善":"0",
    "友善項目總計":9
    }
  },
  {
    "type": "Feature",
    "geometry": {
       "type": "Point",
       "coordinates":  [ 121.51352,25.136953 ]
    },
    "properties": {
    "行政區":"北投區",
    "友善店家名稱":"倆人旅店(立德北投溫泉飯店)",
    "地址":"臺北市北投區幽雅路11號",
    "電話":"02-2897-3611",
    "簡介":"強調以鮮明色彩帶動品味、簡約中流露浪漫氛圍，盡情感受每一層樓色彩美學的神奇力量，全然享受「倆人世界」的幸福天地。",
    "英文友善":"1",
    "日文友善":"0",
    "韓文友善":"0",
    "行動裝置充電":"1",
    "無障礙友善":"0",
    "性別友善":"1",
    "便利支付":"1",
    "素食":"1",
    "友善廁所":"1",
    "公平貿易友善":"0",
    "Free WiFi":"1",
    "自行車友善":"0",
    "哺集乳友善":"1",
    "穆斯林友善":"0",
    "月經友善":"0",
    "友善項目總計":8
    }
  },
  {
    "type": "Feature",
    "geometry": {
       "type": "Point",
       "coordinates":  [ 121.505988,25.135871 ]
    },
    "properties": {
    "行政區":"北投區",
    "友善店家名稱":"嘉賓閣溫泉會館",
    "地址":"臺北市北投區光明路230號",
    "電話":"02-2893-0055",
    "簡介":"提供舒適且具有時尚感的休閒渡假空間，讓每位路過的旅人都想流連駐足！ 舒適的空間讓人忘卻一切的疲憊，享受身心的舒緩。",
    "英文友善":"1",
    "日文友善":"0",
    "韓文友善":"0",
    "行動裝置充電":"0",
    "無障礙友善":"0",
    "性別友善":"1",
    "便利支付":"1",
    "素食":"0",
    "友善廁所":"0",
    "公平貿易友善":"0",
    "Free WiFi":"1",
    "自行車友善":"0",
    "哺集乳友善":"0",
    "穆斯林友善":"0",
    "月經友善":"0",
    "友善項目總計":4
    }
  },
  {
    "type": "Feature",
    "geometry": {
       "type": "Point",
       "coordinates":  [ 121.509653,25.116336 ]
    },
    "properties": {
    "行政區":"北投區",
    "友善店家名稱":"臺北市北投運動中心",
    "地址":"臺北市北投區石牌路一段39巷100號",
    "電話":"02-2820-2880",
    "簡介":"提供民眾運動場所，並以北投區花櫻花樹為概念，塑造一個公共藝術造型，期盼成為民眾的許願樹，豐富的文化意涵。",
    "英文友善":"1",
    "日文友善":"0",
    "韓文友善":"0",
    "行動裝置充電":"0",
    "無障礙友善":"1",
    "性別友善":"0",
    "便利支付":"1",
    "素食":"0",
    "友善廁所":"1",
    "公平貿易友善":"0",
    "Free WiFi":"0",
    "自行車友善":"0",
    "哺集乳友善":"1",
    "穆斯林友善":"0",
    "月經友善":"0",
    "友善項目總計":5
    }
  },
  {
    "type": "Feature",
    "geometry": {
       "type": "Point",
       "coordinates":  [ 121.505176,25.137029 ]
    },
    "properties": {
    "行政區":"北投區",
    "友善店家名稱":"北投南豐天玥泉會館",
    "地址":"臺北市北投區中山路3號",
    "電話":"02-2898-8661",
    "簡介":"北投南豐天玥泉溫泉會館，座落於臺北市近郊的新北投溫泉區，距離捷運新北投站僅需要三分鐘的步行距離。\n會館與濃密綠蔭的百年北投公園優雅相對望，悠閒漫步其中自然芬多精環繞四周，大口深呼吸徹底釋放壓力。以自然原味貫穿全館空間怡然自得，置身其中猶見光影交錯的品味之景，全新雅緻的客房，寬敞豪氣的百坪大眾池及隱秘舒適的雙人湯屋讓身心靈得到完全的解放。\n悠閒享受泡湯之餘，在舒適的用餐空間享用由菁英廚師團隊獻上的各式創意料理，或搭配天玥泉手作坊每日限量出爐的精緻法式糕點和歐風麵包，一場視覺與味覺的雙重饗宴隆重登場。\n為了提供貴賓全方位的服務，會館耗資數千萬打造影音俱全宴會廳，多功能會議廳及專屬用餐包廂，適合各式宴席與會議。\n您絕對不可錯過視，聽，觸，嗅，味的五感體驗，讓五感的滿足換來一場非凡的悠閒之旅",
    "英文友善":"1",
    "日文友善":"1",
    "韓文友善":"0",
    "行動裝置充電":"1",
    "無障礙友善":"1",
    "性別友善":"1",
    "便利支付":"1",
    "素食":"1",
    "友善廁所":"1",
    "公平貿易友善":"0",
    "Free WiFi":"1",
    "自行車友善":"0",
    "哺集乳友善":"1",
    "穆斯林友善":"0",
    "月經友善":"0",
    "友善項目總計":10
    }
  },
  {
    "type": "Feature",
    "geometry": {
       "type": "Point",
       "coordinates":  [ 121.519166,25.119181 ]
    },
    "properties": {
    "行政區":"北投區",
    "友善店家名稱":"義美見學餐廳",
    "地址":"臺北市北投區石牌路二段201號",
    "電話":"02-2871-1688",
    "簡介":"「義美見學餐廳」貫徹義美老董事長的理念，堅持義美食安精神，食材皆]經過嚴格把關，相信老實做菜、誠心邀請，人們彼此會產生信印，也能吃的安心、幸福。",
    "英文友善":"1",
    "日文友善":"0",
    "韓文友善":"0",
    "行動裝置充電":"1",
    "無障礙友善":"1",
    "性別友善":"0",
    "便利支付":"1",
    "素食":"1",
    "友善廁所":"1",
    "公平貿易友善":"0",
    "Free WiFi":"1",
    "自行車友善":"0",
    "哺集乳友善":"0",
    "穆斯林友善":"0",
    "月經友善":"0",
    "友善項目總計":7
    }
  },
  {
    "type": "Feature",
    "geometry": {
       "type": "Point",
       "coordinates":  [ 121.519166,25.119181 ]
    },
    "properties": {
    "行政區":"北投區",
    "友善店家名稱":"摩斯漢堡",
    "地址":"臺北市北投區石牌路二段201號",
    "電話":"02-2871-0185",
    "簡介":"MOS自1972年創業開始，以提供真誠的服務與美味的餐點為基本理念，一本東方「食的文化」及「醫食同源」的概念，堅持開發並提供對健康有益的新餐點，我們選擇真材實料且對身體有益的新高品質食材，獨具東方口味。我們更堅持好味道就是冷熱相宜，熱的熱呼呼、冷的冰冰涼；熱呼呼的美味必須現點現做，我們大部分的餐點均在顧客點餐後，一個個現做，熱騰騰地呈現，滿足對味蕾的感受要求。",
    "英文友善":"1",
    "日文友善":"1",
    "韓文友善":"0",
    "行動裝置充電":"1",
    "無障礙友善":"1",
    "性別友善":"0",
    "便利支付":"0",
    "素食":"1",
    "友善廁所":"1",
    "公平貿易友善":"0",
    "Free WiFi":"1",
    "自行車友善":"0",
    "哺集乳友善":"0",
    "穆斯林友善":"0",
    "月經友善":"0",
    "友善項目總計":7
    }
  },
  {
    "type": "Feature",
    "geometry": {
       "type": "Point",
       "coordinates":  [ 121.519166,25.119181 ]
    },
    "properties": {
    "行政區":"北投區",
    "友善店家名稱":"洪祖師擔仔麵",
    "地址":"臺北市北投區石牌路二段201號",
    "電話":"02-2871-2121",
    "簡介":"西元1895年洪芋頭公於府城五條港水仙宮廟前，開始設攤賣擔仔麵，取名「度小月」，係全台歷史最悠久的擔仔麵攤，因其獨來特之肉燥配方風味絕佳，遂成聞名全國之百年老店，而洪芋頭公亦成為「台灣擔仔麵的祖師」，此乃「洪祖師擔仔麵」之由來。",
    "英文友善":"1",
    "日文友善":"0",
    "韓文友善":"0",
    "行動裝置充電":"1",
    "無障礙友善":"1",
    "性別友善":"0",
    "便利支付":"1",
    "素食":"1",
    "友善廁所":"1",
    "公平貿易友善":"0",
    "Free WiFi":"1",
    "自行車友善":"0",
    "哺集乳友善":"0",
    "穆斯林友善":"0",
    "月經友善":"0",
    "友善項目總計":7
    }
  },
  {
    "type": "Feature",
    "geometry": {
       "type": "Point",
       "coordinates":  [ 121.519166,25.119181 ]
    },
    "properties": {
    "行政區":"北投區",
    "友善店家名稱":"皇家傳承牛肉麵",
    "地址":"臺北市北投區石牌路二段201號",
    "電話":"02-2828-2806",
    "簡介":"皇家傳承位於板橋已有二十年的歷史，食材選用台灣本地新鮮牛肉，紐澳嚴選牛肉，新鮮帶骨現炸豬排以及新鮮足八兩重現炸雞腿，讓平民小吃—牛肉麵、排骨麵（飯）、雞腿麵（飯），也能有不同的享受，不僅取材新鮮，湯頭更是古法熬製，並講求健康，不添加味精及人工香料，每一道看似平凡的大眾化小吃，也能在火侯、調味、時間掌控上下足功夫，在經營上更是本著客人至上的原則，把愛心、耐心、細心融入每一道料理，也堅持新鮮健康無味精無負擔，讓每一位饕客體會到家的溫暖，有如自家餐廳般的自在享受。",
    "英文友善":"1",
    "日文友善":"0",
    "韓文友善":"0",
    "行動裝置充電":"1",
    "無障礙友善":"1",
    "性別友善":"0",
    "便利支付":"1",
    "素食":"1",
    "友善廁所":"1",
    "公平貿易友善":"0",
    "Free WiFi":"1",
    "自行車友善":"0",
    "哺集乳友善":"0",
    "穆斯林友善":"0",
    "月經友善":"0",
    "友善項目總計":7
    }
  },
  {
    "type": "Feature",
    "geometry": {
       "type": "Point",
       "coordinates":  [ 121.519166,25.119181 ]
    },
    "properties": {
    "行政區":"北投區",
    "友善店家名稱":"明德素食園",
    "地址":"臺北市北投區石牌路二段201號",
    "電話":"02-2873-9465",
    "簡介":"明德素食園，是由一群愛好素食夥伴所組成的團隊，20多年來一直秉持著“推廣健康素食”為經營的信念。讓素食文化普使原本吃葷食的朋友更喜歡吃素。店內提供簡明流暢、清雅幽靜的美饌空間，讓每一位用餐的朋友在舒適的環境下，享受美食餐點。\n所採購的食品都有嚴格的把關，引進的食材保證不含動物性成份。為確保每一位消費者的健康，食材大量採用天然新鮮蔬果製作，提供純天然無蛋、酒及人工添加物的素食料理，希望將最完美的素食佳餚，呈現給大家與大眾結緣。明德素食園在未來會加強素食食材的研發，提昇更好的服務品質，滿足所有消費者，讓素食文化可以長久的推廣下去，讓更多人可以了解吃素的好處也是明德的目標。",
    "英文友善":"1",
    "日文友善":"0",
    "韓文友善":"0",
    "行動裝置充電":"1",
    "無障礙友善":"1",
    "性別友善":"0",
    "便利支付":"1",
    "素食":"1",
    "友善廁所":"1",
    "公平貿易友善":"0",
    "Free WiFi":"1",
    "自行車友善":"0",
    "哺集乳友善":"0",
    "穆斯林友善":"0",
    "月經友善":"0",
    "友善項目總計":7
    }
  },
  {
    "type": "Feature",
    "geometry": {
       "type": "Point",
       "coordinates":  [ 121.519166,25.119181 ]
    },
    "properties": {
    "行政區":"北投區",
    "友善店家名稱":"全家便利商店",
    "地址":"臺北市北投區石牌路二段201號",
    "電話":"02-7746-4138",
    "簡介":"台灣全家便利商店成立於1988年8月，為日本伊藤忠商社企業集團、日本Famiy Mart株式會社、及國內著名大企業共同合資經營。2002年股票上櫃；目前台灣全家便利商店總店數佔全球第二位，僅次於日本。目前國內店數3,049店，全球總店數近24,379店（105/11/30止）。\n全家便利商店秉持創新精神，多次成功導入創新服務，不僅開闢藍海市場，同時帶來更貼近顧客的新服務。如1998年領先推出臺北市路邊停車費代收服務，開闢便利商店代收的新服務領域：2002年，開發便利年菜預購模式，再度開啟全新的商業模式",
    "英文友善":"1",
    "日文友善":"0",
    "韓文友善":"0",
    "行動裝置充電":"1",
    "無障礙友善":"1",
    "性別友善":"0",
    "便利支付":"1",
    "素食":"1",
    "友善廁所":"1",
    "公平貿易友善":"0",
    "Free WiFi":"1",
    "自行車友善":"0",
    "哺集乳友善":"0",
    "穆斯林友善":"0",
    "月經友善":"0",
    "友善項目總計":7
    }
  },
  {
    "type": "Feature",
    "geometry": {
       "type": "Point",
       "coordinates":  [ 121.519166,25.119181 ]
    },
    "properties": {
    "行政區":"北投區",
    "友善店家名稱":"健康生活館",
    "地址":"臺北市北投區石牌路二段201號",
    "電話":"02-2871-1688",
    "簡介":"健康生活館位於臺北榮總生活廣場，是一間複合式的商店，由數個品牌結合而成，提供了多種類的商品以供住院病患生活所需，旗下廠商如下：\n1. 三花生活館\n2. 乳油木之家\n3. 私房小廚\n4. 富足康鞋墊\n5. 玉瑪服飾\n6. 又莉服飾\n7. A. MOUR 經典手工鞋\n8. 新加坡琉元堂\n9. 美食家。",
    "英文友善":"1",
    "日文友善":"0",
    "韓文友善":"0",
    "行動裝置充電":"1",
    "無障礙友善":"1",
    "性別友善":"1",
    "便利支付":"1",
    "素食":"1",
    "友善廁所":"1",
    "公平貿易友善":"0",
    "Free WiFi":"1",
    "自行車友善":"0",
    "哺集乳友善":"0",
    "穆斯林友善":"0",
    "月經友善":"0",
    "友善項目總計":8
    }
  },
  {
    "type": "Feature",
    "geometry": {
       "type": "Point",
       "coordinates":  [ 121.519166,25.119181 ]
    },
    "properties": {
    "行政區":"北投區",
    "友善店家名稱":"義美商店",
    "地址":"臺北市北投區石牌路二段201號",
    "電話":"02-2874-8849",
    "簡介":"義美食品公司創立於1934年(日治時代，蔣渭水醫生於太平町創立大安醫院舊址，即為義美食品公司創業所在地)，目前義美食品公司總部位於臺北市信義路二段88號。\n\n義美從日治時代臺北市太平町一家小糕餅店，迄今為國際知名的食品企業。多年來，以實實在在的態度，真材實料的把食品做好，得到顧客的迴響，產品遍布世界各地，陪著台灣人度過人生中重要的里程。\n義美食品公司從創立以來，即堅持「產品品質與安全」的重要性，堅持五大把關原則「查核原料來源」、「審視原料價格」、「參考客戶名單」「深化檢驗能力」、「用心落實驗收」，並對原物料之檢核使用、產品製程管制、成品出廠及配送各層面，確實為消費者健康層層把關。",
    "英文友善":"1",
    "日文友善":"0",
    "韓文友善":"0",
    "行動裝置充電":"1",
    "無障礙友善":"1",
    "性別友善":"0",
    "便利支付":"1",
    "素食":"1",
    "友善廁所":"1",
    "公平貿易友善":"0",
    "Free WiFi":"1",
    "自行車友善":"0",
    "哺集乳友善":"0",
    "穆斯林友善":"0",
    "月經友善":"0",
    "友善項目總計":7
    }
  },
  {
    "type": "Feature",
    "geometry": {
       "type": "Point",
       "coordinates":  [ 121.519166,25.119181 ]
    },
    "properties": {
    "行政區":"北投區",
    "友善店家名稱":"十勝石燒",
    "地址":"臺北市北投區石牌路二段201號",
    "電話":"02-2871-1688",
    "簡介":"「十勝石燒」以新鮮的道地臺灣食材及傳統的烹飪手法，傳承著三十年代臺灣人的傳統美食，以臺灣黑毛豬扎實的後腿肉並以紅鞠醃漬入味，高溫逼油後口感呈現多層次軟Q，是老饕最愛的午餐首選。",
    "英文友善":"1",
    "日文友善":"0",
    "韓文友善":"0",
    "行動裝置充電":"1",
    "無障礙友善":"1",
    "性別友善":"0",
    "便利支付":"1",
    "素食":"1",
    "友善廁所":"1",
    "公平貿易友善":"0",
    "Free WiFi":"1",
    "自行車友善":"0",
    "哺集乳友善":"0",
    "穆斯林友善":"0",
    "月經友善":"0",
    "友善項目總計":7
    }
  },
  {
    "type": "Feature",
    "geometry": {
       "type": "Point",
       "coordinates":  [ 121.519166,25.119181 ]
    },
    "properties": {
    "行政區":"北投區",
    "友善店家名稱":"COMEBUY",
    "地址":"臺北市北投區石牌路二段201號",
    "電話":"02-2871-1688",
    "簡介":"COMEBUY創立於2002年，企業版圖橫跨全球四大洲11個國家，秉持用心、專心、開心與貼心的態度現做每一杯飲品，連續數年獲得台灣觀光局指定代表台灣於海外推廣觀光，並於每年屢屢獲得獎項與肯定。\nCOMEBUY 不斷超越自己，持續突破創新，領先使用義式粹茶機，萃取原葉茶湯，傳遞新鮮品質，開發與提供與眾不同的選擇與驚喜。並於2016年開創COMEBUYTEA旗艦門市，創新的獨家混搖飲品顛覆人們對於手搖杯茶飲的印象，受到中外消費者的廣大迴響。\nCOMEBUY堅持茶飲專業，是台灣第一家認養有機茶園，並與台灣最專業茶葉師傅合作，每一杯飲品皆是堅持現做，不預先大量沖泡，讓消費者感受茶葉完美風味。\nCOMEBUY嚴格把關食品安全，飲品與包材皆通過SGS與杜夫萊茵檢測，是全球第一家設立安全實驗室之手搖杯飲品牌；從原料供應到產品製程，落實自主檢測，食安規格高於其他餐飲上市公司。",
    "英文友善":"1",
    "日文友善":"0",
    "韓文友善":"0",
    "行動裝置充電":"1",
    "無障礙友善":"1",
    "性別友善":"0",
    "便利支付":"1",
    "素食":"1",
    "友善廁所":"1",
    "公平貿易友善":"0",
    "Free WiFi":"1",
    "自行車友善":"0",
    "哺集乳友善":"0",
    "穆斯林友善":"0",
    "月經友善":"0",
    "友善項目總計":7
    }
  },
  {
    "type": "Feature",
    "geometry": {
       "type": "Point",
       "coordinates":  [ 121.519166,25.119181 ]
    },
    "properties": {
    "行政區":"北投區",
    "友善店家名稱":"紅豆食府",
    "地址":"臺北市北投區石牌路二段201號",
    "電話":"02-2871-3068",
    "簡介":"「紅豆食府」自1999年成立，堅持以細選食材、精緻口感，呈現道地美味的上海佳餚。旗下五間分店皆位於台灣最熱鬧的繁華商圈，室內設計重新詮釋新中國風格，採用東西合璧與現代美學元素，完善的空間規劃與多元的包廂選擇，提供顧客舒適典雅的用餐環境。\n「紅豆食府」更榮獲臺北市政府頒發臺北食尚好餐廳金饌店家，以及臺北優質餐廳等饕客的上海料理首選殊榮，是台灣饕客的上海料理首選。",
    "英文友善":"1",
    "日文友善":"0",
    "韓文友善":"0",
    "行動裝置充電":"1",
    "無障礙友善":"1",
    "性別友善":"0",
    "便利支付":"1",
    "素食":"1",
    "友善廁所":"1",
    "公平貿易友善":"0",
    "Free WiFi":"1",
    "自行車友善":"0",
    "哺集乳友善":"0",
    "穆斯林友善":"0",
    "月經友善":"0",
    "友善項目總計":7
    }
  },
  {
    "type": "Feature",
    "geometry": {
       "type": "Point",
       "coordinates":  [ 121.519166,25.119181 ]
    },
    "properties": {
    "行政區":"北投區",
    "友善店家名稱":"杏一藥局",
    "地址":"臺北市北投區石牌路二段201號",
    "電話":"02-2875-1289",
    "簡介":"杏一醫療用品股份有限公司創立自西元1990年12月4日，是全國第一家由專業醫護團隊領軍的醫療用品連鎖服務機構，並於2014年成為國內第一家上櫃的醫療用品零售通路公司。目前全台超過200家直營門市及複合式商場，提供超過三萬種品項的醫療器材用品與居家保健商品，以直營及專業護理人員現場服務模式提供給課務最佳服務品質。",
    "英文友善":"1",
    "日文友善":"0",
    "韓文友善":"0",
    "行動裝置充電":"1",
    "無障礙友善":"1",
    "性別友善":"0",
    "便利支付":"1",
    "素食":"1",
    "友善廁所":"1",
    "公平貿易友善":"0",
    "Free WiFi":"1",
    "自行車友善":"0",
    "哺集乳友善":"0",
    "穆斯林友善":"0",
    "月經友善":"0",
    "友善項目總計":7
    }
  },
  {
    "type": "Feature",
    "geometry": {
       "type": "Point",
       "coordinates":  [ 121.519166,25.119181 ]
    },
    "properties": {
    "行政區":"北投區",
    "友善店家名稱":"小南門",
    "地址":"臺北市北投區石牌路二段201號",
    "電話":"02-2875-1220",
    "簡介":"小南門傳統豆花創立於民國85年，目前多於百貨公司及醫院之美食賣場以專櫃型態經營，100年並開始經營獨立店面，多年來堅持循古法純手工精製，口感獨特，入口即化之傳統豆花，在各大賣場屢創高營業額之佳績，現除維持豆花之傳統外，另91年起陸續推出「小南門傳統美食，「小南門點心世界」二品牌因口味傳統道地，皆深獲消費者好評。",
    "英文友善":"1",
    "日文友善":"0",
    "韓文友善":"0",
    "行動裝置充電":"1",
    "無障礙友善":"1",
    "性別友善":"1",
    "便利支付":"1",
    "素食":"1",
    "友善廁所":"1",
    "公平貿易友善":"0",
    "Free WiFi":"1",
    "自行車友善":"0",
    "哺集乳友善":"0",
    "穆斯林友善":"0",
    "月經友善":"0",
    "友善項目總計":8
    }
  },
  {
    "type": "Feature",
    "geometry": {
       "type": "Point",
       "coordinates":  [ 121.519166,25.119181 ]
    },
    "properties": {
    "行政區":"北投區",
    "友善店家名稱":"星巴克榮總門市",
    "地址":"臺北市北投區石牌路二段201號",
    "電話":"02-2874-6213",
    "簡介":"1971年星巴克創立於美國西雅圖派克市場，1987年霍華‧舒茲（星巴克主席、總裁暨行政總裁）在當地投資者的協助下買下星巴克，同年在加拿大溫哥華開拓門市，為首次進軍國際市場。今日星巴克門市遍佈全球，已是全世界最主要的咖啡烘焙與零售業者，霍華·蕭茲先生經營咖啡事業著重在人文特質與品質堅持，強調尊重顧客與員工，並堅持採購全球最好的咖啡豆烘焙製作，提供消費者最佳的咖啡産品與最舒適的消費場所，經營Starbucks Coffee成為當今全球精品咖啡領導品牌，備受國際學者專家推崇，譽為「咖啡王國傳奇」。",
    "英文友善":"1",
    "日文友善":"0",
    "韓文友善":"0",
    "行動裝置充電":"1",
    "無障礙友善":"1",
    "性別友善":"0",
    "便利支付":"1",
    "素食":"1",
    "友善廁所":"1",
    "公平貿易友善":"0",
    "Free WiFi":"1",
    "自行車友善":"0",
    "哺集乳友善":"0",
    "穆斯林友善":"0",
    "月經友善":"0",
    "友善項目總計":7
    }
  },
  {
    "type": "Feature",
    "geometry": {
       "type": "Point",
       "coordinates":  [ 121.519166,25.119181 ]
    },
    "properties": {
    "行政區":"北投區",
    "友善店家名稱":"米哥烘培坊",
    "地址":"臺北市北投區石牌路二段201號",
    "電話":"02-2898-2258",
    "簡介":"米哥烘焙坊是一間穩定成長之烘焙連鎖店。自1995年6月士林大東店開幕以來，目前有17家分店。公司穩定成長，並擁有實力堅強的烘焙技術團隊，長時間與日本合作技術交流，以優質的產品提供消費者，為公司奠定紮實的基礎。",
    "英文友善":"1",
    "日文友善":"0",
    "韓文友善":"0",
    "行動裝置充電":"1",
    "無障礙友善":"1",
    "性別友善":"0",
    "便利支付":"1",
    "素食":"1",
    "友善廁所":"1",
    "公平貿易友善":"0",
    "Free WiFi":"1",
    "自行車友善":"0",
    "哺集乳友善":"0",
    "穆斯林友善":"0",
    "月經友善":"0",
    "友善項目總計":7
    }
  },
  {
    "type": "Feature",
    "geometry": {
       "type": "Point",
       "coordinates":  [ 121.519166,25.119181 ]
    },
    "properties": {
    "行政區":"北投區",
    "友善店家名稱":"義美吉盛生活廣場",
    "地址":"臺北市北投區石牌路二段201號",
    "電話":"02-2871-1688/0936713608",
    "簡介":"義美吉盛為臺北榮總醫院美食街管理者，服務臺配有服務人員可以協助商場顧客、並且有24小時保全輪流站哨，商場顧客若有任何需求需要協助皆可至服務台尋求幫助。",
    "英文友善":"1",
    "日文友善":"0",
    "韓文友善":"0",
    "行動裝置充電":"1",
    "無障礙友善":"1",
    "性別友善":"1",
    "便利支付":"1",
    "素食":"1",
    "友善廁所":"1",
    "公平貿易友善":"0",
    "Free WiFi":"1",
    "自行車友善":"0",
    "哺集乳友善":"0",
    "穆斯林友善":"0",
    "月經友善":"1",
    "友善項目總計":9
    }
  },
  {
    "type": "Feature",
    "geometry": {
       "type": "Point",
       "coordinates":  [ 121.503874,25.136044 ]
    },
    "properties": {
    "行政區":"北投區",
    "友善店家名稱":"鬍鬚張北投光明店",
    "地址":"臺北市北投區光明路210號",
    "電話":"02-2893-0717/總公司:02-2298-2185＃232(行企部劉副理)",
    "簡介":"「鬍鬚張魯肉飯」創立於1960年，秉持『傳統美食，追求幸福』的創業初衷，從路邊攤創起，以發揚台灣美食文化為職志，不斷的做中學，以品質、口味、服務、衛生為基礎，提供安全美味的產品，整潔親切的用餐環境與氛圍的餐廳。\n鬍鬚張以「誠信篤實」、「追求卓越」、「顧客滿意」、「永續成長」為經營理念，以「以人為本」、「人才培育」、「賞罰分明」、「成果分享」為管理原則，並致力於『將魯肉飯販賣到全世界都知道』的企業願景實踐。",
    "英文友善":"0",
    "日文友善":"0",
    "韓文友善":"0",
    "行動裝置充電":"0",
    "無障礙友善":"0",
    "性別友善":"1",
    "便利支付":"0",
    "素食":"0",
    "友善廁所":"1",
    "公平貿易友善":"0",
    "Free WiFi":"0",
    "自行車友善":"0",
    "哺集乳友善":"0",
    "穆斯林友善":"0",
    "月經友善":"0",
    "友善項目總計":2
    }
  },
  {
    "type": "Feature",
    "geometry": {
       "type": "Point",
       "coordinates":  [ 121.515438,25.115893 ]
    },
    "properties": {
    "行政區":"北投區",
    "友善店家名稱":"鬍鬚張臺北石牌店",
    "地址":"臺北市北投區石牌路二段25號",
    "電話":"02-5571-3812/總公司:02-2298-2185＃232(行企部劉副理)",
    "簡介":"「鬍鬚張魯肉飯」創立於1960年，秉持『傳統美食，追求幸福』的創業初衷，從路邊攤創起，以發揚台灣美食文化為職志，不斷的做中學，以品質、口味、服務、衛生為基礎，提供安全美味的產品，整潔親切的用餐環境與氛圍的餐廳。\n鬍鬚張以「誠信篤實」、「追求卓越」、「顧客滿意」、「永續成長」為經營理念，以「以人為本」、「人才培育」、「賞罰分明」、「成果分享」為管理原則，並致力於『將魯肉飯販賣到全世界都知道』的企業願景實踐。",
    "英文友善":"0",
    "日文友善":"0",
    "韓文友善":"0",
    "行動裝置充電":"0",
    "無障礙友善":"0",
    "性別友善":"1",
    "便利支付":"0",
    "素食":"0",
    "友善廁所":"1",
    "公平貿易友善":"0",
    "Free WiFi":"0",
    "自行車友善":"0",
    "哺集乳友善":"0",
    "穆斯林友善":"0",
    "月經友善":"0",
    "友善項目總計":2
    }
  },
  {
    "type": "Feature",
    "geometry": {
       "type": "Point",
       "coordinates":  [ 121.499236,25.137663 ]
    },
    "properties": {
    "行政區":"北投區",
    "友善店家名稱":"溫泉小舖",
    "地址":"臺北市北投區大同街202-4號",
    "電話":"02-2898-2698",
    "簡介":"提供北投在地特色紀念品與伴手小物，令人印象深刻，產品皆由弱勢族群創作，讓弱勢學員能讓弱勢學員能夠找到發光舞台。",
    "英文友善":"1",
    "日文友善":"0",
    "韓文友善":"0",
    "行動裝置充電":"0",
    "無障礙友善":"1",
    "性別友善":"1",
    "便利支付":"0",
    "素食":"0",
    "友善廁所":"0",
    "公平貿易友善":"1",
    "Free WiFi":"0",
    "自行車友善":"0",
    "哺集乳友善":"0",
    "穆斯林友善":"1",
    "月經友善":"0",
    "友善項目總計":5
    }
  },
  {
    "type": "Feature",
    "geometry": {
       "type": "Point",
       "coordinates":  [ 121.515978,25.13746 ]
    },
    "properties": {
    "行政區":"北投區",
    "友善店家名稱":"少帥禪園",
    "地址":"臺北市北投區幽雅路34號",
    "電話":"02-2893-5336",
    "簡介":"臺北北投張學良幽禁舊居，少帥禪園建於1920年代，原名「新高旅社」在北投溫泉區頗有盛名，曾被日軍當做神風特攻隊出戰前夕的慰安處所，1960年代，東北少帥張學良和其夫人趙一荻曾被幽居住於此。少帥禪園隱身在北投山腳邊的林蔭間，可以遠眺觀音山，關渡平原就像在眼前，來少帥禪園可以享美食、泡好湯、品好茶，會發現離臺北的繁華不遠，但是可以擁抱的意與境是如此的近。",
    "英文友善":"1",
    "日文友善":"1",
    "韓文友善":"0",
    "行動裝置充電":"0",
    "無障礙友善":"0",
    "性別友善":"0",
    "便利支付":"1",
    "素食":"0",
    "友善廁所":"0",
    "公平貿易友善":"0",
    "Free WiFi":"1",
    "自行車友善":"0",
    "哺集乳友善":"0",
    "穆斯林友善":"0",
    "月經友善":"0",
    "友善項目總計":4
    }
  },
  {
    "type": "Feature",
    "geometry": {
       "type": "Point",
       "coordinates":  [ 121.513688,25.137675 ]
    },
    "properties": {
    "行政區":"北投區",
    "友善店家名稱":"春天酒店 Spring City Resort",
    "地址":"臺北市北投區幽雅路18號",
    "電話":"02-2897-5555",
    "簡介":"浸浴白磺幸福湯\n春天酒店藏身北投幽雅小徑，彷彿城市外的桃花源，特有的天然白磺原湯，泉質滋潤，其色\n澤呈現乳白色，更有牛奶湯、美人湯的美稱，在汩汩的湯泉之中，恣意的感受身體的輕鬆自在!!\n幽雅空間享寧靜\n春天酒店米白色系調和出溫馨舒適氣息的客房，簡單雅緻設計，創造寧靜空間感，客房內觀\n音石浴池，讓房客輕鬆享受白磺原湯。房客除住宿外，更可使用露天風呂、會員俱樂部、戶\n外泳池、健身房、SPA、中西/日式餐廳等設施服務，實為城市裡的奢侈享受，更是遠離塵囂拜訪北投渡假的首選!!",
    "英文友善":"1",
    "日文友善":"1",
    "韓文友善":"0",
    "行動裝置充電":"1",
    "無障礙友善":"1",
    "性別友善":"1",
    "便利支付":"1",
    "素食":"1",
    "友善廁所":"1",
    "公平貿易友善":"0",
    "Free WiFi":"1",
    "自行車友善":"0",
    "哺集乳友善":"1",
    "穆斯林友善":"0",
    "月經友善":"0",
    "友善項目總計":10
    }
  },
  {
    "type": "Feature",
    "geometry": {
       "type": "Point",
       "coordinates":  [ 121.502429,25.132873 ]
    },
    "properties": {
    "行政區":"北投區",
    "友善店家名稱":"北投齊雞",
    "地址":"臺北市北投區新市街71號",
    "電話":"02-2896-8908/0955121480",
    "簡介":"北投齊雞的雞肉一律採用放山式的養殖，選擇較無污染，且水質及空氣好的花蓮及台東一帶，經由指定的品種與飼養方式，再由指定飼養雞場，加以嚴格執行及把關，使北投齊雞的雞肉，其肉質與鮮嫩度，都與市售的雞，截然不同，這是北投齊雞的特色，更是北投齊雞成功的要素之一。",
    "英文友善":"0",
    "日文友善":"0",
    "韓文友善":"0",
    "行動裝置充電":"0",
    "無障礙友善":"0",
    "性別友善":"1",
    "便利支付":"0",
    "素食":"0",
    "友善廁所":"0",
    "公平貿易友善":"0",
    "Free WiFi":"1",
    "自行車友善":"0",
    "哺集乳友善":"0",
    "穆斯林友善":"0",
    "月經友善":"0",
    "友善項目總計":2
    }
  },
  {
    "type": "Feature",
    "geometry": {
       "type": "Point",
       "coordinates":  [ 121.504526,25.13624 ]
    },
    "properties": {
    "行政區":"北投區",
    "友善店家名稱":"泉都溫泉會館",
    "地址":"臺北市北投區光明路220號",
    "電話":"02-2896-0077",
    "簡介":"泉都溫泉會館位於新北投捷運站旁，步行只需3分鐘..全館歐式裝潢精緻雅麗，附設各式住宿溫泉客房、歐式新穎餐廳、多功能資訊中心及自助洗衣設備，提供優質的住宿、泡湯環境。溫泉客房內附有岩片泡湯浴池和北投特有白磺溫泉，無論住宿或泡湯消費皆可享有私人泡湯空間。全館免費無線上網及觀賞VOD影音頻道，讓您完全體會浪漫、舒適臺北湯泉之旅。",
    "英文友善":"1",
    "日文友善":"0",
    "韓文友善":"0",
    "行動裝置充電":"0",
    "無障礙友善":"1",
    "性別友善":"0",
    "便利支付":"1",
    "素食":"0",
    "友善廁所":"0",
    "公平貿易友善":"0",
    "Free WiFi":"1",
    "自行車友善":"1",
    "哺集乳友善":"0",
    "穆斯林友善":"1",
    "月經友善":"0",
    "友善項目總計":6
    }
  },
  {
    "type": "Feature",
    "geometry": {
       "type": "Point",
       "coordinates":  [ 121.465802,25.123622 ]
    },
    "properties": {
    "行政區":"北投區",
    "友善店家名稱":"仙渡莊旅社",
    "地址":"臺北市北投區大度路三段304號",
    "電話":"02-2891-3537",
    "簡介":"仙渡莊旅社於1969年創立，佇立於關渡的50年老旅社於2020年重新整修，提供您舒適環境，重點是價格超親民，是來洽公、旅遊的好選擇！同時鄰近金色水岸自行車道，是自行車族喜愛的選擇。",
    "英文友善":"1",
    "日文友善":"1",
    "韓文友善":"0",
    "行動裝置充電":"0",
    "無障礙友善":"0",
    "性別友善":"1",
    "便利支付":"1",
    "素食":"0",
    "友善廁所":"0",
    "公平貿易友善":"0",
    "Free WiFi":"1",
    "自行車友善":"1",
    "哺集乳友善":"0",
    "穆斯林友善":"0",
    "月經友善":"0",
    "友善項目總計":6
    }
  },
  {
    "type": "Feature",
    "geometry": {
       "type": "Point",
       "coordinates":  [ 121.519166,25.119181 ]
    },
    "properties": {
    "行政區":"北投區",
    "友善店家名稱":"西雅圖",
    "地址":"臺北市北投區石牌路二段201號",
    "電話":" 02-28712358#285/0936-713-608",
    "簡介":"西雅圖極品咖啡推出的精品咖啡館「Barista Premium 極品嚴焙」，為台灣連鎖咖啡市場首創，從每顆選豆到每份食材，都是萬中選一。\n\n承襲Barista Coffee精神，並加以極致發揮，餐點飲品皆經過精心的烘焙調製，直到端上桌的那一刻，所有過程都不負其Premium的名號。\n\n西雅圖極品咖啡除了致力於推出與消費者需求更緊密結合的新系列精品咖啡館，更渴望將「Barista Premium 極品嚴焙」推向國際，成為台灣最具代表性的精品咖啡館。\n",
    "英文友善":"0",
    "日文友善":"0",
    "韓文友善":"0",
    "行動裝置充電":"1",
    "無障礙友善":"0",
    "性別友善":"1",
    "便利支付":"1",
    "素食":"1",
    "友善廁所":"0",
    "公平貿易友善":"0",
    "Free WiFi":"1",
    "自行車友善":"0",
    "哺集乳友善":"0",
    "穆斯林友善":"0",
    "月經友善":"0",
    "友善項目總計":5
    }
  },
  {
    "type": "Feature",
    "geometry": {
       "type": "Point",
       "coordinates":  [ 121.519166,25.119181 ]
    },
    "properties": {
    "行政區":"北投區",
    "友善店家名稱":"甲大鴻",
    "地址":"臺北市北投區石牌路二段201號",
    "電話":" 02-2871-2358#285",
    "簡介":"本餐廳堅持選用新鮮自然的食材，製作口味獨到的特有菜色，並以親切、即時、高效率的服務態度，打造舒適、親切、放鬆的用餐環境，征服客戶的胃與「心」，獲廣大消費者青睞，成功點「食」成金。",
    "英文友善":"1",
    "日文友善":"1",
    "韓文友善":"0",
    "行動裝置充電":"1",
    "無障礙友善":"1",
    "性別友善":"1",
    "便利支付":"1",
    "素食":"1",
    "友善廁所":"1",
    "公平貿易友善":"0",
    "Free WiFi":"1",
    "自行車友善":"0",
    "哺集乳友善":"0",
    "穆斯林友善":"0",
    "月經友善":"0",
    "友善項目總計":9
    }
  },
  {
    "type": "Feature",
    "geometry": {
       "type": "Point",
       "coordinates":  [ 121.519166,25.119181 ]
    },
    "properties": {
    "行政區":"北投區",
    "友善店家名稱":"安永鮮食",
    "地址":"臺北市北投區石牌路二段201號",
    "電話":" 02-2871-2358#285",
    "簡介":"用科技思維建構Health Care大健康產業，結合集團優勢，將健康生產、健康服務，以產銷一條龍模式，打造「安永鮮物」高品質健康超市。\n匯集全國最優質安心農畜產、國家級檢驗保證之頂級水產，及嚴選烹飪所需天然食材。落實全魚利用、食品無添加精神，持續開發自有品牌商品如養生藥膳、鱸魚精、湯品、魚鬆，引進健康餐食，貫徹『安心、鮮美、便利』服務宗旨。不論是成長中孩童、樂齡族、亞健康族的預防保健，讓全家人都能擁有健康、快樂的每一天。",
    "英文友善":"1",
    "日文友善":"1",
    "韓文友善":"0",
    "行動裝置充電":"1",
    "無障礙友善":"1",
    "性別友善":"1",
    "便利支付":"1",
    "素食":"1",
    "友善廁所":"1",
    "公平貿易友善":"0",
    "Free WiFi":"1",
    "自行車友善":"0",
    "哺集乳友善":"0",
    "穆斯林友善":"0",
    "月經友善":"0",
    "友善項目總計":9
    }
  },
  {
    "type": "Feature",
    "geometry": {
       "type": "Point",
       "coordinates":  [ 121.50063,25.133019 ]
    },
    "properties": {
    "行政區":"北投區",
    "友善店家名稱":"途中.臺北國際青年旅舍",
    "地址":"臺北市北投區光明路82號",
    "電話":"02-2891-0230",
    "簡介":"< 途中臺北 > 是由一群熱愛旅行的背包客所建立，我們提供2人，4人，6人，8人等房型，房間乾淨、明亮、舒適，且旅舍的 3樓 為女生專屬樓層，提供女性住客安全、自在的住宿環境。\n1F及B1為公共空間，享受沙發慵懶放鬆，提供各式書籍可閱覽，不定時電影欣賞，文化交流，歡迎您在我們的沙發分享您的旅行故事。頂樓的空間為旅舍另一個特色，在空中的小花園，我們準備了躺椅、啤酒桌、以及戶外的桌椅組，在好天氣的下午，泡杯咖啡優閒的坐在頂樓更是一大享受；另外，我們也是觀光局的『自行車友善旅館』，室內停放腳踏車的區域更是提高了您單車旅行的便利性。\n\n< 途中臺北 > 距離捷運北投站僅 200公尺，步行 10分鐘即可抵達新北投溫泉區，在半小時內您可前往 淡水/關渡、陽明山國家公園、士林/故宮、臺北車站 . . 等地點，是您休憩與差旅的最佳選擇。",
    "英文友善":"0",
    "日文友善":"0",
    "韓文友善":"0",
    "行動裝置充電":"0",
    "無障礙友善":"0",
    "性別友善":"1",
    "便利支付":"1",
    "素食":"0",
    "友善廁所":"0",
    "公平貿易友善":"0",
    "Free WiFi":"1",
    "自行車友善":"1",
    "哺集乳友善":"0",
    "穆斯林友善":"0",
    "月經友善":"0",
    "友善項目總計":4
    }
  },
  {
    "type": "Feature",
    "geometry": {
       "type": "Point",
       "coordinates":  [ 121.496336,25.131948 ]
    },
    "properties": {
    "行政區":"北投區",
    "友善店家名稱":"熱風精品咖啡豆",
    "地址":"臺北市北投區大業路462號",
    "電話":"02-2895-5698/0955-825-588",
    "簡介":"「新鮮，看得見」。店內主要提供「現場選擇咖啡生豆」,「即刻烘焙」的服務。並提供莊園精品咖啡內用外帶服務。販售手沖、虹吸等多種沖煮咖啡的器具。\n代售咖啡店專用德國微電腦熱風烘豆機。是烘天雷國際商貿的品牌門店。",
    "英文友善":"0",
    "日文友善":"0",
    "韓文友善":"0",
    "行動裝置充電":"0",
    "無障礙友善":"0",
    "性別友善":"0",
    "便利支付":"1",
    "素食":"0",
    "友善廁所":"0",
    "公平貿易友善":"0",
    "Free WiFi":"1",
    "自行車友善":"0",
    "哺集乳友善":"0",
    "穆斯林友善":"0",
    "月經友善":"0",
    "友善項目總計":2
    }
  },
  {
    "type": "Feature",
    "geometry": {
       "type": "Point",
       "coordinates":  [ 121.572138,25.079836 ]
    },
    "properties": {
    "行政區":"內湖區",
    "友善店家名稱":"ALL RIDE",
    "地址":"臺北市內湖區洲子街71號",
    "電話":"02-7721-5668",
    "簡介":"ALL RIDE是國內長板的指標商店，內有70坪專業賣場，專賣滑板、長板、滑雪、衝浪，等極限運動用品，並定期舉辦長板教學。",
    "英文友善":"1",
    "日文友善":"0",
    "韓文友善":"0",
    "行動裝置充電":"1",
    "無障礙友善":"0",
    "性別友善":"1",
    "便利支付":"1",
    "素食":"0",
    "友善廁所":"1",
    "公平貿易友善":"0",
    "Free WiFi":"0",
    "自行車友善":"1",
    "哺集乳友善":"0",
    "穆斯林友善":"0",
    "月經友善":"0",
    "友善項目總計":6
    }
  },
  {
    "type": "Feature",
    "geometry": {
       "type": "Point",
       "coordinates":  [ 121.570515,25.078106 ]
    },
    "properties": {
    "行政區":"內湖區",
    "友善店家名稱":"SUGAR&SPICE糖村(瑞光店)",
    "地址":"臺北市內湖區瑞光路408號",
    "電話":"04-25327288#211",
    "簡介":"成為伴手禮名店，一路堅持信念，傳遞最幸福的美味甜品給每一位踏入糖村的訪客。",
    "英文友善":"1",
    "日文友善":"1",
    "韓文友善":"1",
    "行動裝置充電":"0",
    "無障礙友善":"0",
    "性別友善":"1",
    "便利支付":"1",
    "素食":"0",
    "友善廁所":"0",
    "公平貿易友善":"0",
    "Free WiFi":"0",
    "自行車友善":"0",
    "哺集乳友善":"0",
    "穆斯林友善":"0",
    "月經友善":"0",
    "友善項目總計":5
    }
  },
  {
    "type": "Feature",
    "geometry": {
       "type": "Point",
       "coordinates":  [ 121.589727,25.074107 ]
    },
    "properties": {
    "行政區":"內湖區",
    "友善店家名稱":"宜家商旅",
    "地址":"臺北市內湖區成功路二段512號",
    "電話":"02-2795-6777",
    "簡介":"交通方便、環境幽雅、遠離塵囂。使用原木系家具，館內富有藝術設計，每逢週末更邀請知名琴師現場演奏，結合午晚餐及酒吧空間。",
    "英文友善":"1",
    "日文友善":"0",
    "韓文友善":"0",
    "行動裝置充電":"1",
    "無障礙友善":"1",
    "性別友善":"0",
    "便利支付":"1",
    "素食":"0",
    "友善廁所":"1",
    "公平貿易友善":"0",
    "Free WiFi":"1",
    "自行車友善":"0",
    "哺集乳友善":"0",
    "穆斯林友善":"0",
    "月經友善":"0",
    "友善項目總計":6
    }
  },
  {
    "type": "Feature",
    "geometry": {
       "type": "Point",
       "coordinates":  [ 121.591971,25.081558 ]
    },
    "properties": {
    "行政區":"內湖區",
    "友善店家名稱":"新東陽內湖門市",
    "地址":"臺北市內湖區成功路四段49號",
    "電話":"02-2793-4895/總公司02-2772-6222＃957(郭小姐)",
    "簡介":"新東陽以推動中華美食精緻化，國際化的精神標竿為企業目標，打造”來台必買、出國必帶、台灣特產第一品牌”的企業形象，帶給消費者優質的購物體驗。",
    "英文友善":"0",
    "日文友善":"0",
    "韓文友善":"0",
    "行動裝置充電":"1",
    "無障礙友善":"0",
    "性別友善":"1",
    "便利支付":"0",
    "素食":"1",
    "友善廁所":"0",
    "公平貿易友善":"0",
    "Free WiFi":"1",
    "自行車友善":"0",
    "哺集乳友善":"0",
    "穆斯林友善":"0",
    "月經友善":"0",
    "友善項目總計":4
    }
  },
  {
    "type": "Feature",
    "geometry": {
       "type": "Point",
       "coordinates":  [ 121.577772,25.079226 ]
    },
    "properties": {
    "行政區":"內湖區",
    "友善店家名稱":"能美",
    "地址":"臺北市內湖區內湖路一段719號1樓",
    "電話":"02-8751-5948/\n公司02-2657-7333",
    "簡介":"提供有機天然食品飲料，健康安心肉品、天 然保健食品與時尚機能服飾。",
    "英文友善":"1",
    "日文友善":"0",
    "韓文友善":"0",
    "行動裝置充電":"0",
    "無障礙友善":"0",
    "性別友善":"0",
    "便利支付":"1",
    "素食":"0",
    "友善廁所":"0",
    "公平貿易友善":"1",
    "Free WiFi":"1",
    "自行車友善":"0",
    "哺集乳友善":"0",
    "穆斯林友善":"0",
    "月經友善":"0",
    "友善項目總計":4
    }
  },
  {
    "type": "Feature",
    "geometry": {
       "type": "Point",
       "coordinates":  [ 121.591564,25.082032 ]
    },
    "properties": {
    "行政區":"內湖區",
    "友善店家名稱":"有機緣地-成功店",
    "地址":"臺北市內湖區成功路四段30巷9號1樓",
    "電話":"02-2794-8382/\n公司02-2657-7333",
    "簡介":"提供有機天然食品飲料，健康安心肉品、天 然保健食品與時尚機能服飾。",
    "英文友善":"1",
    "日文友善":"0",
    "韓文友善":"0",
    "行動裝置充電":"0",
    "無障礙友善":"0",
    "性別友善":"1",
    "便利支付":"1",
    "素食":"1",
    "友善廁所":"1",
    "公平貿易友善":"1",
    "Free WiFi":"1",
    "自行車友善":"0",
    "哺集乳友善":"0",
    "穆斯林友善":"0",
    "月經友善":"0",
    "友善項目總計":7
    }
  },
  {
    "type": "Feature",
    "geometry": {
       "type": "Point",
       "coordinates":  [ 121.615785,25.068248 ]
    },
    "properties": {
    "行政區":"內湖區",
    "友善店家名稱":"有機緣地-東湖店",
    "地址":"臺北市內湖區東湖路112號",
    "電話":"02-2631-8168/\n公司02-2657-7333",
    "簡介":"提供有機天然食品飲料，健康安心肉品、天 然保健食品與時尚機能服飾。",
    "英文友善":"1",
    "日文友善":"0",
    "韓文友善":"0",
    "行動裝置充電":"0",
    "無障礙友善":"1",
    "性別友善":"1",
    "便利支付":"1",
    "素食":"1",
    "友善廁所":"1",
    "公平貿易友善":"1",
    "Free WiFi":"1",
    "自行車友善":"0",
    "哺集乳友善":"0",
    "穆斯林友善":"0",
    "月經友善":"0",
    "友善項目總計":8
    }
  },
  {
    "type": "Feature",
    "geometry": {
       "type": "Point",
       "coordinates":  [ 121.611273,25.070209 ]
    },
    "properties": {
    "行政區":"內湖區",
    "友善店家名稱":"哈拉影城",
    "地址":"臺北市內湖區康寧路三段72號",
    "電話":"02-2632-2693#306",
    "簡介":"為提供身歷其境的電影體驗效果，且在觀影時隨時保有寬敞的舒適，超越業界獨家設計音頻傳導振動效果之饗震椅，以及符合人體工學之置物跨腳座椅，升級優質設備亦不加價。",
    "英文友善":"1",
    "日文友善":"0",
    "韓文友善":"0",
    "行動裝置充電":"0",
    "無障礙友善":"1",
    "性別友善":"0",
    "便利支付":"1",
    "素食":"0",
    "友善廁所":"1",
    "公平貿易友善":"0",
    "Free WiFi":"0",
    "自行車友善":"0",
    "哺集乳友善":"1",
    "穆斯林友善":"0",
    "月經友善":"0",
    "友善項目總計":5
    }
  },
  {
    "type": "Feature",
    "geometry": {
       "type": "Point",
       "coordinates":  [ 121.573372,25.076038 ]
    },
    "properties": {
    "行政區":"內湖區",
    "友善店家名稱":"福慧根湯",
    "地址":"臺北市內湖區瑞光路316巷50號1樓",
    "電話":"02-2659-2600",
    "簡介":"提供完整、有效、純淨的營養素，目的是讓健康的身體永遠保持健康，也是福慧根古法食養藥膳主要的目的與價值。",
    "英文友善":"0",
    "日文友善":"0",
    "韓文友善":"0",
    "行動裝置充電":"1",
    "無障礙友善":"0",
    "性別友善":"1",
    "便利支付":"1",
    "素食":"1",
    "友善廁所":"1",
    "公平貿易友善":"0",
    "Free WiFi":"1",
    "自行車友善":"0",
    "哺集乳友善":"0",
    "穆斯林友善":"0",
    "月經友善":"0",
    "友善項目總計":6
    }
  },
  {
    "type": "Feature",
    "geometry": {
       "type": "Point",
       "coordinates":  [ 121.575794,25.070792 ]
    },
    "properties": {
    "行政區":"內湖區",
    "友善店家名稱":"亞尼克-內湖旗艦店",
    "地址":"臺北市內湖區瑞湖街178巷15號",
    "電話":"02-2657-4837/總公司行銷部:02-8797-8993#2",
    "簡介":"亞尼克內湖旗艦店，秉持「不偷工、不減料、新鮮製作、新鮮販售」的理念，博得消費者的信任及喜愛。",
    "英文友善":"0",
    "日文友善":"0",
    "韓文友善":"0",
    "行動裝置充電":"0",
    "無障礙友善":"0",
    "性別友善":"1",
    "便利支付":"1",
    "素食":"1",
    "友善廁所":"0",
    "公平貿易友善":"0",
    "Free WiFi":"1",
    "自行車友善":"0",
    "哺集乳友善":"0",
    "穆斯林友善":"0",
    "月經友善":"0",
    "友善項目總計":4
    }
  },
  {
    "type": "Feature",
    "geometry": {
       "type": "Point",
       "coordinates":  [ 121.604791,25.072336 ]
    },
    "properties": {
    "行政區":"內湖區",
    "友善店家名稱":"JOLLY內湖店",
    "地址":"臺北市內湖區民權東路六段469號1樓",
    "電話":"02-2632-2229/總公司謝小姐02-2221-9337#14",
    "簡介":"「Jolly Brewery + Restaurant」\n是目前國內唯一將「泰食」與「手工釀啤酒 (Craft beer)」二者完美結合的餐廳，裝潢設計採取後現代主義的精神，呈現出簡約的設計風格，讓消費者能在寬敞、溫馨、舒適的環境用餐，輔以柔和的燈光、時尚的音樂，為嶄新的新概念型態餐廳。\nJolly在「泰食」方面針對「酸」與「辣」及「東南亞貫用的辛香料」特性做了重新的詮釋，將傳統味覺與創新手法相容並濟，開創新口感。例如檸檬清蒸魚採去頭去尾的做法及JOLLY蝦餅與一般傳統蝦餅造型不同，採切長條入鍋炸，炸出來就像薯條一樣，更是少見。\nJolly在「手工釀啤酒 (Craft beer)」方面，特別斥資將歐、美風行的啤酒釀造工藝技術引進台灣，並有國外専業認証的釀酒師釀製，堅持Craft beer精神-真正自然健康，只用100%麥芽釀製，不添加任何化學物質，也不經過過濾、熱處理等程序，故保有豐富的啤酒酵母、礦物質、維他命、蛋白質。原始與傳統的極緻表現，讓啤酒不再只是單純可以搭配各國佳餚的液體麵包，更是餐桌上一道色、香、味具全的個性佳餚 。\n當酸辣美味的「泰食」遇上口感細膩的「手工釀啤酒」，讓這一熱一冷的交織作用帶你進入細膩與獨特的Jolly世界。",
    "英文友善":"1",
    "日文友善":"1",
    "韓文友善":"0",
    "行動裝置充電":"0",
    "無障礙友善":"0",
    "性別友善":"1",
    "便利支付":"1",
    "素食":"1",
    "友善廁所":"0",
    "公平貿易友善":"0",
    "Free WiFi":"1",
    "自行車友善":"0",
    "哺集乳友善":"0",
    "穆斯林友善":"0",
    "月經友善":"0",
    "友善項目總計":6
    }
  },
  {
    "type": "Feature",
    "geometry": {
       "type": "Point",
       "coordinates":  [ 121.576947,25.076813 ]
    },
    "properties": {
    "行政區":"內湖區",
    "友善店家名稱":"早點初發-內湖江南店",
    "地址":"臺北市內湖區江南街91號",
    "電話":"02-2627-9100",
    "簡介":"店內裝潢以復古風加上學生課桌椅，很有學生時代上課的氛圍。主牆上及吧檯用粉筆書寫著店內熱門餐點以及食材來源，店員親切服務熱忱，並提供鄰近外送服務。",
    "英文友善":"1",
    "日文友善":"0",
    "韓文友善":"0",
    "行動裝置充電":"1",
    "無障礙友善":"0",
    "性別友善":"1",
    "便利支付":"1",
    "素食":"1",
    "友善廁所":"0",
    "公平貿易友善":"0",
    "Free WiFi":"1",
    "自行車友善":"0",
    "哺集乳友善":"0",
    "穆斯林友善":"0",
    "月經友善":"0",
    "友善項目總計":6
    }
  },
  {
    "type": "Feature",
    "geometry": {
       "type": "Point",
       "coordinates":  [ 121.590522,25.080116 ]
    },
    "properties": {
    "行政區":"內湖區",
    "友善店家名稱":"鬍鬚張內湖湖光店",
    "地址":"臺北市內湖區成功路三段177號一樓",
    "電話":"02-2792-1220/總公司:02-2298-2185＃232(行企部劉副理)",
    "簡介":"「鬍鬚張魯肉飯」創立於1960年，秉持『傳統美食，追求幸福』的創業初衷，從路邊攤創起，以發揚台灣美食文化為職志，不斷的做中學，以品質、口味、服務、衛生為基礎，提供安全美味的產品，整潔親切的用餐環境與氛圍的餐廳。\n鬍鬚張以「誠信篤實」、「追求卓越」、「顧客滿意」、「永續成長」為經營理念，以「以人為本」、「人才培育」、「賞罰分明」、「成果分享」為管理原則，並致力於『將魯肉飯販賣到全世界都知道』的企業願景實踐。",
    "英文友善":"0",
    "日文友善":"0",
    "韓文友善":"0",
    "行動裝置充電":"0",
    "無障礙友善":"0",
    "性別友善":"1",
    "便利支付":"0",
    "素食":"0",
    "友善廁所":"1",
    "公平貿易友善":"0",
    "Free WiFi":"0",
    "自行車友善":"0",
    "哺集乳友善":"0",
    "穆斯林友善":"0",
    "月經友善":"0",
    "友善項目總計":2
    }
  },
  {
    "type": "Feature",
    "geometry": {
       "type": "Point",
       "coordinates":  [ 121.590487,25.067395 ]
    },
    "properties": {
    "行政區":"內湖區",
    "友善店家名稱":"鬍鬚張臺北內湖店",
    "地址":"臺北市內湖區成功路二段318號",
    "電話":"02-2791-0808/總公司:02-2298-2185＃232(行企部劉副理)",
    "簡介":"「鬍鬚張魯肉飯」創立於1960年，秉持『傳統美食，追求幸福』的創業初衷，從路邊攤創起，以發揚台灣美食文化為職志，不斷的做中學，以品質、口味、服務、衛生為基礎，提供安全美味的產品，整潔親切的用餐環境與氛圍的餐廳。\n鬍鬚張以「誠信篤實」、「追求卓越」、「顧客滿意」、「永續成長」為經營理念，以「以人為本」、「人才培育」、「賞罰分明」、「成果分享」為管理原則，並致力於『將魯肉飯販賣到全世界都知道』的企業願景實踐。",
    "英文友善":"0",
    "日文友善":"0",
    "韓文友善":"0",
    "行動裝置充電":"0",
    "無障礙友善":"0",
    "性別友善":"1",
    "便利支付":"0",
    "素食":"0",
    "友善廁所":"1",
    "公平貿易友善":"0",
    "Free WiFi":"0",
    "自行車友善":"0",
    "哺集乳友善":"0",
    "穆斯林友善":"0",
    "月經友善":"0",
    "友善項目總計":2
    }
  },
  {
    "type": "Feature",
    "geometry": {
       "type": "Point",
       "coordinates":  [ 121.575962,25.07588 ]
    },
    "properties": {
    "行政區":"內湖區",
    "友善店家名稱":"鬍鬚張內湖瑞光店",
    "地址":"臺北市內湖區瑞光路301號",
    "電話":"02-2659-0629/總公司:02-2298-2185＃232(行企部劉副理)",
    "簡介":"「鬍鬚張魯肉飯」創立於1960年，秉持『傳統美食，追求幸福』的創業初衷，從路邊攤創起，以發揚台灣美食文化為職志，不斷的做中學，以品質、口味、服務、衛生為基礎，提供安全美味的產品，整潔親切的用餐環境與氛圍的餐廳。\n鬍鬚張以「誠信篤實」、「追求卓越」、「顧客滿意」、「永續成長」為經營理念，以「以人為本」、「人才培育」、「賞罰分明」、「成果分享」為管理原則，並致力於『將魯肉飯販賣到全世界都知道』的企業願景實踐。",
    "英文友善":"0",
    "日文友善":"0",
    "韓文友善":"0",
    "行動裝置充電":"0",
    "無障礙友善":"0",
    "性別友善":"1",
    "便利支付":"0",
    "素食":"0",
    "友善廁所":"1",
    "公平貿易友善":"0",
    "Free WiFi":"0",
    "自行車友善":"0",
    "哺集乳友善":"0",
    "穆斯林友善":"0",
    "月經友善":"0",
    "友善項目總計":2
    }
  },
  {
    "type": "Feature",
    "geometry": {
       "type": "Point",
       "coordinates":  [ 121.614864,25.068496 ]
    },
    "properties": {
    "行政區":"內湖區",
    "友善店家名稱":"鬍鬚張臺北東湖店",
    "地址":"臺北市內湖區東湖路90號",
    "電話":"02-2630-8058/總公司:02-2298-2185＃232(行企部劉副理)",
    "簡介":"「鬍鬚張魯肉飯」創立於1960年，秉持『傳統美食，追求幸福』的創業初衷，從路邊攤創起，以發揚台灣美食文化為職志，不斷的做中學，以品質、口味、服務、衛生為基礎，提供安全美味的產品，整潔親切的用餐環境與氛圍的餐廳。\n鬍鬚張以「誠信篤實」、「追求卓越」、「顧客滿意」、「永續成長」為經營理念，以「以人為本」、「人才培育」、「賞罰分明」、「成果分享」為管理原則，並致力於『將魯肉飯販賣到全世界都知道』的企業願景實踐。",
    "英文友善":"0",
    "日文友善":"0",
    "韓文友善":"0",
    "行動裝置充電":"0",
    "無障礙友善":"0",
    "性別友善":"1",
    "便利支付":"0",
    "素食":"0",
    "友善廁所":"1",
    "公平貿易友善":"0",
    "Free WiFi":"0",
    "自行車友善":"0",
    "哺集乳友善":"0",
    "穆斯林友善":"0",
    "月經友善":"0",
    "友善項目總計":2
    }
  },
  {
    "type": "Feature",
    "geometry": {
       "type": "Point",
       "coordinates":  [ 121.593714,25.084005 ]
    },
    "properties": {
    "行政區":"內湖區",
    "友善店家名稱":"里仁-內湖捷運店",
    "地址":"臺北市成功路4段182巷6弄1號",
    "電話":"02-8792-0527/02-77146168#80514(總公司陳'S)",
    "簡介":"1988年里仁開張，決心要做「該做但還沒有人做的事」。提供以誠信契作支持和鼓勵農友，栽植無農藥化肥的純淨蔬果來友善環境，也尋找願意還原食物本味、恢復環境清靜的淳厚廠商，近年更積極以產品包材減塑支持淨塑。 里仁產品開發堅持自然、健康、平實。主要產品包括有機或轉型農產品、少或無添加物的食品，不含基改成份，以本土有機為優先，支持綠保生態並關懷弱勢。",
    "英文友善":"0",
    "日文友善":"0",
    "韓文友善":"0",
    "行動裝置充電":"0",
    "無障礙友善":"0",
    "性別友善":"0",
    "便利支付":"0",
    "素食":"1",
    "友善廁所":"0",
    "公平貿易友善":"0",
    "Free WiFi":"0",
    "自行車友善":"0",
    "哺集乳友善":"0",
    "穆斯林友善":"0",
    "月經友善":"0",
    "友善項目總計":1
    }
  },
  {
    "type": "Feature",
    "geometry": {
       "type": "Point",
       "coordinates":  [ 121.566053,25.082933 ]
    },
    "properties": {
    "行政區":"內湖區",
    "友善店家名稱":"達人麵館",
    "地址":"臺北市內湖區環山路一段9巷7號",
    "電話":"02- 2798-9901/0938393808(劉先生)",
    "簡介":"達人麵館，專業經營北方麵食：刀削麵，手工拉麵的店家，曾多次榮獲臺北國際牛肉麵節傳統組冠軍，淸燉組冠軍，創意米食冠軍等⋯⋯歡迎親身體驗！",
    "英文友善":"1",
    "日文友善":"0",
    "韓文友善":"0",
    "行動裝置充電":"1",
    "無障礙友善":"1",
    "性別友善":"1",
    "便利支付":"1",
    "素食":"1",
    "友善廁所":"1",
    "公平貿易友善":"0",
    "Free WiFi":"0",
    "自行車友善":"1",
    "哺集乳友善":"0",
    "穆斯林友善":"0",
    "月經友善":"0",
    "友善項目總計":8
    }
  },
  {
    "type": "Feature",
    "geometry": {
       "type": "Point",
       "coordinates":  [ 121.614639,25.06855 ]
    },
    "properties": {
    "行政區":"內湖區",
    "友善店家名稱":"里仁-東湖市場店",
    "地址":"臺北市內湖區東湖路84號",
    "電話":"02-2631-1492/02-77146168#80514(總公司陳'S)",
    "簡介":"1988年里仁開張，決心要做「該做但還沒有人做的事」。提供以誠信契作支持和鼓勵農友，栽植無農藥化肥的純淨蔬果來友善環境，也尋找願意還原食物本味、恢復環境清靜的淳厚廠商，近年更積極以產品包材減塑支持淨塑。 里仁產品開發堅持自然、健康、平實。主要產品包括有機或轉型農產品、少或無添加物的食品，不含基改成份，以本土有機為優先，支持綠保生態並關懷弱勢。",
    "英文友善":"0",
    "日文友善":"0",
    "韓文友善":"0",
    "行動裝置充電":"0",
    "無障礙友善":"0",
    "性別友善":"0",
    "便利支付":"0",
    "素食":"1",
    "友善廁所":"0",
    "公平貿易友善":"0",
    "Free WiFi":"0",
    "自行車友善":"0",
    "哺集乳友善":"0",
    "穆斯林友善":"0",
    "月經友善":"0",
    "友善項目總計":1
    }
  },
  {
    "type": "Feature",
    "geometry": {
       "type": "Point",
       "coordinates":  [ 121.501988,25.033033 ]
    },
    "properties": {
    "行政區":"萬華區",
    "友善店家名稱":"Mr.Voice",
    "地址":"臺北市萬華區艋舺大道128號",
    "電話":"02-2304-1588",
    "簡介":"提供最有效率的歌唱聲音教學系統，以具體、科學、人性化的方法協助美化音色，拓展音域與改善聲音疲勞問題。",
    "英文友善":"1",
    "日文友善":"0",
    "韓文友善":"0",
    "行動裝置充電":"1",
    "無障礙友善":"0",
    "性別友善":"1",
    "便利支付":"1",
    "素食":"0",
    "友善廁所":"1",
    "公平貿易友善":"0",
    "Free WiFi":"1",
    "自行車友善":"0",
    "哺集乳友善":"0",
    "穆斯林友善":"0",
    "月經友善":"0",
    "友善項目總計":6
    }
  },
  {
    "type": "Feature",
    "geometry": {
       "type": "Point",
       "coordinates":  [ 121.49943,25.034898 ]
    },
    "properties": {
    "行政區":"萬華區",
    "友善店家名稱":"品牌牛仔USED",
    "地址":"臺北市萬華區西園路一段165號1樓",
    "電話":"02-2336-1712 0905045145",
    "簡介":"生產以牛仔布料為主的款式，銷售日、韓、歐美時尚單寧款式。提供批發、零售與客製化訂單，款式多樣化，週週有新款。",
    "英文友善":"1",
    "日文友善":"0",
    "韓文友善":"0",
    "行動裝置充電":"1",
    "無障礙友善":"0",
    "性別友善":"1",
    "便利支付":"0",
    "素食":"0",
    "友善廁所":"1",
    "公平貿易友善":"0",
    "Free WiFi":"1",
    "自行車友善":"0",
    "哺集乳友善":"0",
    "穆斯林友善":"0",
    "月經友善":"1",
    "友善項目總計":6
    }
  },
  {
    "type": "Feature",
    "geometry": {
       "type": "Point",
       "coordinates":  [ 121.500747,25.041737 ]
    },
    "properties": {
    "行政區":"萬華區",
    "友善店家名稱":"三寶神明用品",
    "地址":"臺北市萬華區內江街168號1樓",
    "電話":"02-2388-8859",
    "簡介":"三寶神明用品，展現傳統宗教文化之美，以明亮整潔的環境展示神桌、神像、神衣、神帽、銅器、繡品訂製等產品，吸引各方人士駐足。",
    "英文友善":"1",
    "日文友善":"0",
    "韓文友善":"0",
    "行動裝置充電":"0",
    "無障礙友善":"1",
    "性別友善":"1",
    "便利支付":"0",
    "素食":"0",
    "友善廁所":"0",
    "公平貿易友善":"0",
    "Free WiFi":"1",
    "自行車友善":"1",
    "哺集乳友善":"0",
    "穆斯林友善":"0",
    "月經友善":"0",
    "友善項目總計":5
    }
  },
  {
    "type": "Feature",
    "geometry": {
       "type": "Point",
       "coordinates":  [ 121.49862,25.039864 ]
    },
    "properties": {
    "行政區":"萬華區",
    "友善店家名稱":"阿猜嬤甜湯",
    "地址":"臺北市萬華區華西街3號",
    "電話":"02-2361-8697",
    "簡介":"堅持古法烹煮，製作料好實在的甜湯，不但是老艋舺人的共同喜愛，更是遊客們的一大享受。",
    "英文友善":"1",
    "日文友善":"1",
    "韓文友善":"0",
    "行動裝置充電":"0",
    "無障礙友善":"1",
    "性別友善":"1",
    "便利支付":"0",
    "素食":"1",
    "友善廁所":"0",
    "公平貿易友善":"0",
    "Free WiFi":"0",
    "自行車友善":"0",
    "哺集乳友善":"0",
    "穆斯林友善":"0",
    "月經友善":"0",
    "友善項目總計":5
    }
  },
  {
    "type": "Feature",
    "geometry": {
       "type": "Point",
       "coordinates":  [ 121.50004,25.03274 ]
    },
    "properties": {
    "行政區":"萬華區",
    "友善店家名稱":"Crystal Rose Ribbon Store 緞帶專賣",
    "地址":"臺北市萬華區艋舺大道188號",
    "電話":"02-2302-3968",
    "簡介":"CRYSTAL ROSE，全國唯一精緻緞帶專賣店，有著和⽔晶般剔透的精緻細緻感。",
    "英文友善":"1",
    "日文友善":"0",
    "韓文友善":"0",
    "行動裝置充電":"0",
    "無障礙友善":"0",
    "性別友善":"1",
    "便利支付":"0",
    "素食":"0",
    "友善廁所":"0",
    "公平貿易友善":"0",
    "Free WiFi":"0",
    "自行車友善":"0",
    "哺集乳友善":"0",
    "穆斯林友善":"0",
    "月經友善":"0",
    "友善項目總計":2
    }
  },
  {
    "type": "Feature",
    "geometry": {
       "type": "Point",
       "coordinates":  [ 121.503288,25.035791 ]
    },
    "properties": {
    "行政區":"萬華區",
    "友善店家名稱":"寓見青旅\n(原大可居青年旅館)",
    "地址":"臺北市萬華區昆明街316號",
    "電話":"02-2308-0066/0919320455老闆陳先生",
    "簡介":"擁抱每一段相遇。 座落於老臺北萬華，擺脫緊湊的生活節奏，放慢腳步，走入古色古香的城市。\n提供實惠的長短期住宿&多功能空間出租\n歡迎喜好流浪的背包客&各類團體洽詢!",
    "英文友善":"1",
    "日文友善":"0",
    "韓文友善":"0",
    "行動裝置充電":"1",
    "無障礙友善":"1",
    "性別友善":"1",
    "便利支付":"1",
    "素食":"0",
    "友善廁所":"1",
    "公平貿易友善":"0",
    "Free WiFi":"1",
    "自行車友善":"1",
    "哺集乳友善":"0",
    "穆斯林友善":"0",
    "月經友善":"0",
    "友善項目總計":8
    }
  },
  {
    "type": "Feature",
    "geometry": {
       "type": "Point",
       "coordinates":  [ 121.500716,25.034651 ]
    },
    "properties": {
    "行政區":"萬華區",
    "友善店家名稱":"鳳‧衣美",
    "地址":"臺北市萬華區大理街45號",
    "電話":"02-2304-5168",
    "簡介":"提供款式多元且各種場合的服裝，熱情的服務態度與多樣的選擇，平實近人的價格，適合各式不同的族群。",
    "英文友善":"1",
    "日文友善":"1",
    "韓文友善":"0",
    "行動裝置充電":"1",
    "無障礙友善":"0",
    "性別友善":"1",
    "便利支付":"0",
    "素食":"0",
    "友善廁所":"0",
    "公平貿易友善":"0",
    "Free WiFi":"1",
    "自行車友善":"1",
    "哺集乳友善":"1",
    "穆斯林友善":"0",
    "月經友善":"0",
    "友善項目總計":7
    }
  },
  {
    "type": "Feature",
    "geometry": {
       "type": "Point",
       "coordinates":  [ 121.498175,25.032343 ]
    },
    "properties": {
    "行政區":"萬華區",
    "友善店家名稱":"西園29服飾創作基地 Fashion Institute of Taipei",
    "地址":"臺北市萬華區西園路二段9號",
    "電話":"02-2336-7599*11(張小姐)",
    "簡介":"積極開發功能性佳、舒適又簡潔輕便的高機能服飾，在奈米材料、紗線研發方面投入多年心血，從原料研發到產品販售一條龍。",
    "英文友善":"1",
    "日文友善":"0",
    "韓文友善":"0",
    "行動裝置充電":"0",
    "無障礙友善":"1",
    "性別友善":"1",
    "便利支付":"1",
    "素食":"0",
    "友善廁所":"1",
    "公平貿易友善":"0",
    "Free WiFi":"0",
    "自行車友善":"0",
    "哺集乳友善":"1",
    "穆斯林友善":"0",
    "月經友善":"0",
    "友善項目總計":6
    }
  },
  {
    "type": "Feature",
    "geometry": {
       "type": "Point",
       "coordinates":  [ 121.50685,25.046531 ]
    },
    "properties": {
    "行政區":"萬華區",
    "友善店家名稱":"抱瓶庵",
    "地址":"臺北市萬華區開封街二段62-5號",
    "電話":"02-2388-5218(詹小姐)",
    "簡介":"以「報平安」之諧音，傳達棲居一隅的祈願。伴隨著美味小點與茶香，邀請你進入陶藝創作的行列。",
    "英文友善":"1",
    "日文友善":"0",
    "韓文友善":"0",
    "行動裝置充電":"1",
    "無障礙友善":"0",
    "性別友善":"1",
    "便利支付":"1",
    "素食":"0",
    "友善廁所":"0",
    "公平貿易友善":"0",
    "Free WiFi":"1",
    "自行車友善":"1",
    "哺集乳友善":"1",
    "穆斯林友善":"0",
    "月經友善":"0",
    "友善項目總計":7
    }
  },
  {
    "type": "Feature",
    "geometry": {
       "type": "Point",
       "coordinates":  [ 121.49757,25.024607 ]
    },
    "properties": {
    "行政區":"萬華區",
    "友善店家名稱":"阿寶師咖哩餃(阿寶師福州精緻點心)",
    "地址":"臺北市萬華區德昌街100號",
    "電話":"總店:02-2339-7904",
    "簡介":"承襲了家族三代的手藝，提供色香味俱全的咖哩餃，從外而內擋不住的咖哩香氣，令人迫不及待要大快朵頤一番。",
    "英文友善":"1",
    "日文友善":"0",
    "韓文友善":"0",
    "行動裝置充電":"0",
    "無障礙友善":"0",
    "性別友善":"1",
    "便利支付":"0",
    "素食":"0",
    "友善廁所":"1",
    "公平貿易友善":"0",
    "Free WiFi":"1",
    "自行車友善":"0",
    "哺集乳友善":"0",
    "穆斯林友善":"0",
    "月經友善":"0",
    "友善項目總計":4
    }
  },
  {
    "type": "Feature",
    "geometry": {
       "type": "Point",
       "coordinates":  [ 121.5008,25.036722 ]
    },
    "properties": {
    "行政區":"萬華區",
    "友善店家名稱":"順春堂自然養生館",
    "地址":"臺北市萬華區廣州街187號",
    "電話":"02-2306-5898/0937-971-628",
    "簡介":"百年老店，追求自然養生健康的食材，提供四季養生茶包，提供簡便、健康、養生的茶飲。",
    "英文友善":"1",
    "日文友善":"0",
    "韓文友善":"0",
    "行動裝置充電":"0",
    "無障礙友善":"0",
    "性別友善":"1",
    "便利支付":"0",
    "素食":"1",
    "友善廁所":"0",
    "公平貿易友善":"0",
    "Free WiFi":"0",
    "自行車友善":"0",
    "哺集乳友善":"0",
    "穆斯林友善":"0",
    "月經友善":"0",
    "友善項目總計":3
    }
  },
  {
    "type": "Feature",
    "geometry": {
       "type": "Point",
       "coordinates":  [ 121.502807,25.040042 ]
    },
    "properties": {
    "行政區":"萬華區",
    "友善店家名稱":"冬仙堂 - 艋舺老字號茶飲",
    "地址":"臺北市萬華區貴陽街二段115-17號\n更正地址：臺北市萬華區貴陽街二段112號",
    "電話":"02-2375-1698",
    "簡介":"是地方上口碑盛傳的頂級古早味茶飲專賣店，招牌產品為手工現敖國寶級庶民飲品[冬瓜露]及艋舺茶古早味紅茶。",
    "英文友善":"1",
    "日文友善":"0",
    "韓文友善":"0",
    "行動裝置充電":"0",
    "無障礙友善":"0",
    "性別友善":"1",
    "便利支付":"0",
    "素食":"1",
    "友善廁所":"0",
    "公平貿易友善":"0",
    "Free WiFi":"1",
    "自行車友善":"0",
    "哺集乳友善":"0",
    "穆斯林友善":"0",
    "月經友善":"0",
    "友善項目總計":4
    }
  },
  {
    "type": "Feature",
    "geometry": {
       "type": "Point",
       "coordinates":  [ 121.50782,25.045294 ]
    },
    "properties": {
    "行政區":"萬華區",
    "友善店家名稱":"西門町芒菓冰",
    "地址":"臺北市萬華區漢中街17號",
    "電話":"02-2388-8511\n0922657279",
    "簡介":"西門町芒果冰的醬汁是用純天然的土芒果做成，完全不加任何一顆糖，用土芒果汁和柔軟雪花混合成的冰體帶著清香與天然的甜味，清新的風味讓人擺脫城市的煩憂。",
    "英文友善":"1",
    "日文友善":"1",
    "韓文友善":"0",
    "行動裝置充電":"0",
    "無障礙友善":"1",
    "性別友善":"1",
    "便利支付":"1",
    "素食":"0",
    "友善廁所":"0",
    "公平貿易友善":"0",
    "Free WiFi":"1",
    "自行車友善":"0",
    "哺集乳友善":"0",
    "穆斯林友善":"0",
    "月經友善":"0",
    "友善項目總計":6
    }
  },
  {
    "type": "Feature",
    "geometry": {
       "type": "Point",
       "coordinates":  [ 121.50595,25.043144 ]
    },
    "properties": {
    "行政區":"萬華區",
    "友善店家名稱":"新東陽西寧門市",
    "地址":"臺北市萬華區西寧南路74號之1",
    "電話":"02-2312-1725/總公司02-2772-6222＃957(郭小姐)",
    "簡介":"新東陽以推動中華美食精緻化，國際化的精神標竿為企業目標，打造”來台必買、出國必帶、台灣特產第一品牌”的企業形象，帶給消費者優質的購物體驗。",
    "英文友善":"1",
    "日文友善":"1",
    "韓文友善":"0",
    "行動裝置充電":"1",
    "無障礙友善":"0",
    "性別友善":"1",
    "便利支付":"1",
    "素食":"1",
    "友善廁所":"1",
    "公平貿易友善":"0",
    "Free WiFi":"1",
    "自行車友善":"0",
    "哺集乳友善":"0",
    "穆斯林友善":"0",
    "月經友善":"0",
    "友善項目總計":8
    }
  },
  {
    "type": "Feature",
    "geometry": {
       "type": "Point",
       "coordinates":  [ 121.49946,25.035852 ]
    },
    "properties": {
    "行政區":"萬華區",
    "友善店家名稱":"瘋殼子通訊龍山寺店",
    "地址":"臺北市萬華區西園路一段153號B1",
    "電話":"0908-910-819",
    "簡介":"3C產品、配件類、充電商品，可提供遊客免費充電WIFI。",
    "英文友善":"1",
    "日文友善":"0",
    "韓文友善":"0",
    "行動裝置充電":"1",
    "無障礙友善":"0",
    "性別友善":"0",
    "便利支付":"1",
    "素食":"0",
    "友善廁所":"0",
    "公平貿易友善":"0",
    "Free WiFi":"1",
    "自行車友善":"0",
    "哺集乳友善":"1",
    "穆斯林友善":"0",
    "月經友善":"0",
    "友善項目總計":5
    }
  },
  {
    "type": "Feature",
    "geometry": {
       "type": "Point",
       "coordinates":  [ 121.500826,25.035091 ]
    },
    "properties": {
    "行政區":"萬華區",
    "友善店家名稱":"九段工坊",
    "地址":"臺北市萬華區和平西路三段102號2F",
    "電話":"02-2302-5841/0932027722",
    "簡介":"以中國風為基礎加上舒適的剪裁與素雅的設計，融合出一種具現代感，",
    "英文友善":"1",
    "日文友善":"0",
    "韓文友善":"0",
    "行動裝置充電":"0",
    "無障礙友善":"0",
    "性別友善":"1",
    "便利支付":"1",
    "素食":"0",
    "友善廁所":"0",
    "公平貿易友善":"0",
    "Free WiFi":"0",
    "自行車友善":"0",
    "哺集乳友善":"0",
    "穆斯林友善":"0",
    "月經友善":"0",
    "友善項目總計":3
    }
  },
  {
    "type": "Feature",
    "geometry": {
       "type": "Point",
       "coordinates":  [ 121.502089,25.034586 ]
    },
    "properties": {
    "行政區":"萬華區",
    "友善店家名稱":"力福泰服裝行",
    "地址":"臺北市萬華區大理街20號",
    "電話":"0917-622553\n02-2306-0988",
    "簡介":"力福泰服裝行專營台灣製家居服批發、零售，產品齊全為大眾提供舒適感與高品質兼備的基本款家居服。",
    "英文友善":"1",
    "日文友善":"1",
    "韓文友善":"0",
    "行動裝置充電":"1",
    "無障礙友善":"0",
    "性別友善":"1",
    "便利支付":"1",
    "素食":"0",
    "友善廁所":"0",
    "公平貿易友善":"0",
    "Free WiFi":"1",
    "自行車友善":"0",
    "哺集乳友善":"0",
    "穆斯林友善":"0",
    "月經友善":"0",
    "友善項目總計":6
    }
  },
  {
    "type": "Feature",
    "geometry": {
       "type": "Point",
       "coordinates":  [ 121.4967,25.026309 ]
    },
    "properties": {
    "行政區":"萬華區",
    "友善店家名稱":"天森木材行",
    "地址":"臺北市萬華區東園街67巷3號",
    "電話":"02-2307-2151/0935-115-373",
    "簡介":"各種原木、木材製品之加工及買賣，運動器具木器類之製造、代客換裝門片、裁切木板裝宅修",
    "英文友善":"1",
    "日文友善":"0",
    "韓文友善":"0",
    "行動裝置充電":"1",
    "無障礙友善":"1",
    "性別友善":"1",
    "便利支付":"0",
    "素食":"0",
    "友善廁所":"1",
    "公平貿易友善":"0",
    "Free WiFi":"0",
    "自行車友善":"0",
    "哺集乳友善":"0",
    "穆斯林友善":"0",
    "月經友善":"0",
    "友善項目總計":5
    }
  },
  {
    "type": "Feature",
    "geometry": {
       "type": "Point",
       "coordinates":  [ 121.501313,25.036314 ]
    },
    "properties": {
    "行政區":"萬華區",
    "友善店家名稱":"萬華太和食品行",
    "地址":"臺北市萬華區康定路300號",
    "電話":"02-2306-9629/0931068387(陳先生)",
    "簡介":"以傳統糕餅為主，鳳梨酥、麥芽酥餅、老婆餅、泡餅(或稱凸餅、酥餅)、小餡餅、綠豆凸、蛋黃酥、古早肉餅、雜糧麵茶等皆為特色商品 。",
    "英文友善":"1",
    "日文友善":"1",
    "韓文友善":"0",
    "行動裝置充電":"0",
    "無障礙友善":"0",
    "性別友善":"1",
    "便利支付":"1",
    "素食":"1",
    "友善廁所":"0",
    "公平貿易友善":"0",
    "Free WiFi":"0",
    "自行車友善":"0",
    "哺集乳友善":"0",
    "穆斯林友善":"0",
    "月經友善":"0",
    "友善項目總計":5
    }
  },
  {
    "type": "Feature",
    "geometry": {
       "type": "Point",
       "coordinates":  [ 121.504,25.033296 ]
    },
    "properties": {
    "行政區":"萬華區",
    "友善店家名稱":"臺北堂餅行 - 摩那卡餅本舖",
    "地址":"臺北市萬華區艋舺大道52號",
    "電話":"02-2336-2024/0932-306-894",
    "簡介":"是一間製作日式甜點的九十多年老店，也是台灣唯一依循古法，純手工製造日式最中餅(MONAKA)的傳統老店。",
    "英文友善":"0",
    "日文友善":"1",
    "韓文友善":"0",
    "行動裝置充電":"0",
    "無障礙友善":"1",
    "性別友善":"1",
    "便利支付":"0",
    "素食":"1",
    "友善廁所":"0",
    "公平貿易友善":"0",
    "Free WiFi":"1",
    "自行車友善":"0",
    "哺集乳友善":"0",
    "穆斯林友善":"0",
    "月經友善":"0",
    "友善項目總計":5
    }
  },
  {
    "type": "Feature",
    "geometry": {
       "type": "Point",
       "coordinates":  [ 121.500326,25.034483 ]
    },
    "properties": {
    "行政區":"萬華區",
    "友善店家名稱":"永盛精品時裝",
    "地址":"臺北市萬華區大理街38號",
    "電話":"02-2306-8613",
    "簡介":"主要以女裝成衣批發與零售，鎖定在中價位禮服，洋裝、上班族、團體制服等，對於客戶來說可以在這以實惠的價格，買到最心儀的產品。",
    "英文友善":"0",
    "日文友善":"0",
    "韓文友善":"0",
    "行動裝置充電":"0",
    "無障礙友善":"0",
    "性別友善":"1",
    "便利支付":"1",
    "素食":"0",
    "友善廁所":"0",
    "公平貿易友善":"0",
    "Free WiFi":"1",
    "自行車友善":"0",
    "哺集乳友善":"0",
    "穆斯林友善":"0",
    "月經友善":"0",
    "友善項目總計":3
    }
  },
  {
    "type": "Feature",
    "geometry": {
       "type": "Point",
       "coordinates":  [ 121.505487,25.047008 ]
    },
    "properties": {
    "行政區":"萬華區",
    "友善店家名稱":"立多精品旅館",
    "地址":"臺北市萬華區開封街二段53號",
    "電話":"02-2381-7899",
    "簡介":"以客為尊，在平價中仍可得到高品質的住宿環境及服務，客人走進旅館感受到家庭溫馨，享有vip級的服務，得到物超所值的感受。",
    "英文友善":"1",
    "日文友善":"0",
    "韓文友善":"0",
    "行動裝置充電":"1",
    "無障礙友善":"0",
    "性別友善":"1",
    "便利支付":"1",
    "素食":"0",
    "友善廁所":"0",
    "公平貿易友善":"0",
    "Free WiFi":"1",
    "自行車友善":"0",
    "哺集乳友善":"0",
    "穆斯林友善":"0",
    "月經友善":"0",
    "友善項目總計":5
    }
  },
  {
    "type": "Feature",
    "geometry": {
       "type": "Point",
       "coordinates":  [ 121.500828,25.040265 ]
    },
    "properties": {
    "行政區":"萬華區",
    "友善店家名稱":"老明玉香舖",
    "地址":"臺北市萬華區貴陽街二段155號",
    "電話":"02-2381-5569",
    "簡介":"經歷四代傳承，至今百年製香，仍以20幾味中藥材為底料，用料堅持天然無化學香料及色素。遵循的古法製成的藥香，不僅使人放鬆與沉澱心靈，還能提神醒腦安定心神。",
    "英文友善":"0",
    "日文友善":"0",
    "韓文友善":"0",
    "行動裝置充電":"0",
    "無障礙友善":"1",
    "性別友善":"1",
    "便利支付":"0",
    "素食":"0",
    "友善廁所":"0",
    "公平貿易友善":"0",
    "Free WiFi":"0",
    "自行車友善":"0",
    "哺集乳友善":"0",
    "穆斯林友善":"0",
    "月經友善":"0",
    "友善項目總計":2
    }
  },
  {
    "type": "Feature",
    "geometry": {
       "type": "Point",
       "coordinates":  [ 121.500577,25.034503 ]
    },
    "properties": {
    "行政區":"萬華區",
    "友善店家名稱":"老萬昌內衣服飾",
    "地址":"臺北市萬華區大理街34號",
    "電話":"02-2304-7851",
    "簡介":"將近四十年的店史，累積不少死忠顧客和好口碑，店內近9成是台灣製，而且種類齊全豐富，更有具信用的多款老牌子，男女大小孩內衣褲。",
    "英文友善":"1",
    "日文友善":"0",
    "韓文友善":"0",
    "行動裝置充電":"0",
    "無障礙友善":"0",
    "性別友善":"1",
    "便利支付":"0",
    "素食":"0",
    "友善廁所":"0",
    "公平貿易友善":"0",
    "Free WiFi":"0",
    "自行車友善":"0",
    "哺集乳友善":"0",
    "穆斯林友善":"0",
    "月經友善":"0",
    "友善項目總計":2
    }
  },
  {
    "type": "Feature",
    "geometry": {
       "type": "Point",
       "coordinates":  [ 121.500702,25.04118 ]
    },
    "properties": {
    "行政區":"萬華區",
    "友善店家名稱":"老濟安 Healing Herbar",
    "地址":"臺北市萬華區西昌街84號1樓",
    "電話":"02-2314-1878/0905-880-126",
    "簡介":"艋舺囝仔出生龍山寺旁青草巷，從小走遍田野河邊山間，採草尋芳。",
    "英文友善":"1",
    "日文友善":"1",
    "韓文友善":"0",
    "行動裝置充電":"0",
    "無障礙友善":"0",
    "性別友善":"1",
    "便利支付":"0",
    "素食":"0",
    "友善廁所":"0",
    "公平貿易友善":"0",
    "Free WiFi":"0",
    "自行車友善":"0",
    "哺集乳友善":"0",
    "穆斯林友善":"0",
    "月經友善":"1",
    "友善項目總計":4
    }
  },
  {
    "type": "Feature",
    "geometry": {
       "type": "Point",
       "coordinates":  [ 121.499217,25.036135 ]
    },
    "properties": {
    "行政區":"萬華區",
    "友善店家名稱":"兩喜號-西園店",
    "地址":"臺北市萬華區西園路一段194號",
    "電話":"02-2336-1129/0955-572-028",
    "簡介":"脆韌有勁、搭配獨家醬料的好味道 以魷魚羹崛起的「兩喜號魷魚羹」老字號，已有84年的歷史，現已成為聞名全省的艋舺小吃。",
    "英文友善":"1",
    "日文友善":"1",
    "韓文友善":"1",
    "行動裝置充電":"0",
    "無障礙友善":"1",
    "性別友善":"1",
    "便利支付":"1",
    "素食":"0",
    "友善廁所":"1",
    "公平貿易友善":"0",
    "Free WiFi":"1",
    "自行車友善":"1",
    "哺集乳友善":"0",
    "穆斯林友善":"0",
    "月經友善":"0",
    "友善項目總計":9
    }
  },
  {
    "type": "Feature",
    "geometry": {
       "type": "Point",
       "coordinates":  [ 121.501566,25.037831 ]
    },
    "properties": {
    "行政區":"萬華區",
    "友善店家名稱":"冠婷批發服飾",
    "地址":"臺北市萬華區康定路239、241號1樓",
    "電話":"02-2308-0703/0933-891-877",
    "簡介":"交通便利，店內設計多為國內有名設計師，多種選擇與不同風格。",
    "英文友善":"0",
    "日文友善":"0",
    "韓文友善":"0",
    "行動裝置充電":"0",
    "無障礙友善":"1",
    "性別友善":"1",
    "便利支付":"1",
    "素食":"0",
    "友善廁所":"0",
    "公平貿易友善":"0",
    "Free WiFi":"1",
    "自行車友善":"0",
    "哺集乳友善":"0",
    "穆斯林友善":"0",
    "月經友善":"0",
    "友善項目總計":4
    }
  },
  {
    "type": "Feature",
    "geometry": {
       "type": "Point",
       "coordinates":  [ 121.499523,25.036142 ]
    },
    "properties": {
    "行政區":"萬華區",
    "友善店家名稱":"柳隅茶舍",
    "地址":"臺北市西園路一段145號B1-10",
    "電話":"02-2308-9743",
    "簡介":"除了專營台灣茶葉，也以茶入菜，讓客人喝好茶，享用美味料理，不只提供高級茶具，更讓客人吃的健康、吃的安心。",
    "英文友善":"1",
    "日文友善":"0",
    "韓文友善":"0",
    "行動裝置充電":"1",
    "無障礙友善":"1",
    "性別友善":"1",
    "便利支付":"1",
    "素食":"0",
    "友善廁所":"0",
    "公平貿易友善":"0",
    "Free WiFi":"1",
    "自行車友善":"1",
    "哺集乳友善":"1",
    "穆斯林友善":"0",
    "月經友善":"0",
    "友善項目總計":8
    }
  },
  {
    "type": "Feature",
    "geometry": {
       "type": "Point",
       "coordinates":  [ 121.499463,25.0344 ]
    },
    "properties": {
    "行政區":"萬華區",
    "友善店家名稱":"洪勝美服裝行",
    "地址":"臺北市萬華區西園路一段181號之1",
    "電話":"02-2302-3632",
    "簡介":"店內服飾的設計款式符合臺灣人體型的女性上班族產品，如襯衫、裙裝、褲裝、改良式唐裝等，方便OL們一次採買完搭配成套上班服。",
    "英文友善":"0",
    "日文友善":"0",
    "韓文友善":"0",
    "行動裝置充電":"1",
    "無障礙友善":"0",
    "性別友善":"1",
    "便利支付":"0",
    "素食":"0",
    "友善廁所":"0",
    "公平貿易友善":"0",
    "Free WiFi":"0",
    "自行車友善":"0",
    "哺集乳友善":"0",
    "穆斯林友善":"0",
    "月經友善":"0",
    "友善項目總計":2
    }
  },
  {
    "type": "Feature",
    "geometry": {
       "type": "Point",
       "coordinates":  [ 121.500445,25.034628 ]
    },
    "properties": {
    "行政區":"萬華區",
    "友善店家名稱":"雅美服裝行",
    "地址":"臺北市萬華區大理街55號",
    "電話":"02-2302-6425/'0931-137-668",
    "簡介":"本店有多達數仟件種款式任君挑選，接受批發與零售。",
    "英文友善":"1",
    "日文友善":"1",
    "韓文友善":"0",
    "行動裝置充電":"0",
    "無障礙友善":"0",
    "性別友善":"1",
    "便利支付":"0",
    "素食":"0",
    "友善廁所":"0",
    "公平貿易友善":"0",
    "Free WiFi":"0",
    "自行車友善":"0",
    "哺集乳友善":"0",
    "穆斯林友善":"0",
    "月經友善":"0",
    "友善項目總計":3
    }
  },
  {
    "type": "Feature",
    "geometry": {
       "type": "Point",
       "coordinates":  [ 121.500221,25.040085 ]
    },
    "properties": {
    "行政區":"萬華區",
    "友善店家名稱":"福大同茶莊",
    "地址":"臺北市萬華區貴陽街二段196號1樓",
    "電話":"02-2375-6527",
    "簡介":"邀請來訪的旅人都能喝上一杯溫潤的熱茶稍坐歇憩，欣賞中華茶文化之美。",
    "英文友善":"1",
    "日文友善":"0",
    "韓文友善":"0",
    "行動裝置充電":"1",
    "無障礙友善":"1",
    "性別友善":"0",
    "便利支付":"0",
    "素食":"0",
    "友善廁所":"0",
    "公平貿易友善":"0",
    "Free WiFi":"1",
    "自行車友善":"0",
    "哺集乳友善":"0",
    "穆斯林友善":"0",
    "月經友善":"0",
    "友善項目總計":4
    }
  },
  {
    "type": "Feature",
    "geometry": {
       "type": "Point",
       "coordinates":  [ 121.498966,25.033607 ]
    },
    "properties": {
    "行政區":"萬華區",
    "友善店家名稱":"福勝睡衣行",
    "地址":"臺北市萬華區西園路一段282巷10號",
    "電話":"02-2308-1863\n新增電話：0925-585999",
    "簡介":"傳統花色外，也是在台少數專賣睡衣、浴衣的店家，第二代老闆接棒後，更是擴展業務至溫泉業者 •SPA按摩等；如果這裡有人剛好想買溫泉業者•SPA按摩等品質的浴衣。",
    "英文友善":"0",
    "日文友善":"0",
    "韓文友善":"0",
    "行動裝置充電":"1",
    "無障礙友善":"0",
    "性別友善":"1",
    "便利支付":"0",
    "素食":"0",
    "友善廁所":"1",
    "公平貿易友善":"0",
    "Free WiFi":"0",
    "自行車友善":"1",
    "哺集乳友善":"1",
    "穆斯林友善":"0",
    "月經友善":"0",
    "友善項目總計":5
    }
  },
  {
    "type": "Feature",
    "geometry": {
       "type": "Point",
       "coordinates":  [ 121.500583,25.03464 ]
    },
    "properties": {
    "行政區":"萬華區",
    "友善店家名稱":"廣盛益",
    "地址":"臺北市萬華區大理街49號",
    "電話":"02-2302-6778",
    "簡介":"本店屬於走少淑女路線，年齡層次廣，單品方面包含T-Shirt、上衣、短褲、牛仔褲、洋裝居多，另有現在年輕人與上班族喜歡的韓系款式眾多。",
    "英文友善":"1",
    "日文友善":"1",
    "韓文友善":"1",
    "行動裝置充電":"0",
    "無障礙友善":"0",
    "性別友善":"1",
    "便利支付":"0",
    "素食":"0",
    "友善廁所":"0",
    "公平貿易友善":"0",
    "Free WiFi":"0",
    "自行車友善":"0",
    "哺集乳友善":"0",
    "穆斯林友善":"0",
    "月經友善":"0",
    "友善項目總計":4
    }
  },
  {
    "type": "Feature",
    "geometry": {
       "type": "Point",
       "coordinates":  [ 121.501064,25.034953 ]
    },
    "properties": {
    "行政區":"萬華區",
    "友善店家名稱":"雙藍童裝babyshop",
    "地址":"臺北市萬華區康定路346號",
    "電話":"02-2306-3526",
    "簡介":"從童裝批發發展至童裝零售再提升至婦幼嬰用品的優生理念作為目標。且為趨應時勢潮流，服務更多的顧客，成立網路訂購服務，希望以更現代化、更便利化，滿足父母對嬰幼用品的需求。",
    "英文友善":"0",
    "日文友善":"0",
    "韓文友善":"0",
    "行動裝置充電":"0",
    "無障礙友善":"1",
    "性別友善":"1",
    "便利支付":"0",
    "素食":"0",
    "友善廁所":"1",
    "公平貿易友善":"0",
    "Free WiFi":"0",
    "自行車友善":"0",
    "哺集乳友善":"0",
    "穆斯林友善":"0",
    "月經友善":"0",
    "友善項目總計":3
    }
  },
  {
    "type": "Feature",
    "geometry": {
       "type": "Point",
       "coordinates":  [ 121.502815,25.039881 ]
    },
    "properties": {
    "行政區":"萬華區",
    "友善店家名稱":"iHERE 當地小茶館",
    "地址":"臺北市萬華區貴陽街二段112號",
    "電話":"02-2311-5960/0915-188-589(蘇先生)",
    "簡介":"【奶茶界的LV】iHERE tea & cafe 採用進口琺瑯鍋現煮三百年歷史的TWININGS英國皇室御用茶製作鍋煮鮮奶茶。",
    "英文友善":"1",
    "日文友善":"0",
    "韓文友善":"0",
    "行動裝置充電":"0",
    "無障礙友善":"0",
    "性別友善":"1",
    "便利支付":"0",
    "素食":"1",
    "友善廁所":"0",
    "公平貿易友善":"0",
    "Free WiFi":"1",
    "自行車友善":"0",
    "哺集乳友善":"0",
    "穆斯林友善":"0",
    "月經友善":"0",
    "友善項目總計":4
    }
  },
  {
    "type": "Feature",
    "geometry": {
       "type": "Point",
       "coordinates":  [ 121.508348,25.045403 ]
    },
    "properties": {
    "行政區":"萬華區",
    "友善店家名稱":"黑橋牌-漢口門市",
    "地址":"臺北市萬華區漢口街二段9號",
    "電話":"02-2381-6878/02-22983155#203張副課",
    "簡介":"黑橋牌食品於1957年成立，因率先將舊時台灣市面上乾鹹的廣式臘腸，改良為現今甜潤多汁的台灣風味，獨創的香腸滋味在台灣炮而紅，成立至今已超過六十年，每逢年節皆可看見店舖大排長龍的搶購盛況，不僅開創台灣香腸的美食傳奇，更奠定現今台灣香腸第一品牌的口碑。\n店內除了販售十多種款式的香腸，更提供多種口味的豬肉乾、牛肉乾、手炒肉酥等美味肉品，全部都是來台必買的美食。近年推出的脆片肉乾、條子肉乾、肉酥餅乾等廣受年輕顧客喜愛，也成為黑橋牌暢銷人氣商品。\n黑橋牌門市多次接獲海內外媒體採訪，香港美食家蔡瀾也曾率團到店選購，黑豬肉香腸、黑豬肉乾、香腸肉包是招牌推薦品，店內並提供鳳梨酥、綠豆糕等各式台灣特產，是來台必訪的特產名店。",
    "英文友善":"1",
    "日文友善":"0",
    "韓文友善":"0",
    "行動裝置充電":"0",
    "無障礙友善":"0",
    "性別友善":"1",
    "便利支付":"1",
    "素食":"1",
    "友善廁所":"0",
    "公平貿易友善":"0",
    "Free WiFi":"0",
    "自行車友善":"0",
    "哺集乳友善":"0",
    "穆斯林友善":"0",
    "月經友善":"0",
    "友善項目總計":4
    }
  },
  {
    "type": "Feature",
    "geometry": {
       "type": "Point",
       "coordinates":  [ 121.501181,25.035557 ]
    },
    "properties": {
    "行政區":"萬華區",
    "友善店家名稱":"黑橋牌-萬華門市",
    "地址":"臺北市萬華區康定路332號",
    "電話":"02-2302-9264/02-22983155#203張副課",
    "簡介":"黑橋牌食品於1957年成立，因率先將舊時台灣市面上乾鹹的廣式臘腸，改良為現今甜潤多汁的台灣風味，獨創的香腸滋味在台灣炮而紅，成立至今已超過六十年，每逢年節皆可看見店舖大排長龍的搶購盛況，不僅開創台灣香腸的美食傳奇，更奠定現今台灣香腸第一品牌的口碑。\n店內除了販售十多種款式的香腸，更提供多種口味的豬肉乾、牛肉乾、手炒肉酥等美味肉品，全部都是來台必買的美食。近年推出的脆片肉乾、條子肉乾、肉酥餅乾等廣受年輕顧客喜愛，也成為黑橋牌暢銷人氣商品。\n黑橋牌門市多次接獲海內外媒體採訪，香港美食家蔡瀾也曾率團到店選購，黑豬肉香腸、黑豬肉乾、香腸肉包是招牌推薦品，店內並提供鳳梨酥、綠豆糕等各式台灣特產，是來台必訪的特產名店。",
    "英文友善":"1",
    "日文友善":"0",
    "韓文友善":"0",
    "行動裝置充電":"0",
    "無障礙友善":"0",
    "性別友善":"1",
    "便利支付":"1",
    "素食":"1",
    "友善廁所":"0",
    "公平貿易友善":"0",
    "Free WiFi":"0",
    "自行車友善":"0",
    "哺集乳友善":"0",
    "穆斯林友善":"0",
    "月經友善":"0",
    "友善項目總計":4
    }
  },
  {
    "type": "Feature",
    "geometry": {
       "type": "Point",
       "coordinates":  [ 121.501245,25.023026 ]
    },
    "properties": {
    "行政區":"萬華區",
    "友善店家名稱":"家香味食堂",
    "地址":"臺北市萬華區長泰街7號",
    "電話":"02-2309-9285",
    "簡介":"三代傳承的家鄉味食堂位於臺北市萬華區。將近半世紀以來，從在地信仰中心—廣照宮旁的小吃攤，發展為融合日式料亭設計的全新店面，堅持選用新鮮食材製作滷肉飯、滷白菜、炸豆腐等招牌，以款待家人的心來服務。家鄉味喜獲2017及2018臺灣滷肉飯節殊榮，顧客口碑更是我們的最高榮譽。家鄉味—回家永遠飯飄香。",
    "英文友善":"1",
    "日文友善":"1",
    "韓文友善":"0",
    "行動裝置充電":"0",
    "無障礙友善":"0",
    "性別友善":"1",
    "便利支付":"1",
    "素食":"0",
    "友善廁所":"0",
    "公平貿易友善":"0",
    "Free WiFi":"0",
    "自行車友善":"1",
    "哺集乳友善":"0",
    "穆斯林友善":"0",
    "月經友善":"0",
    "友善項目總計":5
    }
  },
  {
    "type": "Feature",
    "geometry": {
       "type": "Point",
       "coordinates":  [ 121.496444,25.025811 ]
    },
    "properties": {
    "行政區":"萬華區",
    "友善店家名稱":"喜舍居酒屋",
    "地址":"臺北市萬華區東園街68-1號",
    "電話":"02-2332-1868/0903-100-610(謝小姐)",
    "簡介":"一間溫暖的日式居酒屋\n有各式各樣的酒種 串燒 海鮮等等\n不管開心或悲傷只要來到喜舍吃到我們溫暖的料理 都能感受到快樂",
    "英文友善":"1",
    "日文友善":"1",
    "韓文友善":"0",
    "行動裝置充電":"0",
    "無障礙友善":"0",
    "性別友善":"1",
    "便利支付":"0",
    "素食":"1",
    "友善廁所":"0",
    "公平貿易友善":"0",
    "Free WiFi":"1",
    "自行車友善":"1",
    "哺集乳友善":"0",
    "穆斯林友善":"0",
    "月經友善":"0",
    "友善項目總計":6
    }
  },
  {
    "type": "Feature",
    "geometry": {
       "type": "Point",
       "coordinates":  [ 121.495946,25.026869 ]
    },
    "properties": {
    "行政區":"萬華區",
    "友善店家名稱":"布田花生糖",
    "地址":"臺北市萬華區東園街38號",
    "電話":"02-2305-5263",
    "簡介":"時光回到1960年代。每天一大早，「布田」第一代陳雲呈先騎著孔明車去附近柑仔店鋪貨，快中午回到家，再把花生糖用沙拉油桶一桶一桶綁起來疊在拖板車上，拖到萬華火車站寄到外縣市去。 很多人不知曉，大約五十年前，艋舺可是花生糖生產重鎮，全盛時期有一、二十家製糖商，供應全台各地的柑仔店，滿足大人小孩的甜食慾望。\n\n當年老艋舺的店家，習慣清早用木屑粉升爐熬糖，爐灶在中午過後便要添加木屑粉，而為掌控火候大小，得靠人力踩踏平整。「布田」第二代陳錦村陳爸憶起少年時的爐灶時光： 「添粉時灶中餘溫仍高，每次腳一踏上去，就忍不住像在跳山地舞，部過即便很燙還是要忍耐，不能偷懶，把燃料踩結實，就能保持熱度，糖煮透了自然更香。」這便是所謂的「踏實」吧！",
    "英文友善":"1",
    "日文友善":"1",
    "韓文友善":"0",
    "行動裝置充電":"0",
    "無障礙友善":"0",
    "性別友善":"1",
    "便利支付":"1",
    "素食":"1",
    "友善廁所":"0",
    "公平貿易友善":"0",
    "Free WiFi":"1",
    "自行車友善":"1",
    "哺集乳友善":"0",
    "穆斯林友善":"0",
    "月經友善":"0",
    "友善項目總計":7
    }
  },
  {
    "type": "Feature",
    "geometry": {
       "type": "Point",
       "coordinates":  [ 121.496444,25.025811 ]
    },
    "properties": {
    "行政區":"萬華區",
    "友善店家名稱":"CURA PIZZA",
    "地址":"臺北市萬華區東園街68-9號",
    "電話":"02-2339-5877",
    "簡介":"CURA PIZZA的 「CURA」 是義大利文關懷照顧之意\n張師傅深信這是當年其祖父在創業時的初心這也同時符合 張師傅信仰中的信念，店舖因此命名 .\n在富有人情味的老街區吃著最古老傳統的南義窯烤Pizza，別有一番情調與滋味.若有經過萬華 , 不妨停下腳步試試 .這從南義接軌南萬華的溫馨小店喲！",
    "英文友善":"1",
    "日文友善":"1",
    "韓文友善":"0",
    "行動裝置充電":"1",
    "無障礙友善":"1",
    "性別友善":"1",
    "便利支付":"1",
    "素食":"1",
    "友善廁所":"1",
    "公平貿易友善":"0",
    "Free WiFi":"0",
    "自行車友善":"1",
    "哺集乳友善":"1",
    "穆斯林友善":"0",
    "月經友善":"0",
    "友善項目總計":10
    }
  },
  {
    "type": "Feature",
    "geometry": {
       "type": "Point",
       "coordinates":  [ 121.508692,25.046057 ]
    },
    "properties": {
    "行政區":"萬華區",
    "友善店家名稱":"DOUBLE束胸",
    "地址":"臺北市萬華區開封街二段12號",
    "電話":"02-2361-5170/02-2999-0907#24邱小姐",
    "簡介":"店址位於熱鬧西門商圈，緊臨福星國小旁，提供消費者舒適自在的購物空間。店內除全系列DOUBLE 束胸產品，潮流T恤、彩虹精品，引進各式流行配件未來將增加各式屬於MIT製作優質產品，希望能提供更多元的商品給消費者。歡迎大家來DOUBLE HOUSE 參觀選購喔!",
    "英文友善":"1",
    "日文友善":"0",
    "韓文友善":"0",
    "行動裝置充電":"0",
    "無障礙友善":"0",
    "性別友善":"1",
    "便利支付":"1",
    "素食":"0",
    "友善廁所":"0",
    "公平貿易友善":"0",
    "Free WiFi":"1",
    "自行車友善":"0",
    "哺集乳友善":"0",
    "穆斯林友善":"0",
    "月經友善":"0",
    "友善項目總計":4
    }
  },
  {
    "type": "Feature",
    "geometry": {
       "type": "Point",
       "coordinates":  [ 121.504991,25.042891 ]
    },
    "properties": {
    "行政區":"萬華區",
    "友善店家名稱":"世運食品",
    "地址":"臺北市萬華區成都路78號1樓",
    "電話":"02-2331-4578店面/02-2311-5507#627邱小姐\n",
    "簡介":"世運食品成立於1950年由創辦人吳定標先生所創立，因創辦人帶領台灣柔道選手參與世界奧林匹克運動會，因創辦人嚮往奧林匹克公正、忍耐、真誠運動職人之精神，希望把這精神帶入世運品牌，所以取名「世運」。運動家精神的Logo Design，也有著\"努力不懈，追求卓越\"之意涵，理念上也承襲著中華傳統文化。\"天行健，君子以自強不息\"\"地勢坤，君子以德載物\"",
    "英文友善":"0",
    "日文友善":"0",
    "韓文友善":"0",
    "行動裝置充電":"0",
    "無障礙友善":"0",
    "性別友善":"1",
    "便利支付":"1",
    "素食":"1",
    "友善廁所":"0",
    "公平貿易友善":"0",
    "Free WiFi":"1",
    "自行車友善":"0",
    "哺集乳友善":"0",
    "穆斯林友善":"0",
    "月經友善":"0",
    "友善項目總計":4
    }
  },
  {
    "type": "Feature",
    "geometry": {
       "type": "Point",
       "coordinates":  [ 121.507881,25.048328 ]
    },
    "properties": {
    "行政區":"萬華區",
    "友善店家名稱":"初見輕旅",
    "地址":"臺北市萬華區忠孝西路二段38號",
    "電話":"02-2388-6813\n",
    "簡介":"我們快樂，世界在囍門同樂。\n退休旅人經營的旅途落腳處，交通位置優越，距離北門捷運站僅屋分鐘步行距離，機場捷運站僅10分鐘步行，作為旅途的起點與終點最為合適。 櫃台每一位服務人員都曾是旅人，有些甚至有20年的導遊經驗，對於台灣該怎麼玩別錯過什麼，我們將盡全力為您解答。\n房型有上下雙人床以及上下單人床，走廊與公共空間皆是老闆親自手繪萬華區景色，留一張照片不佔多少記憶體，但一定豐富回憶。",
    "英文友善":"0",
    "日文友善":"0",
    "韓文友善":"0",
    "行動裝置充電":"0",
    "無障礙友善":"1",
    "性別友善":"1",
    "便利支付":"1",
    "素食":"0",
    "友善廁所":"0",
    "公平貿易友善":"0",
    "Free WiFi":"1",
    "自行車友善":"0",
    "哺集乳友善":"0",
    "穆斯林友善":"0",
    "月經友善":"0",
    "友善項目總計":4
    }
  },
  {
    "type": "Feature",
    "geometry": {
       "type": "Point",
       "coordinates":  [ 121.506936,25.040707 ]
    },
    "properties": {
    "行政區":"萬華區",
    "友善店家名稱":"囍閱文旅",
    "地址":"臺北市萬華區長沙街二段11號10樓",
    "電話":"02-2388-6235/0921-209-646(林先生)",
    "簡介":"老旅店新生，保留歷史感的全新旅店。囍閱文旅位於臺北市萬華區，地理位置優越，距離剝皮寮老街不到 1 公里，距離總統府步行 10 分鐘，距離臺北中山堂不到 1 公里。旅館設有 24 小時接待櫃台、觀光旅遊櫃台及全館免費 WiFi。館內禁止吸菸，距離西門紅樓 600 公尺。\n\n客房均配有空調、平面有線電視、冰箱、熱水壺、淋浴、吹風機和書桌。客房設有附浴缸和免費盥洗用品的私人衛浴，亦享有市景。",
    "英文友善":"1",
    "日文友善":"1",
    "韓文友善":"0",
    "行動裝置充電":"1",
    "無障礙友善":"1",
    "性別友善":"1",
    "便利支付":"1",
    "素食":"0",
    "友善廁所":"0",
    "公平貿易友善":"0",
    "Free WiFi":"1",
    "自行車友善":"1",
    "哺集乳友善":"0",
    "穆斯林友善":"0",
    "月經友善":"0",
    "友善項目總計":8
    }
  },
  {
    "type": "Feature",
    "geometry": {
       "type": "Point",
       "coordinates":  [ 121.507032,25.039365 ]
    },
    "properties": {
    "行政區":"萬華區",
    "友善店家名稱":"本願豆花店",
    "地址":"臺北市萬華區貴陽街二段1號",
    "電話":"0988-576-776",
    "簡介":"不會煮就谷一下，谷不出來就問老師傅。\n簡單的豆花、冰冰的紅茶，應該夠路人撐過夏天。\n熱熱的仙草、暖暖的甜湯，也許夠街坊暖活冬天。\n春天、秋天...很難備料...想到什麼煮什麼。\n產品\n月均溫30度C以上:冰豆花、冰紅茶、仙草冰\n月均溫20度C以下:冷熱豆花、紅豆圓仔湯、燒仙草\n月均溫21~29度C之間: 這季節店主只能看著辦。",
    "英文友善":"1",
    "日文友善":"1",
    "韓文友善":"0",
    "行動裝置充電":"1",
    "無障礙友善":"0",
    "性別友善":"0",
    "便利支付":"1",
    "素食":"1",
    "友善廁所":"0",
    "公平貿易友善":"0",
    "Free WiFi":"0",
    "自行車友善":"1",
    "哺集乳友善":"0",
    "穆斯林友善":"0",
    "月經友善":"0",
    "友善項目總計":6
    }
  },
  {
    "type": "Feature",
    "geometry": {
       "type": "Point",
       "coordinates":  [ 121.506698,25.041311 ]
    },
    "properties": {
    "行政區":"萬華區",
    "友善店家名稱":"丹居青旅",
    "地址":"臺北市萬華區漢中街154號",
    "電話":"0977-066-154旅店/0933-220-479許小姐",
    "簡介":"位在西門町的丹居青旅，1樓有販賣咖啡，步行2分鐘可抵達西門紅樓、3分鐘到達熱鬧的西門町商圈，是外來旅客的最佳選擇。\n西門站1號出口，步行2分鐘即可抵達。\n2 minutes walk from Exit No.1 of MRT Ximen Station.",
    "英文友善":"1",
    "日文友善":"0",
    "韓文友善":"0",
    "行動裝置充電":"0",
    "無障礙友善":"0",
    "性別友善":"0",
    "便利支付":"0",
    "素食":"0",
    "友善廁所":"1",
    "公平貿易友善":"0",
    "Free WiFi":"1",
    "自行車友善":"0",
    "哺集乳友善":"0",
    "穆斯林友善":"0",
    "月經友善":"1",
    "友善項目總計":4
    }
  },
  {
    "type": "Feature",
    "geometry": {
       "type": "Point",
       "coordinates":  [ 121.498565,25.039172 ]
    },
    "properties": {
    "行政區":"萬華區",
    "友善店家名稱":"小王煮瓜",
    "地址":"臺北市萬華區華西街17之4號",
    "電話":"02-23707118\n02-23830099/'0970-533-130",
    "簡介":"於1975年創立的小王煮瓜(原:小王清湯瓜仔肉)，位在華西街夜市，是艋舺在地人從小吃到大的家常美食，2019年更獲米其林必比登推薦。來到這裡絕對不能錯過招牌「清湯瓜仔肉湯」，以豬後腿肉打魚漿，現捏現煮，並特選老牌花瓜熬煮大骨湯，甘甜湯頭煮出醬瓜的古味新吃法。還有以獨門醬汁、每日熬煮六至八小時的「黑金滷肉飯」。庶民的酒家菜，也是艋舺小王的手路菜，歡迎品嚐！。",
    "英文友善":"0",
    "日文友善":"0",
    "韓文友善":"0",
    "行動裝置充電":"0",
    "無障礙友善":"1",
    "性別友善":"1",
    "便利支付":"1",
    "素食":"0",
    "友善廁所":"1",
    "公平貿易友善":"0",
    "Free WiFi":"1",
    "自行車友善":"1",
    "哺集乳友善":"1",
    "穆斯林友善":"0",
    "月經友善":"0",
    "友善項目總計":7
    }
  },
  {
    "type": "Feature",
    "geometry": {
       "type": "Point",
       "coordinates":  [ 121.506752,25.045234 ]
    },
    "properties": {
    "行政區":"萬華區",
    "友善店家名稱":"瑞格華有限公司",
    "地址":"臺北市萬華區西寧南路101號",
    "電話":"02-2312-0816",
    "簡介":"瑞格華-大海刀品自1997年以來，秉持著專業與誠信，以最合理的價格提供各式新穎優質的商品，並持續地網羅全世界不同類型的專業廠牌和高品質商品以供適合實用及合法收藏刀具。",
    "英文友善":"1",
    "日文友善":"1",
    "韓文友善":"0",
    "行動裝置充電":"1",
    "無障礙友善":"1",
    "性別友善":"1",
    "便利支付":"1",
    "素食":"0",
    "友善廁所":"1",
    "公平貿易友善":"0",
    "Free WiFi":"1",
    "自行車友善":"0",
    "哺集乳友善":"1",
    "穆斯林友善":"0",
    "月經友善":"0",
    "友善項目總計":9
    }
  },
  {
    "type": "Feature",
    "geometry": {
       "type": "Point",
       "coordinates":  [ 121.504638,25.042494 ]
    },
    "properties": {
    "行政區":"萬華區",
    "友善店家名稱":"食焱廠創意鍋物",
    "地址":"臺北市萬華區昆明街146號",
    "電話":"02-2375-6009/02-2331-0229總公司",
    "簡介":"八海國際長年鑽研餐飲，決定以「火鍋」讓客人自己調整食用風味。\n用創意找出食材的新定律，在已知裡尋找未知，在平凡中創造感動，\n透過實驗家精神來展現對食材的重視，鍋物的高溫來傳遞對食材的狂熱。期待能將每天都須吃飯這樣的必然，昇華成為心靈的滿足；在店內的空間設計上，也藏有小巧思，無論是一人隻身前往或與親朋好友聚餐，都能享有小確幸",
    "英文友善":"1",
    "日文友善":"1",
    "韓文友善":"1",
    "行動裝置充電":"1",
    "無障礙友善":"0",
    "性別友善":"1",
    "便利支付":"0",
    "素食":"1",
    "友善廁所":"1",
    "公平貿易友善":"0",
    "Free WiFi":"1",
    "自行車友善":"0",
    "哺集乳友善":"0",
    "穆斯林友善":"0",
    "月經友善":"0",
    "友善項目總計":8
    }
  },
  {
    "type": "Feature",
    "geometry": {
       "type": "Point",
       "coordinates":  [ 121.504709,25.042019 ]
    },
    "properties": {
    "行政區":"萬華區",
    "友善店家名稱":"町‧如固咖啡",
    "地址":"臺北市萬華區昆明街113號",
    "電話":"02-2312-1123/02-2331-0229總公司\n",
    "簡介":"是由兩位堅持本業的職人，烘豆師王詩如（LuLuWang)以及\n咖啡師侯珍微(WeiWeiHou)兩人合作創立。\n時間與空間的軸線上，我們總是在探詢故事裡初衷，\n如固咖啡的故事是從最初的種子而開始，\n最後放進有溫度的杯子內，誘出飲者味覺裡的各種回憶，\n成就一杯專屬的美。",
    "英文友善":"1",
    "日文友善":"1",
    "韓文友善":"0",
    "行動裝置充電":"1",
    "無障礙友善":"0",
    "性別友善":"1",
    "便利支付":"0",
    "素食":"1",
    "友善廁所":"1",
    "公平貿易友善":"0",
    "Free WiFi":"1",
    "自行車友善":"0",
    "哺集乳友善":"0",
    "穆斯林友善":"0",
    "月經友善":"0",
    "友善項目總計":7
    }
  },
  {
    "type": "Feature",
    "geometry": {
       "type": "Point",
       "coordinates":  [ 121.504687,25.0419 ]
    },
    "properties": {
    "行政區":"萬華區",
    "友善店家名稱":"町‧記憶旅店",
    "地址":"臺北市萬華區昆明街119號1-7樓",
    "電話":"02-2370-9830/02-2331-0229總公司",
    "簡介":"用記憶，留下回憶。\n信，是最有溫度的文字。郵戳，是傳送思念的起點。\n跨越語言，我們用信件包裹為藍圖，在踏進旅店的同時就將這樣的溫度傳遞給每位旅客，想表達的不僅是人與人的話語，更是想將寄送與收到的當下，那種最真誠的溫度、最令人溫暖的思念親手交給旅客們。",
    "英文友善":"1",
    "日文友善":"1",
    "韓文友善":"0",
    "行動裝置充電":"1",
    "無障礙友善":"1",
    "性別友善":"1",
    "便利支付":"1",
    "素食":"1",
    "友善廁所":"1",
    "公平貿易友善":"0",
    "Free WiFi":"1",
    "自行車友善":"0",
    "哺集乳友善":"0",
    "穆斯林友善":"0",
    "月經友善":"1",
    "友善項目總計":10
    }
  },
  {
    "type": "Feature",
    "geometry": {
       "type": "Point",
       "coordinates":  [ 121.531979,25.048575 ]
    },
    "properties": {
    "行政區":"中山區",
    "友善店家名稱":"陳爸手工皂",
    "地址":"臺北市中山區長安東路二段47-3號2樓",
    "電話":"0935-168-078/02 2375 3980",
    "簡介":"秉持著天然,手做,少量生產的基本要求, 同時做出一些使用起來舒適又能讓土地不受到污染的產品.",
    "英文友善":"1",
    "日文友善":"1",
    "韓文友善":"0",
    "行動裝置充電":"0",
    "無障礙友善":"0",
    "性別友善":"0",
    "便利支付":"1",
    "素食":"0",
    "友善廁所":"0",
    "公平貿易友善":"0",
    "Free WiFi":"1",
    "自行車友善":"0",
    "哺集乳友善":"0",
    "穆斯林友善":"0",
    "月經友善":"1",
    "友善項目總計":5
    }
  },
  {
    "type": "Feature",
    "geometry": {
       "type": "Point",
       "coordinates":  [ 121.499843,25.033306 ]
    },
    "properties": {
    "行政區":"萬華區",
    "友善店家名稱":"凱達大飯店",
    "地址":"臺北市萬華區艋舺大道167號",
    "電話":"02-2306-6777",
    "簡介":"凱達串連都會交通、城市文化與藝術作品，提供在地行程建議，體驗都會聰明新玩法。 750 間設計客房、2 間中西式餐廳及 7 米 2 挑高宴會廳帶來視野與美食的新感受。完善的露天泳池、健身房等設施，給旅客細心的旅程感動",
    "英文友善":"1",
    "日文友善":"1",
    "韓文友善":"1",
    "行動裝置充電":"0",
    "無障礙友善":"1",
    "性別友善":"0",
    "便利支付":"1",
    "素食":"0",
    "友善廁所":"1",
    "公平貿易友善":"0",
    "Free WiFi":"1",
    "自行車友善":"0",
    "哺集乳友善":"1",
    "穆斯林友善":"1",
    "月經友善":"0",
    "友善項目總計":9
    }
  },
  {
    "type": "Feature",
    "geometry": {
       "type": "Point",
       "coordinates":  [ 121.504651,25.042565 ]
    },
    "properties": {
    "行政區":"萬華區",
    "友善店家名稱":"町記憶旅店3館",
    "地址":"臺北市萬華區昆明街142號2樓",
    "電話":"02-2370-9930",
    "簡介":"用記憶，留下回憶。\n信，是最有溫度的文字。郵戳，是傳送思念的起點。\n跨越語言，我們用信件包裹為藍圖，在踏進旅店的同時就將這樣的溫度傳遞給每位旅客，想表達的不僅是人與人的話語，更是想將寄送與收到的當下，那種最真誠的溫度、最令人溫暖的思念親手交給旅客們。",
    "英文友善":"1",
    "日文友善":"0",
    "韓文友善":"0",
    "行動裝置充電":"1",
    "無障礙友善":"1",
    "性別友善":"1",
    "便利支付":"1",
    "素食":"1",
    "友善廁所":"1",
    "公平貿易友善":"0",
    "Free WiFi":"1",
    "自行車友善":"0",
    "哺集乳友善":"0",
    "穆斯林友善":"0",
    "月經友善":"1",
    "友善項目總計":9
    }
  },
  {
    "type": "Feature",
    "geometry": {
       "type": "Point",
       "coordinates":  [ 121.502018,25.034586 ]
    },
    "properties": {
    "行政區":"萬華區",
    "友善店家名稱":"吃喝玩樂整合行銷有限公司-MYDNA售票網",
    "地址":"臺北市萬華區大理街22號",
    "電話":"02-2336-3999/0930-123-435",
    "簡介":"舉凡餐券、禮券、遊樂園門票、展覽票、住宿券，通通都有在販售。\n放假特休，不知道可以去那邊玩？\n生日紀念日，不知道可以去那邊吃飯？\n獎勵員工企業送禮，不知道如何送到心坎裡？\n以上問題通通可以幫你解決\n而且達到省時、省錢、省預算",
    "英文友善":"1",
    "日文友善":"0",
    "韓文友善":"0",
    "行動裝置充電":"1",
    "無障礙友善":"0",
    "性別友善":"1",
    "便利支付":"0",
    "素食":"0",
    "友善廁所":"1",
    "公平貿易友善":"0",
    "Free WiFi":"1",
    "自行車友善":"1",
    "哺集乳友善":"1",
    "穆斯林友善":"0",
    "月經友善":"0",
    "友善項目總計":7
    }
  },
  {
    "type": "Feature",
    "geometry": {
       "type": "Point",
       "coordinates":  [ 121.506732,25.041716 ]
    },
    "properties": {
    "行政區":"萬華區",
    "友善店家名稱":"THE garden \n花園小酒館",
    "地址":"臺北市萬華區成都路10巷31、33號1樓",
    "電話":"02-2311-0587",
    "簡介":"休閒、舒服的戶外廣場，提供多項餐飲選擇與大螢幕運動比賽頻道欣賞。",
    "英文友善":"1",
    "日文友善":"1",
    "韓文友善":"1",
    "行動裝置充電":"1",
    "無障礙友善":"1",
    "性別友善":"1",
    "便利支付":"1",
    "素食":"1",
    "友善廁所":"1",
    "公平貿易友善":"0",
    "Free WiFi":"1",
    "自行車友善":"1",
    "哺集乳友善":"0",
    "穆斯林友善":"0",
    "月經友善":"1",
    "友善項目總計":12
    }
  },
  {
    "type": "Feature",
    "geometry": {
       "type": "Point",
       "coordinates":  [ 121.50807,25.043904 ]
    },
    "properties": {
    "行政區":"萬華區",
    "友善店家名稱":"玉林雞腿大王",
    "地址":"臺北市萬華區中華路一段114巷9號",
    "電話":"02-2371-4920",
    "簡介":"炸饗西門町逾一甲子的輝煌。溫體雞腿，厚切排骨，油溫180，外酥內軟金黃多汁，特調酸甜醬淋下，那是跨世代的味覺芳華。美味配方四代人揮汗傳承，祖師級的粉腳色，庶民與饕客吮指同樂！",
    "英文友善":"0",
    "日文友善":"0",
    "韓文友善":"0",
    "行動裝置充電":"0",
    "無障礙友善":"0",
    "性別友善":"1",
    "便利支付":"0",
    "素食":"0",
    "友善廁所":"0",
    "公平貿易友善":"0",
    "Free WiFi":"0",
    "自行車友善":"0",
    "哺集乳友善":"0",
    "穆斯林友善":"0",
    "月經友善":"0",
    "友善項目總計":1
    }
  },
  {
    "type": "Feature",
    "geometry": {
       "type": "Point",
       "coordinates":  [ 121.500584,25.036076 ]
    },
    "properties": {
    "行政區":"萬華區",
    "友善店家名稱":"三六食粑",
    "地址":"臺北市萬華區三水街92號",
    "電話":"02-2306-3765 蔡小姐/0989-013-449(楊小姐)",
    "簡介":"過節的糕餅招福氣，拜拜的供品結善緣，綿延四代，艋舺最黏人的古意點心，呷甜甜、過好日，圓滿一世情。",
    "英文友善":"0",
    "日文友善":"0",
    "韓文友善":"0",
    "行動裝置充電":"0",
    "無障礙友善":"0",
    "性別友善":"1",
    "便利支付":"0",
    "素食":"0",
    "友善廁所":"0",
    "公平貿易友善":"0",
    "Free WiFi":"0",
    "自行車友善":"0",
    "哺集乳友善":"0",
    "穆斯林友善":"0",
    "月經友善":"0",
    "友善項目總計":1
    }
  },
  {
    "type": "Feature",
    "geometry": {
       "type": "Point",
       "coordinates":  [ 121.500775,25.040586 ]
    },
    "properties": {
    "行政區":"萬華區",
    "友善店家名稱":"元味串燒",
    "地址":"臺北市萬華區西昌街111號1樓前棟",
    "電話":"02-2311-1301/0939-341-194(蕭小姐)",
    "簡介":"1983年，萬華西昌街與貴陽街口，小攤車飄起了香噴噴的烤肉味道，\n蕭家夫妻埋首，爐火邊揮汗燒烤。\n新鮮食材自配滷包，烤醬用20種中藥材加冰糖特熬。七里香半切，老火候逼出油膩腥氣，外酥內脆，\n老師傅的手工甜不辣、紅上大螢幕的艋舺大雞腿…\n浸滷、沾醬、現點現烤，兩代傳承有料。\n一串串從小吃到大，萬華的孩子記牢牢，\n走遍天涯，再遠都不忘，家的味道。",
    "英文友善":"1",
    "日文友善":"0",
    "韓文友善":"0",
    "行動裝置充電":"1",
    "無障礙友善":"1",
    "性別友善":"1",
    "便利支付":"0",
    "素食":"1",
    "友善廁所":"0",
    "公平貿易友善":"0",
    "Free WiFi":"1",
    "自行車友善":"0",
    "哺集乳友善":"0",
    "穆斯林友善":"0",
    "月經友善":"0",
    "友善項目總計":6
    }
  },
  {
    "type": "Feature",
    "geometry": {
       "type": "Point",
       "coordinates":  [ 121.497746,25.020375 ]
    },
    "properties": {
    "行政區":"萬華區",
    "友善店家名稱":"堂德易",
    "地址":"臺北市萬華區萬大路454號",
    "電話":"02-2303-4343",
    "簡介":"老藥舖秘方良食，吃巧也吃補！\n小麥發芽，糯米蒸炊，慢火熬出天然甜；\n麥芽膏再加麥門冬與枇杷葉，燉梨最優選。\n萬華在地三十年中藥行，益德堂兩代同心，\n丹膏丸散代客煎製，取材天然中藥護持。\n老藥舖的獨門智慧，化為生活的秘方良食，\n堂德易讓你吃巧也吃補，輕鬆養身不吃苦。",
    "英文友善":"0",
    "日文友善":"0",
    "韓文友善":"0",
    "行動裝置充電":"0",
    "無障礙友善":"0",
    "性別友善":"1",
    "便利支付":"1",
    "素食":"0",
    "友善廁所":"1",
    "公平貿易友善":"0",
    "Free WiFi":"1",
    "自行車友善":"0",
    "哺集乳友善":"0",
    "穆斯林友善":"0",
    "月經友善":"0",
    "友善項目總計":4
    }
  },
  {
    "type": "Feature",
    "geometry": {
       "type": "Point",
       "coordinates":  [ 121.505724,25.042907 ]
    },
    "properties": {
    "行政區":"萬華區",
    "友善店家名稱":"貳拾陸巷 Somebody Cafe",
    "地址":"臺北市萬華區成都路65號2樓",
    "電話":"02-2311-2371",
    "簡介":"不斷傳遞著「Live What you dream」生活信仰的貳拾陸巷，起初只是藝術家《張凡旋》想找個空間分享自己的作品，後來也邀請其他藝術家們參與展覽，每年參與臺北藝穗節，讓舞台劇、現場劇或相聲、現代舞等表演藝術有更多機會可以接近民眾，《貳拾陸巷│Somebody Café》也會邀請戲劇、舞蹈或音樂創作者在這小小的舞台裡一起找到大夢想，就是希望每個人的夢想都可以成為生活的一部分，帶著夢想快樂生活。\n在這裡，我們可以發現貳拾陸巷主人《張凡旋》風格鮮明的手稿畫作外，還有一系列傳達著童趣夢想的裝置和作品，《張凡旋》於2007年創作的作品超大學生桌椅、2008年不睡覺的貓頭鷹、2009年創作的白日夢搖搖雞、2010的蘑菇森林…等等，進入《貳拾陸巷│Somebody Café》你將發現，自己就像再次回到小孩子的視線去看世界，找回那份孩子般地勇敢作夢、容易滿足、容易開心的赤子之心。\n一個由藝術家，用黑白線條意外延展出來的夢想花園，不只默默地展示自己播種、植栽的夢想，也希望，更多人可以在這裡找創意生活與開心夢想的種子、沃土，《貳拾陸巷│Somebody Café》想做的不只是創意生活的美好實踐，更想做的是「夢想的園丁」。\n2015年搬遷至臺北市成都路新址後，受限營業空間縮小，重新定位為插畫家分享自己生活創作的咖啡廳，除了小型作品展覽外，藝文同好分享創作。自2007年至今，已是不少文青觀光客造訪臺北西門町的歇腳處。",
    "英文友善":"1",
    "日文友善":"0",
    "韓文友善":"0",
    "行動裝置充電":"1",
    "無障礙友善":"0",
    "性別友善":"1",
    "便利支付":"1",
    "素食":"0",
    "友善廁所":"1",
    "公平貿易友善":"0",
    "Free WiFi":"1",
    "自行車友善":"0",
    "哺集乳友善":"0",
    "穆斯林友善":"0",
    "月經友善":"1",
    "友善項目總計":7
    }
  },
  {
    "type": "Feature",
    "geometry": {
       "type": "Point",
       "coordinates":  [ 121.50237,25.036 ]
    },
    "properties": {
    "行政區":"萬華區",
    "友善店家名稱":"艋甲大豐",
    "地址":"臺北市萬華區三水街62號",
    "電話":"02-2306-0532",
    "簡介":"豐湃手作甲味鮮\n─ 艋甲大豐 Da Fond Fishball\n\n大船入港，送來大海的豐饒，\n北漂的一家人，早年在基隆落腳，\n阿公帶著13歲阿爸，旗魚丸一粒粒打出名號。\n多年後，阿爸在萬華東三水市場安身起灶，\n新鮮魚肉打漿捏丸，炸物厚工備料，\n雙手從小練出握力，隨時出入零下20度C。\n歷經悠悠歲月，鄭家三代職人精神傳接，\n選料做工謹守阿公原汁原味，創新也不停歇。\n萬華老味道甲味鮮，豐湃好丸，賞味趁鮮！",
    "英文友善":"0",
    "日文友善":"0",
    "韓文友善":"0",
    "行動裝置充電":"0",
    "無障礙友善":"0",
    "性別友善":"1",
    "便利支付":"0",
    "素食":"0",
    "友善廁所":"0",
    "公平貿易友善":"0",
    "Free WiFi":"0",
    "自行車友善":"0",
    "哺集乳友善":"0",
    "穆斯林友善":"0",
    "月經友善":"0",
    "友善項目總計":1
    }
  },
  {
    "type": "Feature",
    "geometry": {
       "type": "Point",
       "coordinates":  [ 121.501275,25.036705 ]
    },
    "properties": {
    "行政區":"萬華區",
    "友善店家名稱":"川業肉圓( 原萬華新竹肉圓)",
    "地址":"臺北市萬華區廣州街165號",
    "電話":"02-2308-1641/\n0930-479-216陳勁宏先生\n",
    "簡介":"西元1910年在新竹城隍廟旁(現新竹國雲停車場)開始掮挑扁擔創業販賣肉圓.貢丸湯.肉羹湯發跡營生，因當時艋舺發展正興盛，因而在北上深耕落腳\n承業挑擔起家，兒子雲龍.雲輝龍山商場接棒\n1984年，由三代明源接棒\n1993年，龍山商場拆遷，暫時於三水街販售\n2005年，新竹肉圓終於有了自己的店面，持續經營努力\n2016年，第四代勁宏投入一同經營\n2021年，傳承111年的老店轉型，賦予新的名字【川圓】\n四代傳承，永保初心",
    "英文友善":"1",
    "日文友善":"1",
    "韓文友善":"1",
    "行動裝置充電":"0",
    "無障礙友善":"1",
    "性別友善":"1",
    "便利支付":"1",
    "素食":"0",
    "友善廁所":"1",
    "公平貿易友善":"0",
    "Free WiFi":"0",
    "自行車友善":"1",
    "哺集乳友善":"0",
    "穆斯林友善":"0",
    "月經友善":"0",
    "友善項目總計":8
    }
  },
  {
    "type": "Feature",
    "geometry": {
       "type": "Point",
       "coordinates":  [ 121.500746,25.039694 ]
    },
    "properties": {
    "行政區":"萬華區",
    "友善店家名稱":"巧婦超市",
    "地址":"臺北市萬華區西昌街143、145號",
    "電話":"02-2312-0929",
    "簡介":"巧婦超市從民國47年創立到現在\n47年是萬華區菜市場裡的一間小雜貨店\n78年開始是萬華區西昌街上的社區超市",
    "英文友善":"0",
    "日文友善":"0",
    "韓文友善":"0",
    "行動裝置充電":"0",
    "無障礙友善":"0",
    "性別友善":"0",
    "便利支付":"1",
    "素食":"0",
    "友善廁所":"0",
    "公平貿易友善":"0",
    "Free WiFi":"0",
    "自行車友善":"0",
    "哺集乳友善":"0",
    "穆斯林友善":"0",
    "月經友善":"0",
    "友善項目總計":1
    }
  },
  {
    "type": "Feature",
    "geometry": {
       "type": "Point",
       "coordinates":  [ 121.502805,25.04466 ]
    },
    "properties": {
    "行政區":"萬華區",
    "友善店家名稱":"旺旺屋",
    "地址":"臺北市萬華區康定路287像26-1號",
    "電話":"02-2304-0446",
    "簡介":"座落在萬華的小巷子內，有咖啡、甜點，還有店狗與中途的狗狗！",
    "英文友善":"1",
    "日文友善":"0",
    "韓文友善":"0",
    "行動裝置充電":"0",
    "無障礙友善":"0",
    "性別友善":"1",
    "便利支付":"0",
    "素食":"0",
    "友善廁所":"1",
    "公平貿易友善":"0",
    "Free WiFi":"1",
    "自行車友善":"0",
    "哺集乳友善":"0",
    "穆斯林友善":"0",
    "月經友善":"0",
    "友善項目總計":4
    }
  },
  {
    "type": "Feature",
    "geometry": {
       "type": "Point",
       "coordinates":  [ 121.499464,25.0343 ]
    },
    "properties": {
    "行政區":"萬華區",
    "友善店家名稱":"宏興服裝行",
    "地址":"臺北市萬華區西園路一段183號",
    "電話":"02-2308-4470",
    "簡介":"宏興是女裝販賣店家，歡迎各位來店選購～",
    "英文友善":"0",
    "日文友善":"0",
    "韓文友善":"0",
    "行動裝置充電":"0",
    "無障礙友善":"0",
    "性別友善":"1",
    "便利支付":"0",
    "素食":"0",
    "友善廁所":"0",
    "公平貿易友善":"0",
    "Free WiFi":"0",
    "自行車友善":"0",
    "哺集乳友善":"0",
    "穆斯林友善":"0",
    "月經友善":"0",
    "友善項目總計":1
    }
  },
  {
    "type": "Feature",
    "geometry": {
       "type": "Point",
       "coordinates":  [ 121.498763,25.034122 ]
    },
    "properties": {
    "行政區":"萬華區",
    "友善店家名稱":"淑女服飾～文進睡衣系列",
    "地址":"臺北市萬華區西園路一段215號",
    "電話":"02-2336-8282",
    "簡介":"文進睡衣行四十多年老字號睡衣行批發發、零售，提供MIT男女純棉睡衣褲、和服。\n\n淑女服飾主要以女裝成衣批發、零售。提供平價且多樣的上衣跟休閒褲。",
    "英文友善":"0",
    "日文友善":"0",
    "韓文友善":"0",
    "行動裝置充電":"0",
    "無障礙友善":"0",
    "性別友善":"0",
    "便利支付":"1",
    "素食":"0",
    "友善廁所":"1",
    "公平貿易友善":"0",
    "Free WiFi":"0",
    "自行車友善":"0",
    "哺集乳友善":"0",
    "穆斯林友善":"0",
    "月經友善":"1",
    "友善項目總計":3
    }
  },
  {
    "type": "Feature",
    "geometry": {
       "type": "Point",
       "coordinates":  [ 121.499202,25.036773 ]
    },
    "properties": {
    "行政區":"萬華區",
    "友善店家名稱":"九日咖啡",
    "地址":"臺北市萬華區廣州街213號",
    "電話":"02-2306-2885",
    "簡介":"中萬華第一間咖啡店，由一個老鎖匠斜槓看咖啡店而來，至今傳承兩代。自選自烘的精品咖啡，職人精神十六年未變。\n我們致力用最平實的價格推廣真正好喝的精品咖啡，外帶也可以這麼精品！\n讓咖啡成為你我美好的日常吧！\n＊金杯獎最佳義式咖啡\n＊全國杯測師挑戰賽季軍\n＊SCAE認證烘豆師\n＊SCA認證咖啡師、烘豆師",
    "英文友善":"1",
    "日文友善":"0",
    "韓文友善":"0",
    "行動裝置充電":"0",
    "無障礙友善":"0",
    "性別友善":"1",
    "便利支付":"0",
    "素食":"1",
    "友善廁所":"0",
    "公平貿易友善":"0",
    "Free WiFi":"0",
    "自行車友善":"0",
    "哺集乳友善":"0",
    "穆斯林友善":"0",
    "月經友善":"0",
    "友善項目總計":3
    }
  },
  {
    "type": "Feature",
    "geometry": {
       "type": "Point",
       "coordinates":  [ 121.509197,25.047844 ]
    },
    "properties": {
    "行政區":"萬華區",
    "友善店家名稱":"九日咖啡 中華店",
    "地址":"臺北市萬華區中華路一段204一樓",
    "電話":"02-2311-7719",
    "簡介":"創業於1995年，原店名為「Mine咖啡」，於2015年更名為「九日咖啡」，取義為「養豆九日，品味極致」。是迄今已十年的專業咖啡外帶店，萬華在地傳承兩代的咖啡老店，現在邀請您一同品鑑。",
    "英文友善":"0",
    "日文友善":"0",
    "韓文友善":"0",
    "行動裝置充電":"0",
    "無障礙友善":"0",
    "性別友善":"1",
    "便利支付":"0",
    "素食":"1",
    "友善廁所":"0",
    "公平貿易友善":"0",
    "Free WiFi":"1",
    "自行車友善":"1",
    "哺集乳友善":"0",
    "穆斯林友善":"0",
    "月經友善":"0",
    "友善項目總計":4
    }
  },
  {
    "type": "Feature",
    "geometry": {
       "type": "Point",
       "coordinates":  [ 121.49999,25.029233 ]
    },
    "properties": {
    "行政區":"萬華區",
    "友善店家名稱":"八鼎匠茶",
    "地址":"臺北市萬華區西藏路197之1號",
    "電話":"02-2305-2172",
    "簡介":"慢研種製焙 細品真善美\n── 八鼎匠茶Budding CraftsTea\n寶島之南幽靜深山，茶園裡，沃土生機勃發，\n海拔2千多公尺溪水灌溉孕養，\n百年原生片岩古茶樹，浸染天地風華，萌芽吐芳。\n燉茶手法以水蒸氣去除雜味，菁存純凈茶湯韻味。\n獨門金屬炭焙爐高溫聚熱，龍眼木炭細火慢焙，\n百年龍窯火燒製的原礦土茶壺，注水茶香迸飛。\n極致完美的道地台灣好茶，需得用時間上下求索。\n老茶人李兆杰窮盡畢生埋首鑽研，種茶製茶焙茶講茶，\n從一間茶行，走進一座茶山，\n土水木金火相生相偕，開創一條龍五行極茶新境界。\n一頁台灣茶的活歷史，一口真善美的甘冽，\n八鼎匠茶的純青爐火熊熊不歇~",
    "英文友善":"1",
    "日文友善":"0",
    "韓文友善":"0",
    "行動裝置充電":"0",
    "無障礙友善":"0",
    "性別友善":"0",
    "便利支付":"1",
    "素食":"0",
    "友善廁所":"0",
    "公平貿易友善":"0",
    "Free WiFi":"0",
    "自行車友善":"1",
    "哺集乳友善":"0",
    "穆斯林友善":"0",
    "月經友善":"0",
    "友善項目總計":3
    }
  },
  {
    "type": "Feature",
    "geometry": {
       "type": "Point",
       "coordinates":  [ 121.496444,25.025811 ]
    },
    "properties": {
    "行政區":"萬華區",
    "友善店家名稱":"家吶子台式居酒屋",
    "地址":"臺北市萬華區東園街68-4號",
    "電話":"02-2339-3582",
    "簡介":"我們白天辦展覽、講座和工作坊，晚上才開門賣酒。\n家吶子開在萬華老城區—加蚋仔的東園街上，「加蚋仔」位於臺北市萬華區西南側新店溪畔至南機場一帶 。「加蚋仔」由凱達格蘭族語gara音譯而來，意為沼澤地，店名即為音譯而來。因為從小在這裡長大，所以我們選擇回到家鄉開店。\n家吶子串連很多當地店家，我們除了賣烤物、炸物外，也賣當地年輕人的滷味及闆娘國小同學家的甘蔗汁。食材取自在地，每晚上打烊後我們都會到鄰近的中央市場購買食材，飲品除了台灣的酒外，還有來至艋舺青草巷的青草茶。所有食物、飲品、酒品皆出至台灣，我們不賣清酒只賣台灣釀製的甜酒釀、生啤和梅酒，餐點也都以台灣口味為主。我們深愛著自己成長的土地，想利用在地酒食告訴大家「我們以台灣的土地為傲。」\n家吶子屬於是社區型的居酒屋，我們樂於在社區裡和大家玩在一起，也希望可以繼續在自己的家好好的活下去。\n我們也深信「唯有回家，才能真正幫助到自己生長的地方。」\n無論你從哪裡來，歡迎你隨時回家喝一杯。",
    "英文友善":"1",
    "日文友善":"0",
    "韓文友善":"0",
    "行動裝置充電":"0",
    "無障礙友善":"0",
    "性別友善":"1",
    "便利支付":"0",
    "素食":"0",
    "友善廁所":"0",
    "公平貿易友善":"0",
    "Free WiFi":"0",
    "自行車友善":"0",
    "哺集乳友善":"0",
    "穆斯林友善":"0",
    "月經友善":"0",
    "友善項目總計":2
    }
  },
  {
    "type": "Feature",
    "geometry": {
       "type": "Point",
       "coordinates":  [ 121.50257,25.041599 ]
    },
    "properties": {
    "行政區":"萬華區",
    "友善店家名稱":"惠安四神湯",
    "地址":"臺北市萬華區內江街142號",
    "電話":"02-2371-0898",
    "簡介":"古法精熬四季溫補 ── 惠安四神湯Favor Tonic Soup\n\n萬華內江街上，一碗實惠安康的四神湯，藥膳的香氣從1965年飄散至今，遙記著創辦人的故鄉，以及張家三代相傳的情義肚腸。\n\n三代相傳的疼惜顧念：\n傳承了三代，惠安四神湯已由孫子張仕璟接手。這家店從阿公傳給爸爸再傳給他，充滿著仕璟的兒時回憶。惠安的四神湯，至今跟當年一樣，價格平實、料多大碗，而滋補身體的當歸及四神藥材，份量比例及熬煮製程，仍遵照著當年阿公的獨門配方。四神湯的配料食材，也是經專人專業收購本地電宰豬隻，絕非坊間進口內臟。仕璟從不忘阿公傳給爸爸的叮囑：要讓做出粗活的人吃得飽！店裡另一個招牌是以老麵發酵的古早肉包，多年來未漲價，仍是一個10元，客人們總是一碗四神湯，配上一個肉包，吃飽也吃巧。\n\n2021年，一起投入「臺北造起來」店家再造計畫，隨著店址搬遷，同步整裝文青風新店面。門口有張斑駁的大紅桌很是醒目，這可是阿公時代就有的，顧問建議保留，成為代代傳承的見證。而店裡，仍是那股撲鼻的藥膳香氣，連結著阿公的時空，以及三代不忘、對勞動者的疼惜之心，如同牆上的標語 ─ 情義肚腸，實惠安康。",
    "英文友善":"0",
    "日文友善":"0",
    "韓文友善":"0",
    "行動裝置充電":"0",
    "無障礙友善":"0",
    "性別友善":"0",
    "便利支付":"1",
    "素食":"0",
    "友善廁所":"0",
    "公平貿易友善":"0",
    "Free WiFi":"0",
    "自行車友善":"0",
    "哺集乳友善":"0",
    "穆斯林友善":"0",
    "月經友善":"0",
    "友善項目總計":1
    }
  },
  {
    "type": "Feature",
    "geometry": {
       "type": "Point",
       "coordinates":  [ 121.498859,25.034849 ]
    },
    "properties": {
    "行政區":"萬華區",
    "友善店家名稱":"燒杯咖啡藝廚",
    "地址":"臺北市萬華區西園路一段236號1樓",
    "電話":"02 2336 8136/0989-069-663曾小姐",
    "簡介":"「老地方新菜香，品咖啡烹夢想」 \n生化實驗室的的女孩放下燒杯、脫下白袍， \n要為母親緣一個開咖啡廳的願望。\n咖啡精挑莊園豆，餐點現點現做， \n一開18年的簡餐咖啡廳，換了味道。 \n咖啡檯與小廚房充滿講究精確的實驗魂， \n只是拒用料理包，謝絕她比誰都懂的化學調料。 \n牛肉紅燒，小火慢燉，鮮蔬就是提味配角。\n鹹豬肉以中藥胡椒醃製特調， 細細煎烤，\n鹹香鮮美是唯一的味道， \n全魚料理每日新鮮報道， \n破布子、檸檬、油炸？多變不怕客人嘴刁。\n 主廚家珍的熱情與手藝，牆上的古董與畫作， \n老地方、老位子、新菜色，等著藝文同好與老饕。 \n一杯”燒燒”的咖啡端上，家的珍味正香， \n要不試試咖啡DIY?來場咖啡藝廚的創意狂想！",
    "英文友善":"0",
    "日文友善":"0",
    "韓文友善":"0",
    "行動裝置充電":"1",
    "無障礙友善":"1",
    "性別友善":"1",
    "便利支付":"1",
    "素食":"1",
    "友善廁所":"0",
    "公平貿易友善":"0",
    "Free WiFi":"1",
    "自行車友善":"0",
    "哺集乳友善":"0",
    "穆斯林友善":"0",
    "月經友善":"0",
    "友善項目總計":6
    }
  },
  {
    "type": "Feature",
    "geometry": {
       "type": "Point",
       "coordinates":  [ 121.505717,25.046433 ]
    },
    "properties": {
    "行政區":"萬華區",
    "友善店家名稱":"Hotel PAPA WHALE",
    "地址":"臺北市萬華區昆明街46號",
    "電話":"02-25522181#203總公司企劃部/02-23311177旅店",
    "簡介":"HOTEL PAPA WHALE，其命名靈感來自海中霸王最大哺乳類動物-鯨魚，象徵如鯨魚自在暢游於藍海中一般，酒店外觀以白色鍍鋅浪板營造出簡約風格，由名設計師操刀將老建築改造，重新堆砌成輕工業風及SOHO都會風的空間，建構出獨樹一格的現代設計風格酒店。捷運西門站及北門站步行即可抵達，為旅客旅行臺北及西門町最佳選擇。",
    "英文友善":"1",
    "日文友善":"0",
    "韓文友善":"0",
    "行動裝置充電":"0",
    "無障礙友善":"1",
    "性別友善":"1",
    "便利支付":"1",
    "素食":"0",
    "友善廁所":"1",
    "公平貿易友善":"0",
    "Free WiFi":"1",
    "自行車友善":"0",
    "哺集乳友善":"0",
    "穆斯林友善":"1",
    "月經友善":"0",
    "友善項目總計":7
    }
  },
  {
    "type": "Feature",
    "geometry": {
       "type": "Point",
       "coordinates":  [ 121.498102,25.024813 ]
    },
    "properties": {
    "行政區":"萬華區",
    "友善店家名稱":"大春堂蔘藥行",
    "地址":"臺北市萬華區德昌街76號",
    "電話":"02-23073969/0922-786-726范先生",
    "簡介":"大春堂蔘藥行創立於1976年\n2014年設立草本食養品牌「一肚子火」\n2016榮獲衛生福利部-中藥房創新亮點店家",
    "英文友善":"0",
    "日文友善":"0",
    "韓文友善":"0",
    "行動裝置充電":"0",
    "無障礙友善":"0",
    "性別友善":"0",
    "便利支付":"0",
    "素食":"0",
    "友善廁所":"1",
    "公平貿易友善":"0",
    "Free WiFi":"0",
    "自行車友善":"1",
    "哺集乳友善":"0",
    "穆斯林友善":"0",
    "月經友善":"0",
    "友善項目總計":2
    }
  },
  {
    "type": "Feature",
    "geometry": {
       "type": "Point",
       "coordinates":  [ 121.496,25.035207 ]
    },
    "properties": {
    "行政區":"萬華區",
    "友善店家名稱":"有時聚聚.時報本鋪書店咖啡",
    "地址":"臺北市萬華區和平西路三段240號",
    "電話":"02-2306-6370/0918-707-098",
    "簡介":"有時讀書，有時相聚，有時休息，有時聊天⋯⋯。\n書店，不只是一個賣書的地方，更是一個聚會的場所。聚聚精神以書為本，建立一個拉近書與人距離的空間，大家一起交流說書，享受人與人之間、人與書之間的美好時光。",
    "英文友善":"1",
    "日文友善":"0",
    "韓文友善":"0",
    "行動裝置充電":"1",
    "無障礙友善":"0",
    "性別友善":"1",
    "便利支付":"1",
    "素食":"1",
    "友善廁所":"1",
    "公平貿易友善":"0",
    "Free WiFi":"1",
    "自行車友善":"1",
    "哺集乳友善":"0",
    "穆斯林友善":"0",
    "月經友善":"1",
    "友善項目總計":9
    }
  },
  {
    "type": "Feature",
    "geometry": {
       "type": "Point",
       "coordinates":  [ 121.500277,25.034165 ]
    },
    "properties": {
    "行政區":"萬華區",
    "友善店家名稱":"魏大爺火鍋店",
    "地址":"臺北市萬華區大理街42巷5號1樓",
    "電話":"02-23366955/0919-733-866",
    "簡介":"提供多種湯底及豐富的菜盤、新鮮的海鮮及現切肉品提供顧客選擇！在個人套餐中提供6oz、9oz、12oz 份量及2至6人套餐提供 \n30oz、60oz、100oz給適合小鳥胃 大胃王來店用",
    "英文友善":"0",
    "日文友善":"0",
    "韓文友善":"0",
    "行動裝置充電":"0",
    "無障礙友善":"0",
    "性別友善":"0",
    "便利支付":"0",
    "素食":"0",
    "友善廁所":"1",
    "公平貿易友善":"0",
    "Free WiFi":"0",
    "自行車友善":"0",
    "哺集乳友善":"0",
    "穆斯林友善":"0",
    "月經友善":"0",
    "友善項目總計":1
    }
  },
  {
    "type": "Feature",
    "geometry": {
       "type": "Point",
       "coordinates":  [ 121.501234,25.034559 ]
    },
    "properties": {
    "行政區":"萬華區",
    "友善店家名稱":"肯都咖啡",
    "地址":"臺北市萬華區康定路263號",
    "電話":"0921-437-725",
    "簡介":"萬華在地烘豆工作室與甜點工坊結合\n原物料到成品自己把關\n做的人心安,吃的人安心\n另有提供精品咖啡豆,手作甜點批發",
    "英文友善":"1",
    "日文友善":"0",
    "韓文友善":"0",
    "行動裝置充電":"1",
    "無障礙友善":"0",
    "性別友善":"1",
    "便利支付":"0",
    "素食":"0",
    "友善廁所":"1",
    "公平貿易友善":"0",
    "Free WiFi":"1",
    "自行車友善":"0",
    "哺集乳友善":"0",
    "穆斯林友善":"0",
    "月經友善":"1",
    "友善項目總計":6
    }
  },
  {
    "type": "Feature",
    "geometry": {
       "type": "Point",
       "coordinates":  [ 121.49928,25.03424 ]
    },
    "properties": {
    "行政區":"萬華區",
    "友善店家名稱":"樂棉 LeCoton",
    "地址":"臺北市萬華區西園路一段264號",
    "電話":"02-2302-8193/0981-295-235",
    "簡介":"本店為日系選品及日系棉麻女裝為主\n歡迎來店逛逛或線上購物看看喔！\n◆◇FIND US◆◇\n ◇線上賣場：shopee.tw/justine77\n ◇FB：Le Coton樂棉\n ◇IG：lecoton2022(2022年8月開始啟用)\n ◇LINE官方ID：@ndg3229c(客服與優惠通知)",
    "英文友善":"1",
    "日文友善":"0",
    "韓文友善":"0",
    "行動裝置充電":"0",
    "無障礙友善":"0",
    "性別友善":"0",
    "便利支付":"1",
    "素食":"0",
    "友善廁所":"0",
    "公平貿易友善":"0",
    "Free WiFi":"0",
    "自行車友善":"0",
    "哺集乳友善":"0",
    "穆斯林友善":"0",
    "月經友善":"0",
    "友善項目總計":2
    }
  },
  {
    "type": "Feature",
    "geometry": {
       "type": "Point",
       "coordinates":  [ 121.504169,25.043277 ]
    },
    "properties": {
    "行政區":"萬華區",
    "友善店家名稱":"玉如阿姨內衣",
    "地址":"臺北市萬華區成都路109號",
    "電話":"02-2371-2008/0911-480-101",
    "簡介":"關於玉如阿姨\n玉如阿姨：「看見客人穿上適合內衣時的喜悅，是我最大的快樂與鼓勵。」\n玉如阿姨投入內衣事業至今已經超過２０年，秉持著對待客戶如同家人般，以最親切、熱情的態度服務每一位到來的客戶。玉如阿姨內衣堅持ＭＩＴ台灣製造，我們擁有不輸專櫃的優秀品質與專業剪裁，了解並傾聽客戶需求，以２０年的內衣經驗，推出兼具機能以及美觀的新一代調整型內衣。\n\n２００９年，玉如阿姨開始在網路上販售內衣，曾獲得台灣數位時代百大賣家，並在拍賣／商城都有萬筆以上好評。我們堅持給客人最親切、最專業的服務，最優質、最平價的商品，創造網路內衣品牌新思維。",
    "英文友善":"0",
    "日文友善":"0",
    "韓文友善":"0",
    "行動裝置充電":"0",
    "無障礙友善":"0",
    "性別友善":"0",
    "便利支付":"1",
    "素食":"0",
    "友善廁所":"0",
    "公平貿易友善":"0",
    "Free WiFi":"1",
    "自行車友善":"0",
    "哺集乳友善":"1",
    "穆斯林友善":"0",
    "月經友善":"0",
    "友善項目總計":3
    }
  },
  {
    "type": "Feature",
    "geometry": {
       "type": "Point",
       "coordinates":  [ 121.495526,25.033911 ]
    },
    "properties": {
    "行政區":"萬華區",
    "友善店家名稱":"唯星蛋糕",
    "地址":"臺北市萬華區大理街144號1樓",
    "電話":"02-2308-8789/0952-986-789",
    "簡介":"萬華靜巷口的法藝甜點，就在昔日的蔗園與製糖所邊。帶著在地情感走向世界去發現，一切唯星，造出法點的有情呈現。\n在白日夢裡冒險，對著星星許願，塞納河不遠，一塊蛋糕就能連線。貼近彼此，舌尖與心上一起吃甜~",
    "英文友善":"1",
    "日文友善":"0",
    "韓文友善":"0",
    "行動裝置充電":"0",
    "無障礙友善":"0",
    "性別友善":"1",
    "便利支付":"0",
    "素食":"1",
    "友善廁所":"0",
    "公平貿易友善":"0",
    "Free WiFi":"0",
    "自行車友善":"0",
    "哺集乳友善":"0",
    "穆斯林友善":"0",
    "月經友善":"0",
    "友善項目總計":3
    }
  },
  {
    "type": "Feature",
    "geometry": {
       "type": "Point",
       "coordinates":  [ 121.501596,25.039269 ]
    },
    "properties": {
    "行政區":"萬華區",
    "友善店家名稱":"\n協興蛋業",
    "地址":"臺北市萬華區康定路172巷2號",
    "電話":"02-2331-0059/0987-921-460",
    "簡介":"【七十餘年的堅持】\n協興蛋業創立於民國38年，是全台灣最老字號的蛋業公司。我們經營七十餘年以來，以最專業的經驗與態度挑選全台灣北中南各地特色雞(鴨)場，精選品質最佳之各式雞蛋、鴨蛋，使消費者吃的美味、吃的安心。\n\n創始老闆常常說：『開店最重要是良心與誠信，今天你的產品料好實在，客人自然會聞名而來。』",
    "英文友善":"1",
    "日文友善":"0",
    "韓文友善":"1",
    "行動裝置充電":"0",
    "無障礙友善":"0",
    "性別友善":"1",
    "便利支付":"0",
    "素食":"0",
    "友善廁所":"0",
    "公平貿易友善":"0",
    "Free WiFi":"0",
    "自行車友善":"1",
    "哺集乳友善":"0",
    "穆斯林友善":"0",
    "月經友善":"0",
    "友善項目總計":4
    }
  },
  {
    "type": "Feature",
    "geometry": {
       "type": "Point",
       "coordinates":  [ 121.504285,25.036615 ]
    },
    "properties": {
    "行政區":"萬華區",
    "友善店家名稱":"蔴油木子",
    "地址":"臺北市萬華區廣州街77號",
    "電話":"02-2308-5267/0927-397-000",
    "簡介":"蔴油木子（原 蔴油李 康定路麻油雞）去燥煨香，解饞滋養\n\n招牌商品：黑羽麻油雞、清燉雪蓮子豬腳、當歸豬腳。不同於其他店家爆炒逼出香氣。蔴油木子以歷經慢煮、冰鎮的黑羽土雞肉，放入麻油雞高湯慢煨出香氣，麻油香和著酒香，氣味溫和不躁進，美味的老式台味，不僅解饞更養生。",
    "英文友善":"0",
    "日文友善":"0",
    "韓文友善":"0",
    "行動裝置充電":"0",
    "無障礙友善":"1",
    "性別友善":"1",
    "便利支付":"0",
    "素食":"0",
    "友善廁所":"0",
    "公平貿易友善":"0",
    "Free WiFi":"0",
    "自行車友善":"0",
    "哺集乳友善":"0",
    "穆斯林友善":"0",
    "月經友善":"0",
    "友善項目總計":2
    }
  },
  {
    "type": "Feature",
    "geometry": {
       "type": "Point",
       "coordinates":  [ 121.508152,25.043149 ]
    },
    "properties": {
    "行政區":"萬華區",
    "友善店家名稱":"成都楊桃冰",
    "地址":"臺北市萬華區中華路一段144-1號",
    "電話":"02-2381-0309",
    "簡介":"現採現醃，天然酸甘鹹樹頭，楊桃正鮮，艷陽下的屏東果園，顆顆碩大豐美。\n果子完好新鮮是美味關鍵，契作果農小心以手採收，不用機器搖果，現場洗淨入甕，歷時3個月醃漬入味。\n\n鄭家兩代人的堅持與心血，化成西門町最沁心的懷念。\n古法醃製的楊桃、鳳梨與李塩，和著酸鹹甜湯，清涼颯爽齒間！\n從成都路到中華路，西門町一甲子的酸甘鹹，封存老臺北青春歲月，一口回到少年~",
    "英文友善":"1",
    "日文友善":"0",
    "韓文友善":"0",
    "行動裝置充電":"0",
    "無障礙友善":"1",
    "性別友善":"1",
    "便利支付":"0",
    "素食":"1",
    "友善廁所":"0",
    "公平貿易友善":"0",
    "Free WiFi":"0",
    "自行車友善":"1",
    "哺集乳友善":"0",
    "穆斯林友善":"0",
    "月經友善":"0",
    "友善項目總計":5
    }
  },
  {
    "type": "Feature",
    "geometry": {
       "type": "Point",
       "coordinates":  [ 121.531021,25.045632 ]
    },
    "properties": {
    "行政區":"中正區",
    "友善店家名稱":"三創 GBT",
    "地址":"臺北市中正區市民大道三段2號6樓",
    "電話":"02-3322-1391",
    "簡介":"主要代理日本進口玩具、鐵道模型及禮品雜貨，透過各種不同的管道，提供給消費者與日本同步流行之各式玩具，滿足各年齡層之需求。",
    "英文友善":"1",
    "日文友善":"0",
    "韓文友善":"0",
    "行動裝置充電":"0",
    "無障礙友善":"1",
    "性別友善":"1",
    "便利支付":"1",
    "素食":"0",
    "友善廁所":"0",
    "公平貿易友善":"0",
    "Free WiFi":"1",
    "自行車友善":"1",
    "哺集乳友善":"1",
    "穆斯林友善":"0",
    "月經友善":"0",
    "友善項目總計":7
    }
  },
  {
    "type": "Feature",
    "geometry": {
       "type": "Point",
       "coordinates":  [ 121.518818,25.033854 ]
    },
    "properties": {
    "行政區":"中正區",
    "友善店家名稱":"臺北高仕蛋糕(中正旗艦店)",
    "地址":"臺北市中正區愛國東路56.58號1樓",
    "電話":"02-2321-4300/0936-868-607老闆娘唐小姐",
    "簡介":"堅持以純手工製造，低脂、減糖、高鈣，更親近現代人對健康的需求，少了脂肪及熱量，口味依然香醇濃郁。",
    "英文友善":"1",
    "日文友善":"0",
    "韓文友善":"0",
    "行動裝置充電":"0",
    "無障礙友善":"0",
    "性別友善":"1",
    "便利支付":"0",
    "素食":"0",
    "友善廁所":"0",
    "公平貿易友善":"0",
    "Free WiFi":"0",
    "自行車友善":"1",
    "哺集乳友善":"0",
    "穆斯林友善":"0",
    "月經友善":"0",
    "友善項目總計":3
    }
  },
  {
    "type": "Feature",
    "geometry": {
       "type": "Point",
       "coordinates":  [ 121.51748,25.048445 ]
    },
    "properties": {
    "行政區":"中正區",
    "友善店家名稱":"臺北地下街軟體世界二店",
    "地址":"臺北市中正區市民大道一段100號\nB1電子三區 店號 076",
    "電話":"02-2556-7531",
    "簡介":"各式遊戲主機及PC電腦軟體等各式遊戲周邊，提供商品預購代訂服務、現場展示遊戲及試玩。也提供電玩相關資訊的專業諮詢。",
    "英文友善":"1",
    "日文友善":"1",
    "韓文友善":"0",
    "行動裝置充電":"0",
    "無障礙友善":"1",
    "性別友善":"1",
    "便利支付":"1",
    "素食":"0",
    "友善廁所":"0",
    "公平貿易友善":"0",
    "Free WiFi":"0",
    "自行車友善":"0",
    "哺集乳友善":"0",
    "穆斯林友善":"0",
    "月經友善":"0",
    "友善項目總計":5
    }
  },
  {
    "type": "Feature",
    "geometry": {
       "type": "Point",
       "coordinates":  [ 121.518418,25.034036 ]
    },
    "properties": {
    "行政區":"中正區",
    "友善店家名稱":"艾葳精品婚紗",
    "地址":"臺北市中正區愛國東路42號",
    "電話":"02-2356-0388",
    "簡介":"一次的幸福服務，一生的感動回味，才讓美麗的婚紗、動人的照片更有意義有價值，認真接待每一對懷抱著婚紗夢想的甜蜜新人。",
    "英文友善":"1",
    "日文友善":"1",
    "韓文友善":"0",
    "行動裝置充電":"1",
    "無障礙友善":"0",
    "性別友善":"1",
    "便利支付":"1",
    "素食":"1",
    "友善廁所":"0",
    "公平貿易友善":"0",
    "Free WiFi":"1",
    "自行車友善":"0",
    "哺集乳友善":"1",
    "穆斯林友善":"0",
    "月經友善":"0",
    "友善項目總計":8
    }
  },
  {
    "type": "Feature",
    "geometry": {
       "type": "Point",
       "coordinates":  [ 121.509553,25.042316 ]
    },
    "properties": {
    "行政區":"中正區",
    "友善店家名稱":"佢商名品",
    "地址":"臺北市中正區衡陽路93-1號",
    "電話":"02-2371-9568",
    "簡介":"致力於成為所有人的衣櫥管家、造型醫生、時尚顧問，用數百款流行女裝單品、洋裝、包包、鞋子、圍巾配件，為每位民眾打造完美形象。",
    "英文友善":"1",
    "日文友善":"0",
    "韓文友善":"0",
    "行動裝置充電":"0",
    "無障礙友善":"0",
    "性別友善":"0",
    "便利支付":"1",
    "素食":"0",
    "友善廁所":"0",
    "公平貿易友善":"0",
    "Free WiFi":"1",
    "自行車友善":"0",
    "哺集乳友善":"0",
    "穆斯林友善":"0",
    "月經友善":"0",
    "友善項目總計":3
    }
  },
  {
    "type": "Feature",
    "geometry": {
       "type": "Point",
       "coordinates":  [ 121.513928,25.045914 ]
    },
    "properties": {
    "行政區":"中正區",
    "友善店家名稱":"良品牛肉麵",
    "地址":"臺北市中正區開封街一段10號",
    "電話":"02-2371-2644",
    "簡介":"新鮮食材與中藥熬製的湯頭，寬版麵條口感Q彈、燉煮到軟嫩恰到好處的原塊牛肉、牛筋和牛肚，共同揉合成令人不得不佇足品嚐。",
    "英文友善":"1",
    "日文友善":"1",
    "韓文友善":"1",
    "行動裝置充電":"1",
    "無障礙友善":"1",
    "性別友善":"1",
    "便利支付":"0",
    "素食":"0",
    "友善廁所":"1",
    "公平貿易友善":"0",
    "Free WiFi":"0",
    "自行車友善":"1",
    "哺集乳友善":"0",
    "穆斯林友善":"0",
    "月經友善":"0",
    "友善項目總計":8
    }
  },
  {
    "type": "Feature",
    "geometry": {
       "type": "Point",
       "coordinates":  [ 121.513341,25.044385 ]
    },
    "properties": {
    "行政區":"中正區",
    "友善店家名稱":"和洋百貨",
    "地址":"臺北市中正區重慶南路一段67號",
    "電話":"02-2361-5009",
    "簡介":"專門經營日系精品商品，販售商品包含食品、寢具、皮包、廚衛浴用品、男女內衣褲等等，提供最新時尚流行產品。",
    "英文友善":"1",
    "日文友善":"1",
    "韓文友善":"0",
    "行動裝置充電":"0",
    "無障礙友善":"0",
    "性別友善":"0",
    "便利支付":"1",
    "素食":"0",
    "友善廁所":"0",
    "公平貿易友善":"0",
    "Free WiFi":"0",
    "自行車友善":"0",
    "哺集乳友善":"0",
    "穆斯林友善":"0",
    "月經友善":"0",
    "友善項目總計":3
    }
  },
  {
    "type": "Feature",
    "geometry": {
       "type": "Point",
       "coordinates":  [ 121.512782,25.044143 ]
    },
    "properties": {
    "行政區":"中正區",
    "友善店家名稱":"明星咖啡館",
    "地址":"臺北市中正區武昌街一段5號2樓",
    "電話":"02-2381-5589",
    "簡介":"明星咖啡館靠著販售俄羅斯風味餐與咖啡，配合著明星麵包店的俄式麵包與西點，以異國風味吸引著臺北人。",
    "英文友善":"1",
    "日文友善":"0",
    "韓文友善":"0",
    "行動裝置充電":"1",
    "無障礙友善":"0",
    "性別友善":"1",
    "便利支付":"1",
    "素食":"1",
    "友善廁所":"0",
    "公平貿易友善":"0",
    "Free WiFi":"1",
    "自行車友善":"0",
    "哺集乳友善":"0",
    "穆斯林友善":"0",
    "月經友善":"0",
    "友善項目總計":6
    }
  },
  {
    "type": "Feature",
    "geometry": {
       "type": "Point",
       "coordinates":  [ 121.533441,25.014351 ]
    },
    "properties": {
    "行政區":"中正區",
    "友善店家名稱":"長弓體育用品",
    "地址":"臺北市中正區汀洲路三段205號1樓",
    "電話":"02-2365-7123",
    "簡介":"店內擁有多元化的商品、眾所周知的知名運動名牌，也有較平實化的臺灣本地品牌可供選擇，也提供簡單的日英語服務。",
    "英文友善":"1",
    "日文友善":"1",
    "韓文友善":"0",
    "行動裝置充電":"0",
    "無障礙友善":"0",
    "性別友善":"0",
    "便利支付":"1",
    "素食":"0",
    "友善廁所":"0",
    "公平貿易友善":"0",
    "Free WiFi":"0",
    "自行車友善":"0",
    "哺集乳友善":"0",
    "穆斯林友善":"0",
    "月經友善":"0",
    "友善項目總計":3
    }
  },
  {
    "type": "Feature",
    "geometry": {
       "type": "Point",
       "coordinates":  [ 121.531429,25.043903 ]
    },
    "properties": {
    "行政區":"中正區",
    "友善店家名稱":"紐頓電子有限公司",
    "地址":"臺北市中正區八德路一段66號",
    "電話":"02-2396-9366",
    "簡介":"提供電腦零組件等產品，不僅每年舉辦回饋活動，更有服務周到的售後服務，也積極發展電子商務，服務更多消費者。",
    "英文友善":"1",
    "日文友善":"0",
    "韓文友善":"0",
    "行動裝置充電":"0",
    "無障礙友善":"0",
    "性別友善":"1",
    "便利支付":"1",
    "素食":"0",
    "友善廁所":"0",
    "公平貿易友善":"0",
    "Free WiFi":"0",
    "自行車友善":"0",
    "哺集乳友善":"0",
    "穆斯林友善":"0",
    "月經友善":"0",
    "友善項目總計":3
    }
  },
  {
    "type": "Feature",
    "geometry": {
       "type": "Point",
       "coordinates":  [ 121.510465,25.045401 ]
    },
    "properties": {
    "行政區":"中正區",
    "友善店家名稱":"翔韻音響",
    "地址":"臺北市中正區延平南路62號",
    "電話":"02-2382-1699",
    "簡介":"主要以販售及規劃各項視聽家電、投影設備、監控系統、廣播工程、會議教學、家庭劇院…等相關產品為主。",
    "英文友善":"1",
    "日文友善":"0",
    "韓文友善":"0",
    "行動裝置充電":"0",
    "無障礙友善":"0",
    "性別友善":"1",
    "便利支付":"1",
    "素食":"0",
    "友善廁所":"1",
    "公平貿易友善":"0",
    "Free WiFi":"1",
    "自行車友善":"0",
    "哺集乳友善":"0",
    "穆斯林友善":"0",
    "月經友善":"0",
    "友善項目總計":5
    }
  },
  {
    "type": "Feature",
    "geometry": {
       "type": "Point",
       "coordinates":  [ 121.530348,25.043935 ]
    },
    "properties": {
    "行政區":"中正區",
    "友善店家名稱":"華山文旅",
    "地址":"臺北市中正區金山北路1號",
    "電話":"02-2396-3388",
    "簡介":"交通方便，提供多種懶人包旅遊與配套行程，讓你玩得自在，逛得輕鬆。",
    "英文友善":"1",
    "日文友善":"0",
    "韓文友善":"0",
    "行動裝置充電":"1",
    "無障礙友善":"1",
    "性別友善":"1",
    "便利支付":"1",
    "素食":"0",
    "友善廁所":"1",
    "公平貿易友善":"0",
    "Free WiFi":"1",
    "自行車友善":"0",
    "哺集乳友善":"0",
    "穆斯林友善":"0",
    "月經友善":"0",
    "友善項目總計":7
    }
  },
  {
    "type": "Feature",
    "geometry": {
       "type": "Point",
       "coordinates":  [ 121.534769,25.013888 ]
    },
    "properties": {
    "行政區":"中正區",
    "友善店家名稱":"雲泰小鎮餐坊",
    "地址":"臺北市中正區羅斯福路四段90巷2之2號",
    "電話":"02-2367-5625/'0987686531",
    "簡介":"食材新鮮、口味親近，符合台灣人口味的雲南泰式料理。",
    "英文友善":"1",
    "日文友善":"0",
    "韓文友善":"0",
    "行動裝置充電":"1",
    "無障礙友善":"0",
    "性別友善":"1",
    "便利支付":"0",
    "素食":"1",
    "友善廁所":"0",
    "公平貿易友善":"0",
    "Free WiFi":"1",
    "自行車友善":"0",
    "哺集乳友善":"0",
    "穆斯林友善":"0",
    "月經友善":"0",
    "友善項目總計":5
    }
  },
  {
    "type": "Feature",
    "geometry": {
       "type": "Point",
       "coordinates":  [ 121.524947,25.045964 ]
    },
    "properties": {
    "行政區":"中正區",
    "友善店家名稱":"鏡花園",
    "地址":"臺北市中正區北平東路20之4號1樓",
    "電話":"02-2351-1358#51",
    "簡介":"鏡花園提供平面、動態攝影工作者及高品質的攝影器材租賃服務，也提供完善的產品、租賃、購買的一站式解決方案。",
    "英文友善":"1",
    "日文友善":"0",
    "韓文友善":"0",
    "行動裝置充電":"0",
    "無障礙友善":"0",
    "性別友善":"1",
    "便利支付":"1",
    "素食":"0",
    "友善廁所":"0",
    "公平貿易友善":"0",
    "Free WiFi":"1",
    "自行車友善":"0",
    "哺集乳友善":"0",
    "穆斯林友善":"0",
    "月經友善":"0",
    "友善項目總計":4
    }
  },
  {
    "type": "Feature",
    "geometry": {
       "type": "Point",
       "coordinates":  [ 121.534696,25.013818 ]
    },
    "properties": {
    "行政區":"中正區",
    "友善店家名稱":"一支獨秀羽球工坊",
    "地址":"臺北市中正區羅斯福路四段90巷2-2號2樓",
    "電話":"02-2368-1988",
    "簡介":"專業羽球用品專賣店，有專業的拉線技術和機器，提供球知識以及最貼心的服務",
    "英文友善":"1",
    "日文友善":"0",
    "韓文友善":"0",
    "行動裝置充電":"0",
    "無障礙友善":"0",
    "性別友善":"1",
    "便利支付":"1",
    "素食":"0",
    "友善廁所":"0",
    "公平貿易友善":"0",
    "Free WiFi":"1",
    "自行車友善":"0",
    "哺集乳友善":"0",
    "穆斯林友善":"0",
    "月經友善":"0",
    "友善項目總計":4
    }
  },
  {
    "type": "Feature",
    "geometry": {
       "type": "Point",
       "coordinates":  [ 121.532826,25.014775 ]
    },
    "properties": {
    "行政區":"中正區",
    "友善店家名稱":"麻辣巴蕾Malaba-正宗重慶酸辣粉",
    "地址":"臺北市中正區汀洲路三段183號",
    "電話":"02-2368-7779/0912145998(高小姐)",
    "簡介":"以絕妙的火侯拿捏，食材的配比，刀工的精細煉出麻辣色、香、燙，讓來客體驗三香、三椒、三料、七分煮、八味、九染中川味獨有的風味。",
    "英文友善":"1",
    "日文友善":"0",
    "韓文友善":"0",
    "行動裝置充電":"1",
    "無障礙友善":"0",
    "性別友善":"1",
    "便利支付":"1",
    "素食":"1",
    "友善廁所":"1",
    "公平貿易友善":"0",
    "Free WiFi":"1",
    "自行車友善":"0",
    "哺集乳友善":"0",
    "穆斯林友善":"0",
    "月經友善":"0",
    "友善項目總計":7
    }
  },
  {
    "type": "Feature",
    "geometry": {
       "type": "Point",
       "coordinates":  [ 121.513349,25.044958 ]
    },
    "properties": {
    "行政區":"中正區",
    "友善店家名稱":"天龍圖書-簡體字專賣店",
    "地址":"臺北市中正區重慶南路一段43號3樓",
    "電話":"02-2381-2033",
    "簡介":"大陸簡體字書籍類型非常多元，像是電腦書籍、理工書籍、各國語言學習書籍等非常多種類的書籍，還有許多特價簡體字書籍任您選購！",
    "英文友善":"1",
    "日文友善":"0",
    "韓文友善":"0",
    "行動裝置充電":"0",
    "無障礙友善":"1",
    "性別友善":"0",
    "便利支付":"1",
    "素食":"0",
    "友善廁所":"0",
    "公平貿易友善":"0",
    "Free WiFi":"1",
    "自行車友善":"0",
    "哺集乳友善":"0",
    "穆斯林友善":"0",
    "月經友善":"0",
    "友善項目總計":4
    }
  },
  {
    "type": "Feature",
    "geometry": {
       "type": "Point",
       "coordinates":  [ 121.51748,25.048445 ]
    },
    "properties": {
    "行政區":"中正區",
    "友善店家名稱":"李氏手工坊",
    "地址":"臺北市中正區市民大道一段100號(臺北地下街84B店鋪)",
    "電話":"02-2555-8348",
    "簡介":"推廣臺灣純手工製品，以中國風、日本布與客家花布等，以別具特色的產品包含手提布包、帽子、筆包、筷袋、扇套等，獲得大眾喜愛。",
    "英文友善":"1",
    "日文友善":"1",
    "韓文友善":"0",
    "行動裝置充電":"0",
    "無障礙友善":"1",
    "性別友善":"1",
    "便利支付":"1",
    "素食":"0",
    "友善廁所":"0",
    "公平貿易友善":"0",
    "Free WiFi":"1",
    "自行車友善":"0",
    "哺集乳友善":"0",
    "穆斯林友善":"0",
    "月經友善":"0",
    "友善項目總計":6
    }
  },
  {
    "type": "Feature",
    "geometry": {
       "type": "Point",
       "coordinates":  [ 121.513132,25.046111 ]
    },
    "properties": {
    "行政區":"中正區",
    "友善店家名稱":"旅樂序精品旅館 - 站前五館",
    "地址":"臺北市中正區重慶南路一段20號",
    "電話":"02-2375-6777",
    "簡介":"「旅、樂、序」代表著「旅行、樂趣、開端」，旅樂序由一群熱愛臺灣、藝術，充滿服務熱誠，專精於設計、行銷的團隊組成。",
    "英文友善":"1",
    "日文友善":"1",
    "韓文友善":"1",
    "行動裝置充電":"1",
    "無障礙友善":"1",
    "性別友善":"1",
    "便利支付":"1",
    "素食":"0",
    "友善廁所":"0",
    "公平貿易友善":"0",
    "Free WiFi":"1",
    "自行車友善":"0",
    "哺集乳友善":"0",
    "穆斯林友善":"0",
    "月經友善":"1",
    "友善項目總計":9
    }
  },
  {
    "type": "Feature",
    "geometry": {
       "type": "Point",
       "coordinates":  [ 121.511174,25.046378 ]
    },
    "properties": {
    "行政區":"中正區",
    "友善店家名稱":"喬翊電器有限公司",
    "地址":"臺北中正區博愛路22號1F",
    "電話":"02-2381-2626/ 02-2361-7733",
    "簡介":"是數位相機及數位攝影機的專家，各廠牌用品一應俱全，幫助國內外旅客捕捉最美好的回憶瞬間",
    "英文友善":"1",
    "日文友善":"0",
    "韓文友善":"0",
    "行動裝置充電":"1",
    "無障礙友善":"1",
    "性別友善":"1",
    "便利支付":"1",
    "素食":"0",
    "友善廁所":"1",
    "公平貿易友善":"0",
    "Free WiFi":"1",
    "自行車友善":"1",
    "哺集乳友善":"0",
    "穆斯林友善":"0",
    "月經友善":"0",
    "友善項目總計":8
    }
  },
  {
    "type": "Feature",
    "geometry": {
       "type": "Point",
       "coordinates":  [ 121.509725,25.045736 ]
    },
    "properties": {
    "行政區":"中正區",
    "友善店家名稱":"概念電器",
    "地址":"臺北市中正區中華路一段29-4號",
    "電話":"02-2381-2712",
    "簡介":"30年的老店，經過蛻變與精進，步伐一直走在前端，販售時下最新的電器產品，還有各式專業劇院級音響，提供顧客需要的產品及資訊。",
    "英文友善":"0",
    "日文友善":"0",
    "韓文友善":"0",
    "行動裝置充電":"1",
    "無障礙友善":"0",
    "性別友善":"0",
    "便利支付":"1",
    "素食":"0",
    "友善廁所":"0",
    "公平貿易友善":"0",
    "Free WiFi":"1",
    "自行車友善":"1",
    "哺集乳友善":"0",
    "穆斯林友善":"0",
    "月經友善":"0",
    "友善項目總計":4
    }
  },
  {
    "type": "Feature",
    "geometry": {
       "type": "Point",
       "coordinates":  [ 121.51748,25.048445 ]
    },
    "properties": {
    "行政區":"中正區",
    "友善店家名稱":"漢霖珠寶",
    "地址":"臺北市中正區市民大道一段100號\n地下街108號店鋪",
    "電話":"02-2556-9431\n0938-187-988(林小姐)",
    "簡介":"專營水晶、玉器、多種寶石；各式項鍊、手鏈、手工藝品、紀念品及銀飾等各種配件。",
    "英文友善":"1",
    "日文友善":"1",
    "韓文友善":"0",
    "行動裝置充電":"0",
    "無障礙友善":"0",
    "性別友善":"0",
    "便利支付":"0",
    "素食":"0",
    "友善廁所":"0",
    "公平貿易友善":"0",
    "Free WiFi":"1",
    "自行車友善":"0",
    "哺集乳友善":"0",
    "穆斯林友善":"0",
    "月經友善":"0",
    "友善項目總計":3
    }
  },
  {
    "type": "Feature",
    "geometry": {
       "type": "Point",
       "coordinates":  [ 121.512776,25.042857 ]
    },
    "properties": {
    "行政區":"中正區",
    "友善店家名稱":"點石齋圖章店",
    "地址":"臺北市中正區沅陵街1-1號",
    "電話":"02-2311-1606",
    "簡介":"玩石之士服務，舉凡書法、繪畫、開運印鑑或合婚落款、趣味藏書等，各式各樣應有盡有。",
    "英文友善":"1",
    "日文友善":"1",
    "韓文友善":"0",
    "行動裝置充電":"0",
    "無障礙友善":"0",
    "性別友善":"0",
    "便利支付":"0",
    "素食":"0",
    "友善廁所":"0",
    "公平貿易友善":"0",
    "Free WiFi":"0",
    "自行車友善":"0",
    "哺集乳友善":"0",
    "穆斯林友善":"0",
    "月經友善":"0",
    "友善項目總計":2
    }
  },
  {
    "type": "Feature",
    "geometry": {
       "type": "Point",
       "coordinates":  [ 121.533788,25.014106 ]
    },
    "properties": {
    "行政區":"中正區",
    "友善店家名稱":"公仔賣局一店(Rainbow)",
    "地址":"臺北市中正區汀洲路三段217號",
    "電話":"02 8522 9538",
    "簡介":"販售獨一無二客製化商品，舉凡陶土公仔、拼圖、抱枕、也提供各類3C配件，讓民眾一站購足所有所需商品，送禮自用兩相宜。",
    "英文友善":"1",
    "日文友善":"0",
    "韓文友善":"0",
    "行動裝置充電":"0",
    "無障礙友善":"0",
    "性別友善":"1",
    "便利支付":"1",
    "素食":"0",
    "友善廁所":"0",
    "公平貿易友善":"0",
    "Free WiFi":"1",
    "自行車友善":"0",
    "哺集乳友善":"0",
    "穆斯林友善":"0",
    "月經友善":"0",
    "友善項目總計":4
    }
  },
  {
    "type": "Feature",
    "geometry": {
       "type": "Point",
       "coordinates":  [ 121.51748,25.048445 ]
    },
    "properties": {
    "行政區":"中正區",
    "友善店家名稱":"一兆鑫事業有限公司中正分會",
    "地址":"臺北市中正區市民大道一段100號\n(臺北地下街97號)",
    "電話":"02-2550-3535",
    "簡介":"解困、解惑、解迷，舉凡個人、家庭、事業、健康、財運、愛情皆可針對問題、解決問題。",
    "英文友善":"1",
    "日文友善":"1",
    "韓文友善":"0",
    "行動裝置充電":"0",
    "無障礙友善":"1",
    "性別友善":"1",
    "便利支付":"0",
    "素食":"0",
    "友善廁所":"0",
    "公平貿易友善":"0",
    "Free WiFi":"1",
    "自行車友善":"0",
    "哺集乳友善":"0",
    "穆斯林友善":"0",
    "月經友善":"0",
    "友善項目總計":5
    }
  },
  {
    "type": "Feature",
    "geometry": {
       "type": "Point",
       "coordinates":  [ 121.523529,25.044554 ]
    },
    "properties": {
    "行政區":"中正區",
    "友善店家名稱":"Easy coffee",
    "地址":"臺北市中正區忠孝東路一段58號B1",
    "電話":"02-2395-6102/0930-775-127賴小姐",
    "簡介":"有別於一般咖啡廳，以庇護工場的形式訓練精神障礙者等弱勢族群擔任員工，以耐心與愛心為社會貢獻心力。",
    "英文友善":"0",
    "日文友善":"0",
    "韓文友善":"0",
    "行動裝置充電":"1",
    "無障礙友善":"1",
    "性別友善":"1",
    "便利支付":"0",
    "素食":"1",
    "友善廁所":"1",
    "公平貿易友善":"1",
    "Free WiFi":"1",
    "自行車友善":"0",
    "哺集乳友善":"0",
    "穆斯林友善":"0",
    "月經友善":"0",
    "友善項目總計":7
    }
  },
  {
    "type": "Feature",
    "geometry": {
       "type": "Point",
       "coordinates":  [ 121.511928,25.045238 ]
    },
    "properties": {
    "行政區":"中正區",
    "友善店家名稱":"宇利攝影器材有限公司",
    "地址":"臺北市中正區漢口街一段71號",
    "電話":"02-2331-5217",
    "簡介":"秉持服務新舊攝影玩家的初衷，提供優質服務與優惠價格各廠牌攝影商品應有盡有，提供最棒的體驗。",
    "英文友善":"1",
    "日文友善":"0",
    "韓文友善":"0",
    "行動裝置充電":"0",
    "無障礙友善":"0",
    "性別友善":"0",
    "便利支付":"1",
    "素食":"0",
    "友善廁所":"0",
    "公平貿易友善":"0",
    "Free WiFi":"1",
    "自行車友善":"0",
    "哺集乳友善":"0",
    "穆斯林友善":"0",
    "月經友善":"0",
    "友善項目總計":3
    }
  },
  {
    "type": "Feature",
    "geometry": {
       "type": "Point",
       "coordinates":  [ 121.518683,25.048799 ]
    },
    "properties": {
    "行政區":"中正區",
    "友善店家名稱":"梅鄉小舖-臺北門市",
    "地址":"臺北市中正區臺北地下街42號店舖",
    "電話":"02-2550-8866",
    "簡介":"店中多數商品皆為歷年農委會嚴選的百大精品，例如茶葉、鳳梨酥、太陽餅、牛軋糖、梅醋、酵素等，都是獨具特色的台灣伴手禮。",
    "英文友善":"1",
    "日文友善":"0",
    "韓文友善":"0",
    "行動裝置充電":"0",
    "無障礙友善":"1",
    "性別友善":"1",
    "便利支付":"1",
    "素食":"0",
    "友善廁所":"0",
    "公平貿易友善":"0",
    "Free WiFi":"1",
    "自行車友善":"0",
    "哺集乳友善":"0",
    "穆斯林友善":"0",
    "月經友善":"0",
    "友善項目總計":5
    }
  },
  {
    "type": "Feature",
    "geometry": {
       "type": "Point",
       "coordinates":  [ 121.512429,25.044014 ]
    },
    "properties": {
    "行政區":"中正區",
    "友善店家名稱":"新東陽武昌門市",
    "地址":"臺北市中正區武昌街一段20號之1",
    "電話":"02-2331-7104/總公司02-2772-6222＃957(郭小姐)",
    "簡介":"新東陽以推動中華美食精緻化，國際化的精神標竿為企業目標，打造”來台必買、出國必帶、台灣特產第一品牌”的企業形象，帶給消費者優質的購物體驗。",
    "英文友善":"1",
    "日文友善":"1",
    "韓文友善":"0",
    "行動裝置充電":"0",
    "無障礙友善":"0",
    "性別友善":"1",
    "便利支付":"1",
    "素食":"1",
    "友善廁所":"1",
    "公平貿易友善":"0",
    "Free WiFi":"1",
    "自行車友善":"0",
    "哺集乳友善":"0",
    "穆斯林友善":"0",
    "月經友善":"0",
    "友善項目總計":7
    }
  },
  {
    "type": "Feature",
    "geometry": {
       "type": "Point",
       "coordinates":  [ 121.516715,25.037324 ]
    },
    "properties": {
    "行政區":"中正區",
    "友善店家名稱":"詩篇咖啡餐廳",
    "地址":"臺北市中正區中山南路20號B1\n(國家圖書館B1餐廳)",
    "電話":"02-2382-2666",
    "簡介":"堅持現做美味料理(非料理包)，提供早午晚餐、現搾果汁、咖啡飲品、下午茶等；餐廳設有110座位；詩篇咖啡餐廳是、包場、展演或講座，這裡一定是您最佳首選空間。",
    "英文友善":"1",
    "日文友善":"0",
    "韓文友善":"0",
    "行動裝置充電":"1",
    "無障礙友善":"1",
    "性別友善":"0",
    "便利支付":"1",
    "素食":"1",
    "友善廁所":"1",
    "公平貿易友善":"0",
    "Free WiFi":"1",
    "自行車友善":"0",
    "哺集乳友善":"0",
    "穆斯林友善":"0",
    "月經友善":"0",
    "友善項目總計":7
    }
  },
  {
    "type": "Feature",
    "geometry": {
       "type": "Point",
       "coordinates":  [ 121.514331,25.043538 ]
    },
    "properties": {
    "行政區":"中正區",
    "友善店家名稱":"石尚自然探索屋-恐龍餐廳",
    "地址":"臺北市中正區襄陽路25號2樓",
    "電話":"02 8661 0070",
    "簡介":"採取現點現做的經營模式，強調手工桿烤Pizza!有別於一般餐廳佐料過多的作法，更能吃出食材的原味。",
    "英文友善":"0",
    "日文友善":"0",
    "韓文友善":"0",
    "行動裝置充電":"0",
    "無障礙友善":"1",
    "性別友善":"1",
    "便利支付":"0",
    "素食":"1",
    "友善廁所":"1",
    "公平貿易友善":"0",
    "Free WiFi":"0",
    "自行車友善":"0",
    "哺集乳友善":"1",
    "穆斯林友善":"0",
    "月經友善":"0",
    "友善項目總計":5
    }
  },
  {
    "type": "Feature",
    "geometry": {
       "type": "Point",
       "coordinates":  [ 121.512328,25.042873 ]
    },
    "properties": {
    "行政區":"中正區",
    "友善店家名稱":"寶利亞精品服飾行",
    "地址":"臺北市中正區沅陵街9號",
    "電話":"02-2314-7859",
    "簡介":"提供歐洲頂級義大利絲、天絲棉、VISCOSE等當季時尚精美服裝及韓國純棉、牛奶絲等華麗設計新款。",
    "英文友善":"1",
    "日文友善":"0",
    "韓文友善":"0",
    "行動裝置充電":"0",
    "無障礙友善":"0",
    "性別友善":"0",
    "便利支付":"1",
    "素食":"0",
    "友善廁所":"0",
    "公平貿易友善":"1",
    "Free WiFi":"0",
    "自行車友善":"0",
    "哺集乳友善":"0",
    "穆斯林友善":"0",
    "月經友善":"0",
    "友善項目總計":3
    }
  },
  {
    "type": "Feature",
    "geometry": {
       "type": "Point",
       "coordinates":  [ 121.511882,25.04524 ]
    },
    "properties": {
    "行政區":"中正區",
    "友善店家名稱":"快樂數位影像器材有限公司",
    "地址":"臺北市中正區漢口街一段73-1號1樓",
    "電話":"02-2331-1488/ 02 2331 0554",
    "簡介":"提供各大品牌的數位相機.運動攝影機.家用攝影機.個人直播設備及相機週邊耗材,一應俱全",
    "英文友善":"1",
    "日文友善":"0",
    "韓文友善":"0",
    "行動裝置充電":"1",
    "無障礙友善":"0",
    "性別友善":"1",
    "便利支付":"1",
    "素食":"0",
    "友善廁所":"1",
    "公平貿易友善":"0",
    "Free WiFi":"1",
    "自行車友善":"0",
    "哺集乳友善":"0",
    "穆斯林友善":"0",
    "月經友善":"0",
    "友善項目總計":6
    }
  },
  {
    "type": "Feature",
    "geometry": {
       "type": "Point",
       "coordinates":  [ 121.517058,25.047176 ]
    },
    "properties": {
    "行政區":"中正區",
    "友善店家名稱":"阮的肉干-臺北車站店",
    "地址":"臺北市中正區北平西路3號1樓",
    "電話":"02-2361-0027",
    "簡介":"致力於傳統美食「精緻化」，成為台灣在地的好品牌，阮的肉干以創意啟發為決心可能，用不一樣的態度做肉干。",
    "英文友善":"1",
    "日文友善":"1",
    "韓文友善":"0",
    "行動裝置充電":"0",
    "無障礙友善":"1",
    "性別友善":"1",
    "便利支付":"1",
    "素食":"0",
    "友善廁所":"0",
    "公平貿易友善":"0",
    "Free WiFi":"1",
    "自行車友善":"0",
    "哺集乳友善":"0",
    "穆斯林友善":"0",
    "月經友善":"0",
    "友善項目總計":6
    }
  },
  {
    "type": "Feature",
    "geometry": {
       "type": "Point",
       "coordinates":  [ 121.510869,25.04622 ]
    },
    "properties": {
    "行政區":"中正區",
    "友善店家名稱":"來呷甜甜品",
    "地址":"臺北市中正區延平南路11號1樓",
    "電話":"02-5596-4288",
    "簡介":"主要販售傳統的冰熱，有 Q彈十足冷中帶熱的冰。Q燒 糬燒 糬雪花冰、如 燕窩般 柔滑細緻的膠原銀耳湯。",
    "英文友善":"1",
    "日文友善":"1",
    "韓文友善":"0",
    "行動裝置充電":"1",
    "無障礙友善":"0",
    "性別友善":"1",
    "便利支付":"1",
    "素食":"1",
    "友善廁所":"0",
    "公平貿易友善":"0",
    "Free WiFi":"1",
    "自行車友善":"0",
    "哺集乳友善":"0",
    "穆斯林友善":"0",
    "月經友善":"0",
    "友善項目總計":7
    }
  },
  {
    "type": "Feature",
    "geometry": {
       "type": "Point",
       "coordinates":  [ 121.515302,25.046226 ]
    },
    "properties": {
    "行政區":"中正區",
    "友善店家名稱":"新東陽 - 站前三越店",
    "地址":"臺北市中正區忠孝西路一段66號B2",
    "電話":"02-2382-4959/總公司02-2772-6222＃957(郭小姐)",
    "簡介":"新東陽以推動中華美食精緻化，國際化的精神標竿為企業目標，打造”來台必買、出國必帶、台灣特產第一品牌”的企業形象，帶給消費者優質的購物體驗。",
    "英文友善":"1",
    "日文友善":"1",
    "韓文友善":"0",
    "行動裝置充電":"1",
    "無障礙友善":"1",
    "性別友善":"1",
    "便利支付":"1",
    "素食":"1",
    "友善廁所":"1",
    "公平貿易友善":"0",
    "Free WiFi":"1",
    "自行車友善":"0",
    "哺集乳友善":"0",
    "穆斯林友善":"0",
    "月經友善":"0",
    "友善項目總計":9
    }
  },
  {
    "type": "Feature",
    "geometry": {
       "type": "Point",
       "coordinates":  [ 121.514281,25.046233 ]
    },
    "properties": {
    "行政區":"中正區",
    "友善店家名稱":"新驛旅店 - 臺北車站一館",
    "地址":"臺北市中正區懷寧街7號",
    "電話":"02-2314-8008",
    "簡介":"交通四方八達。清新悅目的風格，及乾溼分離的衛浴設備。每間皆供wifi、藍光和免費小吃。公共空間則設有多樣設施，另也提供每日報紙和商務服務，呈現出獨特的住宿感受。",
    "英文友善":"1",
    "日文友善":"1",
    "韓文友善":"0",
    "行動裝置充電":"1",
    "無障礙友善":"1",
    "性別友善":"1",
    "便利支付":"0",
    "素食":"0",
    "友善廁所":"0",
    "公平貿易友善":"0",
    "Free WiFi":"1",
    "自行車友善":"0",
    "哺集乳友善":"0",
    "穆斯林友善":"0",
    "月經友善":"0",
    "友善項目總計":6
    }
  },
  {
    "type": "Feature",
    "geometry": {
       "type": "Point",
       "coordinates":  [ 121.509311,25.042791 ]
    },
    "properties": {
    "行政區":"中正區",
    "友善店家名稱":"德立莊酒店",
    "地址":"臺北市中正區秀山街4號",
    "電話":"02-2375-7777",
    "簡介":"西門町酒店的工業革命，HOTELPAPA WHALE由台灣餐飲界龍頭海霸王集團精心打造。命名靈感來自海中霸王最大哺乳類動物－鯨魚．象徵如鯨魚自在暢遊於藍海中一般。建築外觀以白色鍍鋅浪板營造出簡約風格•藉由名設計師獨特品味將老建築改造•重新堆砌成輕工業風及SOHO都會風的空間。另外【打狗霸餐廳】為海霸王集團2016年最新誠意之作•本著『五好一公道』的企業精神• （一）漁獲新鮮好（二）餐飲品質好（三）信用口碑好（四）服務親切好。（五）清潔衛生好。\n誠心為消費者提供最新鮮的日式精品鍋物及日式鮪魚生魚片•歡迎來到【打狗霸】",
    "英文友善":"1",
    "日文友善":"1",
    "韓文友善":"1",
    "行動裝置充電":"1",
    "無障礙友善":"1",
    "性別友善":"1",
    "便利支付":"1",
    "素食":"1",
    "友善廁所":"1",
    "公平貿易友善":"0",
    "Free WiFi":"1",
    "自行車友善":"0",
    "哺集乳友善":"0",
    "穆斯林友善":"0",
    "月經友善":"0",
    "友善項目總計":10
    }
  },
  {
    "type": "Feature",
    "geometry": {
       "type": "Point",
       "coordinates":  [ 121.531021,25.045632 ]
    },
    "properties": {
    "行政區":"中正區",
    "友善店家名稱":"三創SONY旗艦店",
    "地址":"臺北市中正區市民大道三段2號2樓R201室",
    "電話":"02-2341-3068",
    "簡介":"國內最專業，規模最大的PDA、智慧型手機、衛星導航機的專售公司。從開始代理SONY各系列產品，現在則是台灣最具規模的SONY代理商。提供最優質齊全的服務與產品。",
    "英文友善":"1",
    "日文友善":"0",
    "韓文友善":"0",
    "行動裝置充電":"0",
    "無障礙友善":"1",
    "性別友善":"1",
    "便利支付":"1",
    "素食":"0",
    "友善廁所":"1",
    "公平貿易友善":"0",
    "Free WiFi":"1",
    "自行車友善":"0",
    "哺集乳友善":"1",
    "穆斯林友善":"0",
    "月經友善":"0",
    "友善項目總計":7
    }
  },
  {
    "type": "Feature",
    "geometry": {
       "type": "Point",
       "coordinates":  [ 121.532115,25.043263 ]
    },
    "properties": {
    "行政區":"中正區",
    "友善店家名稱":"成功攝影",
    "地址":"臺北市中正區臨沂街3巷31號",
    "電話":"02-2351-8918",
    "簡介":"成功攝影，提供您最齊全、最主流、最高品質的中古二手單眼相機及鏡頭。實體門市提供買賣、交換、收購、寄賣、維修等服務。歡迎喜愛攝影的玩家與新手，都能來感受我們的親切、專業、安心的服務。",
    "英文友善":"1",
    "日文友善":"0",
    "韓文友善":"0",
    "行動裝置充電":"0",
    "無障礙友善":"1",
    "性別友善":"1",
    "便利支付":"0",
    "素食":"0",
    "友善廁所":"0",
    "公平貿易友善":"0",
    "Free WiFi":"0",
    "自行車友善":"1",
    "哺集乳友善":"0",
    "穆斯林友善":"0",
    "月經友善":"0",
    "友善項目總計":4
    }
  },
  {
    "type": "Feature",
    "geometry": {
       "type": "Point",
       "coordinates":  [ 121.511882,25.042183 ]
    },
    "properties": {
    "行政區":"中正區",
    "友善店家名稱":"JOLLY 衡陽店",
    "地址":"臺北市中正區衡陽路60號1樓",
    "電話":"02 2388 9660/總公司謝小姐02-2221-9337#14",
    "簡介":"「Jolly Brewery + Restaurant」\n是目前國內唯一將「泰食」與「手工釀啤酒 (Craft beer)」二者完美結合的餐廳，裝潢設計採取後現代主義的精神，呈現出簡約的設計風格，讓消費者能在寬敞、溫馨、舒適的環境用餐，輔以柔和的燈光、時尚的音樂，為嶄新的新概念型態餐廳。\nJolly在「泰食」方面針對「酸」與「辣」及「東南亞貫用的辛香料」特性做了重新的詮釋，將傳統味覺與創新手法相容並濟，開創新口感。例如檸檬清蒸魚採去頭去尾的做法及JOLLY蝦餅與一般傳統蝦餅造型不同，採切長條入鍋炸，炸出來就像薯條一樣，更是少見。\nJolly在「手工釀啤酒 (Craft beer)」方面，特別斥資將歐、美風行的啤酒釀造工藝技術引進台灣，並有國外専業認証的釀酒師釀製，堅持Craft beer精神-真正自然健康，只用100%麥芽釀製，不添加任何化學物質，也不經過過濾、熱處理等程序，故保有豐富的啤酒酵母、礦物質、維他命、蛋白質。原始與傳統的極緻表現，讓啤酒不再只是單純可以搭配各國佳餚的液體麵包，更是餐桌上一道色、香、味具全的個性佳餚 。\n當酸辣美味的「泰食」遇上口感細膩的「手工釀啤酒」，讓這一熱一冷的交織作用帶你進入細膩與獨特的Jolly世界。",
    "英文友善":"1",
    "日文友善":"1",
    "韓文友善":"0",
    "行動裝置充電":"0",
    "無障礙友善":"0",
    "性別友善":"1",
    "便利支付":"1",
    "素食":"1",
    "友善廁所":"0",
    "公平貿易友善":"0",
    "Free WiFi":"1",
    "自行車友善":"0",
    "哺集乳友善":"0",
    "穆斯林友善":"0",
    "月經友善":"0",
    "友善項目總計":6
    }
  },
  {
    "type": "Feature",
    "geometry": {
       "type": "Point",
       "coordinates":  [ 121.520495,25.027436 ]
    },
    "properties": {
    "行政區":"中正區",
    "友善店家名稱":"我舍方家具",
    "地址":"臺北市中正區南昌路二段67號",
    "電話":"02-2358-1227",
    "簡介":"",
    "英文友善":"0",
    "日文友善":"0",
    "韓文友善":"0",
    "行動裝置充電":"1",
    "無障礙友善":"0",
    "性別友善":"1",
    "便利支付":"1",
    "素食":"0",
    "友善廁所":"0",
    "公平貿易友善":"0",
    "Free WiFi":"0",
    "自行車友善":"1",
    "哺集乳友善":"0",
    "穆斯林友善":"0",
    "月經友善":"0",
    "友善項目總計":4
    }
  },
  {
    "type": "Feature",
    "geometry": {
       "type": "Point",
       "coordinates":  [ 121.525336,25.044536 ]
    },
    "properties": {
    "行政區":"中正區",
    "友善店家名稱":"和逸飯店 臺北忠孝館",
    "地址":"臺北市中正區忠孝東路一段31號",
    "電話":"02-7725-3399",
    "簡介":"和逸飯店．臺北忠孝館，距離捷運善導寺站6號出口僅1分鐘，位處臺北車站商圈精華地段，四周呈現新舊交織的都會風貌。飯店與時尚星巴克典藏門市為鄰，對面則是人潮絡繹不絕的半百老字號「阜杭豆漿」，沿著忠孝東路漫步即達充滿藝文氣息的「華山1914文化創意產業園區」和臺北的秋葉原「光華數位新天地」，適合喜愛深度旅遊的旅客探索。\n和逸飯店在軟硬體規劃上皆以「時時體貼，處處合意」為出發點，以適切的溫度，提供具親和力但不叨擾的服務品質。暖色調的裝潢、大量原木傢俱與石材建築，明亮採光與淡淡香氛營造舒心放鬆的空間，洗滌旅客疲憊的身心。\n和逸飯店較大型飯店少了一點拘謹，比商務飯店則多了一份溫暖，期望為忙於業務拜訪的商務人士，或是結束一整天城市探索的休閒旅客，提供一個讓旅客卸下心防、鬆脫領帶與高跟鞋的自在空間。讓您彷彿身處都會鬧區中的綠洲，在服務、客房、餐飲環境、交通上都合您心意。",
    "英文友善":"1",
    "日文友善":"1",
    "韓文友善":"0",
    "行動裝置充電":"1",
    "無障礙友善":"1",
    "性別友善":"1",
    "便利支付":"1",
    "素食":"1",
    "友善廁所":"1",
    "公平貿易友善":"0",
    "Free WiFi":"1",
    "自行車友善":"0",
    "哺集乳友善":"1",
    "穆斯林友善":"0",
    "月經友善":"0",
    "友善項目總計":10
    }
  },
  {
    "type": "Feature",
    "geometry": {
       "type": "Point",
       "coordinates":  [ 121.525801,25.044008 ]
    },
    "properties": {
    "行政區":"中正區",
    "友善店家名稱":"鬍鬚張臺北華山店",
    "地址":"臺北市中正區忠孝東路一段150號",
    "電話":"02-2321-9599/總公司:02-2298-2185＃232(行企部劉副理)",
    "簡介":"「鬍鬚張魯肉飯」創立於1960年，秉持『傳統美食，追求幸福』的創業初衷，從路邊攤創起，以發揚台灣美食文化為職志，不斷的做中學，以品質、口味、服務、衛生為基礎，提供安全美味的產品，整潔親切的用餐環境與氛圍的餐廳。\n鬍鬚張以「誠信篤實」、「追求卓越」、「顧客滿意」、「永續成長」為經營理念，以「以人為本」、「人才培育」、「賞罰分明」、「成果分享」為管理原則，並致力於『將魯肉飯販賣到全世界都知道』的企業願景實踐。",
    "英文友善":"0",
    "日文友善":"0",
    "韓文友善":"0",
    "行動裝置充電":"0",
    "無障礙友善":"0",
    "性別友善":"1",
    "便利支付":"0",
    "素食":"0",
    "友善廁所":"1",
    "公平貿易友善":"0",
    "Free WiFi":"0",
    "自行車友善":"0",
    "哺集乳友善":"0",
    "穆斯林友善":"0",
    "月經友善":"0",
    "友善項目總計":2
    }
  },
  {
    "type": "Feature",
    "geometry": {
       "type": "Point",
       "coordinates":  [ 121.517138,25.031179 ]
    },
    "properties": {
    "行政區":"中正區",
    "友善店家名稱":"鬍鬚張臺北南昌店",
    "地址":"臺北市中正區南昌路一段70號",
    "電話":"02-2396-4359/總公司:02-2298-2185＃232(行企部劉副理)",
    "簡介":"「鬍鬚張魯肉飯」創立於1960年，秉持『傳統美食，追求幸福』的創業初衷，從路邊攤創起，以發揚台灣美食文化為職志，不斷的做中學，以品質、口味、服務、衛生為基礎，提供安全美味的產品，整潔親切的用餐環境與氛圍的餐廳。\n鬍鬚張以「誠信篤實」、「追求卓越」、「顧客滿意」、「永續成長」為經營理念，以「以人為本」、「人才培育」、「賞罰分明」、「成果分享」為管理原則，並致力於『將魯肉飯販賣到全世界都知道』的企業願景實踐。",
    "英文友善":"0",
    "日文友善":"0",
    "韓文友善":"0",
    "行動裝置充電":"0",
    "無障礙友善":"0",
    "性別友善":"1",
    "便利支付":"0",
    "素食":"0",
    "友善廁所":"1",
    "公平貿易友善":"0",
    "Free WiFi":"0",
    "自行車友善":"0",
    "哺集乳友善":"0",
    "穆斯林友善":"0",
    "月經友善":"0",
    "友善項目總計":2
    }
  },
  {
    "type": "Feature",
    "geometry": {
       "type": "Point",
       "coordinates":  [ 121.507752,25.035229 ]
    },
    "properties": {
    "行政區":"中正區",
    "友善店家名稱":"鬍鬚張臺北南門店",
    "地址":"臺北市中正區延平南路161號",
    "電話":"02-2371-3356/總公司:02-2298-2185＃232(行企部劉副理)",
    "簡介":"「鬍鬚張魯肉飯」創立於1960年，秉持『傳統美食，追求幸福』的創業初衷，從路邊攤創起，以發揚台灣美食文化為職志，不斷的做中學，以品質、口味、服務、衛生為基礎，提供安全美味的產品，整潔親切的用餐環境與氛圍的餐廳。\n鬍鬚張以「誠信篤實」、「追求卓越」、「顧客滿意」、「永續成長」為經營理念，以「以人為本」、「人才培育」、「賞罰分明」、「成果分享」為管理原則，並致力於『將魯肉飯販賣到全世界都知道』的企業願景實踐。",
    "英文友善":"0",
    "日文友善":"0",
    "韓文友善":"0",
    "行動裝置充電":"0",
    "無障礙友善":"0",
    "性別友善":"1",
    "便利支付":"0",
    "素食":"0",
    "友善廁所":"1",
    "公平貿易友善":"0",
    "Free WiFi":"0",
    "自行車友善":"0",
    "哺集乳友善":"0",
    "穆斯林友善":"0",
    "月經友善":"0",
    "友善項目總計":2
    }
  },
  {
    "type": "Feature",
    "geometry": {
       "type": "Point",
       "coordinates":  [ 121.531649,25.041841 ]
    },
    "properties": {
    "行政區":"中正區",
    "友善店家名稱":"鬍鬚張忠孝新生店",
    "地址":"臺北市中正區忠孝東路二段134巷6號1樓",
    "電話":"02-2395-8730/總公司:02-2298-2185＃232(行企部劉副理)",
    "簡介":"「鬍鬚張魯肉飯」創立於1960年，秉持『傳統美食，追求幸福』的創業初衷，從路邊攤創起，以發揚台灣美食文化為職志，不斷的做中學，以品質、口味、服務、衛生為基礎，提供安全美味的產品，整潔親切的用餐環境與氛圍的餐廳。\n鬍鬚張以「誠信篤實」、「追求卓越」、「顧客滿意」、「永續成長」為經營理念，以「以人為本」、「人才培育」、「賞罰分明」、「成果分享」為管理原則，並致力於『將魯肉飯販賣到全世界都知道』的企業願景實踐。",
    "英文友善":"0",
    "日文友善":"0",
    "韓文友善":"0",
    "行動裝置充電":"0",
    "無障礙友善":"0",
    "性別友善":"1",
    "便利支付":"0",
    "素食":"0",
    "友善廁所":"1",
    "公平貿易友善":"0",
    "Free WiFi":"0",
    "自行車友善":"0",
    "哺集乳友善":"0",
    "穆斯林友善":"0",
    "月經友善":"0",
    "友善項目總計":2
    }
  },
  {
    "type": "Feature",
    "geometry": {
       "type": "Point",
       "coordinates":  [ 121.517058,25.047176 ]
    },
    "properties": {
    "行政區":"中正區",
    "友善店家名稱":"黑橋牌-微風臺北車站專櫃",
    "地址":"臺北市中正區北平西路3號B1\n(微風廣場臺北車站B1西區)",
    "電話":"02-2388-3815/02-22983155#203張副課",
    "簡介":"黑橋牌食品於1957年成立，因率先將舊時台灣市面上乾鹹的廣式臘腸，改良為現今甜潤多汁的台灣風味，獨創的香腸滋味在台灣炮而紅，成立至今已超過六十年，每逢年節皆可看見店舖大排長龍的搶購盛況，不僅開創台灣香腸的美食傳奇，更奠定現今台灣香腸第一品牌的口碑。\n店內除了販售十多種款式的香腸，更提供多種口味的豬肉乾、牛肉乾、手炒肉酥等美味肉品，全部都是來台必買的美食。近年推出的脆片肉乾、條子肉乾、肉酥餅乾等廣受年輕顧客喜愛，也成為黑橋牌暢銷人氣商品。\n黑橋牌門市多次接獲海內外媒體採訪，香港美食家蔡瀾也曾率團到店選購，黑豬肉香腸、黑豬肉乾、香腸肉包是招牌推薦品，店內並提供鳳梨酥、綠豆糕等各式台灣特產，是來台必訪的特產名店。",
    "英文友善":"1",
    "日文友善":"0",
    "韓文友善":"0",
    "行動裝置充電":"0",
    "無障礙友善":"1",
    "性別友善":"1",
    "便利支付":"1",
    "素食":"1",
    "友善廁所":"0",
    "公平貿易友善":"0",
    "Free WiFi":"0",
    "自行車友善":"0",
    "哺集乳友善":"0",
    "穆斯林友善":"0",
    "月經友善":"0",
    "友善項目總計":5
    }
  },
  {
    "type": "Feature",
    "geometry": {
       "type": "Point",
       "coordinates":  [ 121.531021,25.045632 ]
    },
    "properties": {
    "行政區":"中正區",
    "友善店家名稱":"百八魚場(三創店)",
    "地址":"臺北市中正區市民大道三段2號B2",
    "電話":"02-2341-3600",
    "簡介":"百八魚場緣起2009年，誓言顛覆傳統日本料理的刻板印象，秉持親民價格仍能享有美味料理的理念而創立，價格高貴但不貴，名為「百八魚場」，以其傳遞理念不變的心意。而新改裝完成的三創店以素雅質樸的米色調打造，充滿濃濃的日式風格讓顧客能在優雅的環境中用餐，賓至如歸享受高CP值的美味料理。",
    "英文友善":"1",
    "日文友善":"1",
    "韓文友善":"0",
    "行動裝置充電":"0",
    "無障礙友善":"0",
    "性別友善":"0",
    "便利支付":"1",
    "素食":"0",
    "友善廁所":"0",
    "公平貿易友善":"0",
    "Free WiFi":"0",
    "自行車友善":"0",
    "哺集乳友善":"0",
    "穆斯林友善":"0",
    "月經友善":"0",
    "友善項目總計":3
    }
  },
  {
    "type": "Feature",
    "geometry": {
       "type": "Point",
       "coordinates":  [ 121.51398,25.042721 ]
    },
    "properties": {
    "行政區":"中正區",
    "友善店家名稱":"臺北天晴旅店",
    "地址":"臺北市中正區懷寧街92-2號",
    "電話":"02-2331-9391/0976-585-652曾小姐",
    "簡介":"座落在二二八和平公園旁邊，距離捷運臺大醫院站步行三分鐘。\n房型有別於一般青年旅店，擁有完全的個人空間：\n獨特的上下舖床型，每間房內附有衛浴設備。\n\n一樓大廳公共區域\n工業斑駁設計，搭配手繪塗鴉黑板牆，有著獨特的現代感卻又不失活潑的風格。\n附有家用廚房設備、自助洗衣機、烘衣機，\n餐桌提供免費取用的小點心、咖啡、茶包等；\n一樓吧檯桌前設置一面未來信箱花牆，\n不只幫各國旅客們寄出明信片，也可以指定月份寄給未來的自己；\n此外旅遊最不可或缺的就是伴手禮!\n臺北天晴旅店集結在地商家，在每間房內提供一盒迎賓小禮，\n除了鳳梨酥、果乾、梅糖、茶包等伴手禮，還有當地店家及餐廳的體驗優惠券! \n不只讓旅客們品嚐台灣最道地伴手禮的美味，更能體驗在地文化!\n\n台灣最美麗的風景是-人，\n臺北天晴旅店最注重的是-情，\n讓旅客們懷念難忘的是台灣美食的-味!\n歡迎大家走進台灣、停歇臺北、入住天晴!",
    "英文友善":"1",
    "日文友善":"0",
    "韓文友善":"0",
    "行動裝置充電":"0",
    "無障礙友善":"0",
    "性別友善":"1",
    "便利支付":"1",
    "素食":"0",
    "友善廁所":"0",
    "公平貿易友善":"0",
    "Free WiFi":"1",
    "自行車友善":"0",
    "哺集乳友善":"0",
    "穆斯林友善":"0",
    "月經友善":"1",
    "友善項目總計":5
    }
  },
  {
    "type": "Feature",
    "geometry": {
       "type": "Point",
       "coordinates":  [ 121.516985,25.031697 ]
    },
    "properties": {
    "行政區":"中正區",
    "友善店家名稱":"里仁-南昌南門店",
    "地址":"臺北市中正區南昌路一段33號",
    "電話":"02-2322-2175/02-77146168#80514(總公司陳'S)",
    "簡介":"1988年里仁開張，決心要做「該做但還沒有人做的事」。提供以誠信契作支持和鼓勵農友，栽植無農藥化肥的純淨蔬果來友善環境，也尋找願意還原食物本味、恢復環境清靜的淳厚廠商，近年更積極以產品包材減塑支持淨塑。 里仁產品開發堅持自然、健康、平實。主要產品包括有機或轉型農產品、少或無添加物的食品，不含基改成份，以本土有機為優先，支持綠保生態並關懷弱勢。",
    "英文友善":"0",
    "日文友善":"0",
    "韓文友善":"0",
    "行動裝置充電":"0",
    "無障礙友善":"0",
    "性別友善":"0",
    "便利支付":"0",
    "素食":"1",
    "友善廁所":"0",
    "公平貿易友善":"0",
    "Free WiFi":"0",
    "自行車友善":"0",
    "哺集乳友善":"0",
    "穆斯林友善":"0",
    "月經友善":"0",
    "友善項目總計":1
    }
  },
  {
    "type": "Feature",
    "geometry": {
       "type": "Point",
       "coordinates":  [ 121.512049,25.045102 ]
    },
    "properties": {
    "行政區":"中正區",
    "友善店家名稱":"峰圃茶莊",
    "地址":"臺北市中正區漢口街一段86號",
    "電話":"02-2382-2922",
    "簡介":"峰圃茶莊創立於1883年，是臺北第七家茶葉店。峰圃茶莊堅持峰圃家訓【貨真價實、童叟無欺】的經營理念及誠懇的態度招待每一位來訪的客戶，讓許多來自海內外的客人印象深刻，不但持續來店購買茶葉，還介紹給其他朋友，讓老店的名號享譽海外，並在臺北城內永續經營、屹立不搖。",
    "英文友善":"1",
    "日文友善":"1",
    "韓文友善":"0",
    "行動裝置充電":"0",
    "無障礙友善":"0",
    "性別友善":"0",
    "便利支付":"1",
    "素食":"0",
    "友善廁所":"1",
    "公平貿易友善":"0",
    "Free WiFi":"1",
    "自行車友善":"0",
    "哺集乳友善":"0",
    "穆斯林友善":"0",
    "月經友善":"0",
    "友善項目總計":5
    }
  },
  {
    "type": "Feature",
    "geometry": {
       "type": "Point",
       "coordinates":  [ 121.51194,25.042186 ]
    },
    "properties": {
    "行政區":"中正區",
    "友善店家名稱":"全祥茶莊",
    "地址":"臺北市中正區衡陽路58號",
    "電話":"02-2311-8405/0971-224-524",
    "簡介":"1949年，時任第九茶區廠長的全祥第二代傳人 林火樹先生 建立了臺北‧【全祥茶莊股份有限公司】，是【最早】經營兩岸茶葉貿易的茶莊。作為台灣製茶界的標竿，臺北‧全祥茶莊的香片、龍井以及高山烏龍茶是台灣各個時期政要的心頭好，也是作為台灣的一張名片.餽贈給各國友人的首選茶。蔣氏家族就是全祥茶的愛好者，蔣宋美齡女士還在台灣時最喜歡的茶便是臺北‧全祥茶莊的御品香片，她當時使用過的以木片製作的全祥茶罐現今仍收藏在婦工會的文物資料館裡。\n時著時代的變遷，臺北‧【全祥茶莊仍保持著高品質產地及傳統的製茶工藝】，向世界各地的消費者提供最台灣的產品，最道地的味道。並以新經營的精神，致力於產品創新、通路創新及組織創新，除了將商品以茶為核心向各類型食品發展。茶是天然、和平的飲料。創造健康的社會將是臺北‧全祥永遠追求的目標。",
    "英文友善":"0",
    "日文友善":"0",
    "韓文友善":"0",
    "行動裝置充電":"0",
    "無障礙友善":"0",
    "性別友善":"1",
    "便利支付":"1",
    "素食":"0",
    "友善廁所":"0",
    "公平貿易友善":"0",
    "Free WiFi":"1",
    "自行車友善":"0",
    "哺集乳友善":"0",
    "穆斯林友善":"0",
    "月經友善":"0",
    "友善項目總計":3
    }
  },
  {
    "type": "Feature",
    "geometry": {
       "type": "Point",
       "coordinates":  [ 121.511392,25.044367 ]
    },
    "properties": {
    "行政區":"中正區",
    "友善店家名稱":"湯姆西服公司",
    "地址":"臺北市中正區博愛路90號",
    "電話":"02-2311-5307",
    "簡介":"提到西服，最具代表性的莫過於成立百年的「湯姆西服」。上海師傅的手藝受到台灣歷任總統的喜愛，於是「歷任總統西服設計名店」的美名不逕而走。\nTOM不僅時時關注西服樣式潮流的發展，也常設計出時尚年輕的款式，令新世代眼睛為之一亮，費用也很平民化。 不少年輕人的第一套西裝都找上TOM 量身訂做，不論身材如何，老師傅的手藝，都能縫製出尊貴不失流行的西服，穿上它即能展現品味風範。 走一趟臺北市博愛路的湯姆西服店，為你的形象儀表加分。",
    "英文友善":"1",
    "日文友善":"0",
    "韓文友善":"0",
    "行動裝置充電":"0",
    "無障礙友善":"0",
    "性別友善":"1",
    "便利支付":"1",
    "素食":"0",
    "友善廁所":"0",
    "公平貿易友善":"0",
    "Free WiFi":"1",
    "自行車友善":"1",
    "哺集乳友善":"0",
    "穆斯林友善":"0",
    "月經友善":"0",
    "友善項目總計":5
    }
  },
  {
    "type": "Feature",
    "geometry": {
       "type": "Point",
       "coordinates":  [ 121.51044,25.04421 ]
    },
    "properties": {
    "行政區":"中正區",
    "友善店家名稱":"雪王冰淇淋",
    "地址":"臺北市中正區武昌街一段65號2樓",
    "電話":"02-2331-8415",
    "簡介":"本店自1947年成立以來，秉持天然完美，研發各式冰淇淋以滿足顧客，現有73種獨家口味，包括鹹的、酒做的、茶的冰淇淋等。敬請蒞臨指教！",
    "英文友善":"1",
    "日文友善":"1",
    "韓文友善":"0",
    "行動裝置充電":"1",
    "無障礙友善":"0",
    "性別友善":"1",
    "便利支付":"1",
    "素食":"1",
    "友善廁所":"0",
    "公平貿易友善":"0",
    "Free WiFi":"1",
    "自行車友善":"1",
    "哺集乳友善":"0",
    "穆斯林友善":"0",
    "月經友善":"0",
    "友善項目總計":8
    }
  },
  {
    "type": "Feature",
    "geometry": {
       "type": "Point",
       "coordinates":  [ 121.511816,25.046063 ]
    },
    "properties": {
    "行政區":"中正區",
    "友善店家名稱":"牧亞吉鮮屋",
    "地址":"臺北市中正區開封街一段71號\n",
    "電話":"02-2381-4575/ 02 2311 8796/02-2311-4022",
    "簡介":"交通便利、購物可購物可享1小時免費停車\n\n四十年老店\n\n提供相機 攝影機及周邊器材販售\n\n傳統底片沖洗 沖印及掃描",
    "英文友善":"0",
    "日文友善":"0",
    "韓文友善":"0",
    "行動裝置充電":"0",
    "無障礙友善":"0",
    "性別友善":"1",
    "便利支付":"0",
    "素食":"0",
    "友善廁所":"1",
    "公平貿易友善":"0",
    "Free WiFi":"1",
    "自行車友善":"1",
    "哺集乳友善":"0",
    "穆斯林友善":"0",
    "月經友善":"0",
    "友善項目總計":4
    }
  },
  {
    "type": "Feature",
    "geometry": {
       "type": "Point",
       "coordinates":  [ 121.511163,25.045272 ]
    },
    "properties": {
    "行政區":"中正區",
    "友善店家名稱":"萬佳國際有限公司\n萬佳國際攝影器材",
    "地址":"臺北市中正區漢口街一段85號之3",
    "電話":"02-2361-1323",
    "簡介":"我們是CANON跟NIKON特約經銷商，專門販售CANON、NIKON的原廠相機跟鏡頭，同時也販售單眼相機的周邊配件；SIGMA專業鏡頭；B+W、MARUMI的專業鏡片；Manfrotto大廠牌的腳架跟相機包，提供特惠的價格與完整的服務。",
    "英文友善":"1",
    "日文友善":"0",
    "韓文友善":"0",
    "行動裝置充電":"0",
    "無障礙友善":"0",
    "性別友善":"0",
    "便利支付":"1",
    "素食":"0",
    "友善廁所":"0",
    "公平貿易友善":"0",
    "Free WiFi":"0",
    "自行車友善":"0",
    "哺集乳友善":"0",
    "穆斯林友善":"0",
    "月經友善":"0",
    "友善項目總計":2
    }
  },
  {
    "type": "Feature",
    "geometry": {
       "type": "Point",
       "coordinates":  [ 121.510583,25.04736 ]
    },
    "properties": {
    "行政區":"中正區",
    "友善店家名稱":"世民酒店臺北北門",
    "地址":"臺北市中正區中華路一段3號",
    "電話":"070-1016-1061/0972-180-397(歐陽小姐)",
    "簡介":"世民酒店以「價格合理的奢華旅宿體驗」為理念，並歡迎目光敏銳、\n\n尋找嶄新飯店體驗的新世代國際旅客入住。\n\n位於核心地帶的我們期望提供時下旅客奢華享受、時尚設計、先進的智能設備、以及柔軟舒適的枕頭，並以合理的價格獲得舒適的入住體驗。",
    "英文友善":"1",
    "日文友善":"1",
    "韓文友善":"1",
    "行動裝置充電":"0",
    "無障礙友善":"1",
    "性別友善":"1",
    "便利支付":"1",
    "素食":"0",
    "友善廁所":"0",
    "公平貿易友善":"0",
    "Free WiFi":"1",
    "自行車友善":"0",
    "哺集乳友善":"0",
    "穆斯林友善":"0",
    "月經友善":"1",
    "友善項目總計":8
    }
  },
  {
    "type": "Feature",
    "geometry": {
       "type": "Point",
       "coordinates":  [ 121.511729,25.0451 ]
    },
    "properties": {
    "行政區":"中正區",
    "友善店家名稱":"正陽照相器材有限公司",
    "地址":"臺北市中正區漢口街一段92號",
    "電話":"02-2381-4769/0988-915-122(楊先生)",
    "簡介":"價格公道、服務親切、專業知識、\n\n物品齊全。",
    "英文友善":"1",
    "日文友善":"0",
    "韓文友善":"0",
    "行動裝置充電":"0",
    "無障礙友善":"0",
    "性別友善":"1",
    "便利支付":"0",
    "素食":"0",
    "友善廁所":"0",
    "公平貿易友善":"0",
    "Free WiFi":"0",
    "自行車友善":"0",
    "哺集乳友善":"0",
    "穆斯林友善":"0",
    "月經友善":"0",
    "友善項目總計":2
    }
  },
  {
    "type": "Feature",
    "geometry": {
       "type": "Point",
       "coordinates":  [ 121.523588,25.045124 ]
    },
    "properties": {
    "行政區":"中正區",
    "友善店家名稱":"禮德西服",
    "地址":"臺北市中正區林森北路1號1樓",
    "電話":"02-2394-4437",
    "簡介":"50年經驗老店，堅持手工西服訂製，由本店裁縫團隊，以即將失傳的傳統手工技術精製，每套西裝至少需要100個小時以上，精緻品質成就品味，體現最實惠的尊榮享受。服務項目為男女西裝、襯衫量身訂做，嚴選高級進口布料，精準量身，手工打造，完善的售後服務，值得您信賴的時尚顧問！",
    "英文友善":"1",
    "日文友善":"1",
    "韓文友善":"0",
    "行動裝置充電":"1",
    "無障礙友善":"0",
    "性別友善":"1",
    "便利支付":"1",
    "素食":"0",
    "友善廁所":"1",
    "公平貿易友善":"0",
    "Free WiFi":"0",
    "自行車友善":"0",
    "哺集乳友善":"1",
    "穆斯林友善":"0",
    "月經友善":"0",
    "友善項目總計":7
    }
  },
  {
    "type": "Feature",
    "geometry": {
       "type": "Point",
       "coordinates":  [ 121.510729,25.045732 ]
    },
    "properties": {
    "行政區":"中正區",
    "友善店家名稱":"瘋臺北青旅Fun Inn Taipei",
    "地址":"臺北市中正區延平南路21號2樓",
    "電話":"02-2382-1818/0931-872772",
    "簡介":"瘋臺北青旅提供簡單、實惠的住宿和免費WiFi。·客人只需步行7分鐘即可抵達捷運西門站和西門町商圈。\n 客人從臺北車站步行至瘋臺北青旅僅需10分鐘，而臺北車站四通八建，可由此轉乘臺北捷運、桃園機場捷運、客運、火車及高鐵。青旅距離臺松山機場20分鐘車程，距離臺灣桃園機場則為40分鐘車程。青旅設有女性專屬宿舍房。每個床位均提供床單、寢具、置物櫃和個人床簾。\n 房内設有共用衛浴和廁所。設有共用廚房和共用休息室。櫃台提供行李寄存服務。亦設有飲料自動販賣機和洗衣間。\n 鄰近區城更有豐富多樣的道地餐飲可供選揮。",
    "英文友善":"1",
    "日文友善":"0",
    "韓文友善":"0",
    "行動裝置充電":"1",
    "無障礙友善":"1",
    "性別友善":"1",
    "便利支付":"1",
    "素食":"0",
    "友善廁所":"1",
    "公平貿易友善":"0",
    "Free WiFi":"1",
    "自行車友善":"1",
    "哺集乳友善":"0",
    "穆斯林友善":"0",
    "月經友善":"0",
    "友善項目總計":8
    }
  },
  {
    "type": "Feature",
    "geometry": {
       "type": "Point",
       "coordinates":  [ 121.525493,25.035927 ]
    },
    "properties": {
    "行政區":"中正區",
    "友善店家名稱":"小隱茶庵 - 東門店",
    "地址":"臺北市中正區杭州南路一段143巷12-1號",
    "電話":"02-2343-5859",
    "簡介":"壺光倒影，茶中山色 \n小隱於市，自然得意 \n都市叢林，四季更迭 \n\n小隱茶庵以茶做為傳遮思想的媒介 \n給生活在都市的人們體驗山林美好 \n讓茶香在城市每個角落發酵 \n\n小隱深入山林，精心挑最好的茶品\n以茶的芬芳稀釋了生活紛擾 \n尋回心中那份回歸自然的本心\n讓茶的品質多了一層溫度 \n\n小隱茶庵的識別也蘊含了這份心意 \n以茶為鏡，映照內心山河 \n讓身心靈與茶道本質合而為一",
    "英文友善":"0",
    "日文友善":"0",
    "韓文友善":"0",
    "行動裝置充電":"0",
    "無障礙友善":"0",
    "性別友善":"1",
    "便利支付":"1",
    "素食":"1",
    "友善廁所":"1",
    "公平貿易友善":"0",
    "Free WiFi":"1",
    "自行車友善":"0",
    "哺集乳友善":"0",
    "穆斯林友善":"0",
    "月經友善":"0",
    "友善項目總計":5
    }
  },
  {
    "type": "Feature",
    "geometry": {
       "type": "Point",
       "coordinates":  [ 121.51084,25.042145 ]
    },
    "properties": {
    "行政區":"中正區",
    "友善店家名稱":"立川黃金鍋 衡陽店",
    "地址":"臺北市中正區衡陽路88、90號",
    "電話":"02-2331-1311",
    "簡介":"花蓮壽豐地層含有豐富20種以上微量礦物元素如硒、鉻、鍺、鈣、鎂、磷和鋅等，全球黃金蜆唯一生產原廠立川便座落於此；因得天獨厚的自然環境，成為世界唯一大規模生產黃金蜆的養殖區。並於1989年由立川將其命名為『黃金蜆』。 \n鑒於現代人對於舌尖上的挑剔，立川更重視食材的品質，結合集團內五星級的無毒養殖、六星級產業的有機食材與立川三寶，於2018年創立別具特色風味，不但能滿足口舌味蕾，更是健康無負擔的『立川黃金鍋』餐飲品牌。 從傳統養殖小農到世界唯一的榮耀，農漁養殖隨著生物科技不斷突破升級，立川集團秉持「如魚得水」永續經營理念，要讓每位時刻都能安心享用高品質食材與服務。 \n立川集團證明台灣農漁業的黃金奇蹟，除了讓更多民眾認識台灣養殖業的過去、現在與未來，更因美食讓我們感動於這片肥沃的福爾摩沙，創造出舌尖上回味無窮的美味風貌。\n",
    "英文友善":"0",
    "日文友善":"0",
    "韓文友善":"0",
    "行動裝置充電":"0",
    "無障礙友善":"1",
    "性別友善":"0",
    "便利支付":"1",
    "素食":"1",
    "友善廁所":"1",
    "公平貿易友善":"0",
    "Free WiFi":"0",
    "自行車友善":"0",
    "哺集乳友善":"0",
    "穆斯林友善":"0",
    "月經友善":"0",
    "友善項目總計":4
    }
  },
  {
    "type": "Feature",
    "geometry": {
       "type": "Point",
       "coordinates":  [ 121.530823,25.016179 ]
    },
    "properties": {
    "行政區":"中正區",
    "友善店家名稱":"ＪＯＤＯ飯糰咖啡手作專門店",
    "地址":"臺北市中正區汀州路三段131號1樓",
    "電話":"02-23688592/0936-390-973",
    "簡介":"JODO選用 三生理想、共榮共好 天然無毒的 稻鴨米 與 芋香米 ，調和出黃金飯糰比例，創造最佳的香氣與口感，搭配嚴選的食材與獨家的醬汁，以及全新創意的吃法，打破你對飯糰的想像！",
    "英文友善":"1",
    "日文友善":"0",
    "韓文友善":"0",
    "行動裝置充電":"0",
    "無障礙友善":"0",
    "性別友善":"0",
    "便利支付":"1",
    "素食":"1",
    "友善廁所":"0",
    "公平貿易友善":"0",
    "Free WiFi":"1",
    "自行車友善":"0",
    "哺集乳友善":"0",
    "穆斯林友善":"0",
    "月經友善":"0",
    "友善項目總計":4
    }
  },
  {
    "type": "Feature",
    "geometry": {
       "type": "Point",
       "coordinates":  [ 121.508073,25.035342 ]
    },
    "properties": {
    "行政區":"中正區",
    "友善店家名稱":"公克咖啡 ",
    "地址":"臺北市中正區延平南路157巷5號1樓(面對廣州街8巷)",
    "電話":" 0903 969 576",
    "簡介":"公克的英文，gram，也是祖母的暱稱。因為店面是利用阿嬤家的一個空間，所以就把店取名為gram coffee，希望提供好喝的咖啡跟好吃的糕點給大家。",
    "英文友善":"1",
    "日文友善":"0",
    "韓文友善":"1",
    "行動裝置充電":"0",
    "無障礙友善":"1",
    "性別友善":"1",
    "便利支付":"0",
    "素食":"0",
    "友善廁所":"0",
    "公平貿易友善":"0",
    "Free WiFi":"0",
    "自行車友善":"1",
    "哺集乳友善":"0",
    "穆斯林友善":"1",
    "月經友善":"0",
    "友善項目總計":6
    }
  },
  {
    "type": "Feature",
    "geometry": {
       "type": "Point",
       "coordinates":  [ 121.53328,25.015457 ]
    },
    "properties": {
    "行政區":"中正區",
    "友善店家名稱":"得記烘焙",
    "地址":"臺北市中正區羅斯福路四段26號",
    "電話":"02-2367-3611/0989-747-319",
    "簡介":"我們是在公館營業過六十年的烘焙店，將法國麵包及貝果麵包改良偏軟成國人較能接受的台式口感，加上傳統的甜麵包為主，以及各類西點蛋糕。",
    "英文友善":"0",
    "日文友善":"0",
    "韓文友善":"0",
    "行動裝置充電":"0",
    "無障礙友善":"0",
    "性別友善":"0",
    "便利支付":"1",
    "素食":"0",
    "友善廁所":"0",
    "公平貿易友善":"0",
    "Free WiFi":"0",
    "自行車友善":"0",
    "哺集乳友善":"0",
    "穆斯林友善":"0",
    "月經友善":"0",
    "友善項目總計":1
    }
  },
  {
    "type": "Feature",
    "geometry": {
       "type": "Point",
       "coordinates":  [ 121.528395,25.036024 ]
    },
    "properties": {
    "行政區":"中正區",
    "友善店家名稱":"馬叔餅舖",
    "地址":"臺北市中正區臨沂街67之2號1樓",
    "電話":"02-2396-2788/0937-145-783",
    "簡介":"臺北清真寺認證回教清真餐館",
    "英文友善":"0",
    "日文友善":"0",
    "韓文友善":"0",
    "行動裝置充電":"0",
    "無障礙友善":"0",
    "性別友善":"0",
    "便利支付":"1",
    "素食":"0",
    "友善廁所":"0",
    "公平貿易友善":"0",
    "Free WiFi":"1",
    "自行車友善":"0",
    "哺集乳友善":"0",
    "穆斯林友善":"1",
    "月經友善":"0",
    "友善項目總計":3
    }
  },
  {
    "type": "Feature",
    "geometry": {
       "type": "Point",
       "coordinates":  [ 121.53222,25.11439 ]
    },
    "properties": {
    "行政區":"士林區",
    "友善店家名稱":"on the road \n義式手工冰淇淋專賣店",
    "地址":"臺北市士林區忠誠路二段136號",
    "電話":"02-2875-2717",
    "簡介":"義式手工冰淇淋專賣店，堅持每日新鮮現做，以當季水果搭配進口新鮮食材， 製作出獨創特色。",
    "英文友善":"1",
    "日文友善":"1",
    "韓文友善":"0",
    "行動裝置充電":"1",
    "無障礙友善":"1",
    "性別友善":"1",
    "便利支付":"1",
    "素食":"1",
    "友善廁所":"1",
    "公平貿易友善":"1",
    "Free WiFi":"1",
    "自行車友善":"1",
    "哺集乳友善":"0",
    "穆斯林友善":"0",
    "月經友善":"0",
    "友善項目總計":11
    }
  },
  {
    "type": "Feature",
    "geometry": {
       "type": "Point",
       "coordinates":  [ 121.529276,25.111924 ]
    },
    "properties": {
    "行政區":"士林區",
    "友善店家名稱":"Coffee and Tea",
    "地址":"臺北市士林區士東路100號52攤位",
    "電話":"0930-970-683/0900165456(白小姐)",
    "簡介":"Coffee and Tea擁有國際專業精品咖啡，茶和頂尖調酒。",
    "英文友善":"1",
    "日文友善":"1",
    "韓文友善":"0",
    "行動裝置充電":"1",
    "無障礙友善":"0",
    "性別友善":"1",
    "便利支付":"1",
    "素食":"0",
    "友善廁所":"0",
    "公平貿易友善":"0",
    "Free WiFi":"0",
    "自行車友善":"0",
    "哺集乳友善":"0",
    "穆斯林友善":"0",
    "月經友善":"0",
    "友善項目總計":5
    }
  },
  {
    "type": "Feature",
    "geometry": {
       "type": "Point",
       "coordinates":  [ 121.536242,25.118362 ]
    },
    "properties": {
    "行政區":"士林區",
    "友善店家名稱":"金蓬萊台菜餐廳",
    "地址":"臺北市士林區天母東路101號",
    "電話":"02-2871-1517",
    "簡介":"保留北投老料理的真髓，追求美味的極致及品味的提升，是許多元首、政商名流、國內外知名藝人及中港日本觀光客必吃臺菜餐廳。",
    "英文友善":"1",
    "日文友善":"1",
    "韓文友善":"0",
    "行動裝置充電":"0",
    "無障礙友善":"0",
    "性別友善":"1",
    "便利支付":"0",
    "素食":"0",
    "友善廁所":"0",
    "公平貿易友善":"0",
    "Free WiFi":"1",
    "自行車友善":"0",
    "哺集乳友善":"0",
    "穆斯林友善":"0",
    "月經友善":"1",
    "友善項目總計":5
    }
  },
  {
    "type": "Feature",
    "geometry": {
       "type": "Point",
       "coordinates":  [ 121.525497,25.089759 ]
    },
    "properties": {
    "行政區":"士林區",
    "友善店家名稱":"食尚曼谷泰式創意料理",
    "地址":"臺北市士林區大東路54號",
    "電話":"02-2883-0013/0987887376(江先生)",
    "簡介":"提供了異國的泰式創意料理，也不定期舉辦不插電音樂演出、藝文電影演出、藝文講習及各類藝術展演。",
    "英文友善":"1",
    "日文友善":"1",
    "韓文友善":"1",
    "行動裝置充電":"1",
    "無障礙友善":"0",
    "性別友善":"1",
    "便利支付":"1",
    "素食":"1",
    "友善廁所":"1",
    "公平貿易友善":"0",
    "Free WiFi":"1",
    "自行車友善":"0",
    "哺集乳友善":"0",
    "穆斯林友善":"0",
    "月經友善":"1",
    "友善項目總計":10
    }
  },
  {
    "type": "Feature",
    "geometry": {
       "type": "Point",
       "coordinates":  [ 121.525313,25.089659 ]
    },
    "properties": {
    "行政區":"士林區",
    "友善店家名稱":"瑞成棉被店",
    "地址":"臺北市士林區大東路45號1樓",
    "電話":"02-2882-2846/0930588532(張先生)",
    "簡介":"百年老店，提供棉被商品與周邊還有家飾用品。提供專業諮詢，商品價位透明化，負責任的售後服務。",
    "英文友善":"0",
    "日文友善":"0",
    "韓文友善":"0",
    "行動裝置充電":"0",
    "無障礙友善":"0",
    "性別友善":"1",
    "便利支付":"0",
    "素食":"0",
    "友善廁所":"1",
    "公平貿易友善":"0",
    "Free WiFi":"1",
    "自行車友善":"0",
    "哺集乳友善":"0",
    "穆斯林友善":"0",
    "月經友善":"0",
    "友善項目總計":3
    }
  },
  {
    "type": "Feature",
    "geometry": {
       "type": "Point",
       "coordinates":  [ 121.523224,25.081783 ]
    },
    "properties": {
    "行政區":"士林區",
    "友善店家名稱":"樂活式單車館",
    "地址":"臺北市士林區承德路四段69號",
    "電話":"02-2885-2172",
    "簡介":"銷售所有與單車有關的商品與單車、高檔自行車服飾與產品，並提供專業知識與良好的售後服務。",
    "英文友善":"1",
    "日文友善":"1",
    "韓文友善":"0",
    "行動裝置充電":"1",
    "無障礙友善":"1",
    "性別友善":"0",
    "便利支付":"1",
    "素食":"0",
    "友善廁所":"1",
    "公平貿易友善":"0",
    "Free WiFi":"1",
    "自行車友善":"1",
    "哺集乳友善":"0",
    "穆斯林友善":"0",
    "月經友善":"0",
    "友善項目總計":8
    }
  },
  {
    "type": "Feature",
    "geometry": {
       "type": "Point",
       "coordinates":  [ 121.522538,25.080507 ]
    },
    "properties": {
    "行政區":"士林區",
    "友善店家名稱":"AN58西班牙創意料理 承德店",
    "地址":"臺北市士林區承德路四段29號",
    "電話":"02-2885-1029",
    "簡介":"交通方便，西班牙精緻美食料理，食材新鮮，開放式廚區設計，異國風餐點與瓷器，座位寬敞。",
    "英文友善":"1",
    "日文友善":"0",
    "韓文友善":"0",
    "行動裝置充電":"1",
    "無障礙友善":"1",
    "性別友善":"1",
    "便利支付":"1",
    "素食":"1",
    "友善廁所":"1",
    "公平貿易友善":"0",
    "Free WiFi":"1",
    "自行車友善":"1",
    "哺集乳友善":"0",
    "穆斯林友善":"0",
    "月經友善":"1",
    "友善項目總計":10
    }
  },
  {
    "type": "Feature",
    "geometry": {
       "type": "Point",
       "coordinates":  [ 121.526475,25.11867 ]
    },
    "properties": {
    "行政區":"士林區",
    "友善店家名稱":"Puro Gelato 手工義式冰淇淋",
    "地址":"臺北市士林區天母西路61號",
    "電話":"02-2873-8111/0963033092(張先生)",
    "簡介":"經典重現義大利冰淇淋的美味\nv 復刻 Gelato 的美好\n\nv 綿密口感的絕對體驗\n\nv 風味、香味、甜味完美展現\n\nv 手工、新鮮、天然、原粹\n\n。義大利波隆那Bologna純正製作手藝\n\n。Carpigiani Gelato Univ.義大利進口機台\n\n。-11 ℃ ~ - 14 ℃ 獨立冰淇淋展示櫃呈現\n\n。在地化水果&小農\n\n。世界各地的經典結合",
    "英文友善":"1",
    "日文友善":"0",
    "韓文友善":"0",
    "行動裝置充電":"1",
    "無障礙友善":"0",
    "性別友善":"1",
    "便利支付":"0",
    "素食":"1",
    "友善廁所":"0",
    "公平貿易友善":"1",
    "Free WiFi":"0",
    "自行車友善":"0",
    "哺集乳友善":"0",
    "穆斯林友善":"0",
    "月經友善":"0",
    "友善項目總計":5
    }
  },
  {
    "type": "Feature",
    "geometry": {
       "type": "Point",
       "coordinates":  [ 121.529078,25.120692 ]
    },
    "properties": {
    "行政區":"士林區",
    "友善店家名稱":"DOORS Coffee門片咖啡",
    "地址":"臺北市士林區天玉街38巷7號",
    "電話":"02-2876-0088/0932256228(張小姐)",
    "簡介":"思念是最美味的調味料\n\n在相隔一萬零八公里的遠方\n是我一生中最精華時段!從相戀、結婚到生子。\n門片咖啡DOORS COFFEE",
    "英文友善":"1",
    "日文友善":"0",
    "韓文友善":"0",
    "行動裝置充電":"1",
    "無障礙友善":"1",
    "性別友善":"1",
    "便利支付":"0",
    "素食":"1",
    "友善廁所":"1",
    "公平貿易友善":"0",
    "Free WiFi":"1",
    "自行車友善":"1",
    "哺集乳友善":"0",
    "穆斯林友善":"0",
    "月經友善":"0",
    "友善項目總計":8
    }
  },
  {
    "type": "Feature",
    "geometry": {
       "type": "Point",
       "coordinates":  [ 121.526748,25.087955 ]
    },
    "properties": {
    "行政區":"士林區",
    "友善店家名稱":"巫記青蛙下蛋-士林店",
    "地址":"臺北市士林區文林路114巷1號 (陽明戲院對面日新眼鏡巷內)",
    "電話":"02-2880-3788/0980112226(巫先生)",
    "簡介":"店裡招牌為：黑糖粉圓鮮奶、愛玉檸檬、臺灣現打果汁、木瓜牛奶等。黑糖採用臺灣特有養生黑糖，愛玉有養顏美容的功效。",
    "英文友善":"1",
    "日文友善":"0",
    "韓文友善":"0",
    "行動裝置充電":"0",
    "無障礙友善":"1",
    "性別友善":"1",
    "便利支付":"0",
    "素食":"1",
    "友善廁所":"0",
    "公平貿易友善":"0",
    "Free WiFi":"0",
    "自行車友善":"1",
    "哺集乳友善":"0",
    "穆斯林友善":"0",
    "月經友善":"0",
    "友善項目總計":5
    }
  },
  {
    "type": "Feature",
    "geometry": {
       "type": "Point",
       "coordinates":  [ 121.559558,25.144166 ]
    },
    "properties": {
    "行政區":"士林區",
    "友善店家名稱":"陽明春天陽明山總店\n『心五藝文創園區』",
    "地址":"臺北市士林區菁山路119-1號",
    "電話":"02-2862-0178",
    "簡介":"素食餐廳，創意美味，環境空間氣氛佳，提倡素食精神與理念。",
    "英文友善":"1",
    "日文友善":"1",
    "韓文友善":"0",
    "行動裝置充電":"1",
    "無障礙友善":"1",
    "性別友善":"1",
    "便利支付":"1",
    "素食":"1",
    "友善廁所":"1",
    "公平貿易友善":"0",
    "Free WiFi":"1",
    "自行車友善":"1",
    "哺集乳友善":"1",
    "穆斯林友善":"0",
    "月經友善":"0",
    "友善項目總計":11
    }
  },
  {
    "type": "Feature",
    "geometry": {
       "type": "Point",
       "coordinates":  [ 121.531437,25.11181 ]
    },
    "properties": {
    "行政區":"士林區",
    "友善店家名稱":"新東陽大葉高島屋專櫃",
    "地址":"臺北市士林區忠誠路二段55號B1樓",
    "電話":"02-2831-7520/總公司02-2772-6222＃957(郭小姐)",
    "簡介":"新東陽以推動中華美食精緻化，國際化的精神標竿為企業目標，打造”來台必買、出國必帶、台灣特產第一品牌”的企業形象，帶給消費者優質的購物體驗。",
    "英文友善":"0",
    "日文友善":"1",
    "韓文友善":"0",
    "行動裝置充電":"0",
    "無障礙友善":"0",
    "性別友善":"1",
    "便利支付":"0",
    "素食":"0",
    "友善廁所":"0",
    "公平貿易友善":"0",
    "Free WiFi":"0",
    "自行車友善":"0",
    "哺集乳友善":"0",
    "穆斯林友善":"0",
    "月經友善":"0",
    "友善項目總計":2
    }
  },
  {
    "type": "Feature",
    "geometry": {
       "type": "Point",
       "coordinates":  [ 121.524278,25.105007 ]
    },
    "properties": {
    "行政區":"士林區",
    "友善店家名稱":"新東陽崇光天母專櫃",
    "地址":"臺北市士林區中山北路六段77號B1",
    "電話":"02-2835-0907//總公司02-2772-6222#957(郭小姐)",
    "簡介":"新東陽以推動中華美食精緻化，國際化的精神標竿為企業目標，打造”來台必買、出國必帶、台灣特產第一品牌”的企業形象，帶給消費者優質的購物體驗。",
    "英文友善":"0",
    "日文友善":"0",
    "韓文友善":"0",
    "行動裝置充電":"0",
    "無障礙友善":"0",
    "性別友善":"0",
    "便利支付":"1",
    "素食":"0",
    "友善廁所":"0",
    "公平貿易友善":"0",
    "Free WiFi":"0",
    "自行車友善":"0",
    "哺集乳友善":"0",
    "穆斯林友善":"0",
    "月經友善":"0",
    "友善項目總計":1
    }
  },
  {
    "type": "Feature",
    "geometry": {
       "type": "Point",
       "coordinates":  [ 121.543774,25.137217 ]
    },
    "properties": {
    "行政區":"士林區",
    "友善店家名稱":"亞尼克-陽明山店 ",
    "地址":"臺北市士林區長春街6巷3號",
    "電話":"02-2862-5609#2\n/總公司行銷部:02-8797-8993#2",
    "簡介":"轉進仰德大道旁的小巷裡，映入眼簾的是巷陌的濃蔭樹木，靜瑟、隱密，前身為美軍宿舍洋溢著50年代美國南方建築的獨特韻味，讓人感覺置身異國國度。",
    "英文友善":"0",
    "日文友善":"0",
    "韓文友善":"0",
    "行動裝置充電":"0",
    "無障礙友善":"0",
    "性別友善":"1",
    "便利支付":"1",
    "素食":"1",
    "友善廁所":"1",
    "公平貿易友善":"0",
    "Free WiFi":"0",
    "自行車友善":"0",
    "哺集乳友善":"0",
    "穆斯林友善":"0",
    "月經友善":"0",
    "友善項目總計":4
    }
  },
  {
    "type": "Feature",
    "geometry": {
       "type": "Point",
       "coordinates":  [ 121.497688,25.095129 ]
    },
    "properties": {
    "行政區":"士林區",
    "友善店家名稱":"花庭園藝坊",
    "地址":"臺北市士林區延平北路七段18-2號\n(臺北花卉村內)",
    "電話":"02-2810-1969*51",
    "簡介":"花庭園藝賣場展售數百種四季花卉、庭圜植物；並規劃主題專區 ， 包括多肉植物區、水生植物區、食蟲植物區等，買花就像逛花園。",
    "英文友善":"0",
    "日文友善":"0",
    "韓文友善":"0",
    "行動裝置充電":"0",
    "無障礙友善":"0",
    "性別友善":"1",
    "便利支付":"0",
    "素食":"0",
    "友善廁所":"1",
    "公平貿易友善":"0",
    "Free WiFi":"0",
    "自行車友善":"1",
    "哺集乳友善":"0",
    "穆斯林友善":"0",
    "月經友善":"0",
    "友善項目總計":3
    }
  },
  {
    "type": "Feature",
    "geometry": {
       "type": "Point",
       "coordinates":  [ 121.497688,25.095129 ]
    },
    "properties": {
    "行政區":"士林區",
    "友善店家名稱":"小學堂漂移卡丁車",
    "地址":"臺北市士林區延平北路七段18-2號\n(臺北花卉村內)",
    "電話":"0926-773-204/ 0930 959 799",
    "簡介":"花園裡的超大賽車場地，讓親子可以享受充滿刺激樂趣的奔馳快感。",
    "英文友善":"0",
    "日文友善":"0",
    "韓文友善":"0",
    "行動裝置充電":"0",
    "無障礙友善":"0",
    "性別友善":"1",
    "便利支付":"0",
    "素食":"0",
    "友善廁所":"1",
    "公平貿易友善":"0",
    "Free WiFi":"0",
    "自行車友善":"1",
    "哺集乳友善":"0",
    "穆斯林友善":"0",
    "月經友善":"0",
    "友善項目總計":3
    }
  },
  {
    "type": "Feature",
    "geometry": {
       "type": "Point",
       "coordinates":  [ 121.497688,25.095129 ]
    },
    "properties": {
    "行政區":"士林區",
    "友善店家名稱":"森林派對咖啡館",
    "地址":"臺北市士林區延平北路七段18-2號(臺北花卉村內)",
    "電話":"02-2810-1969*26",
    "簡介":"森林派對咖啡館以大量漂流木與植物佈置；提供咖啡、簡餐、茶飲、點心；讓您在享用餐點之餘，身心靈也能得到舒緩。",
    "英文友善":"0",
    "日文友善":"0",
    "韓文友善":"0",
    "行動裝置充電":"0",
    "無障礙友善":"0",
    "性別友善":"1",
    "便利支付":"0",
    "素食":"0",
    "友善廁所":"1",
    "公平貿易友善":"0",
    "Free WiFi":"0",
    "自行車友善":"1",
    "哺集乳友善":"0",
    "穆斯林友善":"0",
    "月經友善":"0",
    "友善項目總計":3
    }
  },
  {
    "type": "Feature",
    "geometry": {
       "type": "Point",
       "coordinates":  [ 121.497688,25.095129 ]
    },
    "properties": {
    "行政區":"士林區",
    "友善店家名稱":"萬象園藝品專賣店",
    "地址":"臺北市士林區延平北路七段18-2號\n(臺北花卉村內)",
    "電話":"02-2810-1969*41",
    "簡介":"銷售商品多元，從土壤、肥料、花盆，到花鏟、灑水器等園藝用品一應俱全；此外．招財流水器，陶瓷藝術品、木作家具等居家佈置品也有展售，滿足您園藝所有需求。",
    "英文友善":"0",
    "日文友善":"0",
    "韓文友善":"0",
    "行動裝置充電":"0",
    "無障礙友善":"0",
    "性別友善":"1",
    "便利支付":"1",
    "素食":"0",
    "友善廁所":"1",
    "公平貿易友善":"0",
    "Free WiFi":"0",
    "自行車友善":"1",
    "哺集乳友善":"0",
    "穆斯林友善":"0",
    "月經友善":"0",
    "友善項目總計":4
    }
  },
  {
    "type": "Feature",
    "geometry": {
       "type": "Point",
       "coordinates":  [ 121.497688,25.095129 ]
    },
    "properties": {
    "行政區":"士林區",
    "友善店家名稱":"釉舍藝術工坊",
    "地址":"臺北市士林區延平北路七段18-2號\n(臺北花卉村內)",
    "電話":"02-2810-1969*57",
    "簡介":"提供馬賽克拼貼、創意拼豆、彩繪藝術等DIY商品，無論是成人或是小孩，都能在此揮灑想像力，創意出屬於自己獨一無二的作品。",
    "英文友善":"0",
    "日文友善":"0",
    "韓文友善":"0",
    "行動裝置充電":"0",
    "無障礙友善":"0",
    "性別友善":"1",
    "便利支付":"0",
    "素食":"0",
    "友善廁所":"1",
    "公平貿易友善":"0",
    "Free WiFi":"0",
    "自行車友善":"1",
    "哺集乳友善":"0",
    "穆斯林友善":"0",
    "月經友善":"0",
    "友善項目總計":3
    }
  },
  {
    "type": "Feature",
    "geometry": {
       "type": "Point",
       "coordinates":  [ 121.529193,25.106327 ]
    },
    "properties": {
    "行政區":"士林區",
    "友善店家名稱":"橡木桶洋酒天母店",
    "地址":"臺北市士林區忠誠路一段138號",
    "電話":"02-2836-8020(天母店)",
    "簡介":"本店位於天母精華路段，鄰近天母棒球場、大葉高島屋以及陽明醫院各大商圈及人文環繞，1-2樓格局空間寬敞，購物方便。",
    "英文友善":"1",
    "日文友善":"0",
    "韓文友善":"0",
    "行動裝置充電":"0",
    "無障礙友善":"0",
    "性別友善":"1",
    "便利支付":"1",
    "素食":"0",
    "友善廁所":"0",
    "公平貿易友善":"0",
    "Free WiFi":"1",
    "自行車友善":"0",
    "哺集乳友善":"0",
    "穆斯林友善":"0",
    "月經友善":"0",
    "友善項目總計":4
    }
  },
  {
    "type": "Feature",
    "geometry": {
       "type": "Point",
       "coordinates":  [ 121.531437,25.11181 ]
    },
    "properties": {
    "行政區":"士林區",
    "友善店家名稱":"大葉高島屋百貨股份有限公司",
    "地址":"臺北市士林區忠誠路二段55號",
    "電話":"02-2831-2345*3602 王小姐\n(錯誤窗口)",
    "簡介":"匯集購物、時尚、休閒、餐飲、娛樂、超市、生活便利等一站滿足的生活天堂。擁有全臺第一座大型水族箱「大葉魚樂園」，不定期舉辦活動以及餵魚秀，深受全家大小親子喜愛的百貨。",
    "英文友善":"1",
    "日文友善":"1",
    "韓文友善":"0",
    "行動裝置充電":"1",
    "無障礙友善":"1",
    "性別友善":"1",
    "便利支付":"1",
    "素食":"1",
    "友善廁所":"1",
    "公平貿易友善":"0",
    "Free WiFi":"1",
    "自行車友善":"0",
    "哺集乳友善":"1",
    "穆斯林友善":"0",
    "月經友善":"0",
    "友善項目總計":10
    }
  },
  {
    "type": "Feature",
    "geometry": {
       "type": "Point",
       "coordinates":  [ 121.528085,25.096198 ]
    },
    "properties": {
    "行政區":"士林區",
    "友善店家名稱":"越香蘭餐廳\nVietnamese Fusion Cuisine",
    "地址":"臺北市士林區中山北路五段604號1樓\n及地下1樓",
    "電話":"02-2836-1256",
    "簡介":"健康天然營養，中價位的越南餐館，將原汁原味的越南風味餐點引進台灣，並開設了越南麵包工坊。",
    "英文友善":"1",
    "日文友善":"0",
    "韓文友善":"0",
    "行動裝置充電":"1",
    "無障礙友善":"0",
    "性別友善":"1",
    "便利支付":"0",
    "素食":"1",
    "友善廁所":"1",
    "公平貿易友善":"0",
    "Free WiFi":"1",
    "自行車友善":"1",
    "哺集乳友善":"1",
    "穆斯林友善":"0",
    "月經友善":"0",
    "友善項目總計":8
    }
  },
  {
    "type": "Feature",
    "geometry": {
       "type": "Point",
       "coordinates":  [ 121.523627,25.09811 ]
    },
    "properties": {
    "行政區":"士林區",
    "友善店家名稱":"馬修單車Mathew Bike",
    "地址":"臺北市士林區文林路577號",
    "電話":"02-2832-2238/0981-521124(殷小姐)",
    "簡介":"提供專業單車環島旅遊服務，包含:單車出租、單車保養、單車買賣、單車維修、單車旅遊規劃、網路行銷等服務。台大機械相關碩士畢業的馬修(老闆)，熱愛騎單車當下的舒壓快感，而立之年決然辭掉高薪工程師工作，投入興趣與所學。\n2016年與一貓一狗一女友合夥，在士林開了一間懷舊單車店。\n\n因單車保養起家，致力追求單車高品質，根據客人回饋，創造騎車1個月0破胎紀錄！\n環島回來細心檢查單車每一零件，我們希望客人跟我們租車，能夠安全並盡情享受沿途風景！",
    "英文友善":"1",
    "日文友善":"0",
    "韓文友善":"0",
    "行動裝置充電":"1",
    "無障礙友善":"1",
    "性別友善":"1",
    "便利支付":"0",
    "素食":"0",
    "友善廁所":"1",
    "公平貿易友善":"0",
    "Free WiFi":"1",
    "自行車友善":"1",
    "哺集乳友善":"0",
    "穆斯林友善":"0",
    "月經友善":"1",
    "友善項目總計":8
    }
  },
  {
    "type": "Feature",
    "geometry": {
       "type": "Point",
       "coordinates":  [ 121.523529,25.102226 ]
    },
    "properties": {
    "行政區":"士林區",
    "友善店家名稱":"鬍鬚張臺北福國店",
    "地址":"臺北市士林區福國路54號",
    "電話":"02-2832-6623/總公司:02-2298-2185＃232(行企部劉副理)",
    "簡介":"「鬍鬚張魯肉飯」創立於1960年，秉持『傳統美食，追求幸福』的創業初衷，從路邊攤創起，以發揚台灣美食文化為職志，不斷的做中學，以品質、口味、服務、衛生為基礎，提供安全美味的產品，整潔親切的用餐環境與氛圍的餐廳。\n鬍鬚張以「誠信篤實」、「追求卓越」、「顧客滿意」、「永續成長」為經營理念，以「以人為本」、「人才培育」、「賞罰分明」、「成果分享」為管理原則，並致力於『將魯肉飯販賣到全世界都知道』的企業願景實踐。",
    "英文友善":"0",
    "日文友善":"0",
    "韓文友善":"0",
    "行動裝置充電":"0",
    "無障礙友善":"0",
    "性別友善":"1",
    "便利支付":"0",
    "素食":"0",
    "友善廁所":"1",
    "公平貿易友善":"0",
    "Free WiFi":"0",
    "自行車友善":"0",
    "哺集乳友善":"0",
    "穆斯林友善":"0",
    "月經友善":"0",
    "友善項目總計":2
    }
  },
  {
    "type": "Feature",
    "geometry": {
       "type": "Point",
       "coordinates":  [ 121.522739,25.081816 ]
    },
    "properties": {
    "行政區":"士林區",
    "友善店家名稱":"鬍鬚張臺北承德店",
    "地址":"臺北市士林區承德路四段66號",
    "電話":"02-2886-1145/總公司:02-2298-2185＃232(行企部劉副理)",
    "簡介":"「鬍鬚張魯肉飯」創立於1960年，秉持『傳統美食，追求幸福』的創業初衷，從路邊攤創起，以發揚台灣美食文化為職志，不斷的做中學，以品質、口味、服務、衛生為基礎，提供安全美味的產品，整潔親切的用餐環境與氛圍的餐廳。\n鬍鬚張以「誠信篤實」、「追求卓越」、「顧客滿意」、「永續成長」為經營理念，以「以人為本」、「人才培育」、「賞罰分明」、「成果分享」為管理原則，並致力於『將魯肉飯販賣到全世界都知道』的企業願景實踐。",
    "英文友善":"0",
    "日文友善":"0",
    "韓文友善":"0",
    "行動裝置充電":"0",
    "無障礙友善":"0",
    "性別友善":"1",
    "便利支付":"0",
    "素食":"0",
    "友善廁所":"1",
    "公平貿易友善":"0",
    "Free WiFi":"0",
    "自行車友善":"0",
    "哺集乳友善":"0",
    "穆斯林友善":"0",
    "月經友善":"0",
    "友善項目總計":2
    }
  },
  {
    "type": "Feature",
    "geometry": {
       "type": "Point",
       "coordinates":  [ 121.512373,25.083624 ]
    },
    "properties": {
    "行政區":"士林區",
    "友善店家名稱":"鬍鬚張臺北重慶店",
    "地址":"臺北市士林區重慶北路四段146號",
    "電話":"02-2816-0538/總公司:02-2298-2185＃232(行企部劉副理)",
    "簡介":"「鬍鬚張魯肉飯」創立於1960年，秉持『傳統美食，追求幸福』的創業初衷，從路邊攤創起，以發揚台灣美食文化為職志，不斷的做中學，以品質、口味、服務、衛生為基礎，提供安全美味的產品，整潔親切的用餐環境與氛圍的餐廳。\n鬍鬚張以「誠信篤實」、「追求卓越」、「顧客滿意」、「永續成長」為經營理念，以「以人為本」、「人才培育」、「賞罰分明」、「成果分享」為管理原則，並致力於『將魯肉飯販賣到全世界都知道』的企業願景實踐。",
    "英文友善":"0",
    "日文友善":"0",
    "韓文友善":"0",
    "行動裝置充電":"0",
    "無障礙友善":"0",
    "性別友善":"1",
    "便利支付":"0",
    "素食":"0",
    "友善廁所":"1",
    "公平貿易友善":"0",
    "Free WiFi":"0",
    "自行車友善":"0",
    "哺集乳友善":"0",
    "穆斯林友善":"0",
    "月經友善":"0",
    "友善項目總計":2
    }
  },
  {
    "type": "Feature",
    "geometry": {
       "type": "Point",
       "coordinates":  [ 121.52234,25.094677 ]
    },
    "properties": {
    "行政區":"士林區",
    "友善店家名稱":"黑橋牌-士林門市",
    "地址":"臺北市士林區中正路330號",
    "電話":"02-2831-5563/02-22983155#203張副課",
    "簡介":"黑橋牌食品於1957年成立，因率先將舊時台灣市面上乾鹹的廣式臘腸，改良為現今甜潤多汁的台灣風味，獨創的香腸滋味在台灣炮而紅，成立至今已超過六十年，每逢年節皆可看見店舖大排長龍的搶購盛況，不僅開創台灣香腸的美食傳奇，更奠定現今台灣香腸第一品牌的口碑。\n店內除了販售十多種款式的香腸，更提供多種口味的豬肉乾、牛肉乾、手炒肉酥等美味肉品，全部都是來台必買的美食。近年推出的脆片肉乾、條子肉乾、肉酥餅乾等廣受年輕顧客喜愛，也成為黑橋牌暢銷人氣商品。\n黑橋牌門市多次接獲海內外媒體採訪，香港美食家蔡瀾也曾率團到店選購，黑豬肉香腸、黑豬肉乾、香腸肉包是招牌推薦品，店內並提供鳳梨酥、綠豆糕等各式台灣特產，是來台必訪的特產名店。",
    "英文友善":"1",
    "日文友善":"0",
    "韓文友善":"0",
    "行動裝置充電":"0",
    "無障礙友善":"0",
    "性別友善":"1",
    "便利支付":"1",
    "素食":"1",
    "友善廁所":"0",
    "公平貿易友善":"0",
    "Free WiFi":"0",
    "自行車友善":"0",
    "哺集乳友善":"0",
    "穆斯林友善":"0",
    "月經友善":"0",
    "友善項目總計":4
    }
  },
  {
    "type": "Feature",
    "geometry": {
       "type": "Point",
       "coordinates":  [ 121.525155,25.109038 ]
    },
    "properties": {
    "行政區":"士林區",
    "友善店家名稱":"里仁天母中山店",
    "地址":"臺北市士林區中山北路六段235號",
    "電話":"02-2832-6648/02-77146168#80514(總公司陳'S)",
    "簡介":"1988年里仁開張，決心要做「該做但還沒有人做的事」。提供以誠信契作支持和鼓勵農友，栽植無農藥化肥的純淨蔬果來友善環境，也尋找願意還原食物本味、恢復環境清靜的淳厚廠商，近年更積極以產品包材減塑支持淨塑。 里仁產品開發堅持自然、健康、平實。主要產品包括有機或轉型農產品、少或無添加物的食品，不含基改成份，以本土有機為優先，支持綠保生態並關懷弱勢。",
    "英文友善":"0",
    "日文友善":"0",
    "韓文友善":"0",
    "行動裝置充電":"0",
    "無障礙友善":"0",
    "性別友善":"0",
    "便利支付":"0",
    "素食":"1",
    "友善廁所":"0",
    "公平貿易友善":"0",
    "Free WiFi":"0",
    "自行車友善":"0",
    "哺集乳友善":"0",
    "穆斯林友善":"0",
    "月經友善":"0",
    "友善項目總計":1
    }
  },
  {
    "type": "Feature",
    "geometry": {
       "type": "Point",
       "coordinates":  [ 121.531719,25.121593 ]
    },
    "properties": {
    "行政區":"士林區",
    "友善店家名稱":"喬治皮鞋",
    "地址":"臺北市士林區中山北路七段84號",
    "電話":"02-2871-4988/0939-288999(謝先生)",
    "簡介":"喬治皮鞋成立於1950年以製作高品質及舒適的鞋款為基準，曾榮獲『中華民國消費者協會』評鑑為消費精品獎及管理雜誌評選為國人受歡迎之鞋類品牌，不做過多的品牌行銷與產品包裝，堅持以平實的價格與精緻品質為要求，成為國人耳熟能詳的鞋業品牌。目前，除專營自有品牌外並代理歐洲進口商品男女鞋及配件銷售。 『履適足以健行』為喬治皮鞋對品質及服務的承諾，用心製作每一件商品，更以提供「舒適」與「流行」為目標，期望能以對御用品質的要求來滿足消費者的需要。",
    "英文友善":"1",
    "日文友善":"0",
    "韓文友善":"0",
    "行動裝置充電":"1",
    "無障礙友善":"0",
    "性別友善":"1",
    "便利支付":"1",
    "素食":"0",
    "友善廁所":"0",
    "公平貿易友善":"0",
    "Free WiFi":"1",
    "自行車友善":"0",
    "哺集乳友善":"0",
    "穆斯林友善":"0",
    "月經友善":"0",
    "友善項目總計":5
    }
  },
  {
    "type": "Feature",
    "geometry": {
       "type": "Point",
       "coordinates":  [ 121.534169,25.118231 ]
    },
    "properties": {
    "行政區":"士林區",
    "友善店家名稱":"香料屋印度料理",
    "地址":"臺北市士林區天母東路65號",
    "電話":"02-2873-7775/0931-052-609",
    "簡介":"香料屋印度料理是傳統的印度美食，餐廳於2002年在臺北天母開業，供應傳統的印度美食精緻的香料和風味，餐廳保持其創新和創造新食譜的根源，並以獨特的菜單呈現當代風格，體驗北印度美食最令人難忘的美食之旅。\n\n2008臺北餐館評鑑Taipei Top Restaurants (一顆星 ) \n2010北臺灣餐館評鑑Northern Taiwan Top Restaurants (一顆星 )\n2012餐館評鑑 Taiwan’s Top Restaurants (一顆星 )\n2017臺北美食環遊世界五大菜系店家名單 Taste the Best of the World in Taipei",
    "英文友善":"1",
    "日文友善":"0",
    "韓文友善":"0",
    "行動裝置充電":"1",
    "無障礙友善":"0",
    "性別友善":"1",
    "便利支付":"1",
    "素食":"1",
    "友善廁所":"1",
    "公平貿易友善":"0",
    "Free WiFi":"1",
    "自行車友善":"0",
    "哺集乳友善":"0",
    "穆斯林友善":"0",
    "月經友善":"0",
    "友善項目總計":7
    }
  },
  {
    "type": "Feature",
    "geometry": {
       "type": "Point",
       "coordinates":  [ 121.524278,25.105007 ]
    },
    "properties": {
    "行政區":"士林區",
    "友善店家名稱":"遠東SOGO百貨-天母店",
    "地址":"臺北市士林區中山北路六段77號",
    "電話":"企劃課\n0960-602-532\n邱先生",
    "簡介":"遠東SOGO天母店為全台第一家榮獲環保署「碳標籤」與「減碳標籤」的百貨公司，以「打造世界第一綠色百貨」為目標，除了販售綠色商品之外，更透過活動傳遞環境永續意識，將百貨公司化身為環境教育的場域，並透過太陽能集光系統與雨水回收系統，貫徹節能。遠東SOGO百貨現為台灣獲得最多環保類榮耀與肯定的百貨公司，以「做社會最好的企業、做對社會最好的企業」為目標，力行企業永續，打造「購者安心」的百貨，嚴格把關商品品質與餐飲衛生，成為百貨業界典範；並全面拒用美耐皿餐具，守護顧客健康之餘，也減少對環境的傷害，與地球共好，創造幸福永續的百貨公司。",
    "英文友善":"1",
    "日文友善":"1",
    "韓文友善":"0",
    "行動裝置充電":"1",
    "無障礙友善":"1",
    "性別友善":"1",
    "便利支付":"1",
    "素食":"1",
    "友善廁所":"1",
    "公平貿易友善":"0",
    "Free WiFi":"1",
    "自行車友善":"1",
    "哺集乳友善":"1",
    "穆斯林友善":"0",
    "月經友善":"1",
    "友善項目總計":12
    }
  },
  {
    "type": "Feature",
    "geometry": {
       "type": "Point",
       "coordinates":  [ 121.524901,25.09436 ]
    },
    "properties": {
    "行政區":"士林區",
    "友善店家名稱":"里仁-士林文林店",
    "地址":"臺北市士林區文林路422號",
    "電話":"02-2881-6629/02-77146168#80514(總公司陳'S)",
    "簡介":"1988年里仁開張，決心要做「該做但還沒有人做的事」。提供以誠信契作支持和鼓勵農友，栽植無農藥化肥的純淨蔬果來友善環境，也尋找願意還原食物本味、恢復環境清靜的淳厚廠商，近年更積極以產品包材減塑支持淨塑。 里仁產品開發堅持自然、健康、平實。主要產品包括有機或轉型農產品、少或無添加物的食品，不含基改成份，以本土有機為優先，支持綠保生態並關懷弱勢。",
    "英文友善":"0",
    "日文友善":"0",
    "韓文友善":"0",
    "行動裝置充電":"0",
    "無障礙友善":"0",
    "性別友善":"0",
    "便利支付":"0",
    "素食":"1",
    "友善廁所":"0",
    "公平貿易友善":"0",
    "Free WiFi":"0",
    "自行車友善":"0",
    "哺集乳友善":"0",
    "穆斯林友善":"0",
    "月經友善":"0",
    "友善項目總計":1
    }
  },
  {
    "type": "Feature",
    "geometry": {
       "type": "Point",
       "coordinates":  [ 121.527237,25.118877 ]
    },
    "properties": {
    "行政區":"士林區",
    "友善店家名稱":"八藤家日式料理",
    "地址":"臺北市士林區天母西路41巷1弄2號",
    "電話":"02-2875-3063",
    "簡介":"位於天母西路巷弄內將近二十年的老店,\n塑造出濃濃的日式風情,\n灰磚青瓦的純東洋風格食肆「八藤家」。\n由日本師傅傳承的獨家在地風味,除了嚴選新鮮食材,\n主廚以嫻熟的手藝與到位的火候為顧客獻上噴香美味,\n販售平價又份量十足的日式料理。",
    "英文友善":"1",
    "日文友善":"1",
    "韓文友善":"0",
    "行動裝置充電":"1",
    "無障礙友善":"0",
    "性別友善":"1",
    "便利支付":"1",
    "素食":"1",
    "友善廁所":"1",
    "公平貿易友善":"0",
    "Free WiFi":"0",
    "自行車友善":"0",
    "哺集乳友善":"0",
    "穆斯林友善":"0",
    "月經友善":"0",
    "友善項目總計":7
    }
  },
  {
    "type": "Feature",
    "geometry": {
       "type": "Point",
       "coordinates":  [ 121.52623,25.090377 ]
    },
    "properties": {
    "行政區":"士林區",
    "友善店家名稱":"Argent安爵銀飾",
    "地址":"臺北市士林區小北街17號1樓",
    "電話":"02-2881-6805/0921992637(何小姐)",
    "簡介":"全方位客製化銀飾專門店-\n客製，設計，教學，維修，保養",
    "英文友善":"1",
    "日文友善":"1",
    "韓文友善":"0",
    "行動裝置充電":"1",
    "無障礙友善":"1",
    "性別友善":"1",
    "便利支付":"1",
    "素食":"0",
    "友善廁所":"0",
    "公平貿易友善":"0",
    "Free WiFi":"1",
    "自行車友善":"1",
    "哺集乳友善":"0",
    "穆斯林友善":"0",
    "月經友善":"0",
    "友善項目總計":8
    }
  },
  {
    "type": "Feature",
    "geometry": {
       "type": "Point",
       "coordinates":  [ 121.509863,25.090208 ]
    },
    "properties": {
    "行政區":"士林區",
    "友善店家名稱":"茶咖",
    "地址":"臺北市士林區社中街133號1樓",
    "電話":"02 2813 5577/0922-380-256(宋先生)",
    "簡介":"喝杯好茶~~喝杯咖啡~~~\n來一段茶與咖啡的約會~~~\n一個休閒~~育樂~~沉靜心靈的好地方~~",
    "英文友善":"0",
    "日文友善":"0",
    "韓文友善":"0",
    "行動裝置充電":"1",
    "無障礙友善":"0",
    "性別友善":"1",
    "便利支付":"1",
    "素食":"0",
    "友善廁所":"1",
    "公平貿易友善":"0",
    "Free WiFi":"1",
    "自行車友善":"1",
    "哺集乳友善":"0",
    "穆斯林友善":"0",
    "月經友善":"0",
    "友善項目總計":6
    }
  },
  {
    "type": "Feature",
    "geometry": {
       "type": "Point",
       "coordinates":  [ 121.532096,25.117826 ]
    },
    "properties": {
    "行政區":"士林區",
    "友善店家名稱":"甜典16號",
    "地址":"臺北市士林區天母東路16號",
    "電話":"02-2876-6616",
    "簡介":"座落在天母的傳奇糕點舖，老闆由日本大阪辻製菓學校習得的甜點技術～ 這是老闆為太太而開的甜點舖，每個糕點都完整的傳遞了製菓者的心意",
    "英文友善":"1",
    "日文友善":"1",
    "韓文友善":"0",
    "行動裝置充電":"1",
    "無障礙友善":"0",
    "性別友善":"1",
    "便利支付":"1",
    "素食":"0",
    "友善廁所":"0",
    "公平貿易友善":"0",
    "Free WiFi":"1",
    "自行車友善":"0",
    "哺集乳友善":"0",
    "穆斯林友善":"0",
    "月經友善":"0",
    "友善項目總計":6
    }
  },
  {
    "type": "Feature",
    "geometry": {
       "type": "Point",
       "coordinates":  [ 121.531751,25.122736 ]
    },
    "properties": {
    "行政區":"士林區",
    "友善店家名稱":"沃田旅店",
    "地址":"臺北市士林區中山北路七段127號",
    "電話":"02-2875-1823#3212林小姐",
    "簡介":"由全臺灣302家農會與40家漁會所共同支持成立，\n孕育以農漁會為主題風格的旅店。\n我們願意肩負農漁會文化的創新，勾勒臺灣地區風土時尚的樣貌，\n創造一畝心靈田園與旅客共享，讓遊子們感受臺灣農漁業真心誠意的感動。\n讓城市子民體驗農漁生活，讓創意人才在農漁產業中尋索題材。",
    "英文友善":"1",
    "日文友善":"1",
    "韓文友善":"0",
    "行動裝置充電":"1",
    "無障礙友善":"1",
    "性別友善":"1",
    "便利支付":"1",
    "素食":"1",
    "友善廁所":"1",
    "公平貿易友善":"0",
    "Free WiFi":"1",
    "自行車友善":"0",
    "哺集乳友善":"1",
    "穆斯林友善":"0",
    "月經友善":"0",
    "友善項目總計":10
    }
  },
  {
    "type": "Feature",
    "geometry": {
       "type": "Point",
       "coordinates":  [ 121.531251,25.108619 ]
    },
    "properties": {
    "行政區":"士林區",
    "友善店家名稱":"餃當家",
    "地址":"臺北市士林區德行東路194號1樓",
    "電話":"02-2834-0193",
    "簡介":"來吃餃子呀，就當自己家！\n─ 餃當家Go Dumpling\n\n1949年後，高雄大寮干城七村，\n木格門、老樹下、竹籬笆，\n過年時爺爺包豬肉餃子，飽足了五口之家，\n還有隔壁鄰居們湊熱鬧閒磕牙。\n歲月飛逝，小孫子開始當家，\n和爸爸一起，讓南台灣眷村的好味繞樑。\n有家鄉味交饗，還有古典樂飄揚，\n餃子、拌麵、滋補雞湯，歡迎隨時來嚐嚐～",
    "英文友善":"1",
    "日文友善":"0",
    "韓文友善":"0",
    "行動裝置充電":"0",
    "無障礙友善":"0",
    "性別友善":"1",
    "便利支付":"1",
    "素食":"0",
    "友善廁所":"0",
    "公平貿易友善":"0",
    "Free WiFi":"1",
    "自行車友善":"0",
    "哺集乳友善":"0",
    "穆斯林友善":"0",
    "月經友善":"0",
    "友善項目總計":4
    }
  },
  {
    "type": "Feature",
    "geometry": {
       "type": "Point",
       "coordinates":  [ 121.532471,25.124815 ]
    },
    "properties": {
    "行政區":"士林區",
    "友善店家名稱":"勝口味大腸蚵仔麵線-天母店",
    "地址":"臺北市士林區中山北路七段183號",
    "電話":"02-2876-2803",
    "簡介":"勝口味大腸蚵仔麵線經營至今已跨越二十五個年頭，從原本在天母圓環的小店面經營，靠著真材實料對產品的品質要求，獲得眾多朋友的肯定和支持。\n在2017年的夏季店面重新裝潢，對於用餐環境的提升可以邊吃著小吃邊聽著輕音樂，享受窗外的優閒時光，何嘗不是一種享受呢!\n夜色暗起~天母圓環最閃耀的那個招牌就屬「勝口味」，顧客對於我們的評價最「潮」的麵線店。",
    "英文友善":"0",
    "日文友善":"0",
    "韓文友善":"0",
    "行動裝置充電":"0",
    "無障礙友善":"0",
    "性別友善":"1",
    "便利支付":"1",
    "素食":"0",
    "友善廁所":"1",
    "公平貿易友善":"0",
    "Free WiFi":"1",
    "自行車友善":"0",
    "哺集乳友善":"0",
    "穆斯林友善":"0",
    "月經友善":"0",
    "友善項目總計":4
    }
  },
  {
    "type": "Feature",
    "geometry": {
       "type": "Point",
       "coordinates":  [ 121.531926,25.117363 ]
    },
    "properties": {
    "行政區":"士林區",
    "友善店家名稱":"ISM 主義甜時",
    "地址":"臺北市士林區天母東路8巷21-4號1樓",
    "電話":"02-2874-7989",
    "簡介":"四重奏藝式甜點 \n\n── ISM主義甜時 \n南方的田野，天光喚醒鳳梨的沉睡\n盛夏飄雪，艷黃芒果沁出了鮮甜\n大提琴家陳世霖以家鄉為世界巡演的終點\n攪拌棒為琴弦，奏起味蕾上的室內樂\n是浪漫的詩，也是嚴謹的職人儀式*\n誰說藝術一定要拘泥於表現的形式 \n巡禮四季，譜寫島嶼的風土故事\n化為一枚枚輕盈酥軟的達克瓦茲\n客座主廚攜手甜點師傅，交響主義甜時\n故事定調、創意思巧、食材精挑、美味發表\n一場藝式甜點的四重奏，靜候賞味聆聽\n開場囉~每一口都有動人的弦外之音",
    "英文友善":"1",
    "日文友善":"1",
    "韓文友善":"0",
    "行動裝置充電":"0",
    "無障礙友善":"0",
    "性別友善":"1",
    "便利支付":"1",
    "素食":"0",
    "友善廁所":"0",
    "公平貿易友善":"0",
    "Free WiFi":"1",
    "自行車友善":"0",
    "哺集乳友善":"0",
    "穆斯林友善":"0",
    "月經友善":"0",
    "友善項目總計":5
    }
  },
  {
    "type": "Feature",
    "geometry": {
       "type": "Point",
       "coordinates":  [ 121.525694,25.094393 ]
    },
    "properties": {
    "行政區":"士林區",
    "友善店家名稱":"牛有廖士林店",
    "地址":"臺北市士林區美德街16巷8號",
    "電話":"02-8861-3708",
    "簡介":"|品牌故事|\n慢燉細熬的家廚味道 ── 牛有廖Beefull\n漫步在甜點夢的道路上，\n把五星酒店點心坊當練功房，\n研讀一家家法廚菜單尋找靈感。\n熱愛鑽研甜點的廖家女兒，\n在海外求學之後，夢想之路意外轉彎，\n與父母一起以牛肉麵實踐烹調信仰，\n並相信著，耐心等待是讓食物味美的魔杖。\n\n湯頭慢熬，等待精華釋放，從清味轉金黃，\n牛肉細燉，等待質地漸軟，柔韌有腴香。\n以湯養湯，熬出回甘的芬芳。\n清燉，以廣皮點綴，柑橘清爽提香，\n紅燒，自製紅燒醬料，兌煮湯頭，燒出濃郁香辣。\n麻香滷，藥材10種、花椒數樣，辣得溫順酣暢。\n\n《純真派牛肉麵 × 麻香滷》，廖家的廚房就是你家廚房。\n牛有廖，慢燉細熬的味道，飽滿有料！",
    "英文友善":"0",
    "日文友善":"0",
    "韓文友善":"0",
    "行動裝置充電":"0",
    "無障礙友善":"0",
    "性別友善":"0",
    "便利支付":"1",
    "素食":"0",
    "友善廁所":"0",
    "公平貿易友善":"0",
    "Free WiFi":"0",
    "自行車友善":"0",
    "哺集乳友善":"0",
    "穆斯林友善":"0",
    "月經友善":"0",
    "友善項目總計":1
    }
  },
  {
    "type": "Feature",
    "geometry": {
       "type": "Point",
       "coordinates":  [ 121.526173,25.094422 ]
    },
    "properties": {
    "行政區":"士林區",
    "友善店家名稱":"歐品鄉廚餐坊",
    "地址":"臺北市士林區中正路235巷32號",
    "電話":"02-2883-9951",
    "簡介":"平實風義式田園餐桌\n── 歐品鄉廚European FarmTable\n橄欖樹、葡萄藤與鼠尾草在艷陽下嬉鬧，\n羊隊與牛群在靠海的托斯卡尼山谷啃著嫩草…\n在地新鮮食材伴隨來自南歐田園的天然作料，\n小卷干貝鮮蝦在火上吱吱作響，散發誘人炙香；\n熱鍋裡，油香攪和著奶香四溢，蔥蒜香草上場。\n蕈菇家族引味，與各色青蔬博彩滿堂，\n紅番茄綠羅勒加白色馬茲瑞拉起司，\n卡布里島清晨的花園清新艷亮。\n\n歐品鄉廚把義式田園搬上了餐桌。\n進口橄欖油新鮮初榨，麵條鮮奶油歐洲原裝，\n用料捨得、價格平實，烹調講究一如家人親嚐。\n當窗邊灑下燦爛晴光，香草吹送鄉野的芬芳，\n願你料足麵飽，吃得開懷又健康！",
    "英文友善":"1",
    "日文友善":"0",
    "韓文友善":"0",
    "行動裝置充電":"0",
    "無障礙友善":"0",
    "性別友善":"0",
    "便利支付":"1",
    "素食":"1",
    "友善廁所":"0",
    "公平貿易友善":"0",
    "Free WiFi":"0",
    "自行車友善":"0",
    "哺集乳友善":"0",
    "穆斯林友善":"0",
    "月經友善":"0",
    "友善項目總計":3
    }
  },
  {
    "type": "Feature",
    "geometry": {
       "type": "Point",
       "coordinates":  [ 121.497688,25.095129 ]
    },
    "properties": {
    "行政區":"士林區",
    "友善店家名稱":"君臨花坊",
    "地址":"臺北市士林區延平北路七段18-2號",
    "電話":"02-2810-1969#36",
    "簡介":"蝴蝶蘭專售的園藝花店，店內打造專業溫室，保持各類蘭花新鮮品質，另外提供各式植栽花禮的組盆服務，除了蘭花花禮，包含多肉、觀葉、空鳳等都能客製化組盆，無論年節送禮、居家擺飾或是公司氣氛營造，都歡迎參觀挑選，也能預先電洽諮詢唷。",
    "英文友善":"0",
    "日文友善":"0",
    "韓文友善":"0",
    "行動裝置充電":"0",
    "無障礙友善":"0",
    "性別友善":"1",
    "便利支付":"0",
    "素食":"0",
    "友善廁所":"1",
    "公平貿易友善":"0",
    "Free WiFi":"0",
    "自行車友善":"1",
    "哺集乳友善":"1",
    "穆斯林友善":"0",
    "月經友善":"0",
    "友善項目總計":4
    }
  },
  {
    "type": "Feature",
    "geometry": {
       "type": "Point",
       "coordinates":  [ 121.523957,25.097124 ]
    },
    "properties": {
    "行政區":"士林區",
    "友善店家名稱":"小聚人複合式餐飲",
    "地址":"臺北市士林區文林路527號1樓",
    "電話":" 02-88663616/0988-690-257",
    "簡介":"小聚人火鍋店夥伴來自於罕見疾病基金會的小朋友；\n<建立接受他人幫助，學習讓自己變更好，有能力可幫助更多人，回饋社會>\n培育身心障礙者穩定就業，有一技之長。\n",
    "英文友善":"0",
    "日文友善":"0",
    "韓文友善":"0",
    "行動裝置充電":"1",
    "無障礙友善":"0",
    "性別友善":"1",
    "便利支付":"0",
    "素食":"1",
    "友善廁所":"1",
    "公平貿易友善":"0",
    "Free WiFi":"1",
    "自行車友善":"0",
    "哺集乳友善":"0",
    "穆斯林友善":"0",
    "月經友善":"1",
    "友善項目總計":6
    }
  },
  {
    "type": "Feature",
    "geometry": {
       "type": "Point",
       "coordinates":  [ 121.533102,25.117246 ]
    },
    "properties": {
    "行政區":"士林區",
    "友善店家名稱":"原味錄黑糖刨冰",
    "地址":"臺北市士林區天母東路50巷20之9號1樓",
    "電話":"02-2872-3242/0911-287-744",
    "簡介":"用食材紀錄最簡單的美味～",
    "英文友善":"0",
    "日文友善":"0",
    "韓文友善":"0",
    "行動裝置充電":"0",
    "無障礙友善":"0",
    "性別友善":"1",
    "便利支付":"1",
    "素食":"0",
    "友善廁所":"0",
    "公平貿易友善":"0",
    "Free WiFi":"1",
    "自行車友善":"0",
    "哺集乳友善":"0",
    "穆斯林友善":"0",
    "月經友善":"0",
    "友善項目總計":3
    }
  },
  {
    "type": "Feature",
    "geometry": {
       "type": "Point",
       "coordinates":  [ 121.546052,25.043026 ]
    },
    "properties": {
    "行政區":"大安區",
    "友善店家名稱":"賦樂旅居HOTEL PROＶERBS TAIPEI",
    "地址":"臺北市大安區大安路一段56號(光武里)",
    "電話":"02-2711-1118/02-7721-6699#6633行銷公關部",
    "簡介":"賦樂旅居由名建築設計師陳瑞憲設計，位於臺北東區最精華市中心，房間內傢俱擺設有不同的風格",
    "英文友善":"1",
    "日文友善":"0",
    "韓文友善":"0",
    "行動裝置充電":"0",
    "無障礙友善":"0",
    "性別友善":"0",
    "便利支付":"1",
    "素食":"0",
    "友善廁所":"0",
    "公平貿易友善":"0",
    "Free WiFi":"1",
    "自行車友善":"0",
    "哺集乳友善":"0",
    "穆斯林友善":"0",
    "月經友善":"0",
    "友善項目總計":3
    }
  },
  {
    "type": "Feature",
    "geometry": {
       "type": "Point",
       "coordinates":  [ 121.529563,25.031144 ]
    },
    "properties": {
    "行政區":"大安區",
    "友善店家名稱":"古典美服飾-永康店",
    "地址":"臺北市大安區永康街31-5號",
    "電話":"02-2392-0399 店面/03-5970101 總公司",
    "簡介":"古典美服飾，堅持販售中國風服飾，保留傳統服飾文化精粹，以中國風手染、蠟染、手繪、棉衣、旗袍等服飾。",
    "英文友善":"1",
    "日文友善":"1",
    "韓文友善":"0",
    "行動裝置充電":"0",
    "無障礙友善":"0",
    "性別友善":"1",
    "便利支付":"1",
    "素食":"0",
    "友善廁所":"0",
    "公平貿易友善":"0",
    "Free WiFi":"0",
    "自行車友善":"0",
    "哺集乳友善":"1",
    "穆斯林友善":"0",
    "月經友善":"0",
    "友善項目總計":5
    }
  },
  {
    "type": "Feature",
    "geometry": {
       "type": "Point",
       "coordinates":  [ 121.530924,25.031943 ]
    },
    "properties": {
    "行政區":"大安區",
    "友善店家名稱":"老叢茶圃 - 永康店",
    "地址":"臺北市大安區永康街23巷20號",
    "電話":"02-3322-3351",
    "簡介":"以「煮茶論藝‧創心生活」為經營理念，提供臺灣嚴選好茶，並有多元精采的臺灣陶藝家創作之陶藝。",
    "英文友善":"1",
    "日文友善":"0",
    "韓文友善":"0",
    "行動裝置充電":"1",
    "無障礙友善":"0",
    "性別友善":"1",
    "便利支付":"1",
    "素食":"0",
    "友善廁所":"0",
    "公平貿易友善":"0",
    "Free WiFi":"1",
    "自行車友善":"0",
    "哺集乳友善":"0",
    "穆斯林友善":"0",
    "月經友善":"0",
    "友善項目總計":5
    }
  },
  {
    "type": "Feature",
    "geometry": {
       "type": "Point",
       "coordinates":  [ 121.52876,25.032855 ]
    },
    "properties": {
    "行政區":"大安區",
    "友善店家名稱":"東門餃子館",
    "地址":"臺北市大安區金山南路二段31巷37號",
    "電話":"02-2341-1685",
    "簡介":"以美味擄獲臺北人的味蕾，從當地人才知道的私房小館，一路成為人氣名店，也吸引許多外國朋友到此一嚐。",
    "英文友善":"1",
    "日文友善":"1",
    "韓文友善":"1",
    "行動裝置充電":"1",
    "無障礙友善":"0",
    "性別友善":"1",
    "便利支付":"1",
    "素食":"0",
    "友善廁所":"0",
    "公平貿易友善":"0",
    "Free WiFi":"1",
    "自行車友善":"0",
    "哺集乳友善":"0",
    "穆斯林友善":"0",
    "月經友善":"0",
    "友善項目總計":7
    }
  },
  {
    "type": "Feature",
    "geometry": {
       "type": "Point",
       "coordinates":  [ 121.546114,25.034472 ]
    },
    "properties": {
    "行政區":"大安區",
    "友善店家名稱":"陽明春天讀蔬會 \n大安店",
    "地址":"臺北市大安區大安路一段231號1樓(德安里)",
    "電話":"02-8772-1829",
    "簡介":"素食餐廳，創意美味，環境空間氣氛佳，提倡素食精神與理念。",
    "英文友善":"1",
    "日文友善":"0",
    "韓文友善":"0",
    "行動裝置充電":"1",
    "無障礙友善":"1",
    "性別友善":"1",
    "便利支付":"1",
    "素食":"1",
    "友善廁所":"1",
    "公平貿易友善":"1",
    "Free WiFi":"1",
    "自行車友善":"1",
    "哺集乳友善":"0",
    "穆斯林友善":"0",
    "月經友善":"1",
    "友善項目總計":11
    }
  },
  {
    "type": "Feature",
    "geometry": {
       "type": "Point",
       "coordinates":  [ 121.551959,25.033 ]
    },
    "properties": {
    "行政區":"大安區",
    "友善店家名稱":"瘋殼子通訊信義安和店",
    "地址":"臺北市大安區信義路四段212-1號B1",
    "電話":"0908-612-368",
    "簡介":"專業手機類配件，充電商品，可提供遊客充電，wifi。",
    "英文友善":"1",
    "日文友善":"1",
    "韓文友善":"0",
    "行動裝置充電":"0",
    "無障礙友善":"1",
    "性別友善":"1",
    "便利支付":"1",
    "素食":"0",
    "友善廁所":"0",
    "公平貿易友善":"0",
    "Free WiFi":"1",
    "自行車友善":"0",
    "哺集乳友善":"0",
    "穆斯林友善":"0",
    "月經友善":"0",
    "友善項目總計":6
    }
  },
  {
    "type": "Feature",
    "geometry": {
       "type": "Point",
       "coordinates":  [ 121.528747,25.033687 ]
    },
    "properties": {
    "行政區":"大安區",
    "友善店家名稱":"興華名茶",
    "地址":"臺北市大安區信義路二段150號1樓(永康里)",
    "電話":"02-2394-7701",
    "簡介":"堅持使用傳統製茶法，提供無添加、無調味的好茶，擁有自家烘焙場，致力於打造年輕人也喜愛的100%臺灣茶。",
    "英文友善":"1",
    "日文友善":"1",
    "韓文友善":"0",
    "行動裝置充電":"0",
    "無障礙友善":"0",
    "性別友善":"0",
    "便利支付":"1",
    "素食":"0",
    "友善廁所":"1",
    "公平貿易友善":"0",
    "Free WiFi":"1",
    "自行車友善":"0",
    "哺集乳友善":"0",
    "穆斯林友善":"0",
    "月經友善":"0",
    "友善項目總計":5
    }
  },
  {
    "type": "Feature",
    "geometry": {
       "type": "Point",
       "coordinates":  [ 121.555486,25.042694 ]
    },
    "properties": {
    "行政區":"大安區",
    "友善店家名稱":"騷豆花",
    "地址":"臺北市大安區延吉街131巷26號",
    "電話":"02-8771-8901",
    "簡介":"堅持古法製作，絕無添加調料，純手工繁複製作。 豆花的綿密與水果的鮮甜滋味完美融合，成為最念念不忘的傳統美味。",
    "英文友善":"1",
    "日文友善":"1",
    "韓文友善":"0",
    "行動裝置充電":"0",
    "無障礙友善":"0",
    "性別友善":"1",
    "便利支付":"0",
    "素食":"1",
    "友善廁所":"0",
    "公平貿易友善":"0",
    "Free WiFi":"1",
    "自行車友善":"0",
    "哺集乳友善":"0",
    "穆斯林友善":"0",
    "月經友善":"0",
    "友善項目總計":5
    }
  },
  {
    "type": "Feature",
    "geometry": {
       "type": "Point",
       "coordinates":  [ 121.548513,25.043631 ]
    },
    "properties": {
    "行政區":"大安區",
    "友善店家名稱":"SUGAR&SPICE糖村(敦南一)",
    "地址":"臺北市大安區敦化南路一段158號",
    "電話":"02-2752-2188",
    "簡介":"伴手禮名店，一路堅持信念，傳遞最幸福的美味甜品給每一位踏入糖村的訪客。",
    "英文友善":"1",
    "日文友善":"1",
    "韓文友善":"1",
    "行動裝置充電":"0",
    "無障礙友善":"0",
    "性別友善":"1",
    "便利支付":"1",
    "素食":"0",
    "友善廁所":"0",
    "公平貿易友善":"0",
    "Free WiFi":"1",
    "自行車友善":"0",
    "哺集乳友善":"0",
    "穆斯林友善":"0",
    "月經友善":"0",
    "友善項目總計":6
    }
  },
  {
    "type": "Feature",
    "geometry": {
       "type": "Point",
       "coordinates":  [ 121.529222,25.032744 ]
    },
    "properties": {
    "行政區":"大安區",
    "友善店家名稱":"來好雜貨舖\n(臉書名：來好 LAI HAO Taiwan Gift Shop)",
    "地址":"臺北市大安區永康街6巷11號1樓",
    "電話":"02-3322-6136",
    "簡介":"捷運東門商圈的人氣禮品店， 有來自羌族的手工刺繡布包，也有臺灣風味小物及禮品",
    "英文友善":"1",
    "日文友善":"1",
    "韓文友善":"1",
    "行動裝置充電":"1",
    "無障礙友善":"0",
    "性別友善":"1",
    "便利支付":"1",
    "素食":"0",
    "友善廁所":"0",
    "公平貿易友善":"0",
    "Free WiFi":"1",
    "自行車友善":"0",
    "哺集乳友善":"0",
    "穆斯林友善":"0",
    "月經友善":"0",
    "友善項目總計":7
    }
  },
  {
    "type": "Feature",
    "geometry": {
       "type": "Point",
       "coordinates":  [ 121.534623,25.033764 ]
    },
    "properties": {
    "行政區":"大安區",
    "友善店家名稱":"丹迪旅店大安森林公園店",
    "地址":"臺北市大安區信義路三段33號(新龍里)",
    "電話":"02-2707-6899",
    "簡介":"以空間人本概念，融合俐落簡約的設計。陳設營造低調的風格，讓所有踏進旅店的客人在舒適的環境中找尋屬於自己的Dandy Style。",
    "英文友善":"1",
    "日文友善":"1",
    "韓文友善":"0",
    "行動裝置充電":"0",
    "無障礙友善":"1",
    "性別友善":"1",
    "便利支付":"1",
    "素食":"0",
    "友善廁所":"0",
    "公平貿易友善":"0",
    "Free WiFi":"0",
    "自行車友善":"0",
    "哺集乳友善":"1",
    "穆斯林友善":"0",
    "月經友善":"1",
    "友善項目總計":7
    }
  },
  {
    "type": "Feature",
    "geometry": {
       "type": "Point",
       "coordinates":  [ 121.555694,25.040202 ]
    },
    "properties": {
    "行政區":"大安區",
    "友善店家名稱":"ABV Bar & Kitchen地中海餐酒館",
    "地址":"臺北市大安區光復南路260巷39號",
    "電話":"02-8771-8114",
    "簡介":"供近300款各國精釀啤酒，餐點屬於地中海料理。也提供多樣下酒菜和炸物搭配精釀啤酒，讓人一進店裡就眼睛一亮。",
    "英文友善":"1",
    "日文友善":"0",
    "韓文友善":"0",
    "行動裝置充電":"1",
    "無障礙友善":"0",
    "性別友善":"1",
    "便利支付":"1",
    "素食":"1",
    "友善廁所":"0",
    "公平貿易友善":"0",
    "Free WiFi":"1",
    "自行車友善":"0",
    "哺集乳友善":"0",
    "穆斯林友善":"0",
    "月經友善":"0",
    "友善項目總計":6
    }
  },
  {
    "type": "Feature",
    "geometry": {
       "type": "Point",
       "coordinates":  [ 121.529224,25.031269 ]
    },
    "properties": {
    "行政區":"大安區",
    "友善店家名稱":"晧雅日本生活百貨",
    "地址":"臺北市大安區永康街14巷6號1樓",
    "電話":"02-2395-3103",
    "簡介":"專門進口日本生活用品，多達萬種日系商品，品項齊全且更新速度極快，隨時掌握日本最新產品趨勢！",
    "英文友善":"1",
    "日文友善":"0",
    "韓文友善":"0",
    "行動裝置充電":"0",
    "無障礙友善":"0",
    "性別友善":"1",
    "便利支付":"1",
    "素食":"0",
    "友善廁所":"0",
    "公平貿易友善":"0",
    "Free WiFi":"1",
    "自行車友善":"0",
    "哺集乳友善":"0",
    "穆斯林友善":"0",
    "月經友善":"0",
    "友善項目總計":4
    }
  },
  {
    "type": "Feature",
    "geometry": {
       "type": "Point",
       "coordinates":  [ 121.556117,25.031738 ]
    },
    "properties": {
    "行政區":"大安區",
    "友善店家名稱":"采吉軒紅豆專門店",
    "地址":"臺北市大安區通化街19巷45號B1",
    "電話":"02-2592-4929",
    "簡介":"選用屏東萬丹的紅豆，顆粒大，口感軟綿，湯汁香濃，本著對紅豆專業的精神，創造有別於傳統的特殊口味。",
    "英文友善":"0",
    "日文友善":"0",
    "韓文友善":"0",
    "行動裝置充電":"0",
    "無障礙友善":"0",
    "性別友善":"1",
    "便利支付":"1",
    "素食":"0",
    "友善廁所":"0",
    "公平貿易友善":"0",
    "Free WiFi":"0",
    "自行車友善":"0",
    "哺集乳友善":"0",
    "穆斯林友善":"0",
    "月經友善":"0",
    "友善項目總計":2
    }
  },
  {
    "type": "Feature",
    "geometry": {
       "type": "Point",
       "coordinates":  [ 121.545185,25.044166 ]
    },
    "properties": {
    "行政區":"大安區",
    "友善店家名稱":"Boven雜誌圖書館",
    "地址":"臺北市大安區復興南路一段107巷\n5弄18號B1",
    "電話":"02-2778-7526",
    "簡介":"全球首座雜誌圖書館。現場藏書量約為20,000本，包括歐、美、日..等外文雜誌。",
    "英文友善":"1",
    "日文友善":"0",
    "韓文友善":"0",
    "行動裝置充電":"1",
    "無障礙友善":"0",
    "性別友善":"1",
    "便利支付":"0",
    "素食":"0",
    "友善廁所":"0",
    "公平貿易友善":"0",
    "Free WiFi":"1",
    "自行車友善":"0",
    "哺集乳友善":"0",
    "穆斯林友善":"0",
    "月經友善":"0",
    "友善項目總計":4
    }
  },
  {
    "type": "Feature",
    "geometry": {
       "type": "Point",
       "coordinates":  [ 121.556275,25.032278 ]
    },
    "properties": {
    "行政區":"大安區",
    "友善店家名稱":"三芳家飾行",
    "地址":"臺北市大安區文昌街285號(通化里)",
    "電話":"02-2706-0005",
    "簡介":"提供沙發、電視櫃、大小茶几、床組、床墊、衣櫃、書桌、書櫃 等家具訂製。",
    "英文友善":"0",
    "日文友善":"0",
    "韓文友善":"0",
    "行動裝置充電":"0",
    "無障礙友善":"0",
    "性別友善":"1",
    "便利支付":"1",
    "素食":"0",
    "友善廁所":"1",
    "公平貿易友善":"0",
    "Free WiFi":"0",
    "自行車友善":"0",
    "哺集乳友善":"0",
    "穆斯林友善":"0",
    "月經友善":"0",
    "友善項目總計":3
    }
  },
  {
    "type": "Feature",
    "geometry": {
       "type": "Point",
       "coordinates":  [ 121.555466,25.041596 ]
    },
    "properties": {
    "行政區":"大安區",
    "友善店家名稱":"新東陽忠孝店",
    "地址":"臺北市大安區忠孝東路四段303號",
    "電話":"02-2752-8806/總公司02-2772-6222#957(郭小姐)",
    "簡介":"新東陽以推動中華美食精緻化，國際化的精神標竿為企業目標，打造”來台必買、出國必帶、台灣特產第一品牌”的企業形象，帶給消費者優質的購物體驗。",
    "英文友善":"1",
    "日文友善":"1",
    "韓文友善":"0",
    "行動裝置充電":"1",
    "無障礙友善":"0",
    "性別友善":"1",
    "便利支付":"1",
    "素食":"1",
    "友善廁所":"0",
    "公平貿易友善":"0",
    "Free WiFi":"1",
    "自行車友善":"0",
    "哺集乳友善":"0",
    "穆斯林友善":"0",
    "月經友善":"0",
    "友善項目總計":7
    }
  },
  {
    "type": "Feature",
    "geometry": {
       "type": "Point",
       "coordinates":  [ 121.529739,25.033553 ]
    },
    "properties": {
    "行政區":"大安區",
    "友善店家名稱":"新東陽信義店",
    "地址":"臺北市大安區信義路二段180號(永康里)",
    "電話":"02-2396-3933/總公司02-2772-6222#957(郭小姐)",
    "簡介":"新東陽以推動中華美食精緻化，國際化的精神標竿為企業目標，打造”來台必買、出國必帶、台灣特產第一品牌”的企業形象，帶給消費者優質的購物體驗。",
    "英文友善":"1",
    "日文友善":"1",
    "韓文友善":"0",
    "行動裝置充電":"0",
    "無障礙友善":"1",
    "性別友善":"1",
    "便利支付":"1",
    "素食":"1",
    "友善廁所":"0",
    "公平貿易友善":"0",
    "Free WiFi":"1",
    "自行車友善":"0",
    "哺集乳友善":"0",
    "穆斯林友善":"0",
    "月經友善":"0",
    "友善項目總計":7
    }
  },
  {
    "type": "Feature",
    "geometry": {
       "type": "Point",
       "coordinates":  [ 121.53205,25.026116 ]
    },
    "properties": {
    "行政區":"大安區",
    "友善店家名稱":"新東陽師大門市",
    "地址":"臺北市大安區和平東路一段218號",
    "電話":"02-2365-6286/總公司02-2772-6222#957(郭小姐)",
    "簡介":"新東陽以推動中華美食精緻化，國際化的精神標竿為企業目標，打造”來台必買、出國必帶、台灣特產第一品牌”的企業形象，帶給消費者優質的購物體驗。",
    "英文友善":"1",
    "日文友善":"0",
    "韓文友善":"0",
    "行動裝置充電":"0",
    "無障礙友善":"0",
    "性別友善":"1",
    "便利支付":"1",
    "素食":"1",
    "友善廁所":"0",
    "公平貿易友善":"0",
    "Free WiFi":"1",
    "自行車友善":"0",
    "哺集乳友善":"0",
    "穆斯林友善":"0",
    "月經友善":"0",
    "友善項目總計":5
    }
  },
  {
    "type": "Feature",
    "geometry": {
       "type": "Point",
       "coordinates":  [ 121.543057,25.041212 ]
    },
    "properties": {
    "行政區":"大安區",
    "友善店家名稱":"新東陽崇光復興專櫃",
    "地址":"臺北市大安區忠孝東路三段300號B2(義村里)",
    "電話":"02-8772-4552/總公司02-2772-6222#957(郭小姐)",
    "簡介":"新東陽以推動中華美食精緻化，國際化的精神標竿為企業目標，打造”來台必買、出國必帶、台灣特產第一品牌”的企業形象，帶給消費者優質的購物體驗。",
    "英文友善":"1",
    "日文友善":"1",
    "韓文友善":"0",
    "行動裝置充電":"0",
    "無障礙友善":"1",
    "性別友善":"1",
    "便利支付":"1",
    "素食":"1",
    "友善廁所":"1",
    "公平貿易友善":"0",
    "Free WiFi":"1",
    "自行車友善":"0",
    "哺集乳友善":"1",
    "穆斯林友善":"0",
    "月經友善":"0",
    "友善項目總計":9
    }
  },
  {
    "type": "Feature",
    "geometry": {
       "type": "Point",
       "coordinates":  [ 121.553814,25.032523 ]
    },
    "properties": {
    "行政區":"大安區",
    "友善店家名稱":"銘倫家具",
    "地址":"臺北市大安區文昌街187號(通化里)",
    "電話":"02-2705-8248",
    "簡介":"提供高品質家俱，任君挑選",
    "英文友善":"1",
    "日文友善":"0",
    "韓文友善":"0",
    "行動裝置充電":"0",
    "無障礙友善":"0",
    "性別友善":"1",
    "便利支付":"1",
    "素食":"0",
    "友善廁所":"1",
    "公平貿易友善":"0",
    "Free WiFi":"1",
    "自行車友善":"1",
    "哺集乳友善":"0",
    "穆斯林友善":"0",
    "月經友善":"0",
    "友善項目總計":6
    }
  },
  {
    "type": "Feature",
    "geometry": {
       "type": "Point",
       "coordinates":  [ 121.555363,25.032266 ]
    },
    "properties": {
    "行政區":"大安區",
    "友善店家名稱":"麗冠家具設計",
    "地址":"臺北市大安區文昌街236號1樓",
    "電話":"02-2702-2267",
    "簡介":"提供高品質家俱，任君挑選",
    "英文友善":"1",
    "日文友善":"0",
    "韓文友善":"0",
    "行動裝置充電":"1",
    "無障礙友善":"0",
    "性別友善":"1",
    "便利支付":"1",
    "素食":"0",
    "友善廁所":"0",
    "公平貿易友善":"0",
    "Free WiFi":"0",
    "自行車友善":"0",
    "哺集乳友善":"0",
    "穆斯林友善":"0",
    "月經友善":"0",
    "友善項目總計":4
    }
  },
  {
    "type": "Feature",
    "geometry": {
       "type": "Point",
       "coordinates":  [ 121.54174,25.042081 ]
    },
    "properties": {
    "行政區":"大安區",
    "友善店家名稱":"慢步調咖啡館",
    "地址":"臺北市大安區忠孝東路三段251巷1弄1號",
    "電話":"02-2711-2311",
    "簡介":"取名慢步調，原因是想要在一個充滿緊張 高壓的城市中提供一個地方，讓人們喘口氣，休息一下放慢步調再出發。",
    "英文友善":"1",
    "日文友善":"0",
    "韓文友善":"0",
    "行動裝置充電":"1",
    "無障礙友善":"0",
    "性別友善":"1",
    "便利支付":"1",
    "素食":"0",
    "友善廁所":"1",
    "公平貿易友善":"0",
    "Free WiFi":"1",
    "自行車友善":"0",
    "哺集乳友善":"0",
    "穆斯林友善":"0",
    "月經友善":"0",
    "友善項目總計":6
    }
  },
  {
    "type": "Feature",
    "geometry": {
       "type": "Point",
       "coordinates":  [ 121.529525,25.031697 ]
    },
    "properties": {
    "行政區":"大安區",
    "友善店家名稱":"台灣一品 拉麵與刀削麵",
    "地址":"臺北市大安區永康街10之6號",
    "電話":"02-2394-1351",
    "簡介":"平實的價格和真材實料的餐點打出名號，提供麵食與快炒。",
    "英文友善":"1",
    "日文友善":"1",
    "韓文友善":"1",
    "行動裝置充電":"1",
    "無障礙友善":"0",
    "性別友善":"1",
    "便利支付":"1",
    "素食":"1",
    "友善廁所":"0",
    "公平貿易友善":"0",
    "Free WiFi":"1",
    "自行車友善":"0",
    "哺集乳友善":"0",
    "穆斯林友善":"0",
    "月經友善":"0",
    "友善項目總計":8
    }
  },
  {
    "type": "Feature",
    "geometry": {
       "type": "Point",
       "coordinates":  [ 121.532863,25.016815 ]
    },
    "properties": {
    "行政區":"大安區",
    "友善店家名稱":"瓦崎燒烤火鍋 公館店",
    "地址":"臺北市大安區新生南路三段104號2樓",
    "電話":"02-2369-0696",
    "簡介":"不僅可以大口品嚐燒烤的美味，又能吃到美味湯頭的火鍋，提供現點現切的服務。",
    "英文友善":"1",
    "日文友善":"1",
    "韓文友善":"1",
    "行動裝置充電":"0",
    "無障礙友善":"0",
    "性別友善":"1",
    "便利支付":"0",
    "素食":"0",
    "友善廁所":"0",
    "公平貿易友善":"0",
    "Free WiFi":"1",
    "自行車友善":"0",
    "哺集乳友善":"0",
    "穆斯林友善":"0",
    "月經友善":"0",
    "友善項目總計":5
    }
  },
  {
    "type": "Feature",
    "geometry": {
       "type": "Point",
       "coordinates":  [ 121.553762,25.032433 ]
    },
    "properties": {
    "行政區":"大安區",
    "友善店家名稱":"名鴻家具",
    "地址":"臺北市大安區文昌街172號",
    "電話":"02-2702-4336/0970-293894(吳先生)",
    "簡介":"根據您的居家空間的尺寸，喜歡的樣式，材質，風格，預算，給予適當的搭配 我們服務內容包括有傢俱、家飾客製化訂做。",
    "英文友善":"0",
    "日文友善":"0",
    "韓文友善":"0",
    "行動裝置充電":"0",
    "無障礙友善":"0",
    "性別友善":"1",
    "便利支付":"0",
    "素食":"0",
    "友善廁所":"0",
    "公平貿易友善":"0",
    "Free WiFi":"1",
    "自行車友善":"0",
    "哺集乳友善":"0",
    "穆斯林友善":"0",
    "月經友善":"0",
    "友善項目總計":2
    }
  },
  {
    "type": "Feature",
    "geometry": {
       "type": "Point",
       "coordinates":  [ 121.530319,25.030936 ]
    },
    "properties": {
    "行政區":"大安區",
    "友善店家名稱":"帕帕拉夏藝文中心",
    "地址":"臺北市大安區金華街243巷21號(福住里)",
    "電話":"02-2358-2916",
    "簡介":"帕帕拉夏屬複合型態的藝文空間，每月定期的主題特展及店內常態展區，主要推廣台灣的新銳藝術家，亦有陶瓷藝術家與包款設計師。",
    "英文友善":"1",
    "日文友善":"1",
    "韓文友善":"0",
    "行動裝置充電":"0",
    "無障礙友善":"1",
    "性別友善":"0",
    "便利支付":"1",
    "素食":"0",
    "友善廁所":"1",
    "公平貿易友善":"0",
    "Free WiFi":"1",
    "自行車友善":"1",
    "哺集乳友善":"0",
    "穆斯林友善":"0",
    "月經友善":"1",
    "友善項目總計":8
    }
  },
  {
    "type": "Feature",
    "geometry": {
       "type": "Point",
       "coordinates":  [ 121.547624,25.041758 ]
    },
    "properties": {
    "行政區":"大安區",
    "友善店家名稱":"怡品商旅",
    "地址":"臺北市大安區忠孝東路四段87號14樓(光武里)",
    "電話":"02-27766136",
    "簡介":"裝潢風格為簡約，並融入臺北都會的元素，如建築物及街頭菽色，希望推廣臺北的禁fli與美食•房間內用品採用具口碑的品牌。",
    "英文友善":"1",
    "日文友善":"0",
    "韓文友善":"0",
    "行動裝置充電":"1",
    "無障礙友善":"1",
    "性別友善":"1",
    "便利支付":"1",
    "素食":"0",
    "友善廁所":"1",
    "公平貿易友善":"0",
    "Free WiFi":"1",
    "自行車友善":"0",
    "哺集乳友善":"0",
    "穆斯林友善":"0",
    "月經友善":"0",
    "友善項目總計":7
    }
  },
  {
    "type": "Feature",
    "geometry": {
       "type": "Point",
       "coordinates":  [ 121.553777,25.04162 ]
    },
    "properties": {
    "行政區":"大安區",
    "友善店家名稱":"富裕自由連鎖商旅忠孝館",
    "地址":"臺北市大安區忠孝東路四段235號7樓(車層里)",
    "電話":"02-2752-2125#321業務部\n02-2752-2125 \n總公司\n02-2741-3147 \n館長Maggie",
    "簡介":"採用國際星級標準之高品質的服務，房型仿照飛機客艙等級；房內設備完善齊全，所有房型採用繽紛的色調與商旅外的世界呼應，踏入客房即能威受到臺北的朝氣與活力。",
    "英文友善":"1",
    "日文友善":"0",
    "韓文友善":"0",
    "行動裝置充電":"1",
    "無障礙友善":"0",
    "性別友善":"1",
    "便利支付":"1",
    "素食":"0",
    "友善廁所":"1",
    "公平貿易友善":"0",
    "Free WiFi":"1",
    "自行車友善":"1",
    "哺集乳友善":"0",
    "穆斯林友善":"0",
    "月經友善":"0",
    "友善項目總計":7
    }
  },
  {
    "type": "Feature",
    "geometry": {
       "type": "Point",
       "coordinates":  [ 121.55372,25.03741 ]
    },
    "properties": {
    "行政區":"大安區",
    "友善店家名稱":"Cozzi Café 仁愛店",
    "地址":"臺北市大安區仁愛路四段296號1樓(敦煌里)",
    "電話":"02-2700-6996",
    "簡介":"隱身於商辦大樓大廳的舒適明亮空間\n專為都會商務菁英打造的輕食咖啡吧一Cozzi Café\nCozzi Cafe將咖啡館「社區概念化」的理念延伸至商辦大樓，讓上班族不需捨近求遠，上班前可以先到 Cozzi Café 買杯咖啡，午休時只要下樓就能享受現做餐點，CozziCafé就是您隨時補充活力的最佳後援部隊。\n\n秉持HOTEL COZZI和逸飯店一貫堅持的高品質標準，Cozzi Café選用日本UCC專業烘焙咖啡豆及崇尚自然和環保的英國Teapigs花草葉，還有鮮榨果汁等，用嚴選原料豐富您的味蕾，為充實的一天注入滿滿元氣。\n\n店內餐點採用在地食材新鮮現做，包括三明治、瑪芬、蛋糕甜點等。此外，Cozzi Café也推出外送訂餐以及輕食外燴服務，讓著重效率與生活品味的現代人，在繁忙之餘也能兼顧健康與美味。",
    "英文友善":"1",
    "日文友善":"0",
    "韓文友善":"0",
    "行動裝置充電":"1",
    "無障礙友善":"1",
    "性別友善":"1",
    "便利支付":"1",
    "素食":"0",
    "友善廁所":"1",
    "公平貿易友善":"0",
    "Free WiFi":"1",
    "自行車友善":"0",
    "哺集乳友善":"0",
    "穆斯林友善":"0",
    "月經友善":"0",
    "友善項目總計":7
    }
  },
  {
    "type": "Feature",
    "geometry": {
       "type": "Point",
       "coordinates":  [ 121.549229,25.034061 ]
    },
    "properties": {
    "行政區":"大安區",
    "友善店家名稱":"慕軒飯店",
    "地址":"臺北市大安區敦化南路一段331號(敦安里)",
    "電話":"02-7726-6699",
    "簡介":"在臺北市中心擁有一個靜謐安心的空間\n\n慕軒飯店成立於2014年，共有124間的客房與套房。坐擁臺北市優越的黃金地段，倚著臺北最美的欒樹林蔭大道，慕軒飯店是水泥叢林中的城市綠洲，提供每位來到慕軒飯店的旅客24小時優質的服務，享有低調的靜心之處。慕軒飯店自開幕以來，國內外屢獲Hotels.com全球十大最受歡迎商務飯店、World Luxury Hotel Awards奢華城市飯店、臺北米其林指南推薦飯店等多項大獎，得到相關產業評審與旅客高度肯定，慕軒飯店感謝各大媒體平台上的評論與肯定，因能夠為旅客創造永生難忘的回憶而感動、自豪。",
    "英文友善":"1",
    "日文友善":"0",
    "韓文友善":"0",
    "行動裝置充電":"1",
    "無障礙友善":"1",
    "性別友善":"1",
    "便利支付":"0",
    "素食":"1",
    "友善廁所":"1",
    "公平貿易友善":"0",
    "Free WiFi":"1",
    "自行車友善":"0",
    "哺集乳友善":"1",
    "穆斯林友善":"1",
    "月經友善":"0",
    "友善項目總計":9
    }
  },
  {
    "type": "Feature",
    "geometry": {
       "type": "Point",
       "coordinates":  [ 121.549229,25.034061 ]
    },
    "properties": {
    "行政區":"大安區",
    "友善店家名稱":"慕軒飯店 URBAN331 威士忌酒吧",
    "地址":"臺北市大安區敦化南路一段331號1樓(敦安里)",
    "電話":"02-7726-9090",
    "簡介":"位於慕軒飯店一樓以供應全球最受歡迎的威士忌佳釀、特調雞尾酒、美味下午茶與小點著稱，細膩沉穩的室內氛圍，讓您惬意坐享於優雅皮製沙發，細細品味富層次的醇酒風味，瞬間拋開塵囂的繁忙沉悶，適合喜愛低調、品味雋永的商務人士最佳聚會場所。\n\n以MADISON TAIPEI HOTEL慕軒飯店的門牌號碼331為名，結合象徵摩登都會風格的詞彙URBAN，其溫潤靜謐的空間、雋永的現代經典家具與滿佈各個角落的藝術裝潢巧思，營造紐約上東城不凡的氣度與奢華氛圍。酒吧珍藏來自各國的頂級麥芽威士忌與供應各式經典酒款、繽紛調酒及多款異國開胃小點，在喧囂的城市中，拋開繁忙沉悶，優雅品味美酒佳餚，享受輕鬆怡人的私密片刻。",
    "英文友善":"1",
    "日文友善":"0",
    "韓文友善":"0",
    "行動裝置充電":"1",
    "無障礙友善":"1",
    "性別友善":"1",
    "便利支付":"0",
    "素食":"1",
    "友善廁所":"1",
    "公平貿易友善":"0",
    "Free WiFi":"1",
    "自行車友善":"0",
    "哺集乳友善":"1",
    "穆斯林友善":"1",
    "月經友善":"0",
    "友善項目總計":9
    }
  },
  {
    "type": "Feature",
    "geometry": {
       "type": "Point",
       "coordinates":  [ 121.549229,25.034061 ]
    },
    "properties": {
    "行政區":"大安區",
    "友善店家名稱":"慕軒 GUSTOSO 義大利料理",
    "地址":"臺北市大安區敦化南路一段331號2樓(敦安里)",
    "電話":"02-7726-9099",
    "簡介":"位於慕軒飯店二樓的GUSTOSO義大利餐廳，以義大利當地代表性蔬果—熟成飽滿的橄欖樹的象徵圖像作為圖騰，提供義大利經典南義家鄉菜的質樸美味，不用過多的烹調方式影響食材的鮮美，而從優質食材的選擇及調味品中下功夫，帶出GOSTOSO義大利餐廳對於呈現義大利菜系的尊重與傳承的初衷。命名” GUSTOSO“，意即義大利文中「好吃、美味」的註解，延伸出GUSTOSO義大利餐廳希望呈現出義大利人在地餐食況味的精髓之意。\n\n嚴選新鮮的季節食材，GUSTOS0主推傳統南義家鄉菜，將義大利手工麵、燉飯、披薩及各式精選主菜融合義大利豐富的飲食文化，結合創意方式展現，讓消費者享受兼具美味與趣味的用餐體驗。\n\n有別於一般傳統的義大利餐廳，餐廳採用低調沉穩的色調搭配高質感原木色傢俱，窗外緊鄰敦南綠蔭景色，營造舒適的用餐空間，而多樣化的菜色選擇則與餐廳的「分享」概念相呼應，是和親朋好友分享美食的最佳聚會場所。",
    "英文友善":"1",
    "日文友善":"0",
    "韓文友善":"0",
    "行動裝置充電":"1",
    "無障礙友善":"1",
    "性別友善":"1",
    "便利支付":"0",
    "素食":"1",
    "友善廁所":"1",
    "公平貿易友善":"0",
    "Free WiFi":"1",
    "自行車友善":"0",
    "哺集乳友善":"1",
    "穆斯林友善":"1",
    "月經友善":"0",
    "友善項目總計":9
    }
  },
  {
    "type": "Feature",
    "geometry": {
       "type": "Point",
       "coordinates":  [ 121.530357,25.030836 ]
    },
    "properties": {
    "行政區":"大安區",
    "友善店家名稱":"雅緻人生中國古典服飾店",
    "地址":"臺北市大安區金華街243巷15號(福住里)",
    "電話":"02-2392-6240",
    "簡介":"以中國古典元素為創作特色，與現代文化結合，製作成具有現代中國風的服飾作品並展售清末民初骨董中國服飾(骨董衣)",
    "英文友善":"1",
    "日文友善":"0",
    "韓文友善":"0",
    "行動裝置充電":"1",
    "無障礙友善":"0",
    "性別友善":"0",
    "便利支付":"0",
    "素食":"0",
    "友善廁所":"1",
    "公平貿易友善":"0",
    "Free WiFi":"0",
    "自行車友善":"0",
    "哺集乳友善":"0",
    "穆斯林友善":"0",
    "月經友善":"0",
    "友善項目總計":3
    }
  },
  {
    "type": "Feature",
    "geometry": {
       "type": "Point",
       "coordinates":  [ 121.54662,25.041361 ]
    },
    "properties": {
    "行政區":"大安區",
    "友善店家名稱":"總督西餐廳VICEROY",
    "地址":"臺北市大安區忠孝東路四段104號2樓",
    "電話":"02-2752-3981",
    "簡介":"40年歷史，至今仍歷久彌新，是老饕們讚不絕口的國民美食。親切的服務人員加上對於食材的講究與要求，造就了今日的好口碑，不論主餐或是精美沙拉/甜點吧，都是擁有品質保證的好滋味。",
    "英文友善":"1",
    "日文友善":"0",
    "韓文友善":"0",
    "行動裝置充電":"1",
    "無障礙友善":"0",
    "性別友善":"1",
    "便利支付":"1",
    "素食":"1",
    "友善廁所":"0",
    "公平貿易友善":"0",
    "Free WiFi":"1",
    "自行車友善":"0",
    "哺集乳友善":"0",
    "穆斯林友善":"0",
    "月經友善":"0",
    "友善項目總計":6
    }
  },
  {
    "type": "Feature",
    "geometry": {
       "type": "Point",
       "coordinates":  [ 121.53595,25.040742 ]
    },
    "properties": {
    "行政區":"大安區",
    "友善店家名稱":"皇家玫瑰旅館-新生館",
    "地址":"臺北市大安區新生南路一段103巷37號(民輝里)",
    "電話":"02-2752-2077",
    "簡介":"溫馨玫瑰 猶如家的歸處 別於一般飯店的空間思維，在設計上特地保留建築外觀，維持原始住家的格局，注入全新「家」的概念，特意營造的舒適寬敞，讓旅客感受不一樣的住宿空間。 巷弄內尋閒 巷弄外滿足 藏於巷弄內的新生館，與周邊的靜謐住宅融為一體，展現自在踏實的寧靜。靜巷之外又是一番世外桃花源，四通八達的交通中樞紐點，讓旅客可便於安排一日的城市之旅。僅有5分鐘步行路程的華山文化園區，提供豐富的設計饗宴，感受臺北創意之都的文化精髓。",
    "英文友善":"1",
    "日文友善":"1",
    "韓文友善":"1",
    "行動裝置充電":"1",
    "無障礙友善":"0",
    "性別友善":"1",
    "便利支付":"1",
    "素食":"0",
    "友善廁所":"1",
    "公平貿易友善":"0",
    "Free WiFi":"1",
    "自行車友善":"0",
    "哺集乳友善":"0",
    "穆斯林友善":"0",
    "月經友善":"0",
    "友善項目總計":8
    }
  },
  {
    "type": "Feature",
    "geometry": {
       "type": "Point",
       "coordinates":  [ 121.528381,25.029833 ]
    },
    "properties": {
    "行政區":"大安區",
    "友善店家名稱":"大來小館-金華店",
    "地址":"臺北市大安區金華街140-1號(錦安里)",
    "電話":"02-2395-7889",
    "簡介":"大來小館\n冠軍魯肉飯\n位於永康商圈的大來小館從事餐飲數十年，秉持著新鮮、自然、美味、健康食材四大堅持，採用來自全國各地的食材，以傳統創新將台灣料理發揚光大。\n例如將近失傳的「雞仔豬肚鱉」「古早味什錦羹」「八寶丸」…不勝枚舉，尤其台灣庶民美食用料簡單實在，連獲臺北市政府舉辦（96年、101年）兩屆冠軍，大家都叫我「冠軍滷肉飯」。\n大來小館不但「滷肉飯」有名，台灣傳統料理更因用料實在、口味好，深受國內外的媒體好評，例如遠在英國BBC、日本朝日電視台專程來採訪報導，美食做得好也無形中為了國家做了「國民外交」尤其「Say Goodbye」之時聽每位客人說「Good! 喔依係~好吃」深感安慰。",
    "英文友善":"1",
    "日文友善":"1",
    "韓文友善":"0",
    "行動裝置充電":"1",
    "無障礙友善":"1",
    "性別友善":"1",
    "便利支付":"1",
    "素食":"1",
    "友善廁所":"1",
    "公平貿易友善":"0",
    "Free WiFi":"0",
    "自行車友善":"0",
    "哺集乳友善":"0",
    "穆斯林友善":"0",
    "月經友善":"0",
    "友善項目總計":8
    }
  },
  {
    "type": "Feature",
    "geometry": {
       "type": "Point",
       "coordinates":  [ 121.530186,25.033082 ]
    },
    "properties": {
    "行政區":"大安區",
    "友善店家名稱":"大來小館-永康店",
    "地址":"臺北市大安區永康街7巷2號(福住里)",
    "電話":"02-2357-9678",
    "簡介":"本店位於美食天堂「永康商圈」交通便利，用食材嚴謹，秉持古早及創意並陳，深獲世界各地媒體採訪報導。",
    "英文友善":"1",
    "日文友善":"1",
    "韓文友善":"0",
    "行動裝置充電":"1",
    "無障礙友善":"0",
    "性別友善":"1",
    "便利支付":"0",
    "素食":"1",
    "友善廁所":"1",
    "公平貿易友善":"0",
    "Free WiFi":"0",
    "自行車友善":"0",
    "哺集乳友善":"0",
    "穆斯林友善":"0",
    "月經友善":"0",
    "友善項目總計":6
    }
  },
  {
    "type": "Feature",
    "geometry": {
       "type": "Point",
       "coordinates":  [ 121.544381,25.033166 ]
    },
    "properties": {
    "行政區":"大安區",
    "友善店家名稱":"鬍鬚張臺北大安店",
    "地址":"臺北市大安區信義路四段24號(住安里)",
    "電話":"02-2704-1489/總公司:02-2298-2185＃232(行企部劉副理)",
    "簡介":"「鬍鬚張魯肉飯」創立於1960年，秉持『傳統美食，追求幸福』的創業初衷，從路邊攤創起，以發揚台灣美食文化為職志，不斷的做中學，以品質、口味、服務、衛生為基礎，提供安全美味的產品，整潔親切的用餐環境與氛圍的餐廳。\n鬍鬚張以「誠信篤實」、「追求卓越」、「顧客滿意」、「永續成長」為經營理念，以「以人為本」、「人才培育」、「賞罰分明」、「成果分享」為管理原則，並致力於『將魯肉飯販賣到全世界都知道』的企業願景實踐。",
    "英文友善":"0",
    "日文友善":"0",
    "韓文友善":"0",
    "行動裝置充電":"0",
    "無障礙友善":"0",
    "性別友善":"1",
    "便利支付":"0",
    "素食":"0",
    "友善廁所":"1",
    "公平貿易友善":"0",
    "Free WiFi":"0",
    "自行車友善":"0",
    "哺集乳友善":"0",
    "穆斯林友善":"0",
    "月經友善":"0",
    "友善項目總計":2
    }
  },
  {
    "type": "Feature",
    "geometry": {
       "type": "Point",
       "coordinates":  [ 121.554168,25.03196 ]
    },
    "properties": {
    "行政區":"大安區",
    "友善店家名稱":"鬍鬚張臺北通化店",
    "地址":"臺北市大安區通化街18號(通化里)",
    "電話":"02-2709-2256/總公司:02-2298-2185＃232(行企部劉副理)",
    "簡介":"「鬍鬚張魯肉飯」創立於1960年，秉持『傳統美食，追求幸福』的創業初衷，從路邊攤創起，以發揚台灣美食文化為職志，不斷的做中學，以品質、口味、服務、衛生為基礎，提供安全美味的產品，整潔親切的用餐環境與氛圍的餐廳。\n鬍鬚張以「誠信篤實」、「追求卓越」、「顧客滿意」、「永續成長」為經營理念，以「以人為本」、「人才培育」、「賞罰分明」、「成果分享」為管理原則，並致力於『將魯肉飯販賣到全世界都知道』的企業願景實踐。",
    "英文友善":"0",
    "日文友善":"0",
    "韓文友善":"0",
    "行動裝置充電":"0",
    "無障礙友善":"0",
    "性別友善":"1",
    "便利支付":"0",
    "素食":"0",
    "友善廁所":"1",
    "公平貿易友善":"0",
    "Free WiFi":"0",
    "自行車友善":"0",
    "哺集乳友善":"0",
    "穆斯林友善":"0",
    "月經友善":"0",
    "友善項目總計":2
    }
  },
  {
    "type": "Feature",
    "geometry": {
       "type": "Point",
       "coordinates":  [ 121.526944,25.0332 ]
    },
    "properties": {
    "行政區":"大安區",
    "友善店家名稱":"鬍鬚張臺北東門店",
    "地址":"臺北市大安區金山南路二段18號(光明里)",
    "電話":"02-2321-7959/總公司:02-2298-2185＃232(行企部劉副理)",
    "簡介":"「鬍鬚張魯肉飯」創立於1960年，秉持『傳統美食，追求幸福』的創業初衷，從路邊攤創起，以發揚台灣美食文化為職志，不斷的做中學，以品質、口味、服務、衛生為基礎，提供安全美味的產品，整潔親切的用餐環境與氛圍的餐廳。\n鬍鬚張以「誠信篤實」、「追求卓越」、「顧客滿意」、「永續成長」為經營理念，以「以人為本」、「人才培育」、「賞罰分明」、「成果分享」為管理原則，並致力於『將魯肉飯販賣到全世界都知道』的企業願景實踐。",
    "英文友善":"0",
    "日文友善":"0",
    "韓文友善":"0",
    "行動裝置充電":"0",
    "無障礙友善":"0",
    "性別友善":"1",
    "便利支付":"0",
    "素食":"0",
    "友善廁所":"1",
    "公平貿易友善":"0",
    "Free WiFi":"0",
    "自行車友善":"0",
    "哺集乳友善":"0",
    "穆斯林友善":"0",
    "月經友善":"0",
    "友善項目總計":2
    }
  },
  {
    "type": "Feature",
    "geometry": {
       "type": "Point",
       "coordinates":  [ 121.551438,25.03028 ]
    },
    "properties": {
    "行政區":"大安區",
    "友善店家名稱":"湘八老",
    "地址":"臺北市大安區義安里安和路二段74巷6號",
    "電話":"02-2709-7979",
    "簡介":"彭園餐飲集團創辦人彭長貴，希望人人在平常生活中就可以品嘗美味，於2013年推出新品牌「湘８老」，以「湘特色、心料理、零距離、溫馨感」再創料理新風格與模式，讓吃飯聚餐、品味美食成為生活中的小確幸，是一種隨手可得的平凡幸福。",
    "英文友善":"1",
    "日文友善":"0",
    "韓文友善":"0",
    "行動裝置充電":"0",
    "無障礙友善":"0",
    "性別友善":"1",
    "便利支付":"0",
    "素食":"1",
    "友善廁所":"0",
    "公平貿易友善":"0",
    "Free WiFi":"1",
    "自行車友善":"0",
    "哺集乳友善":"0",
    "穆斯林友善":"0",
    "月經友善":"0",
    "友善項目總計":4
    }
  },
  {
    "type": "Feature",
    "geometry": {
       "type": "Point",
       "coordinates":  [ 121.546803,25.037617 ]
    },
    "properties": {
    "行政區":"大安區",
    "友善店家名稱":"黑橋牌-仁愛門市",
    "地址":"臺北市大安區仁愛路四段38號",
    "電話":"02-2709-1766/02-22983155#203張副課",
    "簡介":"黑橋牌食品於1957年成立，因率先將舊時台灣市面上乾鹹的廣式臘腸，改良為現今甜潤多汁的台灣風味，獨創的香腸滋味在台灣炮而紅，成立至今已超過六十年，每逢年節皆可看見店舖大排長龍的搶購盛況，不僅開創台灣香腸的美食傳奇，更奠定現今台灣香腸第一品牌的口碑。\n店內除了販售十多種款式的香腸，更提供多種口味的豬肉乾、牛肉乾、手炒肉酥等美味肉品，全部都是來台必買的美食。近年推出的脆片肉乾、條子肉乾、肉酥餅乾等廣受年輕顧客喜愛，也成為黑橋牌暢銷人氣商品。\n黑橋牌門市多次接獲海內外媒體採訪，香港美食家蔡瀾也曾率團到店選購，黑豬肉香腸、黑豬肉乾、香腸肉包是招牌推薦品，店內並提供鳳梨酥、綠豆糕等各式台灣特產，是來台必訪的特產名店。",
    "英文友善":"1",
    "日文友善":"0",
    "韓文友善":"0",
    "行動裝置充電":"0",
    "無障礙友善":"0",
    "性別友善":"1",
    "便利支付":"1",
    "素食":"1",
    "友善廁所":"0",
    "公平貿易友善":"0",
    "Free WiFi":"0",
    "自行車友善":"0",
    "哺集乳友善":"0",
    "穆斯林友善":"0",
    "月經友善":"0",
    "友善項目總計":4
    }
  },
  {
    "type": "Feature",
    "geometry": {
       "type": "Point",
       "coordinates":  [ 121.545846,25.044713 ]
    },
    "properties": {
    "行政區":"大安區",
    "友善店家名稱":"TAJ泰姬印度餐廳",
    "地址":"臺北市大安區市民大道四段48巷1號(光武里)",
    "電話":"02-8773-0175",
    "簡介":"TAJ印度餐廳，是由來自巴基斯坦的拉納．阿敏與其穆斯林作家妻子亞瑟蘭共同打造的印度料理天地。所有餐食皆為HALAL，是印度商務人士，穆斯林團體來台時，尋找家的味道的好地方。",
    "英文友善":"1",
    "日文友善":"0",
    "韓文友善":"0",
    "行動裝置充電":"1",
    "無障礙友善":"0",
    "性別友善":"0",
    "便利支付":"1",
    "素食":"1",
    "友善廁所":"1",
    "公平貿易友善":"0",
    "Free WiFi":"1",
    "自行車友善":"1",
    "哺集乳友善":"0",
    "穆斯林友善":"1",
    "月經友善":"0",
    "友善項目總計":8
    }
  },
  {
    "type": "Feature",
    "geometry": {
       "type": "Point",
       "coordinates":  [ 121.530682,25.032665 ]
    },
    "properties": {
    "行政區":"大安區",
    "友善店家名稱":"微兜永康店",
    "地址":"臺北市大安區信義路二段198巷7-3號(福助里)",
    "電話":"02-2395-1336/盧小姐02-7716-6666#1152",
    "簡介":"",
    "英文友善":"1",
    "日文友善":"0",
    "韓文友善":"0",
    "行動裝置充電":"1",
    "無障礙友善":"0",
    "性別友善":"1",
    "便利支付":"1",
    "素食":"1",
    "友善廁所":"1",
    "公平貿易友善":"0",
    "Free WiFi":"1",
    "自行車友善":"0",
    "哺集乳友善":"0",
    "穆斯林友善":"1",
    "月經友善":"0",
    "友善項目總計":8
    }
  },
  {
    "type": "Feature",
    "geometry": {
       "type": "Point",
       "coordinates":  [ 121.548293,25.021871 ]
    },
    "properties": {
    "行政區":"大安區",
    "友善店家名稱":"Cozzi Café 敦南店\n(中文地址兩個號)",
    "地址":"臺北市大安區敦化南路二段218號號1樓(虎嘯里)",
    "電話":"02-2725-5966",
    "簡介":"隱身於商辦大樓大廳的舒適明亮空間\n專為都會商務菁英打造的輕食咖啡吧一Cozzi Café\nCozzi Cafe將咖啡館「社區概念化」的理念延伸至商辦大樓，讓上班族不需捨近求遠，上班前可以先到 Cozzi Café 買杯咖啡，午休時只要下樓就能享受現做餐點，CozziCafé就是您隨時補充活力的最佳後援部隊。\n\n秉持HOTEL COZZI和逸飯店一貫堅持的高品質標準，Cozzi Café選用日本UCC專業烘焙咖啡豆及崇尚自然和環保的英國Teapigs花草葉，還有鮮榨果汁等，用嚴選原料豐富您的味蕾，為充實的一天注入滿滿元氣。\n\n店內餐點採用在地食材新鮮現做，包括三明治、瑪芬、蛋糕甜點等。此外，Cozzi Café也推出外送訂餐以及輕食外燴服務，讓著重效率與生活品味的現代人，在繁忙之餘也能兼顧健康與美味。",
    "英文友善":"1",
    "日文友善":"0",
    "韓文友善":"0",
    "行動裝置充電":"1",
    "無障礙友善":"1",
    "性別友善":"1",
    "便利支付":"1",
    "素食":"0",
    "友善廁所":"1",
    "公平貿易友善":"0",
    "Free WiFi":"1",
    "自行車友善":"0",
    "哺集乳友善":"0",
    "穆斯林友善":"0",
    "月經友善":"0",
    "友善項目總計":7
    }
  },
  {
    "type": "Feature",
    "geometry": {
       "type": "Point",
       "coordinates":  [ 121.548441,25.040146 ]
    },
    "properties": {
    "行政區":"大安區",
    "友善店家名稱":"N∘168 PRIME(敦化館)",
    "地址":"臺北市大安區敦化南路一段246號7樓\n(SOGO敦化館7F)(仁愛里)",
    "電話":"02-6617-6168",
    "簡介":"位於敦化SOGO百貨七樓，整層涵蓋廚房等設施占地約300坪，全新ART DECO裝飾藝術設計，米其林規格的開放式「夢幻廚房」以及澳洲引進的Beech Ovens夢幻烤爐，充分讓每位顧客品嚐牛排頂級口感。敦化店另設有牛肉熟成室，每一塊牛肉皆是主廚團隊親自挑選，經過專業知識研判精準掌握每塊牛排最佳熟成風味後再服務給客人。「專業而鮮嫩多汁的牛排僅是我們秉持的堅持，我們更想做的是提供給每位顧客令人難忘的餐飲體驗」！",
    "英文友善":"1",
    "日文友善":"0",
    "韓文友善":"0",
    "行動裝置充電":"1",
    "無障礙友善":"1",
    "性別友善":"1",
    "便利支付":"1",
    "素食":"1",
    "友善廁所":"1",
    "公平貿易友善":"0",
    "Free WiFi":"1",
    "自行車友善":"0",
    "哺集乳友善":"1",
    "穆斯林友善":"0",
    "月經友善":"1",
    "友善項目總計":10
    }
  },
  {
    "type": "Feature",
    "geometry": {
       "type": "Point",
       "coordinates":  [ 121.540602,25.042237 ]
    },
    "properties": {
    "行政區":"大安區",
    "友善店家名稱":"里仁忠孝復興店",
    "地址":"臺北市大安區忠孝東路三段217巷2弄16號",
    "電話":"02-2711-9239/02-77146168#80514(總公司陳'S)",
    "簡介":"1988年里仁開張，決心要做「該做但還沒有人做的事」。提供以誠信契作支持和鼓勵農友，栽植無農藥化肥的純淨蔬果來友善環境，也尋找願意還原食物本味、恢復環境清靜的淳厚廠商，近年更積極以產品包材減塑支持淨塑。 里仁產品開發堅持自然、健康、平實。主要產品包括有機或轉型農產品、少或無添加物的食品，不含基改成份，以本土有機為優先，支持綠保生態並關懷弱勢。",
    "英文友善":"0",
    "日文友善":"0",
    "韓文友善":"0",
    "行動裝置充電":"0",
    "無障礙友善":"0",
    "性別友善":"0",
    "便利支付":"0",
    "素食":"1",
    "友善廁所":"0",
    "公平貿易友善":"0",
    "Free WiFi":"0",
    "自行車友善":"0",
    "哺集乳友善":"0",
    "穆斯林友善":"0",
    "月經友善":"0",
    "友善項目總計":1
    }
  },
  {
    "type": "Feature",
    "geometry": {
       "type": "Point",
       "coordinates":  [ 121.531716,25.018754 ]
    },
    "properties": {
    "行政區":"大安區",
    "友善店家名稱":"里仁公館台大店",
    "地址":"臺北市大安區羅斯福路三段283巷24號",
    "電話":"02-2364-5581/02-77146168#80514(總公司陳'S)",
    "簡介":"1988年里仁開張，決心要做「該做但還沒有人做的事」。提供以誠信契作支持和鼓勵農友，栽植無農藥化肥的純淨蔬果來友善環境，也尋找願意還原食物本味、恢復環境清靜的淳厚廠商，近年更積極以產品包材減塑支持淨塑。 里仁產品開發堅持自然、健康、平實。主要產品包括有機或轉型農產品、少或無添加物的食品，不含基改成份，以本土有機為優先，支持綠保生態並關懷弱勢。",
    "英文友善":"0",
    "日文友善":"0",
    "韓文友善":"0",
    "行動裝置充電":"0",
    "無障礙友善":"0",
    "性別友善":"0",
    "便利支付":"0",
    "素食":"1",
    "友善廁所":"0",
    "公平貿易友善":"0",
    "Free WiFi":"0",
    "自行車友善":"0",
    "哺集乳友善":"0",
    "穆斯林友善":"0",
    "月經友善":"0",
    "友善項目總計":1
    }
  },
  {
    "type": "Feature",
    "geometry": {
       "type": "Point",
       "coordinates":  [ 121.526922,25.030208 ]
    },
    "properties": {
    "行政區":"大安區",
    "友善店家名稱":"里仁金華金山店",
    "地址":"臺北市大安區金華街181-1號",
    "電話":"02-2321-1787/02-77146168#80514(總公司陳'S)",
    "簡介":"1988年里仁開張，決心要做「該做但還沒有人做的事」。提供以誠信契作支持和鼓勵農友，栽植無農藥化肥的純淨蔬果來友善環境，也尋找願意還原食物本味、恢復環境清靜的淳厚廠商，近年更積極以產品包材減塑支持淨塑。 里仁產品開發堅持自然、健康、平實。主要產品包括有機或轉型農產品、少或無添加物的食品，不含基改成份，以本土有機為優先，支持綠保生態並關懷弱勢。",
    "英文友善":"0",
    "日文友善":"0",
    "韓文友善":"0",
    "行動裝置充電":"0",
    "無障礙友善":"0",
    "性別友善":"0",
    "便利支付":"0",
    "素食":"1",
    "友善廁所":"0",
    "公平貿易友善":"0",
    "Free WiFi":"0",
    "自行車友善":"0",
    "哺集乳友善":"0",
    "穆斯林友善":"0",
    "月經友善":"0",
    "友善項目總計":1
    }
  },
  {
    "type": "Feature",
    "geometry": {
       "type": "Point",
       "coordinates":  [ 121.554349,25.031337 ]
    },
    "properties": {
    "行政區":"大安區",
    "友善店家名稱":"里仁-大安通化店",
    "地址":"臺北市大安區通化街23號",
    "電話":"02-2701-0869/02-77146168#80514(總公司陳'S)",
    "簡介":"1988年里仁開張，決心要做「該做但還沒有人做的事」。提供以誠信契作支持和鼓勵農友，栽植無農藥化肥的純淨蔬果來友善環境，也尋找願意還原食物本味、恢復環境清靜的淳厚廠商，近年更積極以產品包材減塑支持淨塑。 里仁產品開發堅持自然、健康、平實。主要產品包括有機或轉型農產品、少或無添加物的食品，不含基改成份，以本土有機為優先，支持綠保生態並關懷弱勢。",
    "英文友善":"0",
    "日文友善":"0",
    "韓文友善":"0",
    "行動裝置充電":"0",
    "無障礙友善":"0",
    "性別友善":"0",
    "便利支付":"0",
    "素食":"1",
    "友善廁所":"0",
    "公平貿易友善":"0",
    "Free WiFi":"0",
    "自行車友善":"0",
    "哺集乳友善":"0",
    "穆斯林友善":"0",
    "月經友善":"0",
    "友善項目總計":1
    }
  },
  {
    "type": "Feature",
    "geometry": {
       "type": "Point",
       "coordinates":  [ 121.546401,25.034403 ]
    },
    "properties": {
    "行政區":"大安區",
    "友善店家名稱":"有肉 Succulent & Gift",
    "地址":"臺北市大安區四維路76巷19號1樓(德安里)",
    "電話":"02-2701-7257",
    "簡介":"〖多肉植物與設計盆器搭配的禮品店〗\n以多肉植物為主題，邀請盆器設計品牌進駐，將多肉植物的多變姿態及樣貌，與觸動人心的品牌設計結合，賦予多肉植物新的住所。\n\n-植物品牌獵人-\n植物讓我們忘記喧擾，回歸最純粹的生命型態，對他的內斂生長感到神秘，為他的恣意樣態覺得驚奇。\n品牌給我們思考激盪，夾帶獨特性的理念交換，源自於過去生活的體驗，建構著將來生活的想望。\n抓出品牌美好的一面，努力用各種形式將它呈現綻放，是我們一直在做的事。\n\n-園藝手作課程第一品牌-\n首創以多肉植物為核心，與業界各園藝領域的講師合作，開立最多種類的園藝手作課程，希望透過參與的過程，讓學員同時獲得心靈的滿足，及帶走滿滿的知識技能，目前已開立超過 20 種以上園藝系列手作課程，吸引超過 4,000 位學員參與。\n\n有肉想把多肉植物各種形式的美好分享給大家，就像好友之間訴說著彼此的種植經驗、以及對於美好生活的想像。經歷過工作與生活的衝撞，多肉植物讓兩者產生平衡，透過養護植物，也時時提醒著看照自己的心情，慢下腳步感受情緒，活力有朝氣的過每一天。",
    "英文友善":"1",
    "日文友善":"0",
    "韓文友善":"0",
    "行動裝置充電":"0",
    "無障礙友善":"0",
    "性別友善":"1",
    "便利支付":"1",
    "素食":"0",
    "友善廁所":"0",
    "公平貿易友善":"0",
    "Free WiFi":"1",
    "自行車友善":"0",
    "哺集乳友善":"0",
    "穆斯林友善":"0",
    "月經友善":"0",
    "友善項目總計":4
    }
  },
  {
    "type": "Feature",
    "geometry": {
       "type": "Point",
       "coordinates":  [ 121.548005,25.038857 ]
    },
    "properties": {
    "行政區":"大安區",
    "友善店家名稱":"好米亞國際餐飲",
    "地址":"臺北市大安區敦化南路一段270巷6號(仁愛里)",
    "電話":"02-8771-8285",
    "簡介":"佳餚 x 美酒 x 一群好友 \n好米亞的由來： 取台語好東西的諧音，就是想要跟好朋友分享我們的所堅持的美味，也代表了一種台灣在地精神。 好米亞的成立： 兩個從高雄上來圓夢的大男孩，放棄了原本的穩定工作，憑藉著一股熱情和對餐點的執著，希望能以最高的品質帶給大家美味的體驗。 美味的派更堅持使用法國進口麵粉、進口的依思尼發酵奶油以及天然香草棒等各式高品質食材。 \n為什麼要來好米亞? 好米亞所擁有的不是華麗的裝潢、奢華的高級餐點，而是一個溫馨、舒適還有各式味美餐點的好地方，不管是與三兩朋友的相聚，或是和情人甜蜜約會，亦或是想要一個人悠閒看個書、喝個茶不知道該去哪? 都歡迎來好米亞坐坐。\n只有來過才能體會，我們的熱情，東西的好吃，還有一種像回到家的那種溫馨感覺。",
    "英文友善":"0",
    "日文友善":"0",
    "韓文友善":"0",
    "行動裝置充電":"1",
    "無障礙友善":"0",
    "性別友善":"1",
    "便利支付":"1",
    "素食":"1",
    "友善廁所":"1",
    "公平貿易友善":"0",
    "Free WiFi":"1",
    "自行車友善":"0",
    "哺集乳友善":"0",
    "穆斯林友善":"0",
    "月經友善":"0",
    "友善項目總計":6
    }
  },
  {
    "type": "Feature",
    "geometry": {
       "type": "Point",
       "coordinates":  [ 121.545214,25.04324 ]
    },
    "properties": {
    "行政區":"大安區",
    "友善店家名稱":"皮醫生的店",
    "地址":"臺北市大安區大安路一段52巷19號",
    "電話":"02-2775-5016/0926-336-119",
    "簡介":"名牌皮包、鞋子維修保養的整形師",
    "英文友善":"0",
    "日文友善":"0",
    "韓文友善":"0",
    "行動裝置充電":"1",
    "無障礙友善":"0",
    "性別友善":"1",
    "便利支付":"0",
    "素食":"0",
    "友善廁所":"0",
    "公平貿易友善":"0",
    "Free WiFi":"1",
    "自行車友善":"0",
    "哺集乳友善":"0",
    "穆斯林友善":"0",
    "月經友善":"0",
    "友善項目總計":3
    }
  },
  {
    "type": "Feature",
    "geometry": {
       "type": "Point",
       "coordinates":  [ 121.54821,25.042995 ]
    },
    "properties": {
    "行政區":"大安區",
    "友善店家名稱":"首爾商行",
    "地址":"臺北市大安區忠孝東路四段101巷31號",
    "電話":"02-2772-1528",
    "簡介":"韓國出生 目前居住在臺北的老闆娘 在東區開了間應有盡有的小小韓國雜貨店 。 讓大家不用去韓國 來店裡就可以彷彿置身在韓國ㄧ般的便利。2019 7月開始在店裡開始作起預約制韓式私廚料理 煮些家常味的韓式料理 讓喜歡韓式料理的朋友來東區就能吃到小老闆娘的料理。",
    "英文友善":"1",
    "日文友善":"0",
    "韓文友善":"1",
    "行動裝置充電":"0",
    "無障礙友善":"0",
    "性別友善":"1",
    "便利支付":"0",
    "素食":"0",
    "友善廁所":"0",
    "公平貿易友善":"0",
    "Free WiFi":"0",
    "自行車友善":"0",
    "哺集乳友善":"0",
    "穆斯林友善":"0",
    "月經友善":"0",
    "友善項目總計":3
    }
  },
  {
    "type": "Feature",
    "geometry": {
       "type": "Point",
       "coordinates":  [ 121.530196,25.028393 ]
    },
    "properties": {
    "行政區":"大安區",
    "友善店家名稱":"宜德和志",
    "地址":"臺北市大安區潮州街149號",
    "電話":"02-2394-9889",
    "簡介":"傳統手工老餅舖，在地深耕70年，有空來坐坐！",
    "英文友善":"1",
    "日文友善":"1",
    "韓文友善":"0",
    "行動裝置充電":"0",
    "無障礙友善":"0",
    "性別友善":"1",
    "便利支付":"0",
    "素食":"0",
    "友善廁所":"0",
    "公平貿易友善":"0",
    "Free WiFi":"0",
    "自行車友善":"0",
    "哺集乳友善":"0",
    "穆斯林友善":"0",
    "月經友善":"0",
    "友善項目總計":3
    }
  },
  {
    "type": "Feature",
    "geometry": {
       "type": "Point",
       "coordinates":  [ 121.544883,25.041902 ]
    },
    "properties": {
    "行政區":"大安區",
    "友善店家名稱":"遠東SOGO百貨-忠孝館",
    "地址":"臺北市大安區忠孝東路四段45號(光武里)",
    "電話":"企劃課\n0960-602-532\n邱先生",
    "簡介":"遠東SOGO百貨目前在台灣共有8個據點，其中以臺北忠孝館歷史最為悠久；自1987年成立迄今，屹立忠孝商圈30餘年，一直都是最受消費者信賴的百貨品牌，提供民眾日常食、衣、住、行、育、樂之各項商品所需與精緻服務，引領時尚大世代。遠東SOGO百貨以「做社會最好的企業、做對社會最好的企業」為目標，力行企業永續，打造「購者安心」的百貨，嚴格把關商品品質與餐飲衛生，成為百貨業界典範；並全面拒用美耐皿餐具，守護顧客健康之餘，也減少對環境的傷害，與地球共好，創造幸福永續的百貨公司。",
    "英文友善":"1",
    "日文友善":"1",
    "韓文友善":"0",
    "行動裝置充電":"1",
    "無障礙友善":"1",
    "性別友善":"1",
    "便利支付":"1",
    "素食":"1",
    "友善廁所":"1",
    "公平貿易友善":"0",
    "Free WiFi":"1",
    "自行車友善":"1",
    "哺集乳友善":"1",
    "穆斯林友善":"0",
    "月經友善":"1",
    "友善項目總計":12
    }
  },
  {
    "type": "Feature",
    "geometry": {
       "type": "Point",
       "coordinates":  [ 121.543057,25.041212 ]
    },
    "properties": {
    "行政區":"大安區",
    "友善店家名稱":"遠東SOGO百貨-復興館",
    "地址":"臺北市大安區忠孝東路三段300號(義村里)",
    "電話":"企劃課\n0960-602-532\n邱先生",
    "簡介":"遠東SOGO臺北復興館為全台第一家捷運共構的百貨公司，館內國際精品與潮牌林立，同步接軌國際時尚。2006年開幕以來，以最受消費者信賴的百貨品牌，屹立忠孝復興商圈，提供民眾日常食、衣、住、行、育、樂之各項商品所需與精緻服務，引領時尚大世代。遠東SOGO百貨以「做社會最好的企業、做對社會最好的企業」為目標，力行企業永續，打造「購者安心」的百貨，嚴格把關商品品質與餐飲衛生，成為百貨業界典範；並全面拒用美耐皿餐具，守護顧客健康之餘，也減少對環境的傷害，與地球共好，創造幸福永續的百貨公司。",
    "英文友善":"1",
    "日文友善":"1",
    "韓文友善":"0",
    "行動裝置充電":"1",
    "無障礙友善":"1",
    "性別友善":"1",
    "便利支付":"1",
    "素食":"1",
    "友善廁所":"1",
    "公平貿易友善":"0",
    "Free WiFi":"1",
    "自行車友善":"1",
    "哺集乳友善":"1",
    "穆斯林友善":"0",
    "月經友善":"1",
    "友善項目總計":12
    }
  },
  {
    "type": "Feature",
    "geometry": {
       "type": "Point",
       "coordinates":  [ 121.548441,25.040146 ]
    },
    "properties": {
    "行政區":"大安區",
    "友善店家名稱":"遠東SOGO百貨-敦化館",
    "地址":"臺北市大安區敦化南路一段246號(仁愛里)",
    "電話":"企劃課\n0960-602-532\n邱先生",
    "簡介":"素有「東區珠寶盒」之稱的遠東SOGO臺北敦化館；為全台第一家精品百貨，在臺北繁華東區，陪伴了大家走過20多年的風華歲月，全館以「精品生活」為主軸，引進國際精品、餐飲、家飾、紓壓SPA、頂級保養、設計師品牌等時尚精品生活品牌。遠東SOGO百貨以「做社會最好的企業、做對社會最好的企業」為目標，力行企業永續，打造「購者安心」的百貨，嚴格把關商品品質與餐飲衛生，成為百貨業界典範；並全面拒用美耐皿餐具，守護顧客健康之餘，也減少對環境的傷害，與地球共好，創造幸福永續的百貨公司。",
    "英文友善":"1",
    "日文友善":"1",
    "韓文友善":"0",
    "行動裝置充電":"1",
    "無障礙友善":"1",
    "性別友善":"1",
    "便利支付":"1",
    "素食":"1",
    "友善廁所":"1",
    "公平貿易友善":"0",
    "Free WiFi":"1",
    "自行車友善":"1",
    "哺集乳友善":"1",
    "穆斯林友善":"0",
    "月經友善":"1",
    "友善項目總計":12
    }
  },
  {
    "type": "Feature",
    "geometry": {
       "type": "Point",
       "coordinates":  [ 121.556382,25.033304 ]
    },
    "properties": {
    "行政區":"大安區",
    "友善店家名稱":"共煮生活實驗室",
    "地址":"臺北市大安區信義路四段337號7樓",
    "電話":"02-2709-5529/陳先生0922133682",
    "簡介":"共煮生活實驗室，以大家一起動手料理、分享菜餚為起點，邀請大家一同進入這間隱藏在都市中的廚房，本著共享的精神，探索出更新穎且永續的生活方式。在實驗廚房中，什麼都可有能發生!",
    "英文友善":"1",
    "日文友善":"0",
    "韓文友善":"0",
    "行動裝置充電":"1",
    "無障礙友善":"0",
    "性別友善":"1",
    "便利支付":"1",
    "素食":"1",
    "友善廁所":"1",
    "公平貿易友善":"0",
    "Free WiFi":"1",
    "自行車友善":"0",
    "哺集乳友善":"0",
    "穆斯林友善":"0",
    "月經友善":"1",
    "友善項目總計":8
    }
  },
  {
    "type": "Feature",
    "geometry": {
       "type": "Point",
       "coordinates":  [ 121.534544,25.025355 ]
    },
    "properties": {
    "行政區":"大安區",
    "友善店家名稱":"跳舞山羊精品咖啡館",
    "地址":"臺北市大安區新生南路三段6-1號",
    "電話":"02-2369-5899",
    "簡介":"不只「喝」咖啡，還要「品」咖啡\n精品咖啡，讓人可以品嚐到更多咖啡不同的層次，似茶非茶，這是接近咖啡果實本身純粹的風味。跳舞山羊為了還原咖啡最原始的味道，提供不只是一杯咖啡，而是健康/天然/簡單的精品咖啡，讓快步調的生活放緩腳步，享受工作與生活的美好。",
    "英文友善":"1",
    "日文友善":"0",
    "韓文友善":"0",
    "行動裝置充電":"1",
    "無障礙友善":"0",
    "性別友善":"1",
    "便利支付":"0",
    "素食":"1",
    "友善廁所":"0",
    "公平貿易友善":"0",
    "Free WiFi":"1",
    "自行車友善":"0",
    "哺集乳友善":"0",
    "穆斯林友善":"1",
    "月經友善":"0",
    "友善項目總計":6
    }
  },
  {
    "type": "Feature",
    "geometry": {
       "type": "Point",
       "coordinates":  [ 121.518077,25.032606 ]
    },
    "properties": {
    "行政區":"中正區",
    "友善店家名稱":"老大生香燭金紙春聯紅包燈籠",
    "地址":"臺北市羅斯福路一段8號72號攤",
    "電話":"0905-564-430/0908958569",
    "簡介":"各式金銀錫箔、各式香(香粉、香環、卧香、立香、香塔)，各式蠟燭(貢燭、竹心蠟燭、造型蠟燭、容器蠟燭、酥油燈燭、燭台)，各式金銀紙、手工正錫箔紙錢，各式元寶金條，各式蓮花(紙)，54張成品壽生、往生紙蓮花，各種紙紮物品、金桶、香爐、檀香粉、點火器、火柴、紅綿線、打火機、敬杯、酒壺。 位於南門中繼市場1樓， 香燭金紙祭祀禮品百貨零售",
    "英文友善":"1",
    "日文友善":"1",
    "韓文友善":"0",
    "行動裝置充電":"0",
    "無障礙友善":"1",
    "性別友善":"1",
    "便利支付":"1",
    "素食":"0",
    "友善廁所":"1",
    "公平貿易友善":"0",
    "Free WiFi":"1",
    "自行車友善":"1",
    "哺集乳友善":"1",
    "穆斯林友善":"0",
    "月經友善":"0",
    "友善項目總計":9
    }
  },
  {
    "type": "Feature",
    "geometry": {
       "type": "Point",
       "coordinates":  [ 121.529458,25.031915 ]
    },
    "properties": {
    "行政區":"大安區",
    "友善店家名稱":"沁園茶莊",
    "地址":"臺北市大安區永康街10-1號1樓(永康里)",
    "電話":"02-23218975",
    "簡介":"因爲對茶的喜愛，堅持傳統製茶工法，提供高品質的茶葉，並致力於茶文化的傳承。主要商品爲台灣茶及茶具。",
    "英文友善":"1",
    "日文友善":"1",
    "韓文友善":"0",
    "行動裝置充電":"0",
    "無障礙友善":"0",
    "性別友善":"1",
    "便利支付":"1",
    "素食":"0",
    "友善廁所":"1",
    "公平貿易友善":"0",
    "Free WiFi":"1",
    "自行車友善":"0",
    "哺集乳友善":"0",
    "穆斯林友善":"0",
    "月經友善":"0",
    "友善項目總計":6
    }
  },
  {
    "type": "Feature",
    "geometry": {
       "type": "Point",
       "coordinates":  [ 121.551193,25.03497 ]
    },
    "properties": {
    "行政區":"大安區",
    "友善店家名稱":"色瞇瞇海報龍",
    "地址":"臺北市大安區安和路一段78巷16號",
    "電話":"02-2755-2008",
    "簡介":"成立於1996年，是全國唯一的全方位海報專賣店, 也是國內最大的海報店。物美價廉, 公開標價, 老少無欺。服務項目包括：\n● 真跡名畫與裝飾畫 - 代售名家收藏書畫與現代藝術創作\n● 複製畫 - 歐美進口，與高貴畫廊同步，相同來源。不用講價，一律按牌價6折，比設計師到一般畫廊還要便宜，超划算。可以現場或網路代客訂畫。網路經銷各種授權複製畫。\n● 海報 - 歐美進口的各種海報，種類齊全，電影海報、藝術海報、流行海報、教學海報、運動海報、嬰兒海報、以及各式海報(動植物、音樂、舞蹈、人文、地理、自然、科學、車船飛機、影視歌星、名人、食物、)、收藏品...\n● 影視相關收藏品 - 海報、劇照、明信片、鑰匙圈、小胸章...\n● 專業配框裱框 - 鏡框、畫框、木框、鋁框、相框、證照框，框條款式超過800種。\n● 明鏡 - 超過800種框樣任選。訂製鏡子，比百貨公司的便宜，比大賣場的漂亮！\n● 印刷 - 海報、彩色名片、傳單、型錄、卡片、明信片、喜帖、貼紙、手提袋、信封信紙、聯單、貴賓卡、胸章、徽章、廣告面紙、廣告尺、墊板、扇子、資料夾、軟性磁鐵、筷套、人字拖鞋、...等各種個性商品，少量或大量皆歡迎。\n● 大圖輸出及相關配件展架 - 材質與款式眾多，又快又好\n● 專業平面設計、電腦完稿",
    "英文友善":"1",
    "日文友善":"0",
    "韓文友善":"0",
    "行動裝置充電":"1",
    "無障礙友善":"0",
    "性別友善":"1",
    "便利支付":"0",
    "素食":"0",
    "友善廁所":"0",
    "公平貿易友善":"0",
    "Free WiFi":"1",
    "自行車友善":"1",
    "哺集乳友善":"0",
    "穆斯林友善":"0",
    "月經友善":"0",
    "友善項目總計":5
    }
  },
  {
    "type": "Feature",
    "geometry": {
       "type": "Point",
       "coordinates":  [ 121.529456,25.032585 ]
    },
    "properties": {
    "行政區":"大安區",
    "友善店家名稱":"陶作坊\n臺北永康形象概念店",
    "地址":"臺北市大安區永康街6巷8號",
    "電話":"02-2395-7910\n02-8648-6106分機8102\n(總公司)",
    "簡介":"陶作坊，1983年成立於臺灣，致力於成為華人地區知名茶器具創作品牌。\n2004年獲選文化創意知名品牌；2010年受邀上海世博會台灣館茶藝展演；也曾店家介紹敘述榮獲第24屆國家磐石獎肯定,為首獲此獎之文創工藝企業。\n從第一把小壶開始，經過不斷的精進與試驗，創造無數經典作品。以原料材質可區分為三大類別：傳統溫潤的陶、瓷質清雅的懷汝、天然岩礦調配的老岩泥，外觀功能各具特色，滿足各種茶席情境與需求。 \n運用三十多載的經驗與技法，陶作坊提出「以器引茶，合器生好茶」的概念，提倡使用不同材質、導熱性的器具，對應不同茶品，再搭配「品茗五要訣：茶量、器具、溫度、時間、水質」讓泡茶也能按照SOP流程，簡單泡出美好茶滋味。 \n除了器具，陶作坊還有多款嚴選台灣茶品，擁有473 項茶葉 SGS 檢驗報告，並投保3370萬產品責任險，讓消費者喝的安心又安全。 \n陶作坊強調「以藝術的情懷，專業的素養，實用的考量，創造每一件作品，整合研發、設計、生產、銷售通路於一體，期許傳遞中華茶文化之美，向國際推廣嶄新的東方茶品茗體驗。",
    "英文友善":"0",
    "日文友善":"0",
    "韓文友善":"0",
    "行動裝置充電":"1",
    "無障礙友善":"0",
    "性別友善":"0",
    "便利支付":"0",
    "素食":"0",
    "友善廁所":"0",
    "公平貿易友善":"0",
    "Free WiFi":"1",
    "自行車友善":"0",
    "哺集乳友善":"0",
    "穆斯林友善":"0",
    "月經友善":"0",
    "友善項目總計":2
    }
  },
  {
    "type": "Feature",
    "geometry": {
       "type": "Point",
       "coordinates":  [ 121.528766,25.024709 ]
    },
    "properties": {
    "行政區":"大安區",
    "友善店家名稱":"銅樂時尚鍋物",
    "地址":"臺北市大安區師大路39巷1號 (師大夜市)",
    "電話":"02-2368-0687",
    "簡介":"《品味生活 精緻同樂 》 \n百元鍋物精緻享受，本店販售個人小火鍋，內用歡樂吧白飯、爆米花、各式冷熱飲、冰淇淋、霜淇淋無限供應，共鍋低消單點100元，鍋底口味多樣化，自助吧更是吸引附近學區學生喜愛。",
    "英文友善":"1",
    "日文友善":"0",
    "韓文友善":"0",
    "行動裝置充電":"0",
    "無障礙友善":"1",
    "性別友善":"1",
    "便利支付":"0",
    "素食":"1",
    "友善廁所":"0",
    "公平貿易友善":"0",
    "Free WiFi":"1",
    "自行車友善":"0",
    "哺集乳友善":"0",
    "穆斯林友善":"0",
    "月經友善":"0",
    "友善項目總計":5
    }
  },
  {
    "type": "Feature",
    "geometry": {
       "type": "Point",
       "coordinates":  [ 121.528766,25.024709 ]
    },
    "properties": {
    "行政區":"大安區",
    "友善店家名稱":"阿諾可麗餅",
    "地址":"臺北市大安區師大路39巷1號 (師大夜市)",
    "電話":"02-2369-5151/'0932-020-579",
    "簡介":"阿諾可麗餅&菓子手作坊\n手工餅乾純手工製作，等您來細細品味，吃出那幸福的味道喔！\n\n阿諾可麗餅&菓子手作坊\n手工餅乾純手工製作，手工餅乾皆有送SGS檢驗，以堅持原料安全、健康和口味創新的訴求，從單一口味甜點的研發，到目前口味己有數種，食品安全不是問題，等您來細細品味，吃出那幸福的味道喔！",
    "英文友善":"1",
    "日文友善":"0",
    "韓文友善":"0",
    "行動裝置充電":"0",
    "無障礙友善":"1",
    "性別友善":"1",
    "便利支付":"1",
    "素食":"1",
    "友善廁所":"0",
    "公平貿易友善":"0",
    "Free WiFi":"1",
    "自行車友善":"0",
    "哺集乳友善":"0",
    "穆斯林友善":"0",
    "月經友善":"0",
    "友善項目總計":6
    }
  },
  {
    "type": "Feature",
    "geometry": {
       "type": "Point",
       "coordinates":  [ 121.529459,25.024515 ]
    },
    "properties": {
    "行政區":"大安區",
    "友善店家名稱":"Rainbow彩虹全球3C - 師大店",
    "地址":"臺北市大安區龍泉街23號",
    "電話":"02-2369-0003/0919-335-190(張先生)",
    "簡介":"Rainbow彩虹全球行銷成立於2015年，主要經營項目，3C手機周邊配件，手機維修，禮贈品，客製化商品，外銷，加盟，零售。",
    "英文友善":"0",
    "日文友善":"0",
    "韓文友善":"0",
    "行動裝置充電":"1",
    "無障礙友善":"1",
    "性別友善":"1",
    "便利支付":"1",
    "素食":"0",
    "友善廁所":"0",
    "公平貿易友善":"0",
    "Free WiFi":"0",
    "自行車友善":"0",
    "哺集乳友善":"0",
    "穆斯林友善":"0",
    "月經友善":"0",
    "友善項目總計":4
    }
  },
  {
    "type": "Feature",
    "geometry": {
       "type": "Point",
       "coordinates":  [ 121.529388,25.024408 ]
    },
    "properties": {
    "行政區":"大安區",
    "友善店家名稱":"古早茶坊",
    "地址":"臺北市大安區龍泉街40號",
    "電話":"02-2363-3362/0937-830-861",
    "簡介":"傳承老祖宗的智慧，賦予歷久彌新的內涵\n真正的古早味 濃濃的人情味\n唯一保有早期都市街廓的磚造平房\n二十五年來戮力遵造古法全心在保有植物的自然風味\n關照消費者當下的需要，以天然茶飲調和身心\n凡喝過的幾乎都說好。不信？試過就知道！\n產品多元清涼退火養身",
    "英文友善":"0",
    "日文友善":"0",
    "韓文友善":"0",
    "行動裝置充電":"0",
    "無障礙友善":"0",
    "性別友善":"0",
    "便利支付":"0",
    "素食":"1",
    "友善廁所":"0",
    "公平貿易友善":"0",
    "Free WiFi":"0",
    "自行車友善":"0",
    "哺集乳友善":"0",
    "穆斯林友善":"0",
    "月經友善":"0",
    "友善項目總計":1
    }
  },
  {
    "type": "Feature",
    "geometry": {
       "type": "Point",
       "coordinates":  [ 121.528068,25.021495 ]
    },
    "properties": {
    "行政區":"大安區",
    "友善店家名稱":"大狗麵線 (師大店)",
    "地址":"臺北市大安區師大路137號",
    "電話":"02-2368-0341店面\n02-23628013辦公室\n0932-036-477洪先生(督導)\n0903-360-093\n",
    "簡介":"產品\n@大腸麵線 @肉圓 @甜不辣 @豬血糕",
    "英文友善":"0",
    "日文友善":"0",
    "韓文友善":"0",
    "行動裝置充電":"0",
    "無障礙友善":"0",
    "性別友善":"1",
    "便利支付":"0",
    "素食":"0",
    "友善廁所":"0",
    "公平貿易友善":"0",
    "Free WiFi":"0",
    "自行車友善":"0",
    "哺集乳友善":"0",
    "穆斯林友善":"0",
    "月經友善":"0",
    "友善項目總計":1
    }
  },
  {
    "type": "Feature",
    "geometry": {
       "type": "Point",
       "coordinates":  [ 121.53071,25.028808 ]
    },
    "properties": {
    "行政區":"大安區",
    "友善店家名稱":"登陸土星土耳其咖啡",
    "地址":"臺北市大安區永康街75巷14-2號(龍安里)",
    "電話":"02-2395-5158",
    "簡介":"［品牌介紹］\n\nSaturn LandingTurkish Coffee 登陸土星土耳其咖啡座落於大安區永康街80年代老宅，販售土耳其咖啡與自家烘焙土耳其甜點。\n\n我們立志增添東亞咖啡文化多樣性，前往土耳其深度考察，呈現以古法敲製土耳其厚銅壺 Cezve 萃煮道地傳統土耳其咖啡、水果炸彈般酸香厚實的精品土耳其咖啡，以及果香飽滿的壺萃過濾咖啡，呈現壺萃咖啡文藝復興。\n\n有了土耳其咖啡一定要搭配土耳其甜點呀！我們研發適合亞洲品飲美學的土耳其甜鹹點，包含招牌甜點果仁酥baklava、薄果仁酥katmer 、金絲蜜酥kadayıf 、庫內費künefe 、牛肉千層捲börek 等等。\n\n店內亦提供土耳其紅茶çay 、蘭莖肉桂奶salep 、鹹酸奶ayran 等土耳其特色飲品，\n\n品牌亦舉辦土耳其壺萃咖啡課程、實驗性藝術活動、音樂表演、以及文化旅遊講座。\n\nhttps://www.facebook.com/saturnlandingturkishcoffee/\nhttps://www.facebook.com/saturnlandingyongkang/\n\n#臺北美食 #臺北甜點 #永康街美食 #永康街咖啡 #永康街咖啡 #土耳其咖啡 #精品土耳其咖啡 #大安區咖啡#大安區美食 #大安區甜點",
    "英文友善":"1",
    "日文友善":"0",
    "韓文友善":"0",
    "行動裝置充電":"1",
    "無障礙友善":"0",
    "性別友善":"1",
    "便利支付":"1",
    "素食":"1",
    "友善廁所":"1",
    "公平貿易友善":"0",
    "Free WiFi":"1",
    "自行車友善":"0",
    "哺集乳友善":"0",
    "穆斯林友善":"1",
    "月經友善":"0",
    "友善項目總計":8
    }
  },
  {
    "type": "Feature",
    "geometry": {
       "type": "Point",
       "coordinates":  [ 121.52991,25.033035 ]
    },
    "properties": {
    "行政區":"大安區",
    "友善店家名稱":"小茶栽堂 - 永康旗艦店",
    "地址":"臺北市大安區永康街7-1號",
    "電話":"02-3393-2198/\n02-2882-1826#1801廖小姐/02-2882-1826#1804張小姐",
    "簡介":"本著「將台灣的美好介紹給世界」的初衷，小茶裁堂於2006年創立於臺北，堅持100%台灣產自然栽培茶，無農藥、無化肥的純淨好茶，甫榮獲2020「世界品質評鑑大賞」金獎肯定，搭配獲獎無數的設計實力，打造由裡而外的經典品味。\n「以茶為圓心，烘焙為半徑，畫生活為圓，品味幸福的圓滿。」\n以茶入味，是我們茶食的特色，堅持自然原味無添加，結合西式甜點與純正台灣茶葉，在市場上以中高價、客製化的精品禮盒榮獲客户肯定。\n深耕永康商圈已久，在臨近東門捷運出口的位置，成立旗艦店，致力為大眾提供最精緻的品茶體驗。",
    "英文友善":"1",
    "日文友善":"1",
    "韓文友善":"0",
    "行動裝置充電":"0",
    "無障礙友善":"0",
    "性別友善":"0",
    "便利支付":"1",
    "素食":"0",
    "友善廁所":"0",
    "公平貿易友善":"0",
    "Free WiFi":"0",
    "自行車友善":"0",
    "哺集乳友善":"0",
    "穆斯林友善":"0",
    "月經友善":"0",
    "友善項目總計":3
    }
  },
  {
    "type": "Feature",
    "geometry": {
       "type": "Point",
       "coordinates":  [ 121.541702,25.025365 ]
    },
    "properties": {
    "行政區":"大安區",
    "友善店家名稱":"Loving Hut 愛家國際餐飲 臺北和平店",
    "地址":"臺北市大安區和平東路二段175巷7號",
    "電話":"02-2777-2711",
    "簡介":"Loving Hut 愛家國際連鎖餐飲-臺北光復店是一間有特色的素食店，提供全植物性餐點，兼顧健康及美味，用餐環境溫馨舒適，靠近國父紀念館捷運站，交通便利。",
    "英文友善":"1",
    "日文友善":"0",
    "韓文友善":"0",
    "行動裝置充電":"0",
    "無障礙友善":"0",
    "性別友善":"1",
    "便利支付":"0",
    "素食":"1",
    "友善廁所":"0",
    "公平貿易友善":"0",
    "Free WiFi":"1",
    "自行車友善":"0",
    "哺集乳友善":"0",
    "穆斯林友善":"1",
    "月經友善":"0",
    "友善項目總計":5
    }
  },
  {
    "type": "Feature",
    "geometry": {
       "type": "Point",
       "coordinates":  [ 121.543614,25.044411 ]
    },
    "properties": {
    "行政區":"大安區",
    "友善店家名稱":"同心圓水晶紅豆餅",
    "地址":"臺北市大安區復興南路一段66號",
    "電話":"02-2775-4706",
    "簡介":"飄香臺北東區20年，創立於1999年，老闆為了感恩妻子與他共度人生谷底，給予他創業上的鼓勵，特別將店名取為「同心圓」，象徵夫妻同心，圓滿如意之意。同心圓製餅秉持百分百純鮮奶製作，不加一滴水，保留最經典好吃的天然美味。",
    "英文友善":"1",
    "日文友善":"1",
    "韓文友善":"1",
    "行動裝置充電":"0",
    "無障礙友善":"0",
    "性別友善":"1",
    "便利支付":"1",
    "素食":"1",
    "友善廁所":"0",
    "公平貿易友善":"0",
    "Free WiFi":"0",
    "自行車友善":"1",
    "哺集乳友善":"0",
    "穆斯林友善":"0",
    "月經友善":"0",
    "友善項目總計":7
    }
  },
  {
    "type": "Feature",
    "geometry": {
       "type": "Point",
       "coordinates":  [ 121.551728,25.034013 ]
    },
    "properties": {
    "行政區":"大安區",
    "友善店家名稱":"\nQ sweet 巧克力菁點",
    "地址":"臺北市大安區信義路四段199巷7號",
    "電話":"02-2700-8088/0935-556-735",
    "簡介":"2020世界巧克力大賽金牌得主，職人精神的巧克力主題甜點店。\n2019為台灣首度在國際比賽全球總決賽，拿下「全球最佳白巧克力霸」獎項。 創辦人-主廚葵妮，因對巧克力的狂愛，專程到歐洲比利時的巧克力學院研習，親訪歐洲專業規模的可可豆研磨廠，並花兩年時間精選高品質的巧克力原料，從蛋糕、餅乾、飲品到各式手工巧克力，皆訴求單一產區可可豆與稀有可可豆品種。",
    "英文友善":"1",
    "日文友善":"0",
    "韓文友善":"0",
    "行動裝置充電":"1",
    "無障礙友善":"0",
    "性別友善":"1",
    "便利支付":"1",
    "素食":"1",
    "友善廁所":"0",
    "公平貿易友善":"0",
    "Free WiFi":"1",
    "自行車友善":"1",
    "哺集乳友善":"0",
    "穆斯林友善":"0",
    "月經友善":"0",
    "友善項目總計":7
    }
  },
  {
    "type": "Feature",
    "geometry": {
       "type": "Point",
       "coordinates":  [ 121.539368,25.041453 ]
    },
    "properties": {
    "行政區":"大安區",
    "友善店家名稱":"泉發蜂蜜 - 忠孝店",
    "地址":"臺北市大安區忠孝東路三段196號",
    "電話":"02-2711-6797\n02-2585-0399（總店民族店） ",
    "簡介":"泉發蜂蜜行創立於西元1919年自日治時期即於今臺北縣蘆洲地區始從事養蜂業並生產、製造、批發零售、內外銷各式蜜蜂產品，是台灣少數自產自製自銷的蜂蜜家族今已傳承數代，品質有百年光陰作為保證，現共有9家分店及百貨專櫃。\n\n堅持「自然、健康、無糖」的信念，除了各式蜂蜜產品，還有蜂蜜、蜂王乳製成的保養品以及外帶的飲料吧台。飲料吧台的最大特色，就是使用100%純蜂蜜來代替糖。此外，所有的果汁也選用新鮮的水果美味鮮榨，更有蜂王乳活力養顏飲、花粉養顏健康飲等健康飲品，喝了健康無負擔。",
    "英文友善":"1",
    "日文友善":"1",
    "韓文友善":"0",
    "行動裝置充電":"0",
    "無障礙友善":"0",
    "性別友善":"0",
    "便利支付":"1",
    "素食":"1",
    "友善廁所":"0",
    "公平貿易友善":"0",
    "Free WiFi":"0",
    "自行車友善":"0",
    "哺集乳友善":"0",
    "穆斯林友善":"0",
    "月經友善":"0",
    "友善項目總計":4
    }
  },
  {
    "type": "Feature",
    "geometry": {
       "type": "Point",
       "coordinates":  [ 121.556881,25.038609 ]
    },
    "properties": {
    "行政區":"大安區",
    "友善店家名稱":"Beautique美妝",
    "地址":"臺北市大安區光復南路326號1樓\n搬店地址：臺北市大安區瑞安街262號1樓",
    "電話":"02-6636-5682",
    "簡介":"美麗與精品概念的結合，在歐美極已流行多年，卻第一次在台灣出現。Beautique美妝(光復店)提供最齊全的醫美保養品項與最細緻的個人化服務，並定期提供限額的免費保養講座。歡迎原本就對自身美麗有信心的妳，來店享受不同的美妝體驗。",
    "英文友善":"0",
    "日文友善":"0",
    "韓文友善":"0",
    "行動裝置充電":"0",
    "無障礙友善":"0",
    "性別友善":"0",
    "便利支付":"1",
    "素食":"0",
    "友善廁所":"0",
    "公平貿易友善":"0",
    "Free WiFi":"1",
    "自行車友善":"0",
    "哺集乳友善":"0",
    "穆斯林友善":"0",
    "月經友善":"0",
    "友善項目總計":2
    }
  },
  {
    "type": "Feature",
    "geometry": {
       "type": "Point",
       "coordinates":  [ 121.550546,25.034396 ]
    },
    "properties": {
    "行政區":"大安區",
    "友善店家名稱":"Quelques Pâtisseries 某某｡甜點",
    "地址":"臺北市大安區安和路一段102巷23號\n搬店地址：臺北市大安區仁愛路四段345巷4弄7號",
    "電話":"02-2711-1102",
    "簡介":"以重現在法國體驗法式甜點的美好經驗為初衷，修業回台後致力於創作代表自我風格的甜點，主廚Lai用精細的手藝，將法式甜點融入台灣在地食材，擅長搭配獨具風格的台灣茶，當季水果，將東方元素融入法式甜點工藝，碰撞出味覺的新滋味，傳遞個人法式風格美學。",
    "英文友善":"1",
    "日文友善":"0",
    "韓文友善":"0",
    "行動裝置充電":"0",
    "無障礙友善":"0",
    "性別友善":"1",
    "便利支付":"0",
    "素食":"0",
    "友善廁所":"0",
    "公平貿易友善":"0",
    "Free WiFi":"1",
    "自行車友善":"0",
    "哺集乳友善":"0",
    "穆斯林友善":"0",
    "月經友善":"0",
    "友善項目總計":3
    }
  },
  {
    "type": "Feature",
    "geometry": {
       "type": "Point",
       "coordinates":  [ 121.532729,25.017517 ]
    },
    "properties": {
    "行政區":"大安區",
    "友善店家名稱":"唐山書店",
    "地址":"臺北市大安區羅斯福路三段333巷9號B1",
    "電話":"02-2363-3072",
    "簡介":"唐山出版社為社長陳隆昊先生創立於1982年，成立宗旨在出版發行左派、非主流、為弱勢發聲維權的書刊，至今即將邁入40年。1984年，延續出版社的方向與精神，成立了唐山書店。多年下來，以人文社會科學專業書店的風格，成為島內進步的象徵，思想前衛的學生必訪之處。\n\n唐山書店雖搬過三次家，但為節省租金一直都在地下室，因而唐山書店用一個很貼切的「店標」來說明自己──「在地下室幽暗的微光中，為您張羅知識之海」",
    "英文友善":"0",
    "日文友善":"0",
    "韓文友善":"0",
    "行動裝置充電":"1",
    "無障礙友善":"0",
    "性別友善":"1",
    "便利支付":"1",
    "素食":"0",
    "友善廁所":"0",
    "公平貿易友善":"0",
    "Free WiFi":"1",
    "自行車友善":"0",
    "哺集乳友善":"0",
    "穆斯林友善":"0",
    "月經友善":"0",
    "友善項目總計":4
    }
  },
  {
    "type": "Feature",
    "geometry": {
       "type": "Point",
       "coordinates":  [ 121.557516,25.019459 ]
    },
    "properties": {
    "行政區":"大安區",
    "友善店家名稱":"古俬選品",
    "地址":"臺北市大安區和平東路三段352號",
    "電話":"02-2367-7215",
    "簡介":"位於大安區的複合式復古概念選品店，搜集日本昭和物，歐美選物，代理日本Future Funk 手錶，英國Meters 藍牙降噪耳機。OLD & NEW， FUN & COOL是我們的經營理念，復古中帶著時尚的生活美學，Apothecary的老藥房風格Style，一眼望去，新與舊物品雜陳，饒富生活趣味。我們希望重現美好年代的簡單生活，引進國外許多復古生活用品、復古概念禮品、雜貨、餐具等。\n\n獨家代理日本Future Funk 直立迴轉錶、英國GR琺瑯馬克杯、英國Ｍeters 發光VU表無線藍牙耳機。2021年開發以斯帖皇后飾品系列，以施華洛世奇水晶、日本伊勢志摩珍珠作為產品亮點，結合復古造型打造出『凡看見以斯帖的都喜悅她』這樣的飾品。",
    "英文友善":"1",
    "日文友善":"0",
    "韓文友善":"0",
    "行動裝置充電":"1",
    "無障礙友善":"0",
    "性別友善":"0",
    "便利支付":"1",
    "素食":"0",
    "友善廁所":"0",
    "公平貿易友善":"0",
    "Free WiFi":"1",
    "自行車友善":"1",
    "哺集乳友善":"0",
    "穆斯林友善":"0",
    "月經友善":"0",
    "友善項目總計":5
    }
  },
  {
    "type": "Feature",
    "geometry": {
       "type": "Point",
       "coordinates":  [ 121.545058,25.025364 ]
    },
    "properties": {
    "行政區":"大安區",
    "友善店家名稱":"羅胖子熗鍋麵",
    "地址":"臺北市大安區和平東路二段311巷20之3號\n(群賢里)",
    "電話":"02-2705-8381",
    "簡介":"本店是一家販售多種麵類和飯類的平價中式料理，食材新鮮，價格親民，歡迎各方朋友蒞臨！",
    "英文友善":"0",
    "日文友善":"0",
    "韓文友善":"0",
    "行動裝置充電":"0",
    "無障礙友善":"0",
    "性別友善":"1",
    "便利支付":"1",
    "素食":"0",
    "友善廁所":"1",
    "公平貿易友善":"0",
    "Free WiFi":"0",
    "自行車友善":"0",
    "哺集乳友善":"0",
    "穆斯林友善":"0",
    "月經友善":"0",
    "友善項目總計":3
    }
  },
  {
    "type": "Feature",
    "geometry": {
       "type": "Point",
       "coordinates":  [ 121.545373,25.041374 ]
    },
    "properties": {
    "行政區":"大安區",
    "友善店家名稱":"媽咪里啦",
    "地址":"臺北市大安區忠孝東路四段60-2號",
    "電話":"02-2751-7306",
    "簡介":"明亮廚房是泛著奶油甜香的故事之境，\n行列成隊的手工餅如小精靈，\n填滿了外婆和媽咪的金黃歲月。\n沒有機器制式製程的冷冰冰，\n她們篩粉揉麵的身影是媽咪里啦最美麗的風景。\n嚴選優質進口奶油與食材，再搭配各類配料素材，\n新鮮水果、核桃、雜糧、花茶葉…，匠心巧手。\n繁複工序造就數十款獨家風味，圓滿了各種場景。\n自用、伴手、慶生、喜餅，五星級指定下午茶點心…。\n從市場臨時攤起家打拼到專業化經營，一步一腳印，\n三代傳承不改初心，每一片都是溫馨叮嚀。\n會說話的餅乾添柴加火，祝福、加油、搞怪或傳情，\n裹滿厚厚心意一口咬下，所嚐即所想，美味又動聽。",
    "英文友善":"1",
    "日文友善":"0",
    "韓文友善":"0",
    "行動裝置充電":"0",
    "無障礙友善":"0",
    "性別友善":"1",
    "便利支付":"1",
    "素食":"1",
    "友善廁所":"0",
    "公平貿易友善":"0",
    "Free WiFi":"1",
    "自行車友善":"0",
    "哺集乳友善":"0",
    "穆斯林友善":"0",
    "月經友善":"0",
    "友善項目總計":5
    }
  },
  {
    "type": "Feature",
    "geometry": {
       "type": "Point",
       "coordinates":  [ 121.541792,25.028645 ]
    },
    "properties": {
    "行政區":"大安區",
    "友善店家名稱":"Dacelo café",
    "地址":"臺北市大安區復興南路二段148巷32弄2號",
    "電話":"02-2703-0326",
    "簡介":"Dacelo 以澳洲原生笑翠鳥的學名命名的咖啡店，笑翠鳥的叫聲有如人的笑聲一般，我們希望來用餐的客人，能像聽到笑翠鳥的聲音一樣，會發自內心的開心起來。\nDacelo 提供全日的歐陸早午餐、英式下午茶還有手工甜點，在我們打造有如置身澳洲秘密花園的氛圍裡，可以盡情的放鬆、享受美食，暫時忘記在都市中緊張與煩惱。",
    "英文友善":"1",
    "日文友善":"0",
    "韓文友善":"0",
    "行動裝置充電":"0",
    "無障礙友善":"0",
    "性別友善":"1",
    "便利支付":"0",
    "素食":"1",
    "友善廁所":"0",
    "公平貿易友善":"0",
    "Free WiFi":"0",
    "自行車友善":"0",
    "哺集乳友善":"0",
    "穆斯林友善":"0",
    "月經友善":"0",
    "友善項目總計":3
    }
  },
  {
    "type": "Feature",
    "geometry": {
       "type": "Point",
       "coordinates":  [ 121.540581,25.033214 ]
    },
    "properties": {
    "行政區":"大安區",
    "友善店家名稱":"小剪日常",
    "地址":"臺北市大安區信義路三段150-2號一樓",
    "電話":"0939-994-954",
    "簡介":"我們是一間髮廊\n友善的空間、親民的價格、親切的服務\n還有一位貓店長會不時地出來招呼客人\n提供性別友善、寵物友善、無障礙空間友善\n",
    "英文友善":"1",
    "日文友善":"1",
    "韓文友善":"0",
    "行動裝置充電":"1",
    "無障礙友善":"1",
    "性別友善":"1",
    "便利支付":"0",
    "素食":"0",
    "友善廁所":"0",
    "公平貿易友善":"0",
    "Free WiFi":"1",
    "自行車友善":"1",
    "哺集乳友善":"0",
    "穆斯林友善":"0",
    "月經友善":"0",
    "友善項目總計":7
    }
  },
  {
    "type": "Feature",
    "geometry": {
       "type": "Point",
       "coordinates":  [ 121.554402,25.040399 ]
    },
    "properties": {
    "行政區":"大安區",
    "友善店家名稱":"瑪丘墨式餅舖",
    "地址":"臺北市大安區延吉街126巷3號",
    "電話":"02-27314489/0963-215-896(直接找沈店長)/0936-041-601(李小姐)",
    "簡介":"",
    "英文友善":"1",
    "日文友善":"0",
    "韓文友善":"0",
    "行動裝置充電":"0",
    "無障礙友善":"0",
    "性別友善":"1",
    "便利支付":"0",
    "素食":"1",
    "友善廁所":"1",
    "公平貿易友善":"0",
    "Free WiFi":"0",
    "自行車友善":"0",
    "哺集乳友善":"0",
    "穆斯林友善":"0",
    "月經友善":"0",
    "友善項目總計":4
    }
  },
  {
    "type": "Feature",
    "geometry": {
       "type": "Point",
       "coordinates":  [ 121.534271,25.041891 ]
    },
    "properties": {
    "行政區":"大安區",
    "友善店家名稱":"和苑三井花園飯店 臺北忠孝",
    "地址":"臺北市大安區忠孝東路三段30號",
    "電話":"02-27811170/0909-696-595",
    "簡介":"成為「充滿回憶的飯店」。\n\n我們致力於在感性的顧客心中成為充滿回憶的飯店。\n顧客的滿意與好評是我們努力的目標。\n顧客的感謝是我們最大的動力。\n顧客的再次光臨是我們的驕傲。\n讓顧客有最高標準的滿意度是令我們最自豪和喜悅的事。",
    "英文友善":"1",
    "日文友善":"1",
    "韓文友善":"0",
    "行動裝置充電":"0",
    "無障礙友善":"0",
    "性別友善":"1",
    "便利支付":"0",
    "素食":"0",
    "友善廁所":"0",
    "公平貿易友善":"0",
    "Free WiFi":"1",
    "自行車友善":"0",
    "哺集乳友善":"0",
    "穆斯林友善":"0",
    "月經友善":"0",
    "友善項目總計":4
    }
  },
  {
    "type": "Feature",
    "geometry": {
       "type": "Point",
       "coordinates":  [ 121.543572,25.022202 ]
    },
    "properties": {
    "行政區":"大安區",
    "友善店家名稱":"大吉先生烘焙坊",
    "地址":"臺北市大安區復興南路二段381之1號",
    "電話":"02-27381761/0928-105-577(林先生)",
    "簡介":"大吉先生立志成為令人難以忘懷的好滋味，利用家中常備的材料，透過我們對食材的挑選以及精心調製的比例，\n就這麼一口，吃到大吉先生滿滿的誠意",
    "英文友善":"0",
    "日文友善":"0",
    "韓文友善":"0",
    "行動裝置充電":"0",
    "無障礙友善":"0",
    "性別友善":"1",
    "便利支付":"1",
    "素食":"0",
    "友善廁所":"0",
    "公平貿易友善":"0",
    "Free WiFi":"1",
    "自行車友善":"1",
    "哺集乳友善":"0",
    "穆斯林友善":"0",
    "月經友善":"0",
    "友善項目總計":4
    }
  },
  {
    "type": "Feature",
    "geometry": {
       "type": "Point",
       "coordinates":  [ 121.523071,25.026558 ]
    },
    "properties": {
    "行政區":"大安區",
    "友善店家名稱":"一書漫閱讀資訊館",
    "地址":"臺北市大安區羅斯福路2段75號2樓",
    "電話":"02-29291088/0952-821-608",
    "簡介":"e書漫 漫畫雜誌愛心空間\n\n提供工作給喜憨兒/設立一間獨立貓屋做小浪貓中途/共享工作室/雜誌, 漫畫, 報紙, 網路,正版DVD/睡眠咖啡廳/按摩椅/行動辦公室/餐飲/背包客/安靜互尊重的空間\n\n店內全場360度全景環境連結\n\nhttps://goo.gl/maps/xDmswCTwMdLBE3316\n\n為維持安靜及客人隱私 現場恕不開放參觀\n\n提供現今社會大眾一個清淨舒適【安靜】的空間，\n\n提供 漫畫 雜誌 報紙 文書電腦上網、wifi、DVD、VR設備、按摩椅、共享辦公室(列印 傳真 掃描 影印 電源插座)、美味現做餐飲料\n\n《e書漫》 開幕於1999.08\n\n2002.05.18因e書漫西門店創立故由漫畫王羅斯福店 改名為 ~ e書漫羅斯福店 ~(西門店後期因被新房東惡意收購去經營不善而收掉 )\n\n2018年小店長從原股東老闆那邊頂下本店後開始規劃改變店內未來經營方向\n\n2019雇用AI機器人帶位送餐並提供職缺給喜憨兒、心路、伊甸基金會。\n\n2020年設立書屋區促進紙本漫畫流通於民眾手上並跟動保會合作設立貓咪認養貓屋<喵寶閣> 支持以認養代替購買\n\n2021 正名為 《e書漫》漫畫雜誌愛心空間\n\n新增QQ跟零重力按摩椅/線上會員/掃碼LINE點餐、預約\n\n#《e書漫》漫畫雜誌愛心空間 為 獨立管理服務團隊,無企業及總店分店關係!!故臺北市其他類似店名的店家環境.消費方式.折扣活動.服務方式都不同。\n\n#附設淋浴設備讓上班族午休想沖個澡讓精神好一點\n\n業務族在外面流滿身汗後想沖澡清爽一點\n\n背包客到處逛流滿身汗也想沖個澡舒服一下\n\n提供按摩椅服務讓您隨時可放心享受按摩\n\n每個位置都提供插頭給自行攜帶筆記型電腦的您~\n\n讓商務族群可當辦公室~\n\n也是讓工作忙碌的你(妳)有個安靜休息充電的好去處喔 ",
    "英文友善":"1",
    "日文友善":"0",
    "韓文友善":"0",
    "行動裝置充電":"1",
    "無障礙友善":"1",
    "性別友善":"1",
    "便利支付":"1",
    "素食":"1",
    "友善廁所":"1",
    "公平貿易友善":"0",
    "Free WiFi":"1",
    "自行車友善":"1",
    "哺集乳友善":"0",
    "穆斯林友善":"0",
    "月經友善":"0",
    "友善項目總計":9
    }
  },
  {
    "type": "Feature",
    "geometry": {
       "type": "Point",
       "coordinates":  [ 121.529736,25.023961 ]
    },
    "properties": {
    "行政區":"大安區",
    "友善店家名稱":"雷諾瓦拼圖文化坊(師大店)",
    "地址":"臺北市大安區泰順街44巷27號",
    "電話":"02-2362-0859/0918-821-622",
    "簡介":"1990年一幅印象派大師雷諾瓦作品『葛樂蒂磨坊』，成為堆砌雷諾瓦拼圖文化坊的第一塊磚，以師大總店作為分享拼圖嗜好的起點，秉持著「拼圖，不只是拼圖」的初衷，期許透過拼圖帶給坊友多元豐富的藝術饗宴，堅持提供品質優良的拼圖與裱框服務，呈現極簡藝術的生活美學。透過拼圖的活動成為個人與家庭，在休閒生活與幸福相聚的重要時刻，拉近人與人之間的溫度與距離，透過拼圖，認識並豐富美好的每一刻。\n\n美好的藝術，從「心」出發─\n\n美好的事物都值得用心感受，有人在追求極致精細中獲得享受，有人在肆意玩樂中獲得藝術本身給人自由暢想的美好。透過拼圖，一塊放鬆、一塊分享、一塊挑戰，共享心藝術心生活。",
    "英文友善":"0",
    "日文友善":"0",
    "韓文友善":"0",
    "行動裝置充電":"0",
    "無障礙友善":"0",
    "性別友善":"0",
    "便利支付":"0",
    "素食":"0",
    "友善廁所":"0",
    "公平貿易友善":"0",
    "Free WiFi":"0",
    "自行車友善":"0",
    "哺集乳友善":"0",
    "穆斯林友善":"0",
    "月經友善":"1",
    "友善項目總計":1
    }
  },
  {
    "type": "Feature",
    "geometry": {
       "type": "Point",
       "coordinates":  [ 121.528778,25.024183 ]
    },
    "properties": {
    "行政區":"大安區",
    "友善店家名稱":"響咖啡",
    "地址":"臺北市大安區師大路49巷2號2樓",
    "電話":"02-23637000/0952-629-610",
    "簡介":"響ART提供畫材的專業知識與藝術分享",
    "英文友善":"0",
    "日文友善":"0",
    "韓文友善":"0",
    "行動裝置充電":"0",
    "無障礙友善":"0",
    "性別友善":"0",
    "便利支付":"0",
    "素食":"0",
    "友善廁所":"0",
    "公平貿易友善":"0",
    "Free WiFi":"1",
    "自行車友善":"0",
    "哺集乳友善":"0",
    "穆斯林友善":"0",
    "月經友善":"0",
    "友善項目總計":1
    }
  },
  {
    "type": "Feature",
    "geometry": {
       "type": "Point",
       "coordinates":  [ 121.529161,25.024336 ]
    },
    "properties": {
    "行政區":"大安區",
    "友善店家名稱":"騎士碁雞排專賣店\nChessChicken",
    "地址":"臺北市大安區師大路49巷10號",
    "電話":"02-23697885/0918-532-088",
    "簡介":"為什麼叫騎士碁 ？\n騎士除了騎士精神的體現 還有起司",
    "英文友善":"1",
    "日文友善":"0",
    "韓文友善":"0",
    "行動裝置充電":"0",
    "無障礙友善":"0",
    "性別友善":"1",
    "便利支付":"1",
    "素食":"0",
    "友善廁所":"0",
    "公平貿易友善":"0",
    "Free WiFi":"0",
    "自行車友善":"0",
    "哺集乳友善":"0",
    "穆斯林友善":"0",
    "月經友善":"0",
    "友善項目總計":3
    }
  },
  {
    "type": "Feature",
    "geometry": {
       "type": "Point",
       "coordinates":  [ 121.534662,25.034545 ]
    },
    "properties": {
    "行政區":"大安區",
    "友善店家名稱":"兔Dreams兔子餐廳",
    "地址":"臺北市大安區新生南路一段161巷10號1樓",
    "電話":"02-27030037/0975-800-908",
    "簡介":"希望能提供大家舒適的環境、美味的餐點、及認識流浪兔。餐點包含亞洲融合(fusion)食物，如黑糖麻糬鬆餅、韓式起司雞腿刈包、壽喜牛飯糰及莓果花生豬肉厚蛋三明治。乾淨寧靜的空間，還有療癒的兔店長的陪伴，給想工作及聊天的朋友們一個友善的環境。",
    "英文友善":"1",
    "日文友善":"0",
    "韓文友善":"0",
    "行動裝置充電":"1",
    "無障礙友善":"0",
    "性別友善":"1",
    "便利支付":"0",
    "素食":"1",
    "友善廁所":"0",
    "公平貿易友善":"0",
    "Free WiFi":"1",
    "自行車友善":"0",
    "哺集乳友善":"0",
    "穆斯林友善":"0",
    "月經友善":"0",
    "友善項目總計":5
    }
  },
  {
    "type": "Feature",
    "geometry": {
       "type": "Point",
       "coordinates":  [ 121.541861,25.028365 ]
    },
    "properties": {
    "行政區":"大安區",
    "友善店家名稱":"賈福廚房",
    "地址":"臺北市大安區復興南路二段148巷27號",
    "電話":"02-2704-3055/0980-112-751",
    "簡介":"我們這裡賣吃的喝的，進來找個位置，好好吃頓飯，坐著享受吧。\n寵物友善餐廳(座位不大 歡迎不介意的您)。\n攜帶寵物須自備禮貌帶落地需繫牽繩，謝謝合作",
    "英文友善":"0",
    "日文友善":"0",
    "韓文友善":"0",
    "行動裝置充電":"1",
    "無障礙友善":"0",
    "性別友善":"1",
    "便利支付":"0",
    "素食":"0",
    "友善廁所":"0",
    "公平貿易友善":"0",
    "Free WiFi":"1",
    "自行車友善":"0",
    "哺集乳友善":"0",
    "穆斯林友善":"0",
    "月經友善":"0",
    "友善項目總計":3
    }
  },
  {
    "type": "Feature",
    "geometry": {
       "type": "Point",
       "coordinates":  [ 121.545027,25.035326 ]
    },
    "properties": {
    "行政區":"大安區",
    "友善店家名稱":"極膳",
    "地址":"臺北市大安區復興南路一段295巷23號1樓",
    "電話":"02-2701-0101",
    "簡介":"帝王養生膠\n（ 龜鹿膠 +草本複方為主題食養餐廳。提供入場的貴賓家人溫補的好湯底）\n【極】極 天地草本精華\n【膳】膳 陰陽龜鹿調和\n上上等食材 讓您上鍋有聊 上桌有料",
    "英文友善":"0",
    "日文友善":"0",
    "韓文友善":"0",
    "行動裝置充電":"1",
    "無障礙友善":"0",
    "性別友善":"1",
    "便利支付":"0",
    "素食":"1",
    "友善廁所":"0",
    "公平貿易友善":"0",
    "Free WiFi":"1",
    "自行車友善":"0",
    "哺集乳友善":"0",
    "穆斯林友善":"0",
    "月經友善":"1",
    "友善項目總計":5
    }
  },
  {
    "type": "Feature",
    "geometry": {
       "type": "Point",
       "coordinates":  [ 121.529515,25.03289 ]
    },
    "properties": {
    "行政區":"大安區",
    "友善店家名稱":"Littdlework繡珍森活",
    "地址":"臺北市大安區永康街4巷12號",
    "電話":"0938-673-682",
    "簡介":"Littdlework由little things和needlework兩個元素結合，是一個以刺繡作發想的原創飾品及雜貨品牌。\n設計師是熱愛旅遊的香港女生，曾生活在背包客棧三年，以設計適合送禮又能隨身攜帶的文創小物為初衷，以刺繡圖像表示身邊不同的人事物，時刻連繫您與朋友之間的感情。",
    "英文友善":"1",
    "日文友善":"1",
    "韓文友善":"0",
    "行動裝置充電":"0",
    "無障礙友善":"0",
    "性別友善":"1",
    "便利支付":"1",
    "素食":"0",
    "友善廁所":"0",
    "公平貿易友善":"0",
    "Free WiFi":"0",
    "自行車友善":"0",
    "哺集乳友善":"0",
    "穆斯林友善":"0",
    "月經友善":"0",
    "友善項目總計":4
    }
  },
  {
    "type": "Feature",
    "geometry": {
       "type": "Point",
       "coordinates":  [ 121.530751,25.030282 ]
    },
    "properties": {
    "行政區":"大安區",
    "友善店家名稱":"布調 ",
    "地址":"臺北市大安區永康街47巷27號",
    "電話":"02-3393-7330/0917-779-930",
    "簡介":"兩位創辦人一位為彰藝園掌中劇團第三代傳人，1989年創立彰藝坊古典戲偶工作室，專精於戲偶的製作與創新；一位修習美術，走訪台灣鄉間一間間老布店，蒐羅一塊塊被單花布。2002年，偶相與花樣工作室成立，結合兩人專長，設計銷售台灣花布文創品及傳統布袋戲偶。\n\n品牌定位建議「台灣花布的生活偶遇」融合店內兩大特色元素─花布與戲偶，主力焦點聚焦台灣花布，以現代手法重新演繹傳統，將台灣人文融入生活日常。",
    "英文友善":"0",
    "日文友善":"0",
    "韓文友善":"0",
    "行動裝置充電":"0",
    "無障礙友善":"0",
    "性別友善":"0",
    "便利支付":"0",
    "素食":"0",
    "友善廁所":"0",
    "公平貿易友善":"0",
    "Free WiFi":"1",
    "自行車友善":"0",
    "哺集乳友善":"0",
    "穆斯林友善":"0",
    "月經友善":"0",
    "友善項目總計":1
    }
  },
  {
    "type": "Feature",
    "geometry": {
       "type": "Point",
       "coordinates":  [ 121.511866,25.050712 ]
    },
    "properties": {
    "行政區":"大同區",
    "友善店家名稱":"王子戶外休閒生活館",
    "地址":"臺北市大同區延平北路一段30號",
    "電話":"02-2555-1583",
    "簡介":"提供數千種專業戶外商品，包含登山、露營、滑雪、衝浪、攀岩、潛水、溯溪、雪地旅遊、出國留學服飾，讓喜愛冒險的民眾流連忘返。",
    "英文友善":"1",
    "日文友善":"0",
    "韓文友善":"0",
    "行動裝置充電":"0",
    "無障礙友善":"0",
    "性別友善":"1",
    "便利支付":"1",
    "素食":"0",
    "友善廁所":"1",
    "公平貿易友善":"0",
    "Free WiFi":"1",
    "自行車友善":"0",
    "哺集乳友善":"0",
    "穆斯林友善":"0",
    "月經友善":"0",
    "友善項目總計":5
    }
  },
  {
    "type": "Feature",
    "geometry": {
       "type": "Point",
       "coordinates":  [ 121.51539,25.052237 ]
    },
    "properties": {
    "行政區":"大同區",
    "友善店家名稱":"臺北北門窩泊旅",
    "地址":"臺北市大同區太原路92巷2-1號",
    "電話":"02-2552-5068",
    "簡介":"運用旅行與生活中熱愛自然的一種態度，打造出「環保、貼心、有溫度」的窩，並結合台灣人文之美。",
    "英文友善":"1",
    "日文友善":"0",
    "韓文友善":"0",
    "行動裝置充電":"1",
    "無障礙友善":"0",
    "性別友善":"0",
    "便利支付":"1",
    "素食":"0",
    "友善廁所":"0",
    "公平貿易友善":"0",
    "Free WiFi":"1",
    "自行車友善":"1",
    "哺集乳友善":"0",
    "穆斯林友善":"0",
    "月經友善":"1",
    "友善項目總計":6
    }
  },
  {
    "type": "Feature",
    "geometry": {
       "type": "Point",
       "coordinates":  [ 121.509289,25.062118 ]
    },
    "properties": {
    "行政區":"大同區",
    "友善店家名稱":"李亭香",
    "地址":"臺北市大同區迪化街一段309號",
    "電話":"02-7746-2200*100",
    "簡介":"堅持在混合及揉合過程中的溫度及力道調整，讓餅可以烘焙出來細緻的層次，讓嗅覺與味覺可以同時被感動，細細品嘗漢餅的好味道。",
    "英文友善":"1",
    "日文友善":"1",
    "韓文友善":"0",
    "行動裝置充電":"0",
    "無障礙友善":"0",
    "性別友善":"1",
    "便利支付":"1",
    "素食":"0",
    "友善廁所":"0",
    "公平貿易友善":"0",
    "Free WiFi":"0",
    "自行車友善":"0",
    "哺集乳友善":"0",
    "穆斯林友善":"0",
    "月經友善":"0",
    "友善項目總計":4
    }
  },
  {
    "type": "Feature",
    "geometry": {
       "type": "Point",
       "coordinates":  [ 121.513518,25.054442 ]
    },
    "properties": {
    "行政區":"大同區",
    "友善店家名稱":"尚蝶扣",
    "地址":"臺北市大同區南京西路155巷9號",
    "電話":"02-2555-8620",
    "簡介":"傳統式鈕釦及客製化的胸花的小商店，除了販售各類款式鈕釦外，更提供客製化新娘捧花訂作等，以傳統工藝打造獨一無二的產品。",
    "英文友善":"1",
    "日文友善":"0",
    "韓文友善":"0",
    "行動裝置充電":"0",
    "無障礙友善":"0",
    "性別友善":"1",
    "便利支付":"1",
    "素食":"0",
    "友善廁所":"0",
    "公平貿易友善":"0",
    "Free WiFi":"1",
    "自行車友善":"1",
    "哺集乳友善":"0",
    "穆斯林友善":"0",
    "月經友善":"0",
    "友善項目總計":5
    }
  },
  {
    "type": "Feature",
    "geometry": {
       "type": "Point",
       "coordinates":  [ 121.512812,25.054586 ]
    },
    "properties": {
    "行政區":"大同區",
    "友善店家名稱":"南昌行",
    "地址":"臺北市大同區南京西路167巷3-4號",
    "電話":"02-2558-4095",
    "簡介":"以熱忱服務每位到訪的顧客，憑藉齊全貨源獲得喜愛，更以DIY教學寓教於樂，帶領民眾走入鈕線世界。",
    "英文友善":"1",
    "日文友善":"1",
    "韓文友善":"0",
    "行動裝置充電":"0",
    "無障礙友善":"1",
    "性別友善":"1",
    "便利支付":"0",
    "素食":"0",
    "友善廁所":"1",
    "公平貿易友善":"0",
    "Free WiFi":"0",
    "自行車友善":"0",
    "哺集乳友善":"0",
    "穆斯林友善":"0",
    "月經友善":"0",
    "友善項目總計":5
    }
  },
  {
    "type": "Feature",
    "geometry": {
       "type": "Point",
       "coordinates":  [ 121.509325,25.060065 ]
    },
    "properties": {
    "行政區":"大同區",
    "友善店家名稱":"夏樹甜品",
    "地址":"臺北市大同區迪化街一段240號",
    "電話":"02-2553-6580",
    "簡介":"手工天然好甜品",
    "英文友善":"1",
    "日文友善":"1",
    "韓文友善":"0",
    "行動裝置充電":"0",
    "無障礙友善":"1",
    "性別友善":"1",
    "便利支付":"1",
    "素食":"1",
    "友善廁所":"0",
    "公平貿易友善":"0",
    "Free WiFi":"1",
    "自行車友善":"1",
    "哺集乳友善":"0",
    "穆斯林友善":"0",
    "月經友善":"0",
    "友善項目總計":8
    }
  },
  {
    "type": "Feature",
    "geometry": {
       "type": "Point",
       "coordinates":  [ 121.509711,25.057334 ]
    },
    "properties": {
    "行政區":"大同區",
    "友善店家名稱":"黃長生藥行",
    "地址":"臺北市大同區迪化街一段134號",
    "電話":"02-2553-2156",
    "簡介":"提供專業養生諮詢，藥膳調理，讓中藥成為必備營養品，用古法精神炮製中藥，嚴選上等的藥材，保障客戶使用安全是我們一直的堅持。",
    "英文友善":"1",
    "日文友善":"1",
    "韓文友善":"0",
    "行動裝置充電":"1",
    "無障礙友善":"1",
    "性別友善":"1",
    "便利支付":"0",
    "素食":"0",
    "友善廁所":"1",
    "公平貿易友善":"0",
    "Free WiFi":"1",
    "自行車友善":"1",
    "哺集乳友善":"0",
    "穆斯林友善":"0",
    "月經友善":"0",
    "友善項目總計":8
    }
  },
  {
    "type": "Feature",
    "geometry": {
       "type": "Point",
       "coordinates":  [ 121.509584,25.054131 ]
    },
    "properties": {
    "行政區":"大同區",
    "友善店家名稱":"塔可商行",
    "地址":"臺北市大同區迪化街一段14巷22號",
    "電話":"0910-196-446",
    "簡介":"純手工的皮雕。植揉皮革具有溫暖親膚性越用越柔順，皮雕擁有柔和表現地獨特風格，每一件作品都獨一無二。",
    "英文友善":"1",
    "日文友善":"1",
    "韓文友善":"0",
    "行動裝置充電":"1",
    "無障礙友善":"1",
    "性別友善":"1",
    "便利支付":"1",
    "素食":"0",
    "友善廁所":"1",
    "公平貿易友善":"0",
    "Free WiFi":"0",
    "自行車友善":"1",
    "哺集乳友善":"0",
    "穆斯林友善":"1",
    "月經友善":"1",
    "友善項目總計":10
    }
  },
  {
    "type": "Feature",
    "geometry": {
       "type": "Point",
       "coordinates":  [ 121.515019,25.065833 ]
    },
    "properties": {
    "行政區":"大同區",
    "友善店家名稱":"新瑞嘜鳳梨酥",
    "地址":"臺北市大同區昌吉街100號",
    "電話":"02-2597-8188",
    "簡介":"新瑞嘜是一家40年老字號餅舖，是國外觀光客指定伴手禮。堅持優良品質、價格合理、美味新鮮衛生、用料實在的伴手禮名店。",
    "英文友善":"1",
    "日文友善":"1",
    "韓文友善":"0",
    "行動裝置充電":"0",
    "無障礙友善":"0",
    "性別友善":"0",
    "便利支付":"1",
    "素食":"0",
    "友善廁所":"0",
    "公平貿易友善":"0",
    "Free WiFi":"0",
    "自行車友善":"0",
    "哺集乳友善":"0",
    "穆斯林友善":"0",
    "月經友善":"0",
    "友善項目總計":3
    }
  },
  {
    "type": "Feature",
    "geometry": {
       "type": "Point",
       "coordinates":  [ 121.520139,25.071346 ]
    },
    "properties": {
    "行政區":"大同區",
    "友善店家名稱":"瘋殼子通訊圓山店",
    "地址":"臺北市大同區酒泉街9-1號",
    "電話":"0910-686-029",
    "簡介":"專營手機類配件、充電商品，致力解決來客所有手機問題，並站在潮流最尖端提供嶄新資訊。",
    "英文友善":"1",
    "日文友善":"1",
    "韓文友善":"1",
    "行動裝置充電":"1",
    "無障礙友善":"0",
    "性別友善":"1",
    "便利支付":"1",
    "素食":"0",
    "友善廁所":"0",
    "公平貿易友善":"0",
    "Free WiFi":"1",
    "自行車友善":"0",
    "哺集乳友善":"0",
    "穆斯林友善":"0",
    "月經友善":"0",
    "友善項目總計":7
    }
  },
  {
    "type": "Feature",
    "geometry": {
       "type": "Point",
       "coordinates":  [ 121.509647,25.057845 ]
    },
    "properties": {
    "行政區":"大同區",
    "友善店家名稱":"臻味茶苑",
    "地址":"臺北市大同區迪化街一段156號",
    "電話":"02-2557-5333",
    "簡介":"堅持將臺灣所有的好茶、雲南的普洱茶、武夷的岩茶，用心呈現在此，「誠意呷嘴甜！」是臻味茶苑老闆樸實無華的熟忱態度。",
    "英文友善":"0",
    "日文友善":"0",
    "韓文友善":"0",
    "行動裝置充電":"0",
    "無障礙友善":"0",
    "性別友善":"1",
    "便利支付":"1",
    "素食":"0",
    "友善廁所":"0",
    "公平貿易友善":"0",
    "Free WiFi":"1",
    "自行車友善":"0",
    "哺集乳友善":"0",
    "穆斯林友善":"0",
    "月經友善":"0",
    "友善項目總計":3
    }
  },
  {
    "type": "Feature",
    "geometry": {
       "type": "Point",
       "coordinates":  [ 121.515656,25.074359 ]
    },
    "properties": {
    "行政區":"大同區",
    "友善店家名稱":"寶師傅私房牛肉麵",
    "地址":"臺北市大同區哈密街59巷14號",
    "電話":"02-2585-3295/0952-680-710",
    "簡介":"寶師傅私房牛肉麵遵從前人的教誨與記憶的味道，將牛骨細火慢慢地熬燉72小時，追尋食材的原味是堅持，堅持讓顧客品嘗到每一道用心。",
    "英文友善":"1",
    "日文友善":"0",
    "韓文友善":"0",
    "行動裝置充電":"0",
    "無障礙友善":"0",
    "性別友善":"1",
    "便利支付":"0",
    "素食":"0",
    "友善廁所":"1",
    "公平貿易友善":"0",
    "Free WiFi":"0",
    "自行車友善":"1",
    "哺集乳友善":"0",
    "穆斯林友善":"0",
    "月經友善":"0",
    "友善項目總計":4
    }
  },
  {
    "type": "Feature",
    "geometry": {
       "type": "Point",
       "coordinates":  [ 121.513328,25.054107 ]
    },
    "properties": {
    "行政區":"大同區",
    "友善店家名稱":"小春樓滷味",
    "地址":"臺北市大同區南京西路161號",
    "電話":"02-2559-3648/0938-672-288(葉小姐)",
    "簡介":"2016-2017曾榮獲經濟部商業司指定參展「東京世界旅遊觀光博覽會」成為微一滷味店代表，百年好滋味",
    "英文友善":"1",
    "日文友善":"1",
    "韓文友善":"1",
    "行動裝置充電":"1",
    "無障礙友善":"0",
    "性別友善":"1",
    "便利支付":"1",
    "素食":"0",
    "友善廁所":"0",
    "公平貿易友善":"1",
    "Free WiFi":"1",
    "自行車友善":"1",
    "哺集乳友善":"0",
    "穆斯林友善":"0",
    "月經友善":"0",
    "友善項目總計":9
    }
  },
  {
    "type": "Feature",
    "geometry": {
       "type": "Point",
       "coordinates":  [ 121.509655,25.05495 ]
    },
    "properties": {
    "行政區":"大同區",
    "友善店家名稱":"老桂坊",
    "地址":"臺北市大同區迪化街一段46巷12號",
    "電話":"02-2555-9355/0935-811-210(黃小姐)",
    "簡介":"均以臺灣在地特色為主題，從設計圖繪製到產品製作，均為自製開發的MIT產品，特別的是店員也會解說屬於大稻埕歷史。",
    "英文友善":"1",
    "日文友善":"1",
    "韓文友善":"0",
    "行動裝置充電":"0",
    "無障礙友善":"1",
    "性別友善":"1",
    "便利支付":"1",
    "素食":"0",
    "友善廁所":"1",
    "公平貿易友善":"0",
    "Free WiFi":"0",
    "自行車友善":"1",
    "哺集乳友善":"0",
    "穆斯林友善":"0",
    "月經友善":"0",
    "友善項目總計":7
    }
  },
  {
    "type": "Feature",
    "geometry": {
       "type": "Point",
       "coordinates":  [ 121.520568,25.05777 ]
    },
    "properties": {
    "行政區":"大同區",
    "友善店家名稱":"阿甘按摩小棧(雙連店)",
    "地址":"臺北市大同區民生西路47號B1\n中山地下街B57號店鋪",
    "電話":"02-2571-0005/02-2395-7575",
    "簡介":"專業的按摩手技，孝親體驗等系列按摩教學，培養親子、夫妻互動、銀髮族復建，也是國外旅行背包客來台灣放鬆的必經之店。",
    "英文友善":"0",
    "日文友善":"0",
    "韓文友善":"0",
    "行動裝置充電":"1",
    "無障礙友善":"1",
    "性別友善":"1",
    "便利支付":"0",
    "素食":"0",
    "友善廁所":"0",
    "公平貿易友善":"0",
    "Free WiFi":"1",
    "自行車友善":"0",
    "哺集乳友善":"0",
    "穆斯林友善":"0",
    "月經友善":"0",
    "友善項目總計":4
    }
  },
  {
    "type": "Feature",
    "geometry": {
       "type": "Point",
       "coordinates":  [ 121.513463,25.054615 ]
    },
    "properties": {
    "行政區":"大同區",
    "友善店家名稱":"紀物書館DOCUMENTARY",
    "地址":"臺北市大同區南京西路155巷17號1樓",
    "電話":"02-2555-8785",
    "簡介":"希望以「書」、「物」、「食」為媒介，分享我們所見所聞的時尚世界。提供文創小物與書籍及周邊。",
    "英文友善":"1",
    "日文友善":"0",
    "韓文友善":"0",
    "行動裝置充電":"0",
    "無障礙友善":"1",
    "性別友善":"1",
    "便利支付":"1",
    "素食":"0",
    "友善廁所":"0",
    "公平貿易友善":"0",
    "Free WiFi":"1",
    "自行車友善":"0",
    "哺集乳友善":"0",
    "穆斯林友善":"0",
    "月經友善":"0",
    "友善項目總計":5
    }
  },
  {
    "type": "Feature",
    "geometry": {
       "type": "Point",
       "coordinates":  [ 121.516597,25.051079 ]
    },
    "properties": {
    "行政區":"大同區",
    "友善店家名稱":"新驛旅店臺北車站二館",
    "地址":"臺北市大同區長安西路81號",
    "電話":"02-2555-5577",
    "簡介":"溫馨氣氛、 親切服務，除了基本設備外，更提供了自助使用的炊事小家電與洗衣房，讓人享受隨心所欲的自主生活節奏。",
    "英文友善":"1",
    "日文友善":"1",
    "韓文友善":"0",
    "行動裝置充電":"1",
    "無障礙友善":"1",
    "性別友善":"1",
    "便利支付":"1",
    "素食":"0",
    "友善廁所":"1",
    "公平貿易友善":"1",
    "Free WiFi":"1",
    "自行車友善":"0",
    "哺集乳友善":"0",
    "穆斯林友善":"0",
    "月經友善":"0",
    "友善項目總計":9
    }
  },
  {
    "type": "Feature",
    "geometry": {
       "type": "Point",
       "coordinates":  [ 121.511388,25.058409 ]
    },
    "properties": {
    "行政區":"大同區",
    "友善店家名稱":"海為食品行",
    "地址":"臺北市大同區延平北路二段174號",
    "電話":"02-2557-6671",
    "簡介":"海為食品從民國50年的海為蛋行起家，在地經營超過半甲子，目前已傳承三代。重視養生的老闆娘，精挑好貨良品，賣相漂亮與否非優先考量，更將健康飲食的觀念與料理方式傳遞給消費者，為顧客把關健康。「可口婆心選貨家，挑良不挑亮！」來海為挑好貨，但保證無害健康！",
    "英文友善":"0",
    "日文友善":"0",
    "韓文友善":"0",
    "行動裝置充電":"1",
    "無障礙友善":"0",
    "性別友善":"1",
    "便利支付":"1",
    "素食":"0",
    "友善廁所":"1",
    "公平貿易友善":"1",
    "Free WiFi":"1",
    "自行車友善":"1",
    "哺集乳友善":"0",
    "穆斯林友善":"0",
    "月經友善":"1",
    "友善項目總計":8
    }
  },
  {
    "type": "Feature",
    "geometry": {
       "type": "Point",
       "coordinates":  [ 121.509319,25.062524 ]
    },
    "properties": {
    "行政區":"大同區",
    "友善店家名稱":"稻舍",
    "地址":"臺北市大同區迪化街一段329號",
    "電話":"02-2550-6607/0939-768-601(葉先生)",
    "簡介":"延續過去米店的歷史背景，不僅有展覽空間，也販售米商品及輕食堂，以豐富多元的方式推廣及傳遞臺灣的稻米文化。",
    "英文友善":"1",
    "日文友善":"0",
    "韓文友善":"0",
    "行動裝置充電":"0",
    "無障礙友善":"0",
    "性別友善":"0",
    "便利支付":"1",
    "素食":"1",
    "友善廁所":"1",
    "公平貿易友善":"0",
    "Free WiFi":"1",
    "自行車友善":"1",
    "哺集乳友善":"0",
    "穆斯林友善":"0",
    "月經友善":"0",
    "友善項目總計":6
    }
  },
  {
    "type": "Feature",
    "geometry": {
       "type": "Point",
       "coordinates":  [ 121.510835,25.06756 ]
    },
    "properties": {
    "行政區":"大同區",
    "友善店家名稱":"大橋町目米食館",
    "地址":"臺北市大同區延平北路三段124號",
    "電話":"02-2585-3129\n02-2592-9503\n0952-158-077/0918769338施先生",
    "簡介":"從事各類粿粽米食產品的生產批發是北台灣最大米食批發地，為推展恢復往日榮景，我們成立大橋町目米食館最為銷售平台。",
    "英文友善":"1",
    "日文友善":"1",
    "韓文友善":"0",
    "行動裝置充電":"1",
    "無障礙友善":"1",
    "性別友善":"1",
    "便利支付":"0",
    "素食":"1",
    "友善廁所":"1",
    "公平貿易友善":"0",
    "Free WiFi":"1",
    "自行車友善":"0",
    "哺集乳友善":"0",
    "穆斯林友善":"0",
    "月經友善":"0",
    "友善項目總計":8
    }
  },
  {
    "type": "Feature",
    "geometry": {
       "type": "Point",
       "coordinates":  [ 121.509981,25.056145 ]
    },
    "properties": {
    "行政區":"大同區",
    "友善店家名稱":"六安堂參藥行",
    "地址":"臺北市大同區迪化街一段75號",
    "電話":"02-2559-8599",
    "簡介":"一面行醫、一面製藥，藥有深究，醫術精敏，名傳鄉里，生意日進，遠近顧客集中交易，財源廣進，擴張物資，成為縣城中一流名商。",
    "英文友善":"0",
    "日文友善":"1",
    "韓文友善":"0",
    "行動裝置充電":"1",
    "無障礙友善":"1",
    "性別友善":"0",
    "便利支付":"0",
    "素食":"1",
    "友善廁所":"0",
    "公平貿易友善":"0",
    "Free WiFi":"0",
    "自行車友善":"1",
    "哺集乳友善":"0",
    "穆斯林友善":"0",
    "月經友善":"0",
    "友善項目總計":5
    }
  },
  {
    "type": "Feature",
    "geometry": {
       "type": "Point",
       "coordinates":  [ 121.509871,25.056151 ]
    },
    "properties": {
    "行政區":"大同區",
    "友善店家名稱":"火星猴子酷奇",
    "地址":"臺北市大同區迪化街一段96號",
    "電話":"02-2555-3678#22",
    "簡介":"可愛的童趣插畫鐵盒與獨特細緻口感。零添加，唯有嚴選食材用心烘焙，每一片才值得精心品味。",
    "英文友善":"1",
    "日文友善":"1",
    "韓文友善":"0",
    "行動裝置充電":"0",
    "無障礙友善":"0",
    "性別友善":"1",
    "便利支付":"1",
    "素食":"0",
    "友善廁所":"0",
    "公平貿易友善":"0",
    "Free WiFi":"0",
    "自行車友善":"0",
    "哺集乳友善":"0",
    "穆斯林友善":"0",
    "月經友善":"0",
    "友善項目總計":4
    }
  },
  {
    "type": "Feature",
    "geometry": {
       "type": "Point",
       "coordinates":  [ 121.513454,25.05939 ]
    },
    "properties": {
    "行政區":"大同區",
    "友善店家名稱":"臺北互舍酒店\n(原臺北城大飯店)",
    "地址":"臺北市大同區重慶北路二段172號",
    "電話":"02-2553-3919",
    "簡介":"外觀為古典巴洛克式建築，飯店客房氛圍成熟與內斂，巧妙的空間設計理念，以貼心真誠、以客為尊的優質感受給休閒渡假的客人真正的體驗溫馨住宿。",
    "英文友善":"1",
    "日文友善":"1",
    "韓文友善":"0",
    "行動裝置充電":"1",
    "無障礙友善":"1",
    "性別友善":"1",
    "便利支付":"1",
    "素食":"1",
    "友善廁所":"1",
    "公平貿易友善":"0",
    "Free WiFi":"0",
    "自行車友善":"0",
    "哺集乳友善":"0",
    "穆斯林友善":"0",
    "月經友善":"0",
    "友善項目總計":8
    }
  },
  {
    "type": "Feature",
    "geometry": {
       "type": "Point",
       "coordinates":  [ 121.509652,25.058471 ]
    },
    "properties": {
    "行政區":"大同區",
    "友善店家名稱":"竹木造咖",
    "地址":"臺北市大同區迪化街一段161號",
    "電話":"02-2553-0482",
    "簡介":"以竹編類和木製的生活用品為主 但是隨著時代的改變 產品走向，也以天然無毒環保為取向 木竹製的碗筷托盤餐具 砧板 牙刷 鬃刷 竹編提籃為主流。",
    "英文友善":"1",
    "日文友善":"0",
    "韓文友善":"0",
    "行動裝置充電":"1",
    "無障礙友善":"1",
    "性別友善":"1",
    "便利支付":"1",
    "素食":"0",
    "友善廁所":"1",
    "公平貿易友善":"0",
    "Free WiFi":"1",
    "自行車友善":"1",
    "哺集乳友善":"0",
    "穆斯林友善":"0",
    "月經友善":"1",
    "友善項目總計":9
    }
  },
  {
    "type": "Feature",
    "geometry": {
       "type": "Point",
       "coordinates":  [ 121.519318,25.050266 ]
    },
    "properties": {
    "行政區":"大同區",
    "友善店家名稱":"新驛旅店 - 臺北車站三館",
    "地址":"臺北市大同區長安西路77號",
    "電話":"02-7732-7777",
    "簡介":"交通方便、大廳明亮舒適、提供24小時顧客服務。旅店的每一層樓皆有主題設計，所有客房內均配有液晶電視、乾濕分離的衛浴設施、有線及無線網路; 提供賓至如歸的住宿體驗。",
    "英文友善":"1",
    "日文友善":"1",
    "韓文友善":"0",
    "行動裝置充電":"1",
    "無障礙友善":"1",
    "性別友善":"1",
    "便利支付":"1",
    "素食":"0",
    "友善廁所":"1",
    "公平貿易友善":"0",
    "Free WiFi":"1",
    "自行車友善":"1",
    "哺集乳友善":"0",
    "穆斯林友善":"0",
    "月經友善":"0",
    "友善項目總計":9
    }
  },
  {
    "type": "Feature",
    "geometry": {
       "type": "Point",
       "coordinates":  [ 121.509518,25.058612 ]
    },
    "properties": {
    "行政區":"大同區",
    "友善店家名稱":"樂芙莉 LOVELY 手工貼身內著",
    "地址":"臺北市大同區迪化街一段186號",
    "電話":"02-2553-9883",
    "簡介":"提供特為台灣人體形立體剪裁的手工貼身內著、內褲、家居服，以蕾絲布疋商的專業基礎，在台灣本地買紗、織布、染色，並在大稻埕店頭設計、製作完成。",
    "英文友善":"1",
    "日文友善":"1",
    "韓文友善":"0",
    "行動裝置充電":"1",
    "無障礙友善":"0",
    "性別友善":"1",
    "便利支付":"1",
    "素食":"0",
    "友善廁所":"0",
    "公平貿易友善":"0",
    "Free WiFi":"1",
    "自行車友善":"0",
    "哺集乳友善":"0",
    "穆斯林友善":"0",
    "月經友善":"0",
    "友善項目總計":6
    }
  },
  {
    "type": "Feature",
    "geometry": {
       "type": "Point",
       "coordinates":  [ 121.509879,25.05608 ]
    },
    "properties": {
    "行政區":"大同區",
    "友善店家名稱":"聯通漢芳",
    "地址":"臺北市大同區迪化街一段92號",
    "電話":"02-2556-7868",
    "簡介":"店內除了人蔘、當歸、杜仲、何首烏..等上百種傳統中藥材，還有整套藥膳食補系列與幾十種來自世界各國的花草茶包。",
    "英文友善":"1",
    "日文友善":"1",
    "韓文友善":"0",
    "行動裝置充電":"0",
    "無障礙友善":"1",
    "性別友善":"1",
    "便利支付":"0",
    "素食":"0",
    "友善廁所":"0",
    "公平貿易友善":"0",
    "Free WiFi":"0",
    "自行車友善":"0",
    "哺集乳友善":"0",
    "穆斯林友善":"0",
    "月經友善":"0",
    "友善項目總計":4
    }
  },
  {
    "type": "Feature",
    "geometry": {
       "type": "Point",
       "coordinates":  [ 121.50912,25.06267 ]
    },
    "properties": {
    "行政區":"大同區",
    "友善店家名稱":"2021老梅的家",
    "地址":"臺北市大同區迪化街一段356號",
    "電話":"02-2557-6607",
    "簡介":"以優質無毒青梅開發系列產品。布農族與小林大武攏部落傳統手藝融入空間設計，鬼斧神工的木雕藝術盡收眼底，同時品嘗梅好滋味。",
    "英文友善":"1",
    "日文友善":"1",
    "韓文友善":"0",
    "行動裝置充電":"0",
    "無障礙友善":"0",
    "性別友善":"1",
    "便利支付":"1",
    "素食":"1",
    "友善廁所":"0",
    "公平貿易友善":"0",
    "Free WiFi":"1",
    "自行車友善":"0",
    "哺集乳友善":"0",
    "穆斯林友善":"0",
    "月經友善":"0",
    "友善項目總計":6
    }
  },
  {
    "type": "Feature",
    "geometry": {
       "type": "Point",
       "coordinates":  [ 121.519672,25.069948 ]
    },
    "properties": {
    "行政區":"大同區",
    "友善店家名稱":"21工房",
    "地址":"臺北市大同區酒泉街10巷23弄2號",
    "電話":"02-2585-1913/0914-144-931呂小姐",
    "簡介":"秉持天然的健康，具有手感溫度的麵條，台灣唯一一家產銷合一,以健康概念研發,不添加化學藥劑生產酵素麵的健康涼麵店。",
    "英文友善":"1",
    "日文友善":"1",
    "韓文友善":"0",
    "行動裝置充電":"1",
    "無障礙友善":"1",
    "性別友善":"1",
    "便利支付":"1",
    "素食":"1",
    "友善廁所":"0",
    "公平貿易友善":"0",
    "Free WiFi":"1",
    "自行車友善":"1",
    "哺集乳友善":"0",
    "穆斯林友善":"0",
    "月經友善":"0",
    "友善項目總計":9
    }
  },
  {
    "type": "Feature",
    "geometry": {
       "type": "Point",
       "coordinates":  [ 121.519192,25.070733 ]
    },
    "properties": {
    "行政區":"大同區",
    "友善店家名稱":"阿立圓山玩具模型社 \nMJ Model Railroad",
    "地址":"臺北市大同區酒泉街31號1樓",
    "電話":"02-2598-9000",
    "簡介":"提供鐵道模型相關周邊產物，溫馨的陳列，喚起每個人對於鐵道想像。",
    "英文友善":"1",
    "日文友善":"0",
    "韓文友善":"0",
    "行動裝置充電":"1",
    "無障礙友善":"1",
    "性別友善":"1",
    "便利支付":"1",
    "素食":"0",
    "友善廁所":"1",
    "公平貿易友善":"0",
    "Free WiFi":"1",
    "自行車友善":"0",
    "哺集乳友善":"1",
    "穆斯林友善":"0",
    "月經友善":"1",
    "友善項目總計":9
    }
  },
  {
    "type": "Feature",
    "geometry": {
       "type": "Point",
       "coordinates":  [ 121.510113,25.053802 ]
    },
    "properties": {
    "行政區":"大同區",
    "友善店家名稱":"小花園",
    "地址":"臺北市大同區南京西路237號1,2樓",
    "電話":"02-2555-8468",
    "簡介":"刺繡藝術與製鞋工藝視為自身的驕傲與責任。走過四分之三個世紀，依然堅持在地生產、手工製鞋。",
    "英文友善":"1",
    "日文友善":"1",
    "韓文友善":"0",
    "行動裝置充電":"0",
    "無障礙友善":"0",
    "性別友善":"1",
    "便利支付":"1",
    "素食":"0",
    "友善廁所":"0",
    "公平貿易友善":"0",
    "Free WiFi":"0",
    "自行車友善":"0",
    "哺集乳友善":"0",
    "穆斯林友善":"0",
    "月經友善":"0",
    "友善項目總計":4
    }
  },
  {
    "type": "Feature",
    "geometry": {
       "type": "Point",
       "coordinates":  [ 121.509319,25.055617 ]
    },
    "properties": {
    "行政區":"大同區",
    "友善店家名稱":"幸福甜品-茶米露",
    "地址":"臺北市大同區迪化街一段72巷19號1樓",
    "電話":"02-2555-9281",
    "簡介":"杯杯真心，口口安心 最在地食材新鮮嚴選，最健康烹煮 真實美味 融合茶品與甜品的飽滿層次微甜的幸福甜味，化入心中在地人情味",
    "英文友善":"1",
    "日文友善":"1",
    "韓文友善":"0",
    "行動裝置充電":"1",
    "無障礙友善":"1",
    "性別友善":"1",
    "便利支付":"1",
    "素食":"1",
    "友善廁所":"1",
    "公平貿易友善":"0",
    "Free WiFi":"0",
    "自行車友善":"1",
    "哺集乳友善":"0",
    "穆斯林友善":"0",
    "月經友善":"1",
    "友善項目總計":10
    }
  },
  {
    "type": "Feature",
    "geometry": {
       "type": "Point",
       "coordinates":  [ 121.518493,25.072372 ]
    },
    "properties": {
    "行政區":"大同區",
    "友善店家名稱":"橡木桶洋酒承德店",
    "地址":"臺北市大同區承德路三段230號",
    "電話":"02-2536-6868#721(總公司)\n02-2585-7080(分店)",
    "簡介":"交通方便，空間寬敞，購物方便，商品種類數以千種，各國洋酒，現場提供商品是飲及介紹，每月還提供多項優惠促銷活動提供客人選購，並有商品訂購的服務。",
    "英文友善":"1",
    "日文友善":"0",
    "韓文友善":"0",
    "行動裝置充電":"0",
    "無障礙友善":"0",
    "性別友善":"1",
    "便利支付":"1",
    "素食":"0",
    "友善廁所":"0",
    "公平貿易友善":"0",
    "Free WiFi":"1",
    "自行車友善":"0",
    "哺集乳友善":"0",
    "穆斯林友善":"0",
    "月經友善":"0",
    "友善項目總計":4
    }
  },
  {
    "type": "Feature",
    "geometry": {
       "type": "Point",
       "coordinates":  [ 121.509538,25.059445 ]
    },
    "properties": {
    "行政區":"大同區",
    "友善店家名稱":"李日勝",
    "地址":"臺北市大同區迪化街一段203號",
    "電話":"02-2557-0729/ 02-25578990#102 ",
    "簡介":"堅持販售野生烏魚子，於雲林專業曬場使用古法日曬技術製作，嚴格把關品質及口味，讓每一片都充滿濃郁海味。",
    "英文友善":"1",
    "日文友善":"1",
    "韓文友善":"0",
    "行動裝置充電":"0",
    "無障礙友善":"1",
    "性別友善":"1",
    "便利支付":"1",
    "素食":"1",
    "友善廁所":"1",
    "公平貿易友善":"0",
    "Free WiFi":"1",
    "自行車友善":"0",
    "哺集乳友善":"1",
    "穆斯林友善":"0",
    "月經友善":"0",
    "友善項目總計":9
    }
  },
  {
    "type": "Feature",
    "geometry": {
       "type": "Point",
       "coordinates":  [ 121.509131,25.062833 ]
    },
    "properties": {
    "行政區":"大同區",
    "友善店家名稱":"東方饌黔天下貴州主題餐廳",
    "地址":"臺北市大同區迪化街一段358之2號",
    "電話":"02-2557-7872",
    "簡介":"國內最專業，規模最大的PDA、智慧型手機、衛星導航機的專售公司。從開始代理SONY各系列產品，現在則是台灣最具規模的SONY代理商。提供最優質齊全的服務與產品。",
    "英文友善":"1",
    "日文友善":"0",
    "韓文友善":"0",
    "行動裝置充電":"1",
    "無障礙友善":"0",
    "性別友善":"0",
    "便利支付":"1",
    "素食":"1",
    "友善廁所":"0",
    "公平貿易友善":"0",
    "Free WiFi":"1",
    "自行車友善":"0",
    "哺集乳友善":"1",
    "穆斯林友善":"1",
    "月經友善":"0",
    "友善項目總計":7
    }
  },
  {
    "type": "Feature",
    "geometry": {
       "type": "Point",
       "coordinates":  [ 121.513649,25.054114 ]
    },
    "properties": {
    "行政區":"大同區",
    "友善店家名稱":"小春園滷味",
    "地址":"臺北市大同區南京西路149號",
    "電話":"02-2555-5779",
    "簡介":"成立於民國五年，三代傳承，百年滷味店，精於滷製品，約有四十種，以自然健康為理念。",
    "英文友善":"0",
    "日文友善":"0",
    "韓文友善":"0",
    "行動裝置充電":"0",
    "無障礙友善":"0",
    "性別友善":"0",
    "便利支付":"1",
    "素食":"0",
    "友善廁所":"0",
    "公平貿易友善":"0",
    "Free WiFi":"0",
    "自行車友善":"0",
    "哺集乳友善":"0",
    "穆斯林友善":"0",
    "月經友善":"0",
    "友善項目總計":1
    }
  },
  {
    "type": "Feature",
    "geometry": {
       "type": "Point",
       "coordinates":  [ 121.509411,25.059453 ]
    },
    "properties": {
    "行政區":"大同區",
    "友善店家名稱":"富自山中",
    "地址":"臺北市大同區迪化街一段220號",
    "電話":"02-2557-8605",
    "簡介":"富自山中迄今開業３０年，重新裝潢後以質感日系雜貨舖的全新面貌與大家見面。店內最高人氣的是台灣水果乾，天然無添加、每一口都能嘗到水果的鮮甜滋味，特色產品為嘉義高山手工製作的黑糖，您也能在這找到時下最流行的健康或生酮飲食材料，如藜麥、奇亞籽、有機麥片等等，歡迎來富自山行挖寶喔！",
    "英文友善":"0",
    "日文友善":"0",
    "韓文友善":"0",
    "行動裝置充電":"0",
    "無障礙友善":"1",
    "性別友善":"1",
    "便利支付":"0",
    "素食":"0",
    "友善廁所":"0",
    "公平貿易友善":"0",
    "Free WiFi":"0",
    "自行車友善":"1",
    "哺集乳友善":"0",
    "穆斯林友善":"0",
    "月經友善":"0",
    "友善項目總計":3
    }
  },
  {
    "type": "Feature",
    "geometry": {
       "type": "Point",
       "coordinates":  [ 121.509769,25.057976 ]
    },
    "properties": {
    "行政區":"大同區",
    "友善店家名稱":"五色本物(永利百崧食品行)",
    "地址":"臺北市大同區迪化街一段143號",
    "電話":"02-2553-2438",
    "簡介":"本店家參與老店改造計畫，品牌名稱：五色本物\n品牌定位：原色雜糧＆海味老舖\n說明：永利百崧專售五榖雜糧類食品及特色海產，品牌定位由此而來\n品牌命名：以「五色養生」作為品牌的價值主張。\n「五色」是自然概念的延伸，講求天然非加工過的商品顏色；「物有所本」，講求食物的溯源，與土地的連結。品牌命名「五色本物」象徵源取之天然、擁有自然本色的真材食物。\n品牌論述：五色養生，物有所本 ─ 五色本物ColorFoods，干貝、蠔乾、扁魚乾、小魚乾、蝦米…，那是阿公小時候的純樸漁村記憶，還有阿姑的手工干貝醬美味無敵。黃豆黑豆紅豆，紅米白米黑糙米長糯米…，產自哪裡，每一樣海產、雜糧都有來歷。白綠黑紅黃裨益肺肝腎心脾，電腦一族多吃紅，缺乏運動補點綠，回歸食材最初的本色，五色搭配均衡健體。迪化街老牌南北貨行永利百崧轉型五色本物，順口養生賞心悅目，找回活力的人生新彩度！",
    "英文友善":"1",
    "日文友善":"0",
    "韓文友善":"0",
    "行動裝置充電":"0",
    "無障礙友善":"0",
    "性別友善":"1",
    "便利支付":"0",
    "素食":"1",
    "友善廁所":"0",
    "公平貿易友善":"0",
    "Free WiFi":"0",
    "自行車友善":"1",
    "哺集乳友善":"0",
    "穆斯林友善":"0",
    "月經友善":"0",
    "友善項目總計":4
    }
  },
  {
    "type": "Feature",
    "geometry": {
       "type": "Point",
       "coordinates":  [ 121.511517,25.059522 ]
    },
    "properties": {
    "行政區":"大同區",
    "友善店家名稱":"寶堂蝶米",
    "地址":"臺北市大同區延平北路二段203號",
    "電話":"02-2552-8166",
    "簡介":"南投松柏坑起家，再爬上阿里山高海拔\n陳家三代種茶、作茶、賣茶、說茶\n露寒晨曦中看一株株抽芽，冬去春來採收朝霧夕霞\n熱火餘溫焙出陣陣芳香，翠玉青心金萱，四季春波蕩漾\n從家鄉的綠色山間起飛，茶的氣味不曾迷航\n來杯烏龍茶吧，陳家三兄妹合力把最好的奉上\n大稻埕寶堂茶行，有一杯蝶米等你來品嚐\n然後，我們繼續飛翔~",
    "英文友善":"0",
    "日文友善":"0",
    "韓文友善":"0",
    "行動裝置充電":"0",
    "無障礙友善":"0",
    "性別友善":"1",
    "便利支付":"1",
    "素食":"0",
    "友善廁所":"0",
    "公平貿易友善":"0",
    "Free WiFi":"1",
    "自行車友善":"0",
    "哺集乳友善":"0",
    "穆斯林友善":"0",
    "月經友善":"0",
    "友善項目總計":3
    }
  },
  {
    "type": "Feature",
    "geometry": {
       "type": "Point",
       "coordinates":  [ 121.511,25.055046 ]
    },
    "properties": {
    "行政區":"大同區",
    "友善店家名稱":"姚德和青草號",
    "地址":"臺北市大同區民樂街55-57號",
    "電話":"02-2559-5389\n02-2558-9510",
    "簡介":"本店在大稻埕已經有70年歷史了\n從1946年永樂市場店面開始到現今店\n已經第三代在經營\n本店有古早味的青草茶和各式的養身茶包\n歡迎大家來遊逛",
    "英文友善":"0",
    "日文友善":"0",
    "韓文友善":"0",
    "行動裝置充電":"0",
    "無障礙友善":"0",
    "性別友善":"1",
    "便利支付":"0",
    "素食":"0",
    "友善廁所":"0",
    "公平貿易友善":"0",
    "Free WiFi":"0",
    "自行車友善":"0",
    "哺集乳友善":"0",
    "穆斯林友善":"0",
    "月經友善":"0",
    "友善項目總計":1
    }
  },
  {
    "type": "Feature",
    "geometry": {
       "type": "Point",
       "coordinates":  [ 121.509866,25.05715 ]
    },
    "properties": {
    "行政區":"大同區",
    "友善店家名稱":"元太商行",
    "地址":"臺北市大同區迪化街一段109號",
    "電話":"02-2553-4291\n02-2553-9621\n0918-297-970",
    "簡介":"160多年的老屋藏著三代人一甲子的酸甜苦樂\n店面即客廳，櫃台曾是爸爸守夜的前哨\n倉庫是臥房兼遊樂場，紙箱就是周小鐵的城堡\n南北貨應有盡有，還有各種奇珍蔘藥\n年節禮盒、訂婚聘禮該怎麼組合交給我們辦\n元氣滿滿管太寬，元太為你解憂、解惑、解難\n烤透抽的香味四漫，迪化街109號，咱們不見不散",
    "英文友善":"1",
    "日文友善":"1",
    "韓文友善":"0",
    "行動裝置充電":"0",
    "無障礙友善":"0",
    "性別友善":"1",
    "便利支付":"0",
    "素食":"0",
    "友善廁所":"1",
    "公平貿易友善":"0",
    "Free WiFi":"1",
    "自行車友善":"0",
    "哺集乳友善":"0",
    "穆斯林友善":"0",
    "月經友善":"0",
    "友善項目總計":5
    }
  },
  {
    "type": "Feature",
    "geometry": {
       "type": "Point",
       "coordinates":  [ 121.509423,25.059258 ]
    },
    "properties": {
    "行政區":"大同區",
    "友善店家名稱":"誠天下葯食鋪",
    "地址":"臺北市大同區迪化街一段212號",
    "電話":"02-2553-8408",
    "簡介":"中藥堆裡打滾的務實男孩，遇見從小精通廚藝的熱情女孩，迪化街上夫妻協力拼三十餘載。對症更要對味，好藥材也是好食材，誠天下葯食鋪劉老闆精選優質藥材，搭配老闆娘的料理配方，兩人發揮所長合力研究開發。藥燉排骨、四物湯、薑母鴨…，每包藥膳經過嚴謹程序，調配出專屬於「誠天下葯食鋪」的美味配方。",
    "英文友善":"0",
    "日文友善":"0",
    "韓文友善":"0",
    "行動裝置充電":"0",
    "無障礙友善":"1",
    "性別友善":"0",
    "便利支付":"0",
    "素食":"0",
    "友善廁所":"0",
    "公平貿易友善":"0",
    "Free WiFi":"0",
    "自行車友善":"0",
    "哺集乳友善":"0",
    "穆斯林友善":"0",
    "月經友善":"0",
    "友善項目總計":1
    }
  },
  {
    "type": "Feature",
    "geometry": {
       "type": "Point",
       "coordinates":  [ 121.509551,25.059173 ]
    },
    "properties": {
    "行政區":"大同區",
    "友善店家名稱":"澎玉191",
    "地址":"臺北市大同區迪化街一段191號",
    "電話":"02-2553-4836",
    "簡介":"北回歸線走過小漁村，日頭赤炎，海水正藍\n六十多年前，阿公的澎玉156漁船滿載首航\n澎湖的孩子來到臺北大稻埕起家立業\n吃慣了新鮮魚獲的嘴，難忘家鄉山海滋味\n小卷找來海潮香氣，沙丁現吃煮湯兩相宜\n堅果雜糧粒粒飽滿，爽脆無比\n從漁村落戶舊時曬穀場，新一代重新揚帆\n迪化街一段191號，在大稻埕遇見澎湖灣\n挑選各地澎湃山珍海味，讓識貨人乘興而歸\n嚐一口產地直達的鮮甜，遙想海上艷陽天",
    "英文友善":"0",
    "日文友善":"0",
    "韓文友善":"0",
    "行動裝置充電":"1",
    "無障礙友善":"0",
    "性別友善":"1",
    "便利支付":"1",
    "素食":"0",
    "友善廁所":"0",
    "公平貿易友善":"0",
    "Free WiFi":"0",
    "自行車友善":"0",
    "哺集乳友善":"0",
    "穆斯林友善":"0",
    "月經友善":"0",
    "友善項目總計":3
    }
  },
  {
    "type": "Feature",
    "geometry": {
       "type": "Point",
       "coordinates":  [ 121.511339,25.062344 ]
    },
    "properties": {
    "行政區":"大同區",
    "友善店家名稱":"久居棧旅店",
    "地址":"臺北市大同區延平北路二段255號2樓",
    "電話":"02-2557-4999",
    "簡介":"「久居棧旅店」地理位置交通便利，步行大橋頭捷運站僅2分鐘距離，鄰近寧夏夜市、延三夜市、大稻埕、迪化商圈、以及霞海城隍廟等知名景點，很適合全家出遊和自由行的旅客住宿，在地的人文歷史、古蹟文創、美食小吃會讓您愛不釋手。旅店採現代感十足的客房空間，以城市意象為主題，搭配雅緻的裝潢設計，提供給旅客舒適的住宿環境。",
    "英文友善":"1",
    "日文友善":"0",
    "韓文友善":"0",
    "行動裝置充電":"1",
    "無障礙友善":"0",
    "性別友善":"1",
    "便利支付":"1",
    "素食":"0",
    "友善廁所":"0",
    "公平貿易友善":"0",
    "Free WiFi":"1",
    "自行車友善":"0",
    "哺集乳友善":"0",
    "穆斯林友善":"0",
    "月經友善":"0",
    "友善項目總計":5
    }
  },
  {
    "type": "Feature",
    "geometry": {
       "type": "Point",
       "coordinates":  [ 121.515386,25.05675 ]
    },
    "properties": {
    "行政區":"大同區",
    "友善店家名稱":"鬍鬚張美食文化館",
    "地址":"臺北市大同區寧夏路62號",
    "電話":"02-2558-9489/總公司:02-2298-2185＃232(行企部劉副理)",
    "簡介":"「鬍鬚張魯肉飯」創立於1960年，秉持『傳統美食，追求幸福』的創業初衷，從路邊攤創起，以發揚台灣美食文化為職志，不斷的做中學，以品質、口味、服務、衛生為基礎，提供安全美味的產品，整潔親切的用餐環境與氛圍的餐廳。\n鬍鬚張以「誠信篤實」、「追求卓越」、「顧客滿意」、「永續成長」為經營理念，以「以人為本」、「人才培育」、「賞罰分明」、「成果分享」為管理原則，並致力於『將魯肉飯販賣到全世界都知道』的企業願景實踐。",
    "英文友善":"0",
    "日文友善":"0",
    "韓文友善":"0",
    "行動裝置充電":"0",
    "無障礙友善":"0",
    "性別友善":"1",
    "便利支付":"0",
    "素食":"0",
    "友善廁所":"1",
    "公平貿易友善":"0",
    "Free WiFi":"0",
    "自行車友善":"0",
    "哺集乳友善":"0",
    "穆斯林友善":"0",
    "月經友善":"0",
    "友善項目總計":2
    }
  },
  {
    "type": "Feature",
    "geometry": {
       "type": "Point",
       "coordinates":  [ 121.513206,25.051901 ]
    },
    "properties": {
    "行政區":"大同區",
    "友善店家名稱":"陳振芳香舖",
    "地址":"臺北市大同區長安西路193號",
    "電話":"02-2559-7531",
    "簡介":"陳振芳香舖及陳盈州簡介\n專營/傳統沉香手工香、臥香、香環、小盤香等製品，陳振芳香舖創始於西元1910年清宣統二年，創始人陳塗，第二代經營人陳金墇接手開創出一片天，最鼎盛時期製香師傅多達十幾人，師傅徒弟一起吃飯需三張大圓桌，可想當時工廠製香的盛況，現由第三代小兒子陳盈州接手，第四代也已傳承，製香工藝傳承邁下一個世紀。\n本舖主要產品為中國傳統手藝，採取手工製作，相當費時費力且產量有限。然而隨著半自動化機器的發展也漸漸利用機器輔助，大大縮短製作工時，並有效提升產量和品質。但是傳統技藝的一貫堅持下仍有絕大部分的步驟必須採用手工製作，以維持傳統製香技術的傳承。",
    "英文友善":"0",
    "日文友善":"0",
    "韓文友善":"0",
    "行動裝置充電":"0",
    "無障礙友善":"0",
    "性別友善":"1",
    "便利支付":"0",
    "素食":"0",
    "友善廁所":"0",
    "公平貿易友善":"0",
    "Free WiFi":"1",
    "自行車友善":"0",
    "哺集乳友善":"0",
    "穆斯林友善":"0",
    "月經友善":"0",
    "友善項目總計":2
    }
  },
  {
    "type": "Feature",
    "geometry": {
       "type": "Point",
       "coordinates":  [ 121.52033,25.057473 ]
    },
    "properties": {
    "行政區":"大同區",
    "友善店家名稱":"里仁雙連捷運店",
    "地址":"臺北市大同區民生西路80號",
    "電話":"02-2550-7291/\n02-77146168#80514(總公司陳'S)",
    "簡介":"1988年里仁開張，決心要做「該做但還沒有人做的事」。提供以誠信契作支持和鼓勵農友，栽植無農藥化肥的純淨蔬果來友善環境，也尋找願意還原食物本味、恢復環境清靜的淳厚廠商，近年更積極以產品包材減塑支持淨塑。 里仁產品開發堅持自然、健康、平實。主要產品包括有機或轉型農產品、少或無添加物的食品，不含基改成份，以本土有機為優先，支持綠保生態並關懷弱勢。",
    "英文友善":"0",
    "日文友善":"0",
    "韓文友善":"0",
    "行動裝置充電":"0",
    "無障礙友善":"0",
    "性別友善":"0",
    "便利支付":"0",
    "素食":"1",
    "友善廁所":"0",
    "公平貿易友善":"0",
    "Free WiFi":"0",
    "自行車友善":"0",
    "哺集乳友善":"0",
    "穆斯林友善":"0",
    "月經友善":"0",
    "友善項目總計":1
    }
  },
  {
    "type": "Feature",
    "geometry": {
       "type": "Point",
       "coordinates":  [ 121.519503,25.068638 ]
    },
    "properties": {
    "行政區":"大同區",
    "友善店家名稱":"小角落咖啡旅店",
    "地址":"臺北市大同區民族西路33號",
    "電話":"02-2599-1699",
    "簡介":"五行旅店-臺北旅樹，位於圓山捷運站一號出口步行三分鐘，是今年新開幕的的青年旅館。\n旅店對面即為花博公園，鄰近捷運站、便利超商，周遭生活機能便利，治安良好，適合學生團體及國際觀光客住宿。\n五行旅店以東方元素，人文思想為基礎，整體呈現的是60-70年代的眷村風格， 並結合臺北圓山在地歷史文化及資源，期盼能將真正的臺北城印象，帶給每位入住臺北．旅樹的旅人。\n我們期待每一位旅人的來訪，我們將致上最好的服務品質，提供給您像家一樣舒適的住宿環境。",
    "英文友善":"1",
    "日文友善":"0",
    "韓文友善":"0",
    "行動裝置充電":"1",
    "無障礙友善":"1",
    "性別友善":"1",
    "便利支付":"1",
    "素食":"0",
    "友善廁所":"1",
    "公平貿易友善":"0",
    "Free WiFi":"1",
    "自行車友善":"0",
    "哺集乳友善":"1",
    "穆斯林友善":"0",
    "月經友善":"0",
    "友善項目總計":8
    }
  },
  {
    "type": "Feature",
    "geometry": {
       "type": "Point",
       "coordinates":  [ 121.509333,25.068988 ]
    },
    "properties": {
    "行政區":"大同區",
    "友善店家名稱":"豆漿農工作坊",
    "地址":"臺北市大同區環河北路二段199號1樓",
    "電話":"02-2592-2722\n0926055036郭小姐",
    "簡介":"豆漿農開在臺北不熱鬧但是車流量很大的環河北路上的小小角落，大部分來店裡的人，都是偶遇豆漿農，進來前還要問下有沒有零售，確認後才進來的。\n對於願意再三回來購買的客人們，我們表示感謝，如果你還沒來過，有空經過時，也請來嚐嚐看，我們用心煮出來的豆漿",
    "英文友善":"0",
    "日文友善":"0",
    "韓文友善":"0",
    "行動裝置充電":"0",
    "無障礙友善":"0",
    "性別友善":"1",
    "便利支付":"1",
    "素食":"1",
    "友善廁所":"0",
    "公平貿易友善":"0",
    "Free WiFi":"0",
    "自行車友善":"0",
    "哺集乳友善":"0",
    "穆斯林友善":"0",
    "月經友善":"0",
    "友善項目總計":3
    }
  },
  {
    "type": "Feature",
    "geometry": {
       "type": "Point",
       "coordinates":  [ 121.513638,25.049959 ]
    },
    "properties": {
    "行政區":"大同區",
    "友善店家名稱":"樹德百貨",
    "地址":"臺北市大同區重慶北路一段11號",
    "電話":"02-2556-6888/0932-385-575",
    "簡介":"戴戴相傳，以帽取勝 ─ 樹德百貨 \n花蓮的孩子北漂打拼，一台摩托車，後座一箱前腳一袋，\n北台灣夜市騎透透，叫賣手帕起家。樸實無華的農村子弟，轉頭賣起了時尚的帽品，臺北後站商圈屹立40年，以帽取勝傳到第二代。\n拉菲草帽，經典不敗逆襲炎炎夏季，復古老帽，學院街頭風格輕鬆駕馭，造型動物帽，大人小孩萌趣無敵…帽子大王年年赴韓取經，帽款每季翻新，網紅、批發客、潮男潮女，想找哪款來這裡，一起戴上型格和自信！",
    "英文友善":"1",
    "日文友善":"1",
    "韓文友善":"0",
    "行動裝置充電":"1",
    "無障礙友善":"1",
    "性別友善":"0",
    "便利支付":"1",
    "素食":"0",
    "友善廁所":"1",
    "公平貿易友善":"0",
    "Free WiFi":"1",
    "自行車友善":"0",
    "哺集乳友善":"0",
    "穆斯林友善":"0",
    "月經友善":"0",
    "友善項目總計":7
    }
  },
  {
    "type": "Feature",
    "geometry": {
       "type": "Point",
       "coordinates":  [ 121.510876,25.052772 ]
    },
    "properties": {
    "行政區":"大同區",
    "友善店家名稱":"德利泰中藥材互動體驗館",
    "地址":"臺北市大同區甘谷街26號1樓",
    "電話":"02-2558-2918/02-2558-4433",
    "簡介":"50年前，一個彰化田尾的農家小孩，悄悄與中藥解下不解之緣～冬日裡母親燉湯補身，生病時抓藥治病，長大後，窮小子立志擺脫農家宿命，迪化街中藥行當學徒，而後自立門戶。1991年赴原產地中國大陸，克服障礙與艱苦，30年潛心鑽研、提升藥材產製與產業運作模式。天南地北蒐羅優質天然本草，銷售台灣與歐美，採收、加工、儲存、配送，科技運作一條龍，驗農藥去雜質，金屬過濾機制確保安全與品質，獨家標準化的原相工法保存藥材本色與功效。是藥也是養生食療，老祖宗的智慧如何讓更多人明瞭？2019年，德利泰邁向中藥文化新紀元，從原料尋根溯源，進階到藥材知識互動體驗。先德人後利己，願人人身心泰然每一天。德利泰Daily Health",
    "英文友善":"0",
    "日文友善":"0",
    "韓文友善":"0",
    "行動裝置充電":"1",
    "無障礙友善":"1",
    "性別友善":"0",
    "便利支付":"1",
    "素食":"0",
    "友善廁所":"0",
    "公平貿易友善":"0",
    "Free WiFi":"1",
    "自行車友善":"0",
    "哺集乳友善":"0",
    "穆斯林友善":"0",
    "月經友善":"0",
    "友善項目總計":4
    }
  },
  {
    "type": "Feature",
    "geometry": {
       "type": "Point",
       "coordinates":  [ 121.51387,25.05413 ]
    },
    "properties": {
    "行政區":"大同區",
    "友善店家名稱":"中華軒肉鬆",
    "地址":"臺北市大同區南京西路139號1F",
    "電話":"02-2558-0339",
    "簡介":"1926年，臺北大稻埕圓環口，阿祖不小心炒過頭，肉脯意外成了肉脯鬆。溫體後腿豬，紅糟調配提味浸滷，賣多少、做多少，口裡的鮮甜不走調，不摻粉、不過油，單純酥香源自古早。福州老師傅私傳親授，百年來依舊紅紅火火，豐富家家戶戶的餐桌，更是送往迎來的好伴手，舌尖紅騷一世紀，噴香起鍋！",
    "英文友善":"0",
    "日文友善":"1",
    "韓文友善":"0",
    "行動裝置充電":"0",
    "無障礙友善":"0",
    "性別友善":"0",
    "便利支付":"1",
    "素食":"0",
    "友善廁所":"0",
    "公平貿易友善":"0",
    "Free WiFi":"0",
    "自行車友善":"0",
    "哺集乳友善":"0",
    "穆斯林友善":"0",
    "月經友善":"0",
    "友善項目總計":2
    }
  },
  {
    "type": "Feature",
    "geometry": {
       "type": "Point",
       "coordinates":  [ 121.518679,25.057286 ]
    },
    "properties": {
    "行政區":"大同區",
    "友善店家名稱":"大烹小饌Great Huda",
    "地址":"臺北市大同區民生西路146-1號",
    "電話":"02-2756-0882/江小姐0927-360136",
    "簡介":"客家菜、台菜、台式料理、中式餐廳、熱炒",
    "英文友善":"1",
    "日文友善":"1",
    "韓文友善":"0",
    "行動裝置充電":"1",
    "無障礙友善":"1",
    "性別友善":"1",
    "便利支付":"1",
    "素食":"1",
    "友善廁所":"1",
    "公平貿易友善":"0",
    "Free WiFi":"1",
    "自行車友善":"1",
    "哺集乳友善":"0",
    "穆斯林友善":"0",
    "月經友善":"0",
    "友善項目總計":10
    }
  },
  {
    "type": "Feature",
    "geometry": {
       "type": "Point",
       "coordinates":  [ 121.520022,25.055259 ]
    },
    "properties": {
    "行政區":"大同區",
    "友善店家名稱":"浮光書店",
    "地址":"臺北市大同區赤峰街47巷16號2樓",
    "電話":"(02)2550-7288",
    "簡介":"「小型獨立書店，人文、社會、文學、影像類書。複合咖啡、點心。free wifi、動物友善、性別友善。」",
    "英文友善":"1",
    "日文友善":"0",
    "韓文友善":"0",
    "行動裝置充電":"1",
    "無障礙友善":"0",
    "性別友善":"1",
    "便利支付":"1",
    "素食":"0",
    "友善廁所":"0",
    "公平貿易友善":"0",
    "Free WiFi":"1",
    "自行車友善":"0",
    "哺集乳友善":"0",
    "穆斯林友善":"0",
    "月經友善":"0",
    "友善項目總計":5
    }
  },
  {
    "type": "Feature",
    "geometry": {
       "type": "Point",
       "coordinates":  [ 121.519802,25.055342 ]
    },
    "properties": {
    "行政區":"大同區",
    "友善店家名稱":"月霞咖啡館",
    "地址":"臺北市大同區赤峰街47巷3號",
    "電話":"(02)25551118",
    "簡介":"赤峰街舊稱「打鐵街」，過去為打鐵、五金加工廠聚集地，是臺北早期發展區域之一。其中月霞咖啡館前身為汽車零件修理廠，走過70多年歲月的老屋充滿時代記憶，推開門扉，狹長型空間視覺感十足，對老建築情有獨鍾的Alex，完整保留台灣杉木製作屋頂、古典窗花，並修復老磚牆面等，搭配悠揚爵士樂，讓人身心靈都放鬆。",
    "英文友善":"1",
    "日文友善":"1",
    "韓文友善":"0",
    "行動裝置充電":"1",
    "無障礙友善":"0",
    "性別友善":"1",
    "便利支付":"0",
    "素食":"1",
    "友善廁所":"0",
    "公平貿易友善":"0",
    "Free WiFi":"1",
    "自行車友善":"0",
    "哺集乳友善":"0",
    "穆斯林友善":"0",
    "月經友善":"0",
    "友善項目總計":6
    }
  },
  {
    "type": "Feature",
    "geometry": {
       "type": "Point",
       "coordinates":  [ 121.519662,25.056419 ]
    },
    "properties": {
    "行政區":"大同區",
    "友善店家名稱":"PICK&COLLECT\n手亼口 人文金工",
    "地址":"臺北市大同區赤峰街 28-4號",
    "電話":"02-2552-1348",
    "簡介":"PICK&COLLECT是一複合式休閒空間，您可以於我們一樓門市逛逛設計師飾品.皮件，或報名參加我們金工.皮革體驗課程，與三五好友聚會體驗活動後再到二三樓咖啡廳享受下午茶或用餐，渡過完美的一天聚會。",
    "英文友善":"0",
    "日文友善":"0",
    "韓文友善":"0",
    "行動裝置充電":"0",
    "無障礙友善":"0",
    "性別友善":"1",
    "便利支付":"0",
    "素食":"0",
    "友善廁所":"0",
    "公平貿易友善":"0",
    "Free WiFi":"1",
    "自行車友善":"0",
    "哺集乳友善":"0",
    "穆斯林友善":"0",
    "月經友善":"0",
    "友善項目總計":2
    }
  },
  {
    "type": "Feature",
    "geometry": {
       "type": "Point",
       "coordinates":  [ 121.504133,25.040921 ]
    },
    "properties": {
    "行政區":"萬華區",
    "友善店家名稱":"U&S叔叔與妹妹-話畫創意店",
    "地址":"臺北市萬華區隆昌街64號",
    "電話":"0989-273-536(溫先生)/02-2559-7687",
    "簡介":"U&S叔叔與妹妹插畫工作室角色圖像品牌\"赤毛族\"，與台灣文具品牌利百代國際實業股份有限公司合作，銷售創意圖像類商品、文具禮品及生活用品等。並辦理在地街區導覽分享活動及各項工作坊，推廣在地美學教育，與群眾互動。",
    "英文友善":"0",
    "日文友善":"0",
    "韓文友善":"0",
    "行動裝置充電":"0",
    "無障礙友善":"0",
    "性別友善":"1",
    "便利支付":"1",
    "素食":"0",
    "友善廁所":"1",
    "公平貿易友善":"0",
    "Free WiFi":"1",
    "自行車友善":"0",
    "哺集乳友善":"0",
    "穆斯林友善":"0",
    "月經友善":"1",
    "友善項目總計":5
    }
  },
  {
    "type": "Feature",
    "geometry": {
       "type": "Point",
       "coordinates":  [ 121.509328,25.054099 ]
    },
    "properties": {
    "行政區":"大同區",
    "友善店家名稱":"美好提案 The Beauty Concept",
    "地址":"臺北市大同區迪化街1段14巷36號",
    "電話":"0978-586-886/0912-948-988兩位都是吳小姐(姊妹)",
    "簡介":"民國62年父親就開始在「布奇ㄚ」迪化街這裡從事紡織事業, 原來是開發訂製的面料交給台灣各大品牌女裝, 再拓展紡織品貿易外銷給國外品牌商。 數年前由於紡織產業外移,許多生產流行面料的配合工廠出走或是收攤, 原來屬於我們這塊流行面料的紡織業榮景不再, 姐姐一直是爸爸的乖女兒，畢業後就承接家業，延續了爸爸經營了30多年的公司。妹妹喜歡彩妝，個性獨立，雖然也進入家業，卻也不放棄最愛的彩妝技能。在2016年姊妹倆與父親積極溝通, 終於在得到爸爸支持後，姐妹倆轉型了公司，成立「美好提案」。 \n因為從事紡織貿易, 姊妹倆到過世界許多大城市看展與參展, 了解每季的流行色彩、流行趨勢, 也因此有了給遼闊的視野, 豐富了內涵。 美好提案的發想起源, 主要是希望能夠把所有美好的物品、體驗都能夠融合在日常生活中。 因此, 我們調整並轉型為以販售彩妝品, 好用小物與美容造型服務為主的事業。 目前營業的項目有韓式半永久彩妝， 彩妝品, 美容小物販售，彩妝服務與教學。 在今年年底,我們也將拓展親子裝系列, 我們希望將所學的紡織相關知識能運用在生活上, 這是個很棒的事! \n對於未來的願景, 我們一直以來便從事貿易的工作, 去過許多國家, 希望能將好用的產品帶進來台灣, 可能是一把梳子, 某個好用卻不起眼的小商品, 也藉由流行時尚、流行彩妝、我們提供的服務讓每個人可以變得更有自信, 可以簡單地感受到生活的美好。 這也是「美好提案The Beauty Concept」的由來: → 在大稻埕延續了美好，以歷史為背景的美學空間，期望來的客戶都能安心的享受美好的生活與美的體驗！",
    "英文友善":"1",
    "日文友善":"0",
    "韓文友善":"0",
    "行動裝置充電":"1",
    "無障礙友善":"1",
    "性別友善":"1",
    "便利支付":"1",
    "素食":"0",
    "友善廁所":"0",
    "公平貿易友善":"0",
    "Free WiFi":"1",
    "自行車友善":"0",
    "哺集乳友善":"1",
    "穆斯林友善":"0",
    "月經友善":"0",
    "友善項目總計":7
    }
  },
  {
    "type": "Feature",
    "geometry": {
       "type": "Point",
       "coordinates":  [ 121.51279,25.052848 ]
    },
    "properties": {
    "行政區":"大同區",
    "友善店家名稱":"埕畔茶坊",
    "地址":"臺北市大同區天水路49號",
    "電話":"02-2559-6220/0988895582(蔡先生)",
    "簡介":"在大稻埕畔陪你喝茶的我們\n\n在地風情\n從前的大稻埕是貿易來往相當興盛之地，凡舉南北貨、乾貨、茶、布、藥材等應有盡有。當您蒞臨此地時，您會發現幾乎家家戶戶都是傳統商家，或是當時供資金週轉運用的銀樓。您或許聽過大稻埕，也或多或少知道咱大稻埕的文化，但您是否有過在大稻埕邊與咱老埕人們喝茶聊天憶過去的經驗呢？咱埕畔茶坊(原祥欣茶行)座立於此地近十載，來來往往老埕人們不盡其數，來咱茶坊購茶不時會遇到老埕人們正在店裡吃茶聊天，若想了解咱老埕人們的過去是如何風光，如何錢淹腳目，不妨來走走一起坐著聊天品茶吧。\n\n\n\n品茗區\n\n對於茶品\n如上所述，這裡是出口重鎮，每戶商號對自己的商品都有自己一個套路，連咱茶坊也有自己的茶路，我們有來自台灣各山頭的輕發酵茶品，有自家烘焙茶品，有出國評鑑的茶品，批發零售皆宜，然而更多的是在地老埕人的人情味。\n\n福壽梨山茶\n紅玉紅茶\n遠赴歐洲比利時參與國際風味品質評鑑\n資訊交流\n咱茶坊除了保留在地人情味及茶葉品質外，更重要的是知識傳播，咱茶坊不定時邀請各領域專才蒞臨舉辦小型演講，為追求有效的知識吸收及促進人與人之間交流，咱茶坊採6人小班講座。咱茶坊更要求主講人的資歷及是否有權威單位的認證，以達確保授課資訊的正確性。\n\n大型醫學中心藥師蒞臨演講",
    "英文友善":"1",
    "日文友善":"1",
    "韓文友善":"0",
    "行動裝置充電":"1",
    "無障礙友善":"0",
    "性別友善":"1",
    "便利支付":"0",
    "素食":"1",
    "友善廁所":"1",
    "公平貿易友善":"0",
    "Free WiFi":"1",
    "自行車友善":"1",
    "哺集乳友善":"1",
    "穆斯林友善":"1",
    "月經友善":"1",
    "友善項目總計":11
    }
  },
  {
    "type": "Feature",
    "geometry": {
       "type": "Point",
       "coordinates":  [ 121.51007,25.054269 ]
    },
    "properties": {
    "行政區":"大同區",
    "友善店家名稱":"大盜陳茶飲(創始店)",
    "地址":"臺北市大同區迪化街一段20號",
    "電話":"02-2552-0575/0952047473",
    "簡介":"世界唯一，喝得到歷史文化的飲品! \n「 創新與文化美學的結合，來自大稻埕的一杯好茶。」​\n以幽默風趣的創新手法，將飲料與在地歷史文化特色及設計美學相互結合，堪稱\"一杯飲料就能讓您了解大稻埕!\"。是著名的文青網紅系飲品，亦選用大稻埕百年老茶行茶葉籍在地原物料，網友及媒體主持人們一致推薦\"台灣最有水準的手搖飲!\"\n代表飲品:月老奶茶(經月老點頭認證，可占卜愛情)、烏魚子奶蓋烏龍、台灣小種烏龍茶",
    "英文友善":"1",
    "日文友善":"1",
    "韓文友善":"0",
    "行動裝置充電":"0",
    "無障礙友善":"0",
    "性別友善":"1",
    "便利支付":"1",
    "素食":"0",
    "友善廁所":"0",
    "公平貿易友善":"0",
    "Free WiFi":"1",
    "自行車友善":"1",
    "哺集乳友善":"0",
    "穆斯林友善":"0",
    "月經友善":"0",
    "友善項目總計":6
    }
  },
  {
    "type": "Feature",
    "geometry": {
       "type": "Point",
       "coordinates":  [ 121.509604,25.054504 ]
    },
    "properties": {
    "行政區":"大同區",
    "友善店家名稱":"Lijma光在金工",
    "地址":"臺北市大同區迪化街一段32巷14號2樓",
    "電話":"02-2555-1883",
    "簡介":"「光在金工LIJMA-Light in Jewellery & Metal Art」，品牌精神如同字面上的意思「讓光芒照耀珠寶工藝」，1999年創始的光在金工以高階訂製珠寶為起點，並以琺瑯飾品為首要研究與推廣的項目，堅持每一件作品都以手作精神創作出獨特的設計，在配戴的同時，也能感受到我們用心的祝福。\n\n2018年於大稻埕成立了「珠寶私塾」，在富含深度文化的氛圍中持續創作，我們除了自有品牌設計產品與提供客製訂製服務外，也開設了單日手做輕珠寶課程，歡迎蒞臨光在，讓專業的設計團隊為您提供具質感且適合您的時尚專屬飾品~",
    "英文友善":"1",
    "日文友善":"0",
    "韓文友善":"0",
    "行動裝置充電":"0",
    "無障礙友善":"0",
    "性別友善":"1",
    "便利支付":"1",
    "素食":"0",
    "友善廁所":"0",
    "公平貿易友善":"0",
    "Free WiFi":"1",
    "自行車友善":"0",
    "哺集乳友善":"0",
    "穆斯林友善":"0",
    "月經友善":"0",
    "友善項目總計":4
    }
  },
  {
    "type": "Feature",
    "geometry": {
       "type": "Point",
       "coordinates":  [ 121.514404,25.050424 ]
    },
    "properties": {
    "行政區":"大同區",
    "友善店家名稱":"媚麗九九精品百貨行",
    "地址":"臺北市大同區華陰街86號2樓",
    "電話":"02 2559-1897",
    "簡介":"專賣日、韓、精品百貨包包的服飾店面、男女大人、小孩 、童裝、內衣、內褲、睡衣款式眾多應有進有，在這邊就可以買到所有商品。\n\n店家優惠介紹(7/15新增)：\n本店面在臺北大同商圈營業了將近30年，販賣商品從內睡衣褲、日韓服飾、精品包包、童裝為主，從日常用品到生活百貨、服飾、包包都有。來這裡就可以滿足所有需求❤️❤️ 。",
    "英文友善":"1",
    "日文友善":"0",
    "韓文友善":"0",
    "行動裝置充電":"0",
    "無障礙友善":"0",
    "性別友善":"1",
    "便利支付":"0",
    "素食":"0",
    "友善廁所":"0",
    "公平貿易友善":"0",
    "Free WiFi":"1",
    "自行車友善":"0",
    "哺集乳友善":"0",
    "穆斯林友善":"0",
    "月經友善":"0",
    "友善項目總計":3
    }
  },
  {
    "type": "Feature",
    "geometry": {
       "type": "Point",
       "coordinates":  [ 121.514009,25.050138 ]
    },
    "properties": {
    "行政區":"大同區",
    "友善店家名稱":"金埃及企業社\n(金埃及生活館)",
    "地址":"臺北市大同區重慶北路一段27巷15號",
    "電話":"02-2559-4495/0932-268-498",
    "簡介":"金埃及生活館在後站商圈做批發生意近30年了。信用、口碑良好，O負評。\n代理彼得兔寢具及其他名牌寢具、床墊，日本進口百貨用品批發。\n床罩組，床墊均可接受特殊呎吋訂做服務。\n店內設有多項支付系統、粉絲專頁定期po新品。\n我們的商品、服務…CP值超高。\n歡迎蒞臨參觀選購",
    "英文友善":"0",
    "日文友善":"0",
    "韓文友善":"0",
    "行動裝置充電":"0",
    "無障礙友善":"0",
    "性別友善":"1",
    "便利支付":"1",
    "素食":"0",
    "友善廁所":"1",
    "公平貿易友善":"0",
    "Free WiFi":"1",
    "自行車友善":"0",
    "哺集乳友善":"0",
    "穆斯林友善":"0",
    "月經友善":"0",
    "友善項目總計":4
    }
  },
  {
    "type": "Feature",
    "geometry": {
       "type": "Point",
       "coordinates":  [ 121.510324,25.0545 ]
    },
    "properties": {
    "行政區":"大同區",
    "友善店家名稱":"ANDERLOS",
    "地址":"臺北市大同區迪化街一段21號4樓58室",
    "電話":"02-2988-6837\n0956-826-006",
    "簡介":"ANDERLOS 安德羅斯，是以創始人姓名及迷幻美麗的古文字為組合構成，其寓意為「美麗花園」。品牌由專業資歷超過10年的專業團隊經營，鎖定輕奢時尚手袋領域，運用東方元素，強調藝術印花。\n\n從設計到選料，職人精神實踐，精湛的工藝與簡約的美感交織出優雅時髦美學\n\n受東方美學薰陶，新崛起的東方美學設計品牌 ANDERLOS 安德羅斯，秉持文化融合、結合西方文藝之美與傳統東方色彩，品牌設計總監 Terry 透過一筆一畫、一針一線、一生懸命的職人精神，翻玩皮革圖繪印花與東方美學設計巧思，運用充滿夢想與想像力的藝術繪畫與表現方式，創作獨特量身繪製的皮革圖繪印花，潛入詩意棲居的深處，近距離感受手袋的價值，展現背後不凡的生命體驗。堅持選用耐用牛皮或上等頭層皮、指名具 20 年專業工藝的團隊手工製造。\n\n經歷10年以上的淬鍊，設計靈感大多來自時事或社會、生活美學議題。致力於創造出能夠陪消費者度過各種重要場合的配件，代表作品不勝枚舉，過去曾參與電視節目服裝設計、名人造型服裝設計和雜誌造型拍攝設計，品牌設計師每年制定不同令人期盼的主題系列。",
    "英文友善":"1",
    "日文友善":"0",
    "韓文友善":"0",
    "行動裝置充電":"0",
    "無障礙友善":"0",
    "性別友善":"1",
    "便利支付":"1",
    "素食":"0",
    "友善廁所":"1",
    "公平貿易友善":"0",
    "Free WiFi":"0",
    "自行車友善":"0",
    "哺集乳友善":"0",
    "穆斯林友善":"0",
    "月經友善":"1",
    "友善項目總計":5
    }
  },
  {
    "type": "Feature",
    "geometry": {
       "type": "Point",
       "coordinates":  [ 121.509392,25.059512 ]
    },
    "properties": {
    "行政區":"大同區",
    "友善店家名稱":"烏覓馬 GarlicSmart",
    "地址":"臺北市大同區迪化街一段222號",
    "電話":"02-2553-8947",
    "簡介":"「烏覓馬」在迪化街持續60年，是一家出售乾貨和雜貨的商店，在祖父時代，開始用自製的油炸大蒜和油炸蔥做生意，現在的店主是三代人。\n\n近年來最受歡迎的產品是健康食品，如黑蒜頭和黑檸檬，煮黑大蒜和雞肉的香湯是台灣人保持身心健康的秘密之一。\n如果妳煮黑檸檬茶，酸度和甜味混合在一起，在早上喝活力從妳身體溢出。三代人傳承下來的炒大蒜和油炸蔥，可以說是台灣美食不可或缺的台灣「靈魂」。\n\n「烏覓馬」，也將主力商品-蔥與蒜置入。邀請聰明的消費者以蔥蒜暨黑色養生食品，一起精算、解開健康的密碼。\nOmima暗黑系食物藏著美味與養生密碼，輕鬆找回生命活力，像一匹奔馳原野的勁馬!",
    "英文友善":"1",
    "日文友善":"1",
    "韓文友善":"1",
    "行動裝置充電":"0",
    "無障礙友善":"1",
    "性別友善":"1",
    "便利支付":"1",
    "素食":"1",
    "友善廁所":"0",
    "公平貿易友善":"0",
    "Free WiFi":"0",
    "自行車友善":"1",
    "哺集乳友善":"0",
    "穆斯林友善":"0",
    "月經友善":"0",
    "友善項目總計":8
    }
  },
  {
    "type": "Feature",
    "geometry": {
       "type": "Point",
       "coordinates":  [ 121.508846,25.055819 ]
    },
    "properties": {
    "行政區":"大同區",
    "友善店家名稱":"有多聞稻程香料館",
    "地址":"臺北市大同區西寧北路104號1樓",
    "電話":"02-2556-6048/0920-062-280",
    "簡介":"這是一個提供天然香料體驗的自由空間，一百六十多個香料罐，集合來自世界各地的天然香料，帶來前所未遇的嗅覺體驗。",
    "英文友善":"1",
    "日文友善":"0",
    "韓文友善":"0",
    "行動裝置充電":"1",
    "無障礙友善":"1",
    "性別友善":"0",
    "便利支付":"1",
    "素食":"0",
    "友善廁所":"1",
    "公平貿易友善":"0",
    "Free WiFi":"1",
    "自行車友善":"0",
    "哺集乳友善":"0",
    "穆斯林友善":"0",
    "月經友善":"0",
    "友善項目總計":6
    }
  },
  {
    "type": "Feature",
    "geometry": {
       "type": "Point",
       "coordinates":  [ 121.51011,25.053972 ]
    },
    "properties": {
    "行政區":"大同區",
    "友善店家名稱":"漫花時",
    "地址":"臺北市大同區迪化街一段八號",
    "電話":"02-2556-0545",
    "簡介":"位於迪化街頭，以推薦布種、剪裁技術等專業深受顧客信賴，聚焦店內花布特色，結合店主專業體貼客製服務。",
    "英文友善":"1",
    "日文友善":"0",
    "韓文友善":"0",
    "行動裝置充電":"0",
    "無障礙友善":"0",
    "性別友善":"0",
    "便利支付":"1",
    "素食":"0",
    "友善廁所":"0",
    "公平貿易友善":"0",
    "Free WiFi":"0",
    "自行車友善":"1",
    "哺集乳友善":"0",
    "穆斯林友善":"0",
    "月經友善":"0",
    "友善項目總計":3
    }
  },
  {
    "type": "Feature",
    "geometry": {
       "type": "Point",
       "coordinates":  [ 121.513508,25.054238 ]
    },
    "properties": {
    "行政區":"大同區",
    "友善店家名稱":"榮業花邊",
    "地址":"臺北市大同區南京西路155巷1號1樓",
    "電話":"02-2555-2826",
    "簡介":"雲想衣裳花想榮── 榮業花邊LaceGlory\n1998年，一位台南的囝仔，帶著一卡皮箱，北上打拼白手創業，他從蕾絲布疋起家，與布結緣，也與世界接軌。以父之名創立事業，一路茁壯外銷歐美，掌握蕾絲布料特性，蒙國際時尚大牌垂青。買紗、織布、染色，蕾絲從此千變萬化，從裡到外造型穿搭，起居坐臥也靠它，19世紀維多利亞風演繹當代浪漫童話，柔絲如雲，簇麗似花，不變的親膚優雅，為生活鑲上花邊，一縷縷織就春風年華！",
    "英文友善":"1",
    "日文友善":"0",
    "韓文友善":"0",
    "行動裝置充電":"0",
    "無障礙友善":"0",
    "性別友善":"1",
    "便利支付":"1",
    "素食":"0",
    "友善廁所":"0",
    "公平貿易友善":"0",
    "Free WiFi":"0",
    "自行車友善":"0",
    "哺集乳友善":"0",
    "穆斯林友善":"0",
    "月經友善":"0",
    "友善項目總計":3
    }
  },
  {
    "type": "Feature",
    "geometry": {
       "type": "Point",
       "coordinates":  [ 121.509945,25.056445 ]
    },
    "properties": {
    "行政區":"大同區",
    "友善店家名稱":"爵林堅果坊",
    "地址":"臺北市大同區迪化街一段89號",
    "電話":"02-2883-2958",
    "簡介":"士林夜市的特產 - 台灣傳統技術做法的堅果酥，鳳梨酥，牛軋糖，海苔杏仁片... 歡迎您來品嘗及享受到本地文化的風味！",
    "英文友善":"1",
    "日文友善":"0",
    "韓文友善":"0",
    "行動裝置充電":"1",
    "無障礙友善":"1",
    "性別友善":"1",
    "便利支付":"1",
    "素食":"1",
    "友善廁所":"0",
    "公平貿易友善":"0",
    "Free WiFi":"1",
    "自行車友善":"0",
    "哺集乳友善":"0",
    "穆斯林友善":"0",
    "月經友善":"0",
    "友善項目總計":7
    }
  },
  {
    "type": "Feature",
    "geometry": {
       "type": "Point",
       "coordinates":  [ 121.518846,25.063979 ]
    },
    "properties": {
    "行政區":"大同區",
    "友善店家名稱":"珈啡所在 Coffee Field",
    "地址":"臺北市大同區承德路三段51巷22號",
    "電話":"0989-000-930",
    "簡介":"\" 珈啡所在 coffee field \"\n來自臺北的獨立咖啡品牌\n擁有自有烘焙咖啡和超過1000張黑膠唱片空間\n沖煮咖啡技術的講究追求、和讓耳朵飽滿聽覺的享受",
    "英文友善":"0",
    "日文友善":"0",
    "韓文友善":"0",
    "行動裝置充電":"0",
    "無障礙友善":"0",
    "性別友善":"1",
    "便利支付":"0",
    "素食":"0",
    "友善廁所":"1",
    "公平貿易友善":"0",
    "Free WiFi":"1",
    "自行車友善":"0",
    "哺集乳友善":"0",
    "穆斯林友善":"0",
    "月經友善":"0",
    "友善項目總計":3
    }
  },
  {
    "type": "Feature",
    "geometry": {
       "type": "Point",
       "coordinates":  [ 121.51784,25.071838 ]
    },
    "properties": {
    "行政區":"大同區",
    "友善店家名稱":"葳臻手工布包",
    "地址":"臺北市大同區庫倫街44號1樓",
    "電話":"02-2559-9020",
    "簡介":"玩出時尚的復古風尚!!\n旗袍布包+手工=古典韻味!\n打破過去傳統的印象，呈現出高雅古典氣質!!\n將傳統的旗袍布與現代藝術結合，運用細膩的手工加上獨特的創意，賦予旗袍布新的生命力。\n各式定制布包、收納小物、居家裝飾等。",
    "英文友善":"1",
    "日文友善":"1",
    "韓文友善":"0",
    "行動裝置充電":"0",
    "無障礙友善":"0",
    "性別友善":"0",
    "便利支付":"0",
    "素食":"0",
    "友善廁所":"0",
    "公平貿易友善":"0",
    "Free WiFi":"1",
    "自行車友善":"0",
    "哺集乳友善":"0",
    "穆斯林友善":"0",
    "月經友善":"0",
    "友善項目總計":3
    }
  },
  {
    "type": "Feature",
    "geometry": {
       "type": "Point",
       "coordinates":  [ 121.51383,25.055751 ]
    },
    "properties": {
    "行政區":"大同區",
    "友善店家名稱":"林三益筆墨專家",
    "地址":"臺北市大同區重慶北路二段58號",
    "電話":"02-2556-6433",
    "簡介":"林三益的故事要從1917年的福建福州說起，一位小學徒拜師學藝，投身毛筆製作，勤奮打拼多年後，與其他兩位合夥人創立了毛筆專賣店「三益齋」筆莊，意涵益者三友：友直、友諒、友多聞，相互共勉。\n\n“ 選擇最好的材料，提供消費者最好的毛筆 ”\n\n林三益不只是筆墨專家、刷具專家，更是美的專家\n\n不斷進步的道路充滿挑戰，支持著林三益的最大動力，是一心一意對美的堅持與承諾。在大家眼中，林三益是筆墨專家，毛料專家，刷具專家，林三益更期許自己達成美的專家之使命。",
    "英文友善":"0",
    "日文友善":"0",
    "韓文友善":"0",
    "行動裝置充電":"0",
    "無障礙友善":"1",
    "性別友善":"0",
    "便利支付":"1",
    "素食":"0",
    "友善廁所":"0",
    "公平貿易友善":"0",
    "Free WiFi":"1",
    "自行車友善":"0",
    "哺集乳友善":"0",
    "穆斯林友善":"0",
    "月經友善":"0",
    "友善項目總計":3
    }
  },
  {
    "type": "Feature",
    "geometry": {
       "type": "Point",
       "coordinates":  [ 121.509556,25.054714 ]
    },
    "properties": {
    "行政區":"大同區",
    "友善店家名稱":"衣戲院",
    "地址":"臺北市大同區迪化街一段46巷18弄5號2F",
    "電話":"02-2550-9581",
    "簡介":"經營團隊在大稻埕深耕逾25年，專精於服裝打版打樣技術，累計超過30萬款的服飾開發經驗，是台灣紡織成衣產業的重要推手。2015年將二樓的老舊空間翻新，打造品牌【衣戲院】。這裡可看見許多小巧思，像是用洗衣板做成的招牌、燙馬製成的門把、服裝版型充滿樓梯間兩側…處處皆是服裝元素。品牌重要任務是運用服裝的力量帶動文創與在地連結:衣戲院有開設服裝的專業課程及有趣的手作體驗、為文創產業設計服裝並推廣活動，喝茶的茶服、電影服裝...都可以在這裡看到，成為大稻埕在地新興美學。",
    "英文友善":"1",
    "日文友善":"0",
    "韓文友善":"0",
    "行動裝置充電":"1",
    "無障礙友善":"0",
    "性別友善":"1",
    "便利支付":"0",
    "素食":"0",
    "友善廁所":"1",
    "公平貿易友善":"0",
    "Free WiFi":"1",
    "自行車友善":"0",
    "哺集乳友善":"1",
    "穆斯林友善":"0",
    "月經友善":"0",
    "友善項目總計":6
    }
  },
  {
    "type": "Feature",
    "geometry": {
       "type": "Point",
       "coordinates":  [ 121.512984,25.0529 ]
    },
    "properties": {
    "行政區":"大同區",
    "友善店家名稱":"第一化粧品廠天水門市",
    "地址":"臺北市大同區天水路43號1樓",
    "電話":"02-2559-8101\n總公司：03-3961234#109\nMillie",
    "簡介":"第一化粧品承襲第一化工五十年的專業原料知識，創立口碑第一的「de第一化粧品」。從傳統臺北大稻埕商圈的天水路發跡，歷經千辛打造優質適價台灣品牌之路，堅持將「自然‧簡單‧無負擔」的品牌精神落實發揚─「原料自然‧配方簡單‧產品親肌無負擔」；以化粧品原料專家為基礎，堅持台灣自產自銷，並輔以環保可回收包材及舒適無壓的購物環境，所以客戶都能親身體驗專業優質產品與服務所帶來的平價奢華享受。",
    "英文友善":"0",
    "日文友善":"0",
    "韓文友善":"0",
    "行動裝置充電":"0",
    "無障礙友善":"0",
    "性別友善":"1",
    "便利支付":"1",
    "素食":"0",
    "友善廁所":"0",
    "公平貿易友善":"0",
    "Free WiFi":"0",
    "自行車友善":"0",
    "哺集乳友善":"0",
    "穆斯林友善":"0",
    "月經友善":"0",
    "友善項目總計":2
    }
  },
  {
    "type": "Feature",
    "geometry": {
       "type": "Point",
       "coordinates":  [ 121.511568,25.055627 ]
    },
    "properties": {
    "行政區":"大同區",
    "友善店家名稱":"十字軒糕餅舖",
    "地址":"臺北市大同區延平北路2段68號",
    "電話":"02-2558-0989",
    "簡介":"\"滿月收涎抓周，成年婚嫁祝福，古早味糕餅註記人生重要時候，壽桃、紅龜、綠豆椪...迎來送往，味美難忘。歲月悠悠1930年至今，屹立大稻埕近百個年頭，糕餅師父從囝子工做到白頭，十字軒依然堅持傳統手作，用情揉捏人間喜樂，用福堆疊廟宇香火 綿密酥鬆脆，福祿壽喜吉，十字生糕，守護傳統，也守護人間敦厚，添福添壽添人情，Ten Cake有禮好拌手\"",
    "英文友善":"0",
    "日文友善":"0",
    "韓文友善":"0",
    "行動裝置充電":"0",
    "無障礙友善":"0",
    "性別友善":"1",
    "便利支付":"0",
    "素食":"1",
    "友善廁所":"0",
    "公平貿易友善":"0",
    "Free WiFi":"1",
    "自行車友善":"0",
    "哺集乳友善":"0",
    "穆斯林友善":"0",
    "月經友善":"0",
    "友善項目總計":3
    }
  },
  {
    "type": "Feature",
    "geometry": {
       "type": "Point",
       "coordinates":  [ 121.509474,25.059611 ]
    },
    "properties": {
    "行政區":"大同區",
    "友善店家名稱":"繭裹子",
    "地址":"臺北市大同區迪化街一段213號",
    "電話":"02-2557-6780",
    "簡介":"致力於環保產品設計以及推廣公平貿易產品理念\n\ntwine繭裹設計的產品注重造型，手工，公平貿易和環境友善的概念，結合現代設計與傳統技術，強調自然材質，環保回收的生產方式，並確保所有產品的原創性。\n\n我們相信現代設計和傳統工藝技術可以完美的結合，一各好的設計產品是尊重環境與社會關懷。",
    "英文友善":"1",
    "日文友善":"0",
    "韓文友善":"0",
    "行動裝置充電":"1",
    "無障礙友善":"1",
    "性別友善":"1",
    "便利支付":"0",
    "素食":"0",
    "友善廁所":"0",
    "公平貿易友善":"1",
    "Free WiFi":"1",
    "自行車友善":"0",
    "哺集乳友善":"0",
    "穆斯林友善":"0",
    "月經友善":"0",
    "友善項目總計":6
    }
  },
  {
    "type": "Feature",
    "geometry": {
       "type": "Point",
       "coordinates":  [ 121.509401,25.059387 ]
    },
    "properties": {
    "行政區":"大同區",
    "友善店家名稱":"山衣丁",
    "地址":"臺北市大同區迪化街一段218號1樓",
    "電話":"02-2395-6991",
    "簡介":"Planedo是世界語中『星球』的意思\n這在提醒我們尊重地球上所有的生物物種\n並珍惜我們所使用的自然資源\n希望透過這個品牌不僅提供優質的機能服飾\n還可以減少對環境的負擔 ",
    "英文友善":"0",
    "日文友善":"0",
    "韓文友善":"0",
    "行動裝置充電":"0",
    "無障礙友善":"1",
    "性別友善":"1",
    "便利支付":"0",
    "素食":"0",
    "友善廁所":"0",
    "公平貿易友善":"0",
    "Free WiFi":"0",
    "自行車友善":"0",
    "哺集乳友善":"0",
    "穆斯林友善":"0",
    "月經友善":"0",
    "友善項目總計":2
    }
  },
  {
    "type": "Feature",
    "geometry": {
       "type": "Point",
       "coordinates":  [ 121.51098,25.053003 ]
    },
    "properties": {
    "行政區":"大同區",
    "友善店家名稱":"WFITNESS",
    "地址":"臺北市大同區甘谷街23號1樓",
    "電話":"02-25565667/0912-803-001",
    "簡介":"#性別友善 －在這裡，你能成為任何你喜歡的模樣！\n#親子友善 －不放心把孩子留在家？帶來我們這吧！\n#寵物友善 －把家裡的毛小孩帶過來當教官超療癒！\n▲WFITNESS 以HOME GYM為雛型 場館場域區分為，輔助器械區、多功能訓練區、自由重量區！ 藍灰牆、軌道燈、整排落地鏡、木紋地板，希望營造「遼闊、明亮、舒適」的視覺感受！ 每位學員都是提起勇氣、付諸信任，才選擇來我們這運動！我們不能讓他們後悔！\n●W FITNESS 四大核心理念：\n－HAPPY 開心\n－SINCERE 真誠\n－COMFORTABLE 舒適自在\n－PROFESSIONALISM 專業精神\n● Instagram / wfitness2021\n●［WFITNESS］採預約制 \n",
    "英文友善":"0",
    "日文友善":"0",
    "韓文友善":"0",
    "行動裝置充電":"0",
    "無障礙友善":"0",
    "性別友善":"1",
    "便利支付":"0",
    "素食":"0",
    "友善廁所":"0",
    "公平貿易友善":"0",
    "Free WiFi":"0",
    "自行車友善":"0",
    "哺集乳友善":"0",
    "穆斯林友善":"0",
    "月經友善":"0",
    "友善項目總計":1
    }
  },
  {
    "type": "Feature",
    "geometry": {
       "type": "Point",
       "coordinates":  [ 121.509215,25.061325 ]
    },
    "properties": {
    "行政區":"大同區",
    "友善店家名稱":"大稻埕葉晋發商號",
    "地址":"臺北市大同區迪化街一段296號",
    "電話":"02-25505567/0935-916-991",
    "簡介":"建物創建於日治初期約1900年代，自葉家第一代葉寬先生1923年第二手購入，舊時為經營米糧生意，第一進為店舖使用，第二進一樓有土壟間（碾米廠）、穀倉、宴客廳，二、三樓為居住空間，空間機能完整，見證當時中北街傳統碾米產業史之發展，並且逐步成為最大之碾米廠代表。 建物於2000年都市發展局大稻埕歷史風貌特定專用區細部計畫指定為歷史性建築物，2013年完成修復取得使用執照， 2016年登錄為文化局歷史建築。雖經整修，然建築整體仍維 持原有風貌，並保留大部份原有建築材料，包含牆體、樓板等皆留存舊有之木材及磚石構造。\n\n葉晋發商號第四代葉宏圖及五代葉晏廷先生以傳承百年祖業為理念，設立財團法人支持藝術文化與教育發展，透過產業的歷史文化為核心與多元品牌合作，以複合式活動主題 訴說台灣在地人文歷史，串聯現在與未來，為空間帶來創新的生命。\n",
    "英文友善":"1",
    "日文友善":"0",
    "韓文友善":"0",
    "行動裝置充電":"0",
    "無障礙友善":"0",
    "性別友善":"1",
    "便利支付":"0",
    "素食":"0",
    "友善廁所":"1",
    "公平貿易友善":"0",
    "Free WiFi":"0",
    "自行車友善":"1",
    "哺集乳友善":"1",
    "穆斯林友善":"1",
    "月經友善":"0",
    "友善項目總計":6
    }
  },
  {
    "type": "Feature",
    "geometry": {
       "type": "Point",
       "coordinates":  [ 121.509861,25.056255 ]
    },
    "properties": {
    "行政區":"大同區",
    "友善店家名稱":"新東陽 迪化100",
    "地址":"臺北市大同區迪化街一段100號  1、2樓",
    "電話":"02-25551868/0937-677-758",
    "簡介":"新東陽全台首家新型態複合店「迪化100」，以巴洛克風格呈現，結合「Serene Cafe」，還設置新東陽第一間DIY手作教室，可以自己動手製作台灣造型鳳梨酥。新東陽以推動中華美食精緻化，國際化的精神標竿為企業目標，打造”來台必買、出國必帶、台灣特產第一品牌”的企業形象，帶給消費者優質的購物體驗",
    "英文友善":"0",
    "日文友善":"0",
    "韓文友善":"0",
    "行動裝置充電":"0",
    "無障礙友善":"0",
    "性別友善":"0",
    "便利支付":"0",
    "素食":"1",
    "友善廁所":"1",
    "公平貿易友善":"0",
    "Free WiFi":"1",
    "自行車友善":"0",
    "哺集乳友善":"0",
    "穆斯林友善":"0",
    "月經友善":"0",
    "友善項目總計":3
    }
  },
  {
    "type": "Feature",
    "geometry": {
       "type": "Point",
       "coordinates":  [ 121.509666,25.058353 ]
    },
    "properties": {
    "行政區":"大同區",
    "友善店家名稱":"貝殼好室 BackerHouse",
    "地址":"臺北市大同區迪化街一段155號",
    "電話":"02-25509366",
    "簡介":"｜選物・輕食・活動｜\n 50+ 個透過群眾集資誕生的品牌及商品，從線上走到線下，歡迎來挖寶！\n 手沖咖啡茶飲、鮮奶特調、冰淇淋與湯品，每一口都有群眾集資的滋味～\n 群眾集資分享會、新品發表體驗會、講座讀書會... 不定時公告，敬請期待！",
    "英文友善":"0",
    "日文友善":"0",
    "韓文友善":"0",
    "行動裝置充電":"1",
    "無障礙友善":"0",
    "性別友善":"1",
    "便利支付":"1",
    "素食":"1",
    "友善廁所":"1",
    "公平貿易友善":"0",
    "Free WiFi":"1",
    "自行車友善":"0",
    "哺集乳友善":"0",
    "穆斯林友善":"0",
    "月經友善":"1",
    "友善項目總計":7
    }
  },
  {
    "type": "Feature",
    "geometry": {
       "type": "Point",
       "coordinates":  [ 121.519721,25.051998 ]
    },
    "properties": {
    "行政區":"大同區",
    "友善店家名稱":"Coco Brother 椰兄-中山店",
    "地址":"臺北市大同區南京西路18巷6弄8-2號",
    "電話":"02-2762-8686/0988-389-057",
    "簡介":"海派泰式創意料理\n椰以道地泰式椰子冰淇淋起家,自東南亞引進正宗泰式料理,有別於過往以桌菜為主流的泰式料理餐廳,主打一個人也能享用的泰式定食及南洋鍋物獨創之打拋豬冰花煎餃,將泰式經典口味包入日系/中式煎餃,讓人耳目一新!品牌定位「海派泰式創意料理」,以「海派」一詞傳達椰兄欲傳達之品牌個性,也延續Coco h的命名緣起-不論東南亞還是台灣,朋友間稱兄道弟之親切熱情。同時隱含海洋之聯想,呼應店內營造之海邊椰林風情。品牌定位另求「創意料理」,強化特色及差異性,豎立創意泰式餐點鮮明旗幟。",
    "英文友善":"1",
    "日文友善":"0",
    "韓文友善":"0",
    "行動裝置充電":"0",
    "無障礙友善":"1",
    "性別友善":"1",
    "便利支付":"1",
    "素食":"1",
    "友善廁所":"1",
    "公平貿易友善":"0",
    "Free WiFi":"1",
    "自行車友善":"0",
    "哺集乳友善":"0",
    "穆斯林友善":"0",
    "月經友善":"0",
    "友善項目總計":7
    }
  },
  {
    "type": "Feature",
    "geometry": {
       "type": "Point",
       "coordinates":  [ 121.516231,25.066011 ]
    },
    "properties": {
    "行政區":"大同區",
    "友善店家名稱":"娥嬤炖鰻",
    "地址":"臺北市大同區昌吉街51號",
    "電話":"02-2592-7085",
    "簡介":"在地飄香一甲子的好味道，不少臺北人從小吃到大的傳統味道。 \n\n台式傳統紅燒鰻湯搭配古早味炒米粉，是老饕的必搭組合。\n紅燒鰻湯頭，以中藥熬煮清淡不油膩，\n炸的酥香的鰻魚魚肉鮮嫩，口感酥脆，湯喝不夠還可以無限喝到飽！",
    "英文友善":"0",
    "日文友善":"0",
    "韓文友善":"0",
    "行動裝置充電":"0",
    "無障礙友善":"0",
    "性別友善":"1",
    "便利支付":"0",
    "素食":"0",
    "友善廁所":"0",
    "公平貿易友善":"0",
    "Free WiFi":"0",
    "自行車友善":"1",
    "哺集乳友善":"0",
    "穆斯林友善":"0",
    "月經友善":"0",
    "友善項目總計":2
    }
  },
  {
    "type": "Feature",
    "geometry": {
       "type": "Point",
       "coordinates":  [ 121.58792,24.971325 ]
    },
    "properties": {
    "行政區":"文山區",
    "友善店家名稱":"烏鐵月光賞茶故事館",
    "地址":"臺北市文山區指南路三段38巷25之1號",
    "電話":"02-2936-1479/ 0937-820-360(周先生)",
    "簡介":"為茶做了各式各樣的突破，特別研發了『月光茶』，不含咖啡因、無刺激性，帶有溫潤清淡口味的口感，看山嵐霧起，品嚐獨特茶香。",
    "英文友善":"1",
    "日文友善":"1",
    "韓文友善":"0",
    "行動裝置充電":"1",
    "無障礙友善":"0",
    "性別友善":"1",
    "便利支付":"1",
    "素食":"0",
    "友善廁所":"0",
    "公平貿易友善":"0",
    "Free WiFi":"1",
    "自行車友善":"1",
    "哺集乳友善":"0",
    "穆斯林友善":"0",
    "月經友善":"0",
    "友善項目總計":7
    }
  },
  {
    "type": "Feature",
    "geometry": {
       "type": "Point",
       "coordinates":  [ 121.586751,24.970065 ]
    },
    "properties": {
    "行政區":"文山區",
    "友善店家名稱":"光羽塩",
    "地址":"臺北市文山區指南路三段38巷14-2號",
    "電話":"02-2939-4050",
    "簡介":"坐落於貓空半山腰，有著美景與如同自然般偌大的空間。除了美景，還可體驗不同茶種的泡茶方式、品嚐茶香，將茶藝的享受帶入生活中。",
    "英文友善":"1",
    "日文友善":"1",
    "韓文友善":"0",
    "行動裝置充電":"0",
    "無障礙友善":"0",
    "性別友善":"0",
    "便利支付":"0",
    "素食":"0",
    "友善廁所":"1",
    "公平貿易友善":"0",
    "Free WiFi":"1",
    "自行車友善":"0",
    "哺集乳友善":"0",
    "穆斯林友善":"0",
    "月經友善":"1",
    "友善項目總計":5
    }
  },
  {
    "type": "Feature",
    "geometry": {
       "type": "Point",
       "coordinates":  [ 121.591682,24.969128 ]
    },
    "properties": {
    "行政區":"文山區",
    "友善店家名稱":"阿義師的大茶壺茶餐廳",
    "地址":"臺北市文山區指南路三段38巷37-1號1樓",
    "電話":"02-2939-5615/0916793473",
    "簡介":"以食材為主角，自然中嚐見味蕾變化的奢華，平淡中享受口中的層次，提供浪漫的夜景、和善的服務、及大師級的餐點。",
    "英文友善":"1",
    "日文友善":"1",
    "韓文友善":"0",
    "行動裝置充電":"1",
    "無障礙友善":"1",
    "性別友善":"1",
    "便利支付":"1",
    "素食":"1",
    "友善廁所":"0",
    "公平貿易友善":"0",
    "Free WiFi":"1",
    "自行車友善":"1",
    "哺集乳友善":"0",
    "穆斯林友善":"0",
    "月經友善":"0",
    "友善項目總計":9
    }
  },
  {
    "type": "Feature",
    "geometry": {
       "type": "Point",
       "coordinates":  [ 121.590701,24.967068 ]
    },
    "properties": {
    "行政區":"文山區",
    "友善店家名稱":"紅木屋休閒茶館",
    "地址":"臺北市文山區指南路三段38巷33號",
    "電話":"02-2939-9706",
    "簡介":"可以享用到老闆自栽有機食蔬，更可以欣賞到四季不同景色及山巒，到了夜晚，更可以佐著萬家燈火，享受精緻餐點。",
    "英文友善":"1",
    "日文友善":"0",
    "韓文友善":"0",
    "行動裝置充電":"1",
    "無障礙友善":"1",
    "性別友善":"1",
    "便利支付":"1",
    "素食":"1",
    "友善廁所":"1",
    "公平貿易友善":"0",
    "Free WiFi":"1",
    "自行車友善":"0",
    "哺集乳友善":"0",
    "穆斯林友善":"0",
    "月經友善":"0",
    "友善項目總計":8
    }
  },
  {
    "type": "Feature",
    "geometry": {
       "type": "Point",
       "coordinates":  [ 121.590701,24.967068 ]
    },
    "properties": {
    "行政區":"文山區",
    "友善店家名稱":"貓空閒",
    "地址":"臺北市文山區指南路三段38巷33-37號空地",
    "電話":"0953-304-776/0918-889-891(楊小姐)",
    "簡介":"慢步調的步伐，漫步在午後貓空步道，品味特有的茶山文化，來到臺北的後花園，讓自己身、心、靈舒壓，享受生活美好。",
    "英文友善":"1",
    "日文友善":"0",
    "韓文友善":"0",
    "行動裝置充電":"0",
    "無障礙友善":"0",
    "性別友善":"1",
    "便利支付":"0",
    "素食":"0",
    "友善廁所":"0",
    "公平貿易友善":"0",
    "Free WiFi":"1",
    "自行車友善":"1",
    "哺集乳友善":"0",
    "穆斯林友善":"0",
    "月經友善":"1",
    "友善項目總計":5
    }
  },
  {
    "type": "Feature",
    "geometry": {
       "type": "Point",
       "coordinates":  [ 121.567582,24.985688 ]
    },
    "properties": {
    "行政區":"文山區",
    "友善店家名稱":"貓茶町 - 創始店",
    "地址":"臺北市文山區保儀路117號",
    "電話":"02-2937-6800/02-2913-8000#15吳會計",
    "簡介":"堅持選用新鮮在地的食材與在地茶農的茶葉品，精心製作與研發貓茶町全系列食品。獨家開創中式的茶品與西式甜點的美麗。",
    "英文友善":"1",
    "日文友善":"0",
    "韓文友善":"0",
    "行動裝置充電":"0",
    "無障礙友善":"0",
    "性別友善":"1",
    "便利支付":"1",
    "素食":"1",
    "友善廁所":"0",
    "公平貿易友善":"0",
    "Free WiFi":"1",
    "自行車友善":"1",
    "哺集乳友善":"0",
    "穆斯林友善":"0",
    "月經友善":"0",
    "友善項目總計":6
    }
  },
  {
    "type": "Feature",
    "geometry": {
       "type": "Point",
       "coordinates":  [ 121.556128,25.000012 ]
    },
    "properties": {
    "行政區":"文山區",
    "友善店家名稱":"鬍鬚張臺北萬芳店",
    "地址":"臺北市文山區興隆路三段60號",
    "電話":"02-2930-2800/總公司:02-2298-2185＃232(行企部劉副理)",
    "簡介":"「鬍鬚張魯肉飯」創立於1960年，秉持『傳統美食，追求幸福』的創業初衷，從路邊攤創起，以發揚台灣美食文化為職志，不斷的做中學，以品質、口味、服務、衛生為基礎，提供安全美味的產品，整潔親切的用餐環境與氛圍的餐廳。\n鬍鬚張以「誠信篤實」、「追求卓越」、「顧客滿意」、「永續成長」為經營理念，以「以人為本」、「人才培育」、「賞罰分明」、「成果分享」為管理原則，並致力於『將魯肉飯販賣到全世界都知道』的企業願景實踐。",
    "英文友善":"0",
    "日文友善":"0",
    "韓文友善":"0",
    "行動裝置充電":"0",
    "無障礙友善":"0",
    "性別友善":"1",
    "便利支付":"0",
    "素食":"0",
    "友善廁所":"1",
    "公平貿易友善":"0",
    "Free WiFi":"0",
    "自行車友善":"0",
    "哺集乳友善":"0",
    "穆斯林友善":"0",
    "月經友善":"0",
    "友善項目總計":2
    }
  },
  {
    "type": "Feature",
    "geometry": {
       "type": "Point",
       "coordinates":  [ 121.556231,25.000221 ]
    },
    "properties": {
    "行政區":"文山區",
    "友善店家名稱":"里仁-萬芳興隆店",
    "地址":"臺北市文山區興隆路三段65號",
    "電話":"02-2932-9036/02-77146168#80514(總公司陳'S)",
    "簡介":"1988年里仁開張，決心要做「該做但還沒有人做的事」。提供以誠信契作支持和鼓勵農友，栽植無農藥化肥的純淨蔬果來友善環境，也尋找願意還原食物本味、恢復環境清靜的淳厚廠商，近年更積極以產品包材減塑支持淨塑。 里仁產品開發堅持自然、健康、平實。主要產品包括有機或轉型農產品、少或無添加物的食品，不含基改成份，以本土有機為優先，支持綠保生態並關懷弱勢。",
    "英文友善":"0",
    "日文友善":"0",
    "韓文友善":"0",
    "行動裝置充電":"0",
    "無障礙友善":"0",
    "性別友善":"0",
    "便利支付":"0",
    "素食":"1",
    "友善廁所":"0",
    "公平貿易友善":"0",
    "Free WiFi":"0",
    "自行車友善":"0",
    "哺集乳友善":"0",
    "穆斯林友善":"0",
    "月經友善":"0",
    "友善項目總計":1
    }
  },
  {
    "type": "Feature",
    "geometry": {
       "type": "Point",
       "coordinates":  [ 121.590701,24.967068 ]
    },
    "properties": {
    "行政區":"文山區",
    "友善店家名稱":"清泉廣場",
    "地址":"臺北市文山區指南路3段38巷33-1號",
    "電話":"02-2938-3222",
    "簡介":"店沒有華麗的裝潢，只有老闆親切的服務，可口美味的佳餚，還有專屬兒童遊戲區；店裡沒有聘請師傅，所有的菜色都是老闆夫婦親手烹煮的，有著媽媽的味道像回到家的感覺。\n清泉廣場是貓空的至高點，視野極佳，天候狀況好時景色更是一級棒，順著前方的山谷望去就是101！\n推薦您來時必點：茶香蛤蜊雞湯、黃金白斬雞、炸茶豆腐、茶油麵線、茶葉炒飯、和風芝香過貓、茶葉煎蛋，還有許多好吃的餐點唷！\n另外值得推薦的私房菜：涼拌梅香苦瓜，手工茶葉餅乾。",
    "英文友善":"0",
    "日文友善":"0",
    "韓文友善":"0",
    "行動裝置充電":"0",
    "無障礙友善":"0",
    "性別友善":"0",
    "便利支付":"1",
    "素食":"0",
    "友善廁所":"1",
    "公平貿易友善":"0",
    "Free WiFi":"1",
    "自行車友善":"0",
    "哺集乳友善":"0",
    "穆斯林友善":"0",
    "月經友善":"1",
    "友善項目總計":4
    }
  },
  {
    "type": "Feature",
    "geometry": {
       "type": "Point",
       "coordinates":  [ 121.559724,24.995636 ]
    },
    "properties": {
    "行政區":"文山區",
    "友善店家名稱":"撥啡",
    "地址":"臺北市文山區興隆路三段290號",
    "電話":"0918-962-980",
    "簡介":"我們是社區型的平價咖啡外帶吧，設置有少數簡易座位可稍事休息，喝杯咖啡。\n義式咖啡為主，愛樂壓手沖咖啡、精釀啤酒、簡易甜點等。\n",
    "英文友善":"1",
    "日文友善":"0",
    "韓文友善":"0",
    "行動裝置充電":"0",
    "無障礙友善":"0",
    "性別友善":"1",
    "便利支付":"1",
    "素食":"0",
    "友善廁所":"0",
    "公平貿易友善":"0",
    "Free WiFi":"1",
    "自行車友善":"0",
    "哺集乳友善":"0",
    "穆斯林友善":"0",
    "月經友善":"1",
    "友善項目總計":5
    }
  },
  {
    "type": "Feature",
    "geometry": {
       "type": "Point",
       "coordinates":  [ 121.553779,24.999583 ]
    },
    "properties": {
    "行政區":"文山區",
    "友善店家名稱":"芙洛納花藝設計",
    "地址":"臺北市文山區辛亥路五段56號1樓",
    "電話":"0966-950-331",
    "簡介":"提供花藝空間\n官網：FulownA花藝設計\nGoogle商家https://g.page/FulownA\nIGhttps://www.instagram.com/fulowna.design\nFB粉專https://m.facebook.com/FulownA.deisgn/",
    "英文友善":"1",
    "日文友善":"0",
    "韓文友善":"0",
    "行動裝置充電":"0",
    "無障礙友善":"0",
    "性別友善":"0",
    "便利支付":"0",
    "素食":"0",
    "友善廁所":"0",
    "公平貿易友善":"0",
    "Free WiFi":"1",
    "自行車友善":"0",
    "哺集乳友善":"0",
    "穆斯林友善":"0",
    "月經友善":"0",
    "友善項目總計":2
    }
  },
  {
    "type": "Feature",
    "geometry": {
       "type": "Point",
       "coordinates":  [ 121.579466,24.986114 ]
    },
    "properties": {
    "行政區":"文山區",
    "友善店家名稱":"Purrson Bistro呼嚕小酒館",
    "地址":"臺北市文山區指南路二段106號",
    "電話":"02-2936-9172/0970-764-851",
    "簡介":"用貓兒舒服時打呼嚕的聲音\"purr\"組合\"person\"的\"Purrson呼嚕小酒館\"，\n\n想傳達給你的，是像貓兒一樣chill的生活態度。",
    "英文友善":"0",
    "日文友善":"0",
    "韓文友善":"0",
    "行動裝置充電":"0",
    "無障礙友善":"0",
    "性別友善":"1",
    "便利支付":"0",
    "素食":"1",
    "友善廁所":"1",
    "公平貿易友善":"0",
    "Free WiFi":"1",
    "自行車友善":"0",
    "哺集乳友善":"0",
    "穆斯林友善":"0",
    "月經友善":"0",
    "友善項目總計":4
    }
  },
  {
    "type": "Feature",
    "geometry": {
       "type": "Point",
       "coordinates":  [ 121.597168,24.967296 ]
    },
    "properties": {
    "行政區":"文山區",
    "友善店家名稱":"邀月茶坊",
    "地址":"臺北市文山區指南路三段40巷6號",
    "電話":"02-29392025/0926-976-786",
    "簡介":"坐落於貓空，24小時營業的茶藝館",
    "英文友善":"0",
    "日文友善":"0",
    "韓文友善":"0",
    "行動裝置充電":"1",
    "無障礙友善":"0",
    "性別友善":"1",
    "便利支付":"0",
    "素食":"1",
    "友善廁所":"1",
    "公平貿易友善":"0",
    "Free WiFi":"1",
    "自行車友善":"1",
    "哺集乳友善":"0",
    "穆斯林友善":"0",
    "月經友善":"1",
    "友善項目總計":7
    }
  },
  {
    "type": "Feature",
    "geometry": {
       "type": "Point",
       "coordinates":  [ 121.569813,24.989021 ]
    },
    "properties": {
    "行政區":"文山區",
    "友善店家名稱":"阿段烘焙",
    "地址":"臺北市文山區開元街38號",
    "電話":"02-2936-1341\n02-2939-9562/0933-174-820",
    "簡介":"阿段烘焙成立於1999 年，產品主要為蛋糕、歐式麵包、餅乾等，主張以最自然的方法製作產品，用低溫長時間自然發酵的方式製作麵包，烘焙坊以【麵包、分享、在地化】爲核心理念，作爲小農和消費者之間的橋樑。",
    "英文友善":"0",
    "日文友善":"0",
    "韓文友善":"0",
    "行動裝置充電":"0",
    "無障礙友善":"0",
    "性別友善":"1",
    "便利支付":"1",
    "素食":"0",
    "友善廁所":"0",
    "公平貿易友善":"0",
    "Free WiFi":"1",
    "自行車友善":"0",
    "哺集乳友善":"0",
    "穆斯林友善":"0",
    "月經友善":"0",
    "友善項目總計":3
    }
  },
  {
    "type": "Feature",
    "geometry": {
       "type": "Point",
       "coordinates":  [ 121.568926,24.987705 ]
    },
    "properties": {
    "行政區":"文山區",
    "友善店家名稱":"山芳良油",
    "地址":"臺北市文山區指南路一段9號",
    "電話":"02-2939-5789/0988-335-678",
    "簡介":"榨油機轟隆作響，清澈茶油金黃流淌，每一滴都是陽光雨露與山土的自然滋養。鄭家兩代一生一職，誠實專業的製油郎。不混廉價油、不摻香精，謝絕取巧增加出油量，歷經食安風暴檢驗，文山一直有芳。\n\n1971年，來自台中清水的少年郎，帶著父親的期許，北上向同鄉學製油，燥熱柴火邊，大爐手工翻炒，日日照起工。花生油、芝麻油、山東小磨麻油起家，1978年木柵開設三芳製油廠，附近茶農送來苦茶籽、茶葉籽，開啟榨油新篇章。精選種籽分別輕烘焙低溫榨，器具工法繁複多樣，冷壓苦茶油保留微量元素，茶籽油厚實濃香。木柵老街上飄香近半世紀，四季食養。\n良油有山芳，願世人長壽健康、子孫滿堂。",
    "英文友善":"1",
    "日文友善":"0",
    "韓文友善":"0",
    "行動裝置充電":"0",
    "無障礙友善":"0",
    "性別友善":"0",
    "便利支付":"1",
    "素食":"0",
    "友善廁所":"1",
    "公平貿易友善":"0",
    "Free WiFi":"1",
    "自行車友善":"0",
    "哺集乳友善":"0",
    "穆斯林友善":"0",
    "月經友善":"0",
    "友善項目總計":4
    }
  },
  {
    "type": "Feature",
    "geometry": {
       "type": "Point",
       "coordinates":  [ 121.54122,24.990431 ]
    },
    "properties": {
    "行政區":"文山區",
    "友善店家名稱":"義興樓",
    "地址":"臺北市文山區景文街121號",
    "電話":"02-2931-3966/0988495576",
    "簡介":"古藝台菜.豐簡吃開 ── 義興樓 EAT-THING RESTAURANT\n\n二樓古早木門推開,時光倒流回那個風華年代，嚐一口懷念的老牌手路菜~\n百年前遇洪，高家抱著僅存的一尊觀音回到景美，從阿祖的麵攤轉身辦桌菜，歷經四代。\n\n豬背油剖成袋，填餡裹粉炸個金黃，金錢蝦餅再現一世紀前江山樓料理風采。\n豬腦煎蛋、五香雞捲、蛋酥冬粉湯...，舌尖縈懷，幾近失傳的費工酒家菜，數度躍上米其林國際舞台。\n\n老厝裡吃老台味，可簡單可豐湃，再來一盤小老闆的拿手私房菜，爐灶歲歲款待，一桌桌飽足開懷!",
    "英文友善":"0",
    "日文友善":"0",
    "韓文友善":"0",
    "行動裝置充電":"0",
    "無障礙友善":"1",
    "性別友善":"1",
    "便利支付":"0",
    "素食":"1",
    "友善廁所":"0",
    "公平貿易友善":"0",
    "Free WiFi":"1",
    "自行車友善":"0",
    "哺集乳友善":"0",
    "穆斯林友善":"0",
    "月經友善":"0",
    "友善項目總計":4
    }
  },
  {
    "type": "Feature",
    "geometry": {
       "type": "Point",
       "coordinates":  [ 121.549678,25.026299 ]
    },
    "properties": {
    "行政區":"大安區",
    "友善店家名稱":"H.T.Burger",
    "地址":"臺北市大安區敦化南路二段203號遠企B2",
    "電話":"02-2732-7473/0958-838-131",
    "簡介":"H.T.Burger 是台灣首家以清真認證HALAL規格來開設的漢堡店，不但食材來源要求純淨、潔淨、符合人道飼育、注重動物福祉，烹調也遵秉新鮮手作的原則，打造出從產地到餐桌都令人安心的西式美饌。漢堡搭配的蔬果也有產銷履歷證明，包括自製美乃滋使用的雞蛋，同樣也經清真認證且無餵養抗生素，入口自然、爽口，感覺無負擔。",
    "英文友善":"1",
    "日文友善":"0",
    "韓文友善":"0",
    "行動裝置充電":"0",
    "無障礙友善":"1",
    "性別友善":"1",
    "便利支付":"1",
    "素食":"1",
    "友善廁所":"1",
    "公平貿易友善":"0",
    "Free WiFi":"1",
    "自行車友善":"0",
    "哺集乳友善":"1",
    "穆斯林友善":"1",
    "月經友善":"0",
    "友善項目總計":9
    }
  },
  {
    "type": "Feature",
    "geometry": {
       "type": "Point",
       "coordinates":  [ 121.524424,25.052665 ]
    },
    "properties": {
    "行政區":"中山區",
    "友善店家名稱":"雲彩軒",
    "地址":"臺北市中山區南京東路ㄧ段31巷2號",
    "電話":"0932301962",
    "簡介":"雲彩軒以母親名子裡的雲字命名,代表對家的愛。 今年邁入第20年的雲彩軒，過去經營伴手禮品店， 以繽紛多元的產品，獨特的生活擺設成功抓住年輕人及喜愛生活雜貨的觀光客， 其中尤其深受日本人的喜愛，曾多次接受日本雜誌報導採訪 2020年開始著手品牌形象的重新設計 我們希望跳脫以往中式雜貨禮品的印象 從商品開發和品牌建置起步 打造更貼近生活的形象,傳遞來自台灣的美好 雲彩軒不只是伴手禮品店,而是能點綴你我生活的地方 歷經疫情的休息沉澱，2022年11月，我們在中山區重新出發！ 臨近綠意盎然的公園，明亮自在的空間，伴隨著放鬆的爵士音樂， 身邊圍繞著店主挑選的器皿，服飾，生活擺飾及台灣工藝， 期待提供給大家更多美好的生活提案！\n經營理念\n發現生活的靈感\n|回歸生活本質|\n永續 自然 工藝 \n｜溫暖人情|\n夥伴溫暖親切的問候,帶給消費者自在的購物空間\n|豐富多樣|\n藉由選物,聯名及商品開發展現台灣多采多姿的繽紛生活提案",
    "英文友善":"1",
    "日文友善":"1",
    "韓文友善":"0",
    "行動裝置充電":"0",
    "無障礙友善":"0",
    "性別友善":"1",
    "便利支付":"1",
    "素食":"0",
    "友善廁所":"1",
    "公平貿易友善":"0",
    "Free WiFi":"1",
    "自行車友善":"0",
    "哺集乳友善":"0",
    "穆斯林友善":"0",
    "月經友善":"0",
    "友善項目總計":6
    }
  },
  {
    "type": "Feature",
    "geometry": {
       "type": "Point",
       "coordinates":  [ 121.575138,25.050397 ]
    },
    "properties": {
    "行政區":"松山區",
    "友善店家名稱":"紀老師挽臉美容/永康足道養生館",
    "地址":"臺北市松山區饒河街132號",
    "電話":"02-27611688",
    "簡介":"古式挽臉、美容 、按摩",
    "英文友善":"1",
    "日文友善":"1",
    "韓文友善":"0",
    "行動裝置充電":"1",
    "無障礙友善":"0",
    "性別友善":"1",
    "便利支付":"0",
    "素食":"0",
    "友善廁所":"1",
    "公平貿易友善":"0",
    "Free WiFi":"1",
    "自行車友善":"1",
    "哺集乳友善":"1",
    "穆斯林友善":"0",
    "月經友善":"1",
    "友善項目總計":9
    }
  },
  {
    "type": "Feature",
    "geometry": {
       "type": "Point",
       "coordinates":  [ 121.507105,25.046448 ]
    },
    "properties": {
    "行政區":"萬華區",
    "友善店家名稱":"皇家玫瑰旅館-西門館",
    "地址":"臺北市萬華區西寧南路63-1號",
    "電話":"02-82458288",
    "簡介":"木質玫瑰 等待旅人的歸巢\n出巢盡覽，絕美的城市森林\n\n位於臺北市西區繁華之首 – 西門町商圈，\n除了集合時下最新潮的青年文化，同時\n也能讓人感受到此區新舊交雜的豐富歷史。\n另外，萬年商業大樓、武昌電影街、\n西門紅樓，沿街的道地台式風味小吃，\n都是不容錯過的西門特色",
    "英文友善":"1",
    "日文友善":"1",
    "韓文友善":"1",
    "行動裝置充電":"1",
    "無障礙友善":"0",
    "性別友善":"1",
    "便利支付":"1",
    "素食":"0",
    "友善廁所":"1",
    "公平貿易友善":"0",
    "Free WiFi":"1",
    "自行車友善":"0",
    "哺集乳友善":"0",
    "穆斯林友善":"0",
    "月經友善":"0",
    "友善項目總計":8
    }
  },
  {
    "type": "Feature",
    "geometry": {
       "type": "Point",
       "coordinates":  [ 121.520732,25.049043 ]
    },
    "properties": {
    "行政區":"中山區",
    "友善店家名稱":"皇家玫瑰旅館-站前館",
    "地址":"臺北市中山區華陰街3號",
    "電話":"02-82458288",
    "簡介":" / ABOUT 皇家玫瑰旅館-站前館/\n慢活玫瑰 走就好，別跑\n三鐵共構，最便利的住宿首選\n位於臺北交通中樞地帶，不僅擁有三鐵共構的地理優勢，\n更是集結於美食、玩樂於一身，待夜晚的浪漫，以最恣意地步伐，\n慢活都會的美好時光，讓旅客宛如回到家的自在便利，給予最無微不至的照料。\n皇家玫瑰旅館站前館距離桃園國際機場機場\n 臺北松山機場 2.8公里\n 桃園國際機場 27公里\n開車 10 分鐘就可以到臺北 101和寧夏夜市。\n您可以享受免費無線上網和有線上網等禮遇。\n此外，開車一下下就可以到士林夜市和臺北市立動物園。\n離大眾運輸工具不遠，步行至捷運中山站只需要 6 分鐘 / 捷運臺北車站9 分鐘。",
    "英文友善":"1",
    "日文友善":"1",
    "韓文友善":"1",
    "行動裝置充電":"1",
    "無障礙友善":"0",
    "性別友善":"1",
    "便利支付":"1",
    "素食":"0",
    "友善廁所":"1",
    "公平貿易友善":"0",
    "Free WiFi":"1",
    "自行車友善":"0",
    "哺集乳友善":"0",
    "穆斯林友善":"0",
    "月經友善":"0",
    "友善項目總計":8
    }
  },
  {
    "type": "Feature",
    "geometry": {
       "type": "Point",
       "coordinates":  [ 121.566756,25.031804 ]
    },
    "properties": {
    "行政區":"信義區",
    "友善店家名稱":"臺北市信義運動中心",
    "地址":"臺北市信義區松勤街100號",
    "電話":"02-87861911分機115",
    "簡介":"臺北市信義運動中心係由臺北市政府以OT方式委由崇越科技旗下的全越運動事業股份有限公司經營管理之運動場館，於 2022年12月10日重新開幕營運。",
    "英文友善":"1",
    "日文友善":"1",
    "韓文友善":"0",
    "行動裝置充電":"1",
    "無障礙友善":"0",
    "性別友善":"1",
    "便利支付":"0",
    "素食":"1",
    "友善廁所":"1",
    "公平貿易友善":"0",
    "Free WiFi":"1",
    "自行車友善":"1",
    "哺集乳友善":"1",
    "穆斯林友善":"0",
    "月經友善":"1",
    "友善項目總計":10
    }
  },
  {
    "type": "Feature",
    "geometry": {
       "type": "Point",
       "coordinates":  [ 121.509504,25.058713 ]
    },
    "properties": {
    "行政區":"大同區",
    "友善店家名稱":"大春煉皂",
    "地址":"臺北市大同區迪化街一段190號",
    "電話":"02-2550-0013",
    "簡介":"民國39年(西元1950年)，李水土爺爺在大稻埕，以雜貨店起家。戰後，當日本離開台灣時，水土爺爺從日本人手中接下了『大春煉皂』，開展肥皂生產和銷售事業，並矢志以誠信經營，將理念發揚光大。目前已經傳承到第三代手中，這中間歷經七十年，孩子們謹守著爺爺的囑咐，始終不忘本的秉持「與土地共存」的做人做事原則。2016年，「大春煉皂」願發揚水土爺爺的初衷，並將這份祝福的心意傳送給更多人，『大春煉皂』這名號的標誌，皆承續了水土爺爺意志與精神；所謂的『煉』，就是用心琢磨每塊肥皂，最簡單也最純粹，對人對地皆友善，永續、共生、共存",
    "英文友善":"1",
    "日文友善":"1",
    "韓文友善":"0",
    "行動裝置充電":"0",
    "無障礙友善":"0",
    "性別友善":"1",
    "便利支付":"1",
    "素食":"0",
    "友善廁所":"0",
    "公平貿易友善":"0",
    "Free WiFi":"1",
    "自行車友善":"0",
    "哺集乳友善":"0",
    "穆斯林友善":"0",
    "月經友善":"0",
    "友善項目總計":5
    }
  },
  {
    "type": "Feature",
    "geometry": {
       "type": "Point",
       "coordinates":  [ 121.617213,25.053998 ]
    },
    "properties": {
    "行政區":"南港區",
    "友善店家名稱":"魚籃書坊",
    "地址":"臺北市南港區富康街26號",
    "電話":"02-26515911",
    "簡介":"由創辦人陳美華老師為起首，2013年10月於臺北市南港區富康街26號開設門市「魚籃書坊」，除有各類書籍、文創產品等展售之外，也有餐飲、場地租借的服務，更是主要的活動推廣中心。期間開辦多種讀書會及課程，從社會、人文、宗教、思想等各面向，帶領群眾豐富心靈、增長智慧。魚籃書坊創始者陳美華老師本著人本與創新的精神，希望發揚南港地區的文化氣息與人文精神，期許魚籃書坊成為南港在地最獨具一格之文創領先品牌，並對提升人文氣質積極貢獻。\n\n    魚籃書坊希望關照每一寸在地，愛惜每一處資產，在快速變動的時潮中，珍惜空間裡的記憶庫藏，與寶貴的文史做最貼近的撫觸。推展人與聚落、人與環境、人與自然的共生與和諧，秉承「吾道不孤，德必有鄰」的信念支持，立志在都會區別樹一幟，獨運匠心賦予群聚空間曼荼羅式的功能展現，必能吸引有志同道薈萃雲集，推廣各式多樣的沙龍團聚，打造深耕在地的心靈盛宴，串聯芳鄰散播書香，拂送樂讀與舒活的美善淳風，薰沐一期一會的終身學習氛圍，陶養出紛呈的富康生活，交織群我策勵的里仁為美。",
    "英文友善":"0",
    "日文友善":"0",
    "韓文友善":"0",
    "行動裝置充電":"1",
    "無障礙友善":"1",
    "性別友善":"1",
    "便利支付":"0",
    "素食":"1",
    "友善廁所":"0",
    "公平貿易友善":"0",
    "Free WiFi":"1",
    "自行車友善":"1",
    "哺集乳友善":"0",
    "穆斯林友善":"1",
    "月經友善":"1",
    "友善項目總計":8
    }
  },
  {
    "type": "Feature",
    "geometry": {
       "type": "Point",
       "coordinates":  [ 121.515142,25.029564 ]
    },
    "properties": {
    "行政區":"中正區",
    "友善店家名稱":"臺北 NPO 聚落",
    "地址":"臺北市中正區重慶南路三段2號",
    "電話":"02-23012160",
    "簡介":"為呼應公民團體對於臺北市內辦公空間的訴求，市政府經過長期尋覓和評估，找到了荒廢已久的老舊宿舍，在眾多夥伴的號召與市府內部協調之下，北一女中將此棟大樓正式撥交給社會局，作為未來非營利組織的辦公空間使用。\n\n經歷繁瑣的整修工程、內部裝修與招商，臺北 NPO 聚落於 2019 年正式落成在豐厚歷史文化的城南地區，提供給 20 組以上的團隊進駐，並致力於建立開放與自由的社群空間，並藉由組織間頻繁的交流與互動，讓社會影響力更加擴大！",
    "英文友善":"0",
    "日文友善":"0",
    "韓文友善":"0",
    "行動裝置充電":"1",
    "無障礙友善":"1",
    "性別友善":"1",
    "便利支付":"0",
    "素食":"0",
    "友善廁所":"1",
    "公平貿易友善":"0",
    "Free WiFi":"1",
    "自行車友善":"0",
    "哺集乳友善":"1",
    "穆斯林友善":"0",
    "月經友善":"1",
    "友善項目總計":7
    }
  },
  {
    "type": "Feature",
    "geometry": {
       "type": "Point",
       "coordinates":  [ 121.505285,25.042677 ]
    },
    "properties": {
    "行政區":"萬華區",
    "友善店家名稱":"PAR.T帕拉彩虹好物店",
    "地址":"臺北市萬華區內江街55巷24號1樓",
    "電話":"02-23752112",
    "簡介":"「PAR.T」帕特拉拉彩虹好物店，名稱源自於英文part的「部份」之意，希望傳遞彩虹族群同屬於社會一份子，而非異族的概念。\n由圈內人精選豐富拉子選品，包括束胸、男女中性內褲、彩虹小物、百合文藝書籍、情趣用品等，並提撥企業盈餘回饋於平權團體，期盼讓每個人都生活在自然、自在、自信的日子裡。\n「PAR.T」邀請大家一起來店同歡，一起「party」！",
    "英文友善":"0",
    "日文友善":"0",
    "韓文友善":"0",
    "行動裝置充電":"0",
    "無障礙友善":"0",
    "性別友善":"1",
    "便利支付":"1",
    "素食":"0",
    "友善廁所":"0",
    "公平貿易友善":"0",
    "Free WiFi":"1",
    "自行車友善":"0",
    "哺集乳友善":"0",
    "穆斯林友善":"0",
    "月經友善":"0",
    "友善項目總計":3
    }
  },
  {
    "type": "Feature",
    "geometry": {
       "type": "Point",
       "coordinates":  [ 121.559235,25.033304 ]
    },
    "properties": {
    "行政區":"信義區",
    "友善店家名稱":"布納咖啡館",
    "地址":"臺北市信義區信義路四段415-3號",
    "電話":"02-27589886",
    "簡介":"BUNA是衣索比亞語「豆」的意思，至今衣索比亞家庭都還維持著傳統的社交模式，用「咖啡」凝聚家人、朋友的情感，從炒焙、研磨到烹煮，長達3個小時繁複的工序都象徵莊重的儀式感，\n第一杯Abol說著祝福\n第二杯Tona話語家常\n第三杯Beraka分享喜悅\n我們愛上這種悠閒、純真的生活方式，順著衣索比亞語命名為BUNA，希望能將這熱情待客的精神傳承下去",
    "英文友善":"1",
    "日文友善":"0",
    "韓文友善":"0",
    "行動裝置充電":"0",
    "無障礙友善":"1",
    "性別友善":"0",
    "便利支付":"1",
    "素食":"1",
    "友善廁所":"1",
    "公平貿易友善":"0",
    "Free WiFi":"1",
    "自行車友善":"1",
    "哺集乳友善":"1",
    "穆斯林友善":"0",
    "月經友善":"0",
    "友善項目總計":8
    }
  },
  {
    "type": "Feature",
    "geometry": {
       "type": "Point",
       "coordinates":  [ 121.508055,25.044924 ]
    },
    "properties": {
    "行政區":"萬華區",
    "友善店家名稱":"ELLIE創作學院/德昌創作",
    "地址":"臺北市萬華區漢口街2段20巷11號2樓",
    "電話":"0914-013-450",
    "簡介":"Ellie創作學院成立於2009年，為滿足手藝專業同伴們的需求，提供手藝材料、書籍及創作教學等服務。也陸續引進各項日本各種最新的師資課程有甜點黏土.麵包黏土.UV飾品.法式布盒.瓷器彩繪.威尼斯琉璃.玻璃拼貼.藝術印染等各種補同的體驗課程。目前全台數百位認證師資，若你想要了解更多，歡迎您加入我們。",
    "英文友善":"0",
    "日文友善":"1",
    "韓文友善":"0",
    "行動裝置充電":"0",
    "無障礙友善":"0",
    "性別友善":"1",
    "便利支付":"0",
    "素食":"0",
    "友善廁所":"1",
    "公平貿易友善":"0",
    "Free WiFi":"1",
    "自行車友善":"0",
    "哺集乳友善":"0",
    "穆斯林友善":"0",
    "月經友善":"0",
    "友善項目總計":4
    }
  },
  {
    "type": "Feature",
    "geometry": {
       "type": "Point",
       "coordinates":  [ 121.520132,25.05489 ]
    },
    "properties": {
    "行政區":"大同區",
    "友善店家名稱":"春秋書店",
    "地址":"臺北市大同區赤峰街41巷7號",
    "電話":"02-25591988",
    "簡介":"春秋書店，坐落於臺北市大同區的赤峰街，也是過去老臺北俗稱的「打鐵街」。書店主要經營藝術文哲、社科心理、攝影電影等相關主題書籍，不定時提供課程、講座，備有咖啡和茶、閱讀座區。我們期許自己是一家書店，像一家書店，不只是一家書店。",
    "英文友善":"1",
    "日文友善":"1",
    "韓文友善":"0",
    "行動裝置充電":"0",
    "無障礙友善":"0",
    "性別友善":"1",
    "便利支付":"1",
    "素食":"0",
    "友善廁所":"0",
    "公平貿易友善":"0",
    "Free WiFi":"1",
    "自行車友善":"0",
    "哺集乳友善":"0",
    "穆斯林友善":"0",
    "月經友善":"0",
    "友善項目總計":5
    }
  },
  {
    "type": "Feature",
    "geometry": {
       "type": "Point",
       "coordinates":  [ 121.521534,25.034751 ]
    },
    "properties": {
    "行政區":"中正區",
    "友善店家名稱":"亞熱帶禮品店",
    "地址":"臺北市中正區中山南路21號",
    "電話":"02-27005736",
    "簡介":"中正紀念堂自民國69年開堂，為名觀光景點有建築獨特性且為國定古蹟，園區又擁有豐富多元的生態景觀，亦是民眾休憩參觀的熱門場所，每年國內外遊參觀人次眾多。",
    "英文友善":"1",
    "日文友善":"1",
    "韓文友善":"0",
    "行動裝置充電":"0",
    "無障礙友善":"1",
    "性別友善":"1",
    "便利支付":"1",
    "素食":"0",
    "友善廁所":"1",
    "公平貿易友善":"0",
    "Free WiFi":"1",
    "自行車友善":"0",
    "哺集乳友善":"1",
    "穆斯林友善":"0",
    "月經友善":"0",
    "友善項目總計":8
    }
  },
  {
    "type": "Feature",
    "geometry": {
       "type": "Point",
       "coordinates":  [ 121.559205,25.060476 ]
    },
    "properties": {
    "行政區":"松山區",
    "友善店家名稱":"我思文創",
    "地址":"臺北市松山區富錦街三七六號二樓",
    "電話":"02-25280003",
    "簡介":"臺灣唯一的卡片店 在民生社區為大家服務。提供一萬多款的卡片與明信片，讓您在數位時代，仍可以自由自在地以書寫來溝通，分享您的幸福與喜悅，傳遞您的想法與祝福。讓書寫的文字與圖像以有質感的方式被掌握與珍惜。\n我思文創同時提供書寫/著色工具，及寬敞的空間，讓您得以悠閒地將心裡最真切的想法，記錄在卡片當中，分享給關心您的人與您所關心的人。\n我思位在公園旁的邊間二樓，寬敞的空間，明亮的採光，保留每扇窗的綠色窗景，讓您瞬間脫離臺北的塵囂，靜心緩和地思考溝通的議題，搭配上精選的義大利咖啡，在京都松榮堂線香優雅的薰香中，讓您舒緩放鬆地寫下心裡的話。\n",
    "英文友善":"1",
    "日文友善":"0",
    "韓文友善":"0",
    "行動裝置充電":"0",
    "無障礙友善":"0",
    "性別友善":"1",
    "便利支付":"1",
    "素食":"0",
    "友善廁所":"1",
    "公平貿易友善":"0",
    "Free WiFi":"1",
    "自行車友善":"0",
    "哺集乳友善":"0",
    "穆斯林友善":"0",
    "月經友善":"0",
    "友善項目總計":5
    }
  },
  {
    "type": "Feature",
    "geometry": {
       "type": "Point",
       "coordinates":  [ 121.530766,25.10689 ]
    },
    "properties": {
    "行政區":"士林區",
    "友善店家名稱":"樂學創客教室",
    "地址":"臺北市士林區忠誠路一段171巷10弄4號1樓",
    "電話":"02-23310668",
    "簡介":"樂學創客教室是位於士林區的STEAM實踐家，帶著孩子們透過動手操作的方式，認識數學、物理、機械、電學、程式邏輯等知識，跨領域的學習、活潑的教學，深受家長與孩子們的喜愛，初次上課都可以先預約試上看看，玩中學帶給孩子們快樂與自信，主動學習讓家長放心又輕鬆。\n目前課程有樂高、桌遊、無人機、程式編輯等。\n",
    "英文友善":"0",
    "日文友善":"0",
    "韓文友善":"0",
    "行動裝置充電":"1",
    "無障礙友善":"0",
    "性別友善":"1",
    "便利支付":"0",
    "素食":"0",
    "友善廁所":"0",
    "公平貿易友善":"0",
    "Free WiFi":"1",
    "自行車友善":"0",
    "哺集乳友善":"0",
    "穆斯林友善":"0",
    "月經友善":"0",
    "友善項目總計":3
    }
  },
  {
    "type": "Feature",
    "geometry": {
       "type": "Point",
       "coordinates":  [ 121.590701,24.967068 ]
    },
    "properties": {
    "行政區":"文山區",
    "友善店家名稱":"找茶屋 FOUND.YOUR.TEA",
    "地址":"臺北市文山區指南路 3 段 38 巷 33-5 號正對面 ( 找茶屋)",
    "電話":"02-29398622",
    "簡介":"『貓空找茶屋』以漸層坡度打造山間玻璃屋， 露天沙發座位通透視野能俯瞰整個臺北市景， 臺北101清晰矗立眼前，又與陽明山遙遙相望; 提供傳統式品茗及精緻茶點和改良家常菜。親子，家人，朋友聚餐首選之地",
    "英文友善":"1",
    "日文友善":"0",
    "韓文友善":"0",
    "行動裝置充電":"0",
    "無障礙友善":"0",
    "性別友善":"0",
    "便利支付":"0",
    "素食":"1",
    "友善廁所":"1",
    "公平貿易友善":"0",
    "Free WiFi":"1",
    "自行車友善":"1",
    "哺集乳友善":"0",
    "穆斯林友善":"0",
    "月經友善":"0",
    "友善項目總計":5
    }
  },
  {
    "type": "Feature",
    "geometry": {
       "type": "Point",
       "coordinates":  [ 121.570533,25.081104 ]
    },
    "properties": {
    "行政區":"內湖區",
    "友善店家名稱":"飯BAR 內湖創始店",
    "地址":"臺北市內湖區內湖路一段360巷2號",
    "電話":"02-27995199",
    "簡介":"當傳統中菜遇上美式料理的氛圍，「飯BAR」徹底顛覆所有人對中式料理的既定印象，新穎與經典的碰撞下，最具吸引力、最活潑的中菜料理飯BAR的目標將是為中式料理改變面貌，從五感體驗中去顛覆，讓中式餐廳也能有輕鬆及現代感的氛圍，同時將老菜新譯做更不同的菜餚包裝。 在台灣現今，吃中式料理的年齡層很明顯的斷層，大多數的消費者對中餐的既定印象是油膩與大菜，而有多少業主能為這群斷層年輕人設計屬於他們的料理,服務及空間。 當然我更相信許多的長輩他們可能對於些老菜系，老餐廳的氛圍與味道已經感到乏味。 而在眾多人的引頸企盼之下，飯BAR的新式中餐廳面貌於2014年誕生，透過各菜系融合，東材西想，老新共治的概念確實引發了許多的報章雜誌，媒體爭相採訪，而的確飯BAR的品牌定位讓許多年輕人喜好，進而也帶家中的長輩們一起來體驗這新型態的中式餐廳。 飯BAR讓許多人吃得起老闆菜，而這不只單單分享料理，而是有趣,顛覆,與時俱進的環境， 這些想法需要繼續實踐與延續，往後讓我們為台灣餐飲再盡一點力，讓台灣餐飲能與世界潮流接軌，為台灣餐飲感到榮耀。",
    "英文友善":"1",
    "日文友善":"0",
    "韓文友善":"0",
    "行動裝置充電":"0",
    "無障礙友善":"0",
    "性別友善":"1",
    "便利支付":"1",
    "素食":"1",
    "友善廁所":"0",
    "公平貿易友善":"0",
    "Free WiFi":"1",
    "自行車友善":"0",
    "哺集乳友善":"0",
    "穆斯林友善":"0",
    "月經友善":"0",
    "友善項目總計":5
    }
  },
  {
    "type": "Feature",
    "geometry": {
       "type": "Point",
       "coordinates":  [ 121.555151,25.04885 ]
    },
    "properties": {
    "行政區":"松山區",
    "友善店家名稱":"Meerkat75 Café - 75度獴",
    "地址":"臺北市松山區八德路三段155巷10號1樓",
    "電話":"02-25798038",
    "簡介":"Meerkat75 Café - 75度獴是一家採預約制的狐獴主題餐廳，馬卡龍色系的裝潢風格、狐獴的互動體驗及美味的無國界料理，讓顧客感受不一樣的2小時用餐體驗，用餐時段11:30～13:30，14:00～16:00，16:30～18:30，19:00～21:00，歡迎線上預約用餐",
    "英文友善":"0",
    "日文友善":"0",
    "韓文友善":"0",
    "行動裝置充電":"0",
    "無障礙友善":"0",
    "性別友善":"1",
    "便利支付":"1",
    "素食":"1",
    "友善廁所":"0",
    "公平貿易友善":"0",
    "Free WiFi":"1",
    "自行車友善":"0",
    "哺集乳友善":"0",
    "穆斯林友善":"0",
    "月經友善":"0",
    "友善項目總計":4
    }
  },
  {
    "type": "Feature",
    "geometry": {
       "type": "Point",
       "coordinates":  [ 121.54441,24.992228 ]
    },
    "properties": {
    "行政區":"文山區",
    "友善店家名稱":"CBC SPACE景美咖啡圖書館",
    "地址":"臺北市文山區景興路193號",
    "電話":"02-29310512",
    "簡介":"全台首創結合雜誌圖書館和咖啡廳的文青空間，是餐飲、聚會、休憩、同時也是可供工作或會議的活動空間。\n在這裡，你可以點一杯咖啡，沉浸在濃濃的咖啡香，閱讀著來自世界各地，近千本的雜誌，享受著一切美好的事物，在此發生...\n",
    "英文友善":"1",
    "日文友善":"0",
    "韓文友善":"0",
    "行動裝置充電":"0",
    "無障礙友善":"0",
    "性別友善":"0",
    "便利支付":"1",
    "素食":"1",
    "友善廁所":"1",
    "公平貿易友善":"0",
    "Free WiFi":"1",
    "自行車友善":"0",
    "哺集乳友善":"0",
    "穆斯林友善":"0",
    "月經友善":"0",
    "友善項目總計":5
    }
  },
  {
    "type": "Feature",
    "geometry": {
       "type": "Point",
       "coordinates":  [ 121.539092,25.028683 ]
    },
    "properties": {
    "行政區":"大安區",
    "友善店家名稱":"不+水烘焙坊",
    "地址":"臺北市大安區建國南路二段151巷30號",
    "電話":"02-27070032",
    "簡介":"充滿著活力的夢想，想讓家人、朋友、小孩還有更多的人吃到好吃又美味的麵包，使用天然酵母、低溫發酵、老麵製作、嚴選天然奶油讓麵包、蛋糕、餅乾，\n吃起來無負擔，讓每一位客人都能感受到老闆的用心、與滿滿的幸福感❤️\n",
    "英文友善":"0",
    "日文友善":"0",
    "韓文友善":"0",
    "行動裝置充電":"0",
    "無障礙友善":"0",
    "性別友善":"1",
    "便利支付":"1",
    "素食":"1",
    "友善廁所":"0",
    "公平貿易友善":"1",
    "Free WiFi":"0",
    "自行車友善":"1",
    "哺集乳友善":"0",
    "穆斯林友善":"0",
    "月經友善":"0",
    "友善項目總計":5
    }
  },
  {
    "type": "Feature",
    "geometry": {
       "type": "Point",
       "coordinates":  [ 121.524832,25.096648 ]
    },
    "properties": {
    "行政區":"士林區",
    "友善店家名稱":"OTIS Caf'e",
    "地址":"臺北市士林區美德街104號",
    "電話":"02-28319191",
    "簡介":"座落於士林捷運站附近的恬靜小店，舒適的環境及悠閒的用餐氛圍，就像OTIS Cafe的代表物樹懶一樣。\n樹懶給人緩慢悠閒的感覺，就像Otis想給忙碌現代人一個享受慢活悠閒的用餐環境。 \n以森林及大自然做為背景，就象徵著Otis堅持採用新鮮食材及現作餐點給所有來訪朋友的理念。\n",
    "英文友善":"0",
    "日文友善":"0",
    "韓文友善":"0",
    "行動裝置充電":"1",
    "無障礙友善":"1",
    "性別友善":"0",
    "便利支付":"1",
    "素食":"0",
    "友善廁所":"1",
    "公平貿易友善":"0",
    "Free WiFi":"1",
    "自行車友善":"1",
    "哺集乳友善":"0",
    "穆斯林友善":"0",
    "月經友善":"0",
    "友善項目總計":6
    }
  },
  {
    "type": "Feature",
    "geometry": {
       "type": "Point",
       "coordinates":  [ 121.502836,25.034672 ]
    },
    "properties": {
    "行政區":"萬華區",
    "友善店家名稱":"原生態工作室",
    "地址":"臺北市萬華區大理街7號1樓",
    "電話":"02-23082005",
    "簡介":"...............【關於-原生態NatureWorld】..................\n\n西元Nov.2010年,原生態期許更多人在消費的同時也注意到自己與環境的美好共存。創辦人周彥志 覺得這個世界最美好的樣子就是原生態。這是一間園藝起家的公司,透過實體與網路通路的結合,我們努力的融入人們的生活圈裡，現在除了植栽,花藝,香氛,更結合了心靈成長元素,期許散播更多的光和愛。2021結合農業於屏東高樹再創全新品牌原生態大地,落實與環境共好同時引導人們察覺生命的奧秘,同時培養專業老師,打造更多元的服務與產銷,原生態給您的將是從生命源頭綻放的喜悅與療癒。",
    "英文友善":"1",
    "日文友善":"0",
    "韓文友善":"0",
    "行動裝置充電":"0",
    "無障礙友善":"0",
    "性別友善":"1",
    "便利支付":"1",
    "素食":"0",
    "友善廁所":"1",
    "公平貿易友善":"0",
    "Free WiFi":"1",
    "自行車友善":"0",
    "哺集乳友善":"0",
    "穆斯林友善":"0",
    "月經友善":"1",
    "友善項目總計":6
    }
  },
  {
    "type": "Feature",
    "geometry": {
       "type": "Point",
       "coordinates":  [ 121.550665,25.05824 ]
    },
    "properties": {
    "行政區":"松山區",
    "友善店家名稱":"Gold 9 Studio",
    "地址":"臺北市松山區民生東路四段５５巷３弄七弄一號一樓",
    "電話":"02-27479028",
    "簡介":"Gold 來自於 \"A Heart of Gold” ，\n擁有一顆高貴善良的心\n9 在數字中代表著無私奉獻、大愛、高尚、\n智慧、浪漫、想像豐富與真誠~",
    "英文友善":"0",
    "日文友善":"0",
    "韓文友善":"0",
    "行動裝置充電":"0",
    "無障礙友善":"0",
    "性別友善":"0",
    "便利支付":"0",
    "素食":"0",
    "友善廁所":"0",
    "公平貿易友善":"0",
    "Free WiFi":"1",
    "自行車友善":"0",
    "哺集乳友善":"1",
    "穆斯林友善":"0",
    "月經友善":"1",
    "友善項目總計":3
    }
  },
  {
    "type": "Feature",
    "geometry": {
       "type": "Point",
       "coordinates":  [ 121.504065,25.046422 ]
    },
    "properties": {
    "行政區":"萬華區",
    "友善店家名稱":"下班隨手作",
    "地址":"臺北市萬華區漢口街二段121號1樓",
    "電話":"0986-017-605",
    "簡介":"下班隨手作，由一群熱愛生活與創作的設計師聚集而成，我們所追求的是下班後對於美的生活，我們決定將更多對於我們生活與美學的熱愛分享出去。\n\n我們以手作教學延伸對體驗生活的日情，設計師們的創意發想與不同手作老師的巧手研發商品，我們創造了 17 類，超過 60 種的手作課程，與獨樹一格的手作設計商品。讓第一次接觸手作的你/妳，也能輕鬆自在地揮灑創意，挖掘深埋在自身的藝術細胞。\n\n下班隨手作，手作的成就豐富你生活的每一刻。",
    "英文友善":"1",
    "日文友善":"0",
    "韓文友善":"0",
    "行動裝置充電":"0",
    "無障礙友善":"0",
    "性別友善":"1",
    "便利支付":"0",
    "素食":"0",
    "友善廁所":"0",
    "公平貿易友善":"0",
    "Free WiFi":"1",
    "自行車友善":"0",
    "哺集乳友善":"0",
    "穆斯林友善":"0",
    "月經友善":"0",
    "友善項目總計":3
    }
  },
  {
    "type": "Feature",
    "geometry": {
       "type": "Point",
       "coordinates":  [ 121.504047,25.036456 ]
    },
    "properties": {
    "行政區":"萬華區",
    "友善店家名稱":"桌遊老爹",
    "地址":"臺北市萬華區廣州街44號1樓",
    "電話":"02-23088972",
    "簡介":"我們是擁有40年歷史文具店所改裝的桌遊店\n\n老爹販售桌遊、文具還有歡樂的生活態度\n\n來店玩的時候前建議先預約，不然老爹很容易在人生中迷路，忘了準時上班～",
    "英文友善":"0",
    "日文友善":"0",
    "韓文友善":"0",
    "行動裝置充電":"0",
    "無障礙友善":"0",
    "性別友善":"1",
    "便利支付":"1",
    "素食":"0",
    "友善廁所":"1",
    "公平貿易友善":"0",
    "Free WiFi":"1",
    "自行車友善":"0",
    "哺集乳友善":"0",
    "穆斯林友善":"0",
    "月經友善":"0",
    "友善項目總計":4
    }
  },
  {
    "type": "Feature",
    "geometry": {
       "type": "Point",
       "coordinates":  [ 121.545806,25.041792 ]
    },
    "properties": {
    "行政區":"大安區",
    "友善店家名稱":"桌遊地下城",
    "地址":"臺北市大安區忠孝東路四段59號5樓之D",
    "電話":"02-27119570",
    "簡介":"交通最方便：忠孝復興站，NET.樓上\n10年經營，活動及教學經驗最豐富，桌遊玩買租學第一品牌\n臺北桌遊最多，70人大場地，暢玩提供飲品小點，\n外食僅酌收清潔服務費$30/人。",
    "英文友善":"1",
    "日文友善":"0",
    "韓文友善":"0",
    "行動裝置充電":"1",
    "無障礙友善":"0",
    "性別友善":"1",
    "便利支付":"0",
    "素食":"0",
    "友善廁所":"1",
    "公平貿易友善":"0",
    "Free WiFi":"1",
    "自行車友善":"0",
    "哺集乳友善":"1",
    "穆斯林友善":"0",
    "月經友善":"0",
    "友善項目總計":6
    }
  },
  {
    "type": "Feature",
    "geometry": {
       "type": "Point",
       "coordinates":  [ 121.527846,25.09408 ]
    },
    "properties": {
    "行政區":"士林區",
    "友善店家名稱":"豆子創意手作空間",
    "地址":"臺北市士林區中山北路5段527號2樓",
    "電話":"0976-828-812",
    "簡介":"誠如我們工作室的名稱「豆子創意」手作空間，我們相信每個人的腦海中都會有許多不同的創意發想，這些創意發想就如同微小的豆子一般，而我們想要透過手作的方式，讓這些創意發想成為各式各樣的驚嘆號，為我們的生活增添更多豐富的元素與色彩。\n我們的工作室自2012年開始，以木器彩繪和蝶古巴特手作教室的方式經營，一面創作、一面規劃個人與團體的手作課程，之後我們開始拓展各種不同領域的手作項目，像手縫皮革、金屬錫雕、瓷器彩繪拼貼、uv膠飾品、蠟燭香氛索拉花系列......，希望把不同材質與技巧的手作相互結合，能夠創造出更多不同的火花。",
    "英文友善":"0",
    "日文友善":"0",
    "韓文友善":"0",
    "行動裝置充電":"1",
    "無障礙友善":"0",
    "性別友善":"1",
    "便利支付":"0",
    "素食":"0",
    "友善廁所":"0",
    "公平貿易友善":"0",
    "Free WiFi":"0",
    "自行車友善":"0",
    "哺集乳友善":"1",
    "穆斯林友善":"0",
    "月經友善":"1",
    "友善項目總計":4
    }
  },
  {
    "type": "Feature",
    "geometry": {
       "type": "Point",
       "coordinates":  [ 121.550672,25.044091 ]
    },
    "properties": {
    "行政區":"大安區",
    "友善店家名稱":"Round Round",
    "地址":"臺北市大安區忠孝東路四段181巷40號1樓",
    "電話":"02-27762787",
    "簡介":"ROUND ROUND是於臺北東區後巷的陶藝美學風格的複合空間，以推廣生活陶為出發，輕鬆自在的課程，位在市區的地點，讓陶藝成為城市裡的生活日常，除此這裡也是年輕陶土工藝家合作的平台，透過品牌的力量創造出與許多不同領域的合作機會，延伸至專案的訂製與跨界的創作合作。",
    "英文友善":"1",
    "日文友善":"0",
    "韓文友善":"0",
    "行動裝置充電":"1",
    "無障礙友善":"0",
    "性別友善":"1",
    "便利支付":"0",
    "素食":"0",
    "友善廁所":"1",
    "公平貿易友善":"0",
    "Free WiFi":"1",
    "自行車友善":"0",
    "哺集乳友善":"0",
    "穆斯林友善":"0",
    "月經友善":"0",
    "友善項目總計":5
    }
  },
  {
    "type": "Feature",
    "geometry": {
       "type": "Point",
       "coordinates":  [ 121.555733,25.004714 ]
    },
    "properties": {
    "行政區":"文山區",
    "友善店家名稱":"茁茁陶",
    "地址":"臺北市文山區辛亥路四段166巷17號1樓",
    "電話":"02-29315253",
    "簡介":"這裡是位於文山區的陶藝工作室，我們提供手捏陶與手拉坏的體驗與長期課程，讓學員從零開始學習自己動手做獨一無二的器皿。我們也提供場域給需要設備與原料的陶藝家，可以在這裡自由創作與練習。我們期望能將陶藝這項技藝推廣出去，讓大家知道這是一個友善易上手且能有效陶冶心性的創作媒材。",
    "英文友善":"1",
    "日文友善":"0",
    "韓文友善":"0",
    "行動裝置充電":"1",
    "無障礙友善":"0",
    "性別友善":"1",
    "便利支付":"0",
    "素食":"0",
    "友善廁所":"1",
    "公平貿易友善":"0",
    "Free WiFi":"1",
    "自行車友善":"1",
    "哺集乳友善":"0",
    "穆斯林友善":"0",
    "月經友善":"1",
    "友善項目總計":7
    }
  },
  {
    "type": "Feature",
    "geometry": {
       "type": "Point",
       "coordinates":  [ 121.503591,25.039912 ]
    },
    "properties": {
    "行政區":"萬華區",
    "友善店家名稱":"玉米蛋蛋製作所",
    "地址":"臺北市萬華區貴陽街二段97號",
    "電話":"02-23826668",
    "簡介":"賣台灣本土產玉米的溫馨小店，主要是賣蒸煮玉米及烤玉米，另外還有賣烤香腸烤杏鮑菇玉米筍及玉米熬煮湯品等項目",
    "英文友善":"1",
    "日文友善":"1",
    "韓文友善":"1",
    "行動裝置充電":"0",
    "無障礙友善":"0",
    "性別友善":"1",
    "便利支付":"0",
    "素食":"0",
    "友善廁所":"0",
    "公平貿易友善":"0",
    "Free WiFi":"0",
    "自行車友善":"0",
    "哺集乳友善":"0",
    "穆斯林友善":"0",
    "月經友善":"0",
    "友善項目總計":4
    }
  },
  {
    "type": "Feature",
    "geometry": {
       "type": "Point",
       "coordinates":  [ 121.547577,25.097397 ]
    },
    "properties": {
    "行政區":"士林區",
    "友善店家名稱":"遊戲房子",
    "地址":"臺北市士林區故宮路23巷17號",
    "電話":"0970-110-303",
    "簡介":"【桌遊店】【多功能場地出租】【教室】【親子手作課程】【兒童冬/夏令營】\n超過70款全新桌遊，大空間明亮的環境，附有點心自助吧，還有各式各樣美術、體能、音樂、訓練等親子課程，以及CP值超高的冬、夏令營營隊。\n為了您寶貴的時間\n本店採 #預約制，欲前往前請先來電或加入我們官方LINE預約以免白跑了一趟呦。\n預約電話：0970-110-303(黃店長)\n預約LINE：@409txkpc",
    "英文友善":"0",
    "日文友善":"0",
    "韓文友善":"0",
    "行動裝置充電":"1",
    "無障礙友善":"0",
    "性別友善":"1",
    "便利支付":"0",
    "素食":"0",
    "友善廁所":"1",
    "公平貿易友善":"0",
    "Free WiFi":"1",
    "自行車友善":"0",
    "哺集乳友善":"0",
    "穆斯林友善":"0",
    "月經友善":"0",
    "友善項目總計":4
    }
  },
  {
    "type": "Feature",
    "geometry": {
       "type": "Point",
       "coordinates":  [ 121.532355,25.115155 ]
    },
    "properties": {
    "行政區":"士林區",
    "友善店家名稱":"花磚甜點手作室",
    "地址":"臺北市士林區忠誠路二段154巷7號1樓",
    "電話":"02-28760049",
    "簡介":"花磚甜點手作室是位於天母巷弄內的可麗露專賣店，備有多種口味和季節限定可麗露，以職人精神和用心的食材製作，口感外酥內軟，顛覆您對於可麗露的想像。歡迎您一起與我們細細品嚐。\n\n我們的常態口味有：經典香草，巧克力，抹茶，焦糖，草莓，檸檬，還有以在地農產品出發的台灣三兄弟口味：花生，芋頭和地瓜。\n產品包裝有單入盒，四入禮盒與九宮格禮盒做為選擇。",
    "英文友善":"1",
    "日文友善":"0",
    "韓文友善":"0",
    "行動裝置充電":"0",
    "無障礙友善":"0",
    "性別友善":"1",
    "便利支付":"1",
    "素食":"0",
    "友善廁所":"0",
    "公平貿易友善":"0",
    "Free WiFi":"0",
    "自行車友善":"0",
    "哺集乳友善":"0",
    "穆斯林友善":"0",
    "月經友善":"0",
    "友善項目總計":3
    }
  },
  {
    "type": "Feature",
    "geometry": {
       "type": "Point",
       "coordinates":  [ 121.527341,25.049167 ]
    },
    "properties": {
    "行政區":"中山區",
    "友善店家名稱":"遊域｜沉浸故事體驗館",
    "地址":"臺北市中山區林森北路85巷70號B1",
    "電話":"02-25627875",
    "簡介":"「沈浸故事體驗遊戲就像是一部未寫完的小說，當你遊戲時，將與在場的主持人、所有玩家互動，共同經歷那未知的後續故事。」\n\n團體、企業、商業合作，歡迎諮詢Line：mdm2017",
    "英文友善":"0",
    "日文友善":"0",
    "韓文友善":"0",
    "行動裝置充電":"1",
    "無障礙友善":"0",
    "性別友善":"1",
    "便利支付":"0",
    "素食":"0",
    "友善廁所":"1",
    "公平貿易友善":"0",
    "Free WiFi":"1",
    "自行車友善":"0",
    "哺集乳友善":"0",
    "穆斯林友善":"0",
    "月經友善":"1",
    "友善項目總計":5
    }
  },
  {
    "type": "Feature",
    "geometry": {
       "type": "Point",
       "coordinates":  [ 121.559306,25.036745 ]
    },
    "properties": {
    "行政區":"信義區",
    "友善店家名稱":"997 STUDIO",
    "地址":"臺北市信義區仁愛路四段452巷11號",
    "電話":"0939-093-987",
    "簡介":"「What's Tufting？」\n一張織布、一把地毯槍、五彩繽紛的毛線\n以及一段美好的創作時光，這就是Tufting！\n在997 STUDIO\n人人都可以製作屬於自己的「藝術裝飾」\n教你如何利用簇絨槍將各色毛線編織在專用布料上\n抽象的，現代的，古怪又可愛，都隨你自由發揮\n即使沒有任何手作經驗也不用擔心！\n我們會一步步帶領大家，體驗療癒又紓壓的過程\n親手打造出成就感十足的「專屬訂製毯」\n#TuftyourownRug　創意地毯自己做",
    "英文友善":"1",
    "日文友善":"0",
    "韓文友善":"0",
    "行動裝置充電":"0",
    "無障礙友善":"0",
    "性別友善":"1",
    "便利支付":"0",
    "素食":"0",
    "友善廁所":"0",
    "公平貿易友善":"0",
    "Free WiFi":"1",
    "自行車友善":"0",
    "哺集乳友善":"0",
    "穆斯林友善":"0",
    "月經友善":"0",
    "友善項目總計":3
    }
  },
  {
    "type": "Feature",
    "geometry": {
       "type": "Point",
       "coordinates":  [ 121.546215,25.040519 ]
    },
    "properties": {
    "行政區":"大安區",
    "友善店家名稱":"宮月城｜沉浸劇本殺LARP｜實境狼人殺",
    "地址":"臺北市大安區大安路一段95號地下一樓",
    "電話":"02-27110092",
    "簡介":"狼人殺偶像詹子晴（丫頭）、凱希與執行長Alon、OPA 實境密室逃脫共同聯手創立「宮月城」娛樂品牌，透過近乎苛求的雕磨場景，四大主題性十足的獨立包廂，搭配完整的專業遊戲設備及餐飲服務，提供自創與改編優化LARP劇本殺沈浸式劇場以及狼人殺，為玩家打造優質娛樂的遊戲平台。\n你渴望來場異世界的探險嗎？\n前進吧，展開新體驗的鑰匙就在你手中！\n＃劇本殺　＃狼人殺場地　＃狼人殺包廂　＃天黑請閉眼 ＃ＬＡＲＰ　＃實境桌遊",
    "英文友善":"1",
    "日文友善":"0",
    "韓文友善":"0",
    "行動裝置充電":"0",
    "無障礙友善":"0",
    "性別友善":"1",
    "便利支付":"0",
    "素食":"0",
    "友善廁所":"1",
    "公平貿易友善":"0",
    "Free WiFi":"1",
    "自行車友善":"0",
    "哺集乳友善":"0",
    "穆斯林友善":"0",
    "月經友善":"0",
    "友善項目總計":4
    }
  },
  {
    "type": "Feature",
    "geometry": {
       "type": "Point",
       "coordinates":  [ 121.559186,25.033943 ]
    },
    "properties": {
    "行政區":"信義區",
    "友善店家名稱":"GUMGUM Beer & Wings 雞翅啤酒吧-信義本店",
    "地址":"臺北市信義區光復南路473巷11弄38號",
    "電話":"0928-107-972",
    "簡介":"GUMGUM Beer & Wings雞翅啤酒吧，由五位來自科技業的大叔共同創辦， 2017年初夏，在信義區一隅悄悄誕生。\nGUMGUM主打多樣美味的吮指炸雞翅、無國界創意料理以及本土精釀啤酒，結合在地、異國食材研發出高達十五種口味的獨家雞翅料理，甚至曾被國外知名旅遊網站BigTravel評選為「亞洲第二好吃雞翅」以及「臺北最好吃的雞翅餐廳」！\nGUM在英文中就是“口香糖”的意思\n在這裡 你可以和好友見面、和情人約會、和家人相聚\n盡情說笑 大口吃喝\n和每個在乎的人黏在一起\nGUMGUM也代表著無拘無束、自在灑脫的生活態度\n用叼著一根菸，小解的那瞬間\n找回自己最自在放鬆的一刻",
    "英文友善":"0",
    "日文友善":"0",
    "韓文友善":"0",
    "行動裝置充電":"0",
    "無障礙友善":"0",
    "性別友善":"1",
    "便利支付":"1",
    "素食":"0",
    "友善廁所":"0",
    "公平貿易友善":"0",
    "Free WiFi":"1",
    "自行車友善":"0",
    "哺集乳友善":"0",
    "穆斯林友善":"0",
    "月經友善":"1",
    "友善項目總計":4
    }
  },
  {
    "type": "Feature",
    "geometry": {
       "type": "Point",
       "coordinates":  [ 121.519166,25.119181 ]
    },
    "properties": {
    "行政區":"北投區",
    "友善店家名稱":"大象山堅果",
    "地址":"臺北市北投區石牌路二段 201 號",
    "電話":"02-8711688",
    "簡介":"本公司秉持著讓國人能有健康的身體  堅持以烘焙加工堅果\n\n使食用者在品嚐美味的堅果時  能在營養、新鮮、口感三方面取得平衡\n\n目前公司堅果類產品全部自行加工  無委託外廠,因此衛生控管無虞\n\n本公司堅持選購新鮮、品質優良之堅果  為客戶提供最佳的產品品質\n\n讓國人買得到新鮮好吃的養生堅果,堅果禮盒",
    "英文友善":"1",
    "日文友善":"0",
    "韓文友善":"0",
    "行動裝置充電":"1",
    "無障礙友善":"1",
    "性別友善":"1",
    "便利支付":"1",
    "素食":"1",
    "友善廁所":"1",
    "公平貿易友善":"0",
    "Free WiFi":"1",
    "自行車友善":"0",
    "哺集乳友善":"0",
    "穆斯林友善":"0",
    "月經友善":"0",
    "友善項目總計":8
    }
  },
  {
    "type": "Feature",
    "geometry": {
       "type": "Point",
       "coordinates":  [ 121.519166,25.119181 ]
    },
    "properties": {
    "行政區":"北投區",
    "友善店家名稱":"子丑市集",
    "地址":"臺北市北投區石牌路二段 201 號",
    "電話":"02-8711688",
    "簡介":"當今台灣文創手作產品興盛，職人創作手工藝術品創新且技術多元成熟。因此子丑市集除了規劃優質的實體市集空間之外，並結合子丑建築與子丑設計共商市集規劃及商業運作，協助參與子丑市集的合作廠商產品定位及包裝服務，輔助市場零售端的「視覺傳達」與「文化尋根」達成「文化再生，產值出根」的效益最大化，創造「文化創意」、「銷售熱潮」的雙贏局面。",
    "英文友善":"1",
    "日文友善":"0",
    "韓文友善":"0",
    "行動裝置充電":"1",
    "無障礙友善":"1",
    "性別友善":"1",
    "便利支付":"1",
    "素食":"0",
    "友善廁所":"1",
    "公平貿易友善":"0",
    "Free WiFi":"1",
    "自行車友善":"0",
    "哺集乳友善":"0",
    "穆斯林友善":"0",
    "月經友善":"0",
    "友善項目總計":7
    }
  },
  {
    "type": "Feature",
    "geometry": {
       "type": "Point",
       "coordinates":  [ 121.51439,25.045914 ]
    },
    "properties": {
    "行政區":"中正區",
    "友善店家名稱":"咖啡控",
    "地址":"臺北市中正區開封街一段2-28號",
    "電話":"0953-989-345",
    "簡介":"在繁華熱鬧的開封街道上，有著一家迷你的小店，老闆堅持店內所有飲品全部都是自己製作，所有的咖啡豆都是自己不定時現場烘培，並且會用最好的態度來服務每一位到來的你",
    "英文友善":"0",
    "日文友善":"0",
    "韓文友善":"0",
    "行動裝置充電":"1",
    "無障礙友善":"0",
    "性別友善":"1",
    "便利支付":"1",
    "素食":"0",
    "友善廁所":"0",
    "公平貿易友善":"0",
    "Free WiFi":"0",
    "自行車友善":"0",
    "哺集乳友善":"0",
    "穆斯林友善":"0",
    "月經友善":"0",
    "友善項目總計":3
    }
  },
  {
    "type": "Feature",
    "geometry": {
       "type": "Point",
       "coordinates":  [ 121.53288,25.056858 ]
    },
    "properties": {
    "行政區":"中山區",
    "友善店家名稱":"宏祥旅行社股份有限公司",
    "地址":"臺北市中山區松江路190號4樓",
    "電話":"02-25635313 ext.124",
    "簡介":"宏祥旅行社擁有接待外賓30多年經驗，專營國內巴士旅遊、精緻小包團、客製化行程、獎勵旅遊等，2021被評選為觀光產業優良旅行業團體。國際化團隊提供一站式旅遊諮詢，從遊程規劃、食宿交通安排，通通免煩惱，另有提供專業外文導覽服務(英、德、法、日、俄、越、印尼)，蟬聯6年貓途鷹-旅行者之選大獎的宏祥，絕對是您旅游台灣的最佳伙伴！",
    "英文友善":"1",
    "日文友善":"1",
    "韓文友善":"0",
    "行動裝置充電":"0",
    "無障礙友善":"0",
    "性別友善":"1",
    "便利支付":"0",
    "素食":"0",
    "友善廁所":"0",
    "公平貿易友善":"0",
    "Free WiFi":"1",
    "自行車友善":"0",
    "哺集乳友善":"0",
    "穆斯林友善":"1",
    "月經友善":"0",
    "友善項目總計":5
    }
  },
  {
    "type": "Feature",
    "geometry": {
       "type": "Point",
       "coordinates":  [ 121.543397,25.137345 ]
    },
    "properties": {
    "行政區":"士林區",
    "友善店家名稱":"戲咖啡",
    "地址":"臺北市士林區長春街12號",
    "電話":"02-28621999",
    "簡介":"戲咖啡是由文化影劇系校友們一起創造出來的空間，如電影場景般的美軍宿舍區，在我們的努力下恢復成記憶中的樣子，讓大家都能走入這個時空禁區。我們是一間充滿故事與溫馨的小咖啡廳，同時也是寵物友善的餐廳，想聆聽美軍宿舍得老故事，歡迎來戲咖啡走走～",
    "英文友善":"1",
    "日文友善":"0",
    "韓文友善":"0",
    "行動裝置充電":"1",
    "無障礙友善":"1",
    "性別友善":"1",
    "便利支付":"0",
    "素食":"0",
    "友善廁所":"1",
    "公平貿易友善":"0",
    "Free WiFi":"1",
    "自行車友善":"1",
    "哺集乳友善":"0",
    "穆斯林友善":"0",
    "月經友善":"1",
    "友善項目總計":8
    }
  },
  {
    "type": "Feature",
    "geometry": {
       "type": "Point",
       "coordinates":  [ 121.525448,25.020202 ]
    },
    "properties": {
    "行政區":"中正區",
    "友善店家名稱":"Saturn Landing Turkish Coffee 客家公園店",
    "地址":"臺北市中正區汀州路三段2號客家主題公園文化中心一樓",
    "電話":"02-23635108",
    "簡介":"我們立志增添東亞咖啡文化多樣性，前往土耳其深度考察，呈現出以銅壺萃煮的各式傳統土耳其咖啡、水果炸彈般酸香厚實的精品土耳其咖啡，以及果香飽滿的壺萃過濾咖啡，引領壺萃咖啡文藝復興。 品飲土耳其咖啡請搭配土耳其甜點！我們研發適合亞洲品飲美學的土耳其甜鹹點，為你呈現一場土耳其咖啡甜點饗宴。\n在客家公園店，我們嚴選客莊食材，研發客莊桔醬氣泡冰羅馬、桔醬冰拿鐵、客莊擂茶土耳其咖啡、桔醬生乳酪、桔醬磅蛋糕等主題品項，歡迎品嚐！",
    "英文友善":"1",
    "日文友善":"0",
    "韓文友善":"0",
    "行動裝置充電":"1",
    "無障礙友善":"1",
    "性別友善":"1",
    "便利支付":"1",
    "素食":"1",
    "友善廁所":"1",
    "公平貿易友善":"0",
    "Free WiFi":"1",
    "自行車友善":"1",
    "哺集乳友善":"1",
    "穆斯林友善":"0",
    "月經友善":"0",
    "友善項目總計":10
    }
  },
  {
    "type": "Feature",
    "geometry": {
       "type": "Point",
       "coordinates":  [ 121.483922,25.115196 ]
    },
    "properties": {
    "行政區":"北投區",
    "友善店家名稱":"I’M HERE COFFEE",
    "地址":"臺北市北投區承德路七段401巷989弄79號        ",
    "電話":"02-28986607",
    "簡介":"I'M HERE COFFEE創立於2007年,多年來皆致力於一杯咖啡味蕾上的追求,採用來自各非產區的精品咖啡豆,以獨闢蹊徑的烘培方式,細膩用心淬鍊出每一隻豆子的精華與獨特香氣.淺培保有酸香甜不刺激又有醇厚度,深培又可保有不焦不苦甘甜黏口,香氣繚繞久久不散, 不再只是再喝一杯苦苦濃濃的飲料\n從咖啡生豆的競標購買.瑕疵豆篩選.烘培技術精進到烘培後的杯測沖煮,每個環節都認真操作為的只是一個承諾  有I’M HERE的地方就有好味道。\n",
    "英文友善":"0",
    "日文友善":"0",
    "韓文友善":"0",
    "行動裝置充電":"0",
    "無障礙友善":"0",
    "性別友善":"1",
    "便利支付":"0",
    "素食":"0",
    "友善廁所":"1",
    "公平貿易友善":"0",
    "Free WiFi":"1",
    "自行車友善":"0",
    "哺集乳友善":"0",
    "穆斯林友善":"0",
    "月經友善":"0",
    "友善項目總計":3
    }
  },
  {
    "type": "Feature",
    "geometry": {
       "type": "Point",
       "coordinates":  [ 121.522774,25.103926 ]
    },
    "properties": {
    "行政區":"士林區",
    "友善店家名稱":"岱格百貨商行(岱格生活)",
    "地址":"臺北市士林區福華路162巷4號1樓",
    "電話":"0933-738-228",
    "簡介":"流行飾品(純銀/不鏽鋼醫療鋼/合金)，手作水晶銀飾，包包，韓國進口襪品髮飾，生活雜貨(機能調整型內衣褲/毛巾/傘具/手套/圍巾/絲巾)\nFashion jewelry (Silver/Stainless steel/Alloy), Quartz beads handmade jewelry, bags, daily accessories (socks/towel/umbrella/gloves/muffler/scarf), Lingerie selec-tions For personal use and the best gift choice.",
    "英文友善":"1",
    "日文友善":"0",
    "韓文友善":"0",
    "行動裝置充電":"0",
    "無障礙友善":"1",
    "性別友善":"1",
    "便利支付":"1",
    "素食":"0",
    "友善廁所":"0",
    "公平貿易友善":"0",
    "Free WiFi":"1",
    "自行車友善":"1",
    "哺集乳友善":"0",
    "穆斯林友善":"0",
    "月經友善":"1",
    "友善項目總計":7
    }
  },
  {
    "type": "Feature",
    "geometry": {
       "type": "Point",
       "coordinates":  [ 121.553935,25.031272 ]
    },
    "properties": {
    "行政區":"大安區",
    "友善店家名稱":"瘋桌遊大安店",
    "地址":"臺北市大安區通化街28巷2號",
    "電話":"02-27036003",
    "簡介":"【瘋桌遊大安店】熱情歡迎您！\n您是否迷戀桌上遊戲的魅力？那麼，瘋桌遊大安店絕對是您的遊戲天堂！\n我們是一家位於臺北市大安區的桌遊專賣店，致力於為您打造最愉快的遊戲體驗。無論您是桌遊初學者還是資深玩家，我們都能滿足您的需求和期待。\n在瘋桌遊大安店，您將找到各種精彩、多樣的桌上遊戲，從經典的策略遊戲到創新的角色扮演遊戲，應有盡有！我們的遊戲庫充滿著受歡迎的遊戲，讓您和朋友們盡情享受遊戲的樂趣。\n無論是家庭聚會、朋友聚會還是團隊建設，我們都為您提供舒適和溫馨的遊戲環境。您可以在我們的店內輕鬆享受遊戲，與朋友們互動，共同創造美好的回憶。\n此外，我們擁有熱情而專業的遊戲導師，他們樂於解答問題、提供遊戲指導，讓您更快上手並深入了解遊戲的精髓。\n無論您是桌遊愛好者還是尋找優質遊戲場所的人，瘋桌遊大安店都是您的不二之選！快來一起加入我們，享受愉快的桌上遊戲時光吧！",
    "英文友善":"0",
    "日文友善":"0",
    "韓文友善":"0",
    "行動裝置充電":"0",
    "無障礙友善":"0",
    "性別友善":"1",
    "便利支付":"0",
    "素食":"0",
    "友善廁所":"0",
    "公平貿易友善":"0",
    "Free WiFi":"1",
    "自行車友善":"0",
    "哺集乳友善":"0",
    "穆斯林友善":"0",
    "月經友善":"0",
    "友善項目總計":2
    }
  },
  {
    "type": "Feature",
    "geometry": {
       "type": "Point",
       "coordinates":  [ 121.567038,25.080598 ]
    },
    "properties": {
    "行政區":"內湖區",
    "友善店家名稱":"GUMGUM Not Only Beer & Wings 雞翅啤酒吧-內科店",
    "地址":"臺北市內湖區基湖路3巷68號",
    "電話":"0928-107-972",
    "簡介":"GUMGUM Beer & Wings雞翅啤酒吧，由五位來自科技業的大叔共同創辦， 2017年初夏，在信義區一隅悄悄誕生。\nGUMGUM主打多樣美味的吮指炸雞翅、無國界創意料理以及本土精釀啤酒，結合在地、異國食材研發出高達十五種口味的獨家雞翅料理，甚至曾被國外知名旅遊網站BigTravel評選為「亞洲第二好吃雞翅」以及「臺北最好吃的雞翅餐廳」！\nGUM在英文中就是“口香糖”的意思\n在這裡 你可以和好友見面、和情人約會、和家人相聚\n盡情說笑 大口吃喝\n和每個在乎的人黏在一起\nGUMGUM也代表著無拘無束、自在灑脫的生活態度\n用叼著一根菸，小解的那瞬間\n找回自己最自在放鬆的一刻",
    "英文友善":"0",
    "日文友善":"0",
    "韓文友善":"0",
    "行動裝置充電":"0",
    "無障礙友善":"0",
    "性別友善":"1",
    "便利支付":"1",
    "素食":"0",
    "友善廁所":"0",
    "公平貿易友善":"0",
    "Free WiFi":"1",
    "自行車友善":"0",
    "哺集乳友善":"0",
    "穆斯林友善":"0",
    "月經友善":"1",
    "友善項目總計":4
    }
  },
  {
    "type": "Feature",
    "geometry": {
       "type": "Point",
       "coordinates":  [ 121.578034,25.079121 ]
    },
    "properties": {
    "行政區":"內湖區",
    "友善店家名稱":"桌遊糖果城",
    "地址":"臺北市內湖區內湖路一段731號2樓",
    "電話":"02-87975420",
    "簡介":"歡迎來到糖果城: #台灣桌遊第一品牌\n港墘捷運站一號出口左轉五分鐘，\n過大十字路口，直行看到華泰銀行樓上\n737夜市桌遊店 內湖科技園區福利\n舒服的休閒空間，人與人的溫度，專業的桌遊教學，合適的場地使用\n嗯，讓我們再加一些些美好的時光進去~",
    "英文友善":"0",
    "日文友善":"0",
    "韓文友善":"0",
    "行動裝置充電":"1",
    "無障礙友善":"0",
    "性別友善":"1",
    "便利支付":"1",
    "素食":"0",
    "友善廁所":"1",
    "公平貿易友善":"0",
    "Free WiFi":"1",
    "自行車友善":"0",
    "哺集乳友善":"0",
    "穆斯林友善":"0",
    "月經友善":"1",
    "友善項目總計":6
    }
  },
  {
    "type": "Feature",
    "geometry": {
       "type": "Point",
       "coordinates":  [ 121.498259,25.025219 ]
    },
    "properties": {
    "行政區":"萬華區",
    "友善店家名稱":"HeadxLover",
    "地址":"臺北市萬華區民和街81巷11號1樓",
    "電話":"0979-118-123",
    "簡介":"我們以一種『分享』的概念，\n分享來自各個年代的Vintage商品\n讓進來這裡的客人先認識商品本質，\n從而對於商品產生興趣並發現其價值，\n我們並不會主導他們走向某種風格，\n反而讓大家自己嘗試並發掘出更多的可能性。\n衣著也是一種語言，來自每一個個體\n『如何讓顧客的人生更豐富』是我們的服務的第一要點。\n『我們不迎合當季消耗的時尚，\n我們品嚐永不落俗套的經典，\n我們自創獨家的美麗，\n我們要在過去‧現在‧未來都與你同行。』",
    "英文友善":"1",
    "日文友善":"0",
    "韓文友善":"0",
    "行動裝置充電":"1",
    "無障礙友善":"0",
    "性別友善":"1",
    "便利支付":"0",
    "素食":"0",
    "友善廁所":"0",
    "公平貿易友善":"0",
    "Free WiFi":"1",
    "自行車友善":"0",
    "哺集乳友善":"0",
    "穆斯林友善":"0",
    "月經友善":"0",
    "友善項目總計":4
    }
  },
  {
    "type": "Feature",
    "geometry": {
       "type": "Point",
       "coordinates":  [ 121.500031,25.141953 ]
    },
    "properties": {
    "行政區":"北投區",
    "友善店家名稱":"無眠workshop",
    "地址":"臺北市北投區復興四路22號",
    "電話":"02-8940720",
    "簡介":"大屯山腳下寧靜的咖啡店無眠workshop，提供手作的甜點與異國料理，，透過旅遊各地的細心體察，將多年西餐烹調經驗融合其中，每日採購市場的新鮮食材，打造出有溫度的餐點，我們擁有好喝咖啡與溫暖甜點的輕工業風小店，歡迎來這寧靜山腳下的咖啡店品嚐我們的餐點吧",
    "英文友善":"0",
    "日文友善":"0",
    "韓文友善":"0",
    "行動裝置充電":"0",
    "無障礙友善":"0",
    "性別友善":"1",
    "便利支付":"1",
    "素食":"1",
    "友善廁所":"0",
    "公平貿易友善":"0",
    "Free WiFi":"1",
    "自行車友善":"0",
    "哺集乳友善":"0",
    "穆斯林友善":"0",
    "月經友善":"0",
    "友善項目總計":4
    }
  },
  {
    "type": "Feature",
    "geometry": {
       "type": "Point",
       "coordinates":  [ 121.510904,25.136202 ]
    },
    "properties": {
    "行政區":"北投區",
    "友善店家名稱":"山边咖啡",
    "地址":"臺北市北投區溫泉路110-1號1樓",
    "電話":"02-28939325",
    "簡介":"山\n永遠都在\n我們誠摯邀請您\n一起來北投\n與我們一同在 山边\n賞山雲變化\n品咖啡醇香",
    "英文友善":"1",
    "日文友善":"0",
    "韓文友善":"0",
    "行動裝置充電":"1",
    "無障礙友善":"0",
    "性別友善":"1",
    "便利支付":"1",
    "素食":"1",
    "友善廁所":"1",
    "公平貿易友善":"0",
    "Free WiFi":"1",
    "自行車友善":"0",
    "哺集乳友善":"0",
    "穆斯林友善":"0",
    "月經友善":"0",
    "友善項目總計":7
    }
  },
  {
    "type": "Feature",
    "geometry": {
       "type": "Point",
       "coordinates":  [ 121.552097,25.042446 ]
    },
    "properties": {
    "行政區":"大安區",
    "友善店家名稱":"VII&Co.",
    "地址":"臺北市大安區敦化南路一段187巷58號1樓",
    "電話":"0935-313-938",
    "簡介":"歡迎光臨VII！最新是一家專注於提供最新歐美街頭流行女裝服飾的店家。我們店內的衣著風格多樣，涵蓋了從時尚搭配到休閒街頭風格的各種選擇，讓您能夠盡情展現自己的獨特魅力。無論是追求個性、追求時尚潮流還是尋找獨特的服飾，我們都能滿足您的需求。請蒞臨我們的店鋪，讓我們為您帶來一場愉快的時尚購物體驗！",
    "英文友善":"1",
    "日文友善":"0",
    "韓文友善":"0",
    "行動裝置充電":"0",
    "無障礙友善":"0",
    "性別友善":"1",
    "便利支付":"1",
    "素食":"0",
    "友善廁所":"0",
    "公平貿易友善":"0",
    "Free WiFi":"0",
    "自行車友善":"0",
    "哺集乳友善":"0",
    "穆斯林友善":"0",
    "月經友善":"0",
    "友善項目總計":3
    }
  },
  {
    "type": "Feature",
    "geometry": {
       "type": "Point",
       "coordinates":  [ 121.56294,25.044627 ]
    },
    "properties": {
    "行政區":"信義區",
    "友善店家名稱":"菓源有限公司",
    "地址":"臺北市信義區忠孝東路四段553巷52弄9號1樓",
    "電話":"02-27668082",
    "簡介":"我們走遍台灣南北 尋尋覓蜜\n跟隨著養蜂人的腳步逐花而居\n感動著看著蜂群們奮力振翅\n懷著對大自然百分百的敬意期盼著收成\n終於 那年的汗水結成了金黃色的甜蜜\n在這裡   您可以感受的到我們對自家產品的用心\n從原料的選擇、製作的工法到對包裝的細節\n這些堅持 這些斤斤計較\n只為了將Ms.Gardener及台灣小農的真心誠意傳遞給您\n每口良心，每口幸福",
    "英文友善":"0",
    "日文友善":"0",
    "韓文友善":"0",
    "行動裝置充電":"0",
    "無障礙友善":"0",
    "性別友善":"1",
    "便利支付":"1",
    "素食":"0",
    "友善廁所":"1",
    "公平貿易友善":"0",
    "Free WiFi":"1",
    "自行車友善":"0",
    "哺集乳友善":"0",
    "穆斯林友善":"0",
    "月經友善":"0",
    "友善項目總計":4
    }
  },
  {
    "type": "Feature",
    "geometry": {
       "type": "Point",
       "coordinates":  [ 121.544189,25.03675 ]
    },
    "properties": {
    "行政區":"大安區",
    "友善店家名稱":"Plants",
    "地址":"臺北市大安區復興南路一段253巷10號1樓",
    "電話":"02-27845677",
    "簡介":"Plants 於 2016 年 5 月創立，是台灣第一家提供植物性、無麩質、全食物飲食的餐廳，致力於推廣植物性全食物飲食，進而讓大眾了解如何從食、衣、住、行、育、樂之中做選擇，活出有意識的生活。人類可以透過飲食模式改變來創造更好的地球環境，我們期待與地球公民一起成長、一起努力、一起透過美好的植物性飲食，推動永續的社會運動，發揮每個人的社會影響力。",
    "英文友善":"1",
    "日文友善":"0",
    "韓文友善":"0",
    "行動裝置充電":"1",
    "無障礙友善":"1",
    "性別友善":"1",
    "便利支付":"0",
    "素食":"1",
    "友善廁所":"1",
    "公平貿易友善":"1",
    "Free WiFi":"1",
    "自行車友善":"1",
    "哺集乳友善":"1",
    "穆斯林友善":"0",
    "月經友善":"0",
    "友善項目總計":10
    }
  },
  {
    "type": "Feature",
    "geometry": {
       "type": "Point",
       "coordinates":  [ 121.550552,25.030868 ]
    },
    "properties": {
    "行政區":"大安區",
    "友善店家名稱":"Miss Green",
    "地址":"臺北市大安區敦化南路二段63巷28號",
    "電話":"02-27039026",
    "簡介":"\"MissGreen綠蔬蔬這一路走來，我們的三大堅持： #01 我們比你更在意你的健康。 We care more for your Health. ■ 其實蔬食可以很美味，更可以滿足營養均衡的需求！ 現代人的健康問題層出不窮，細數那些「生病的動物」「食品不安全」「馬甲線」在MissGreen我們保證絕對天然，無添加！ #02 始終...保持善良。 Love all kinds. ■ 成就他人，成就自己！ 保持愛和善良，將善良傳遞給他人。 相由心生，美不單單只是外表，更是一個善良又強大的內心。在MissGreen我們將用有意識的消費形成一股善良的力量。 #03 堅持可持續發展。 Leveraging a Balance. ■ 時尚不單代表時代，更代表人類對於永續的覺醒與美好祈願。 隨著越來越多的人出品地球生態的紀錄片，「綠色」、「永續」、「環保」這些概念頻繁被提出，不僅我們把持初衷，並承諾將永續放在每一個MissGreen綠蔬蔬的設計中。 . . . 綠蔬蔬從2014年起頭的艱難，到如今只因為…我們把持 「真」「善」「和」「美 」 Be Your Own Hero! ■ 用消費去愛我們的家，讓善舉形成一個口耳相傳，屬於你我為未來努力的故事。 只要世界上還有一個人在愛動物、愛地球、默默付出著…MissGreen綠蔬蔬將一直與你同在。 MissGreen綠蔬蔬創始人 Vivian",
    "英文友善":"1",
    "日文友善":"0",
    "韓文友善":"0",
    "行動裝置充電":"0",
    "無障礙友善":"0",
    "性別友善":"1",
    "便利支付":"0",
    "素食":"1",
    "友善廁所":"0",
    "公平貿易友善":"0",
    "Free WiFi":"1",
    "自行車友善":"0",
    "哺集乳友善":"1",
    "穆斯林友善":"0",
    "月經友善":"0",
    "友善項目總計":5
    }
  },
  {
    "type": "Feature",
    "geometry": {
       "type": "Point",
       "coordinates":  [ 121.530105,25.059135 ]
    },
    "properties": {
    "行政區":"中山區",
    "友善店家名稱":"糜家莊潮式砂鍋粥",
    "地址":"臺北市中山區吉林路226號1樓",
    "電話":"02-25417366",
    "簡介":"糜家莊潮式砂鍋粥\n創新料理 潮入稱{糜} 潮州糜.通常比較黏稠.稱得上{厚糜}\n北方粥 .鄭板橋所煮的{糊塗粥} .用潮州話來說就是 {鎶飲糜}\n潮州大米ㄝ稱得上{白糜} .用大米配合其他料理融入 \n菜糜.魚糜.鸡糜.蝦糜.蟹糜與16種溫補中藥材一起熬煮\n便成為古時候 皇帝每日必食為{皇帝糜}",
    "英文友善":"0",
    "日文友善":"0",
    "韓文友善":"0",
    "行動裝置充電":"0",
    "無障礙友善":"0",
    "性別友善":"1",
    "便利支付":"1",
    "素食":"0",
    "友善廁所":"0",
    "公平貿易友善":"0",
    "Free WiFi":"1",
    "自行車友善":"0",
    "哺集乳友善":"1",
    "穆斯林友善":"1",
    "月經友善":"0",
    "友善項目總計":5
    }
  },
  {
    "type": "Feature",
    "geometry": {
       "type": "Point",
       "coordinates":  [ 121.518683,25.048799 ]
    },
    "properties": {
    "行政區":"中正區",
    "友善店家名稱":"地下街軟體世界 一店",
    "地址":"臺北市中正區黎明里市民大道1段100號臺北地下街93室",
    "電話":"02-25594855",
    "簡介":"臺北地下街- 最佳電玩遊戲購物品牌, TV Game主機、遊戲、週邊專賣,PlayStation 5,Nintendo Switch, Xbox Series X, 擁有實體門市供玩家選購各類電視遊樂器商品",
    "英文友善":"0",
    "日文友善":"0",
    "韓文友善":"0",
    "行動裝置充電":"0",
    "無障礙友善":"0",
    "性別友善":"1",
    "便利支付":"0",
    "素食":"0",
    "友善廁所":"0",
    "公平貿易友善":"0",
    "Free WiFi":"1",
    "自行車友善":"0",
    "哺集乳友善":"0",
    "穆斯林友善":"0",
    "月經友善":"1",
    "友善項目總計":3
    }
  },
  {
    "type": "Feature",
    "geometry": {
       "type": "Point",
       "coordinates":  [ 121.563391,25.04317 ]
    },
    "properties": {
    "行政區":"信義區",
    "友善店家名稱":"GIFTIE甜心禮物",
    "地址":"臺北市信義區忠孝東路四段553巷22弄8號1樓",
    "電話":"02-25781808",
    "簡介":"GIFTIE 松菸店 Silver jewelries DIY Workshop\n新金工體驗\n\n台灣首家全客製化DIY銀飾禮物館，《根據您的想法》VIP一對一新金工教學，日本原裝進口999純銀黏土材料，讓創作更加容易，不使用傳統金工的鋸、銼、焊、敲等工法，無固定款式教學，完全按照您的想法來發揮，輕鬆完成自己製作銀飾夢想。",
    "英文友善":"0",
    "日文友善":"1",
    "韓文友善":"0",
    "行動裝置充電":"0",
    "無障礙友善":"0",
    "性別友善":"1",
    "便利支付":"1",
    "素食":"1",
    "友善廁所":"1",
    "公平貿易友善":"0",
    "Free WiFi":"1",
    "自行車友善":"0",
    "哺集乳友善":"1",
    "穆斯林友善":"0",
    "月經友善":"1",
    "友善項目總計":8
    }
  },
  {
    "type": "Feature",
    "geometry": {
       "type": "Point",
       "coordinates":  [ 121.50237,25.043876 ]
    },
    "properties": {
    "行政區":"萬華區",
    "友善店家名稱":"臺北漫步旅店",
    "地址":"臺北市萬華區成都路163號",
    "電話":"02-23831334",
    "簡介":"臺北漫步旅店西門館前身就是間老旅店，由來自香港的老闆林維源重新改裝為青年旅館。 雖是青年旅館，除了混合床位外也有獨立客房，讓喜歡多一點隱私的旅客，住房時也可以同時享受青年旅館的公共空間。 旅店一樓採用工業風設計，簡約中帶有個性。 一踏入旅店，挑高設計加上整層打通，光是交誼廳就讓人覺得這已經超越了青年旅店該有的格局。",
    "英文友善":"1",
    "日文友善":"1",
    "韓文友善":"0",
    "行動裝置充電":"0",
    "無障礙友善":"0",
    "性別友善":"1",
    "便利支付":"0",
    "素食":"0",
    "友善廁所":"1",
    "公平貿易友善":"0",
    "Free WiFi":"1",
    "自行車友善":"1",
    "哺集乳友善":"0",
    "穆斯林友善":"0",
    "月經友善":"1",
    "友善項目總計":7
    }
  },
  {
    "type": "Feature",
    "geometry": {
       "type": "Point",
       "coordinates":  [ 121.531494,25.016102 ]
    },
    "properties": {
    "行政區":"中正區",
    "友善店家名稱":"FLOVIE花漾微漫咖啡館",
    "地址":"臺北市中正區羅斯福路三段244巷10弄19號",
    "電話":"02-23656188",
    "簡介":"這是一家充滿愛花者的咖啡廳同時也是寵物友善餐廳，一對姐妹從澳洲回來，希望把自己吃到的好口味及美麗的環境分享給每一位熱愛美食的你！常常會有手作甜點/餐點推出，推薦的菜色有洋蔥牛肉乳酪法棍還有超美味的燻鮭魚酪梨可頌早午餐，來杯溫暖的咖啡，美味的餐點，開始這美好的一天！\n下午茶最新推出讓人幸福滿滿的肉桂捲系列，肉桂控一定要試試，還有好多當日手作甜點，配上暖暖的咖啡，瞬間幸福爆表！絕對值得您親自體驗❤️\n闆娘喜歡花草，也喜歡小動物，幸運的話來店用餐可以見到店狗Henry亨利與 Hemy嘿美喲（他們是2歲與4歲的臘腸狗）❤️❤️\n敬請多加利用電話預約\n或臉書私訊預約唷！\n（Google上無法直接預約，謝謝）",
    "英文友善":"1",
    "日文友善":"0",
    "韓文友善":"0",
    "行動裝置充電":"0",
    "無障礙友善":"0",
    "性別友善":"1",
    "便利支付":"0",
    "素食":"1",
    "友善廁所":"0",
    "公平貿易友善":"0",
    "Free WiFi":"1",
    "自行車友善":"0",
    "哺集乳友善":"0",
    "穆斯林友善":"0",
    "月經友善":"0",
    "友善項目總計":4
    }
  },
  {
    "type": "Feature",
    "geometry": {
       "type": "Point",
       "coordinates":  [ 121.512254,25.0513 ]
    },
    "properties": {
    "行政區":"大同區",
    "友善店家名稱":"小石子商行",
    "地址":"臺北市大同區延平北路一段69巷2號",
    "電話":"02-25595376",
    "簡介":"小石子商行成立於2002年，走過這十多年，我們深信，\n原始而繽紛的材質美感，是天然石飾品和其他飾品最大的不同，\n來自大地的每一顆寶石都擁有獨一無二的個性和紋理；\n而每一位手創人也都有引人入勝巧思和對待。\n我們相信這家小店的存在能結合兩者，\n陪伴更多人體會簡單的快樂，感受手創的幸福！\n[營業項目]\n天然石專門店 串珠材料 手作課程",
    "英文友善":"0",
    "日文友善":"0",
    "韓文友善":"0",
    "行動裝置充電":"0",
    "無障礙友善":"0",
    "性別友善":"1",
    "便利支付":"1",
    "素食":"0",
    "友善廁所":"0",
    "公平貿易友善":"0",
    "Free WiFi":"1",
    "自行車友善":"0",
    "哺集乳友善":"0",
    "穆斯林友善":"0",
    "月經友善":"0",
    "友善項目總計":3
    }
  },
  {
    "type": "Feature",
    "geometry": {
       "type": "Point",
       "coordinates":  [ 121.566542,25.0501 ]
    },
    "properties": {
    "行政區":"松山區",
    "友善店家名稱":"御盛食品工作室（盛櫥）",
    "地址":"臺北市松山區南京東路五段250巷18弄8號",
    "電話":"02-27475598",
    "簡介":"盛櫥New’s kitchen & Bakery 是一間烘焙坊兼早午餐廳。 選用安心的食材，堅持手作的溫度。在步調匆促的大都會裡，有個幸福的加注站藏在街角，在日常，給您真實又熟悉的美味生活。",
    "英文友善":"1",
    "日文友善":"0",
    "韓文友善":"0",
    "行動裝置充電":"1",
    "無障礙友善":"0",
    "性別友善":"1",
    "便利支付":"1",
    "素食":"1",
    "友善廁所":"1",
    "公平貿易友善":"0",
    "Free WiFi":"1",
    "自行車友善":"0",
    "哺集乳友善":"0",
    "穆斯林友善":"0",
    "月經友善":"1",
    "友善項目總計":8
    }
  },
  {
    "type": "Feature",
    "geometry": {
       "type": "Point",
       "coordinates":  [ 121.516102,25.050138 ]
    },
    "properties": {
    "行政區":"大同區",
    "友善店家名稱":"Insinger To Go",
    "地址":"臺北市大同區華陰街133號1樓",
    "電話":"0920-005-053",
    "簡介":"硬性格新成立之 Insinger To Go 硬性格 外帶咖啡，近北車京站，店內銷售義式咖啡、單品手沖、甜點",
    "英文友善":"1",
    "日文友善":"0",
    "韓文友善":"0",
    "行動裝置充電":"0",
    "無障礙友善":"0",
    "性別友善":"1",
    "便利支付":"1",
    "素食":"0",
    "友善廁所":"0",
    "公平貿易友善":"0",
    "Free WiFi":"0",
    "自行車友善":"0",
    "哺集乳友善":"0",
    "穆斯林友善":"0",
    "月經友善":"0",
    "友善項目總計":3
    }
  },
  {
    "type": "Feature",
    "geometry": {
       "type": "Point",
       "coordinates":  [ 121.566807,25.057227 ]
    },
    "properties": {
    "行政區":"松山區",
    "友善店家名稱":"法國廚師的甜點",
    "地址":"臺北市松山區延壽街89號1樓",
    "電話":"0936-811-888",
    "簡介":"民生社區裡的一位法國廚師Nosif ,他的手藝簡直是讓人驚呼連連啊！這位大廚可不簡單，他可是把他法國的料理技巧結合了當地食材，做出一系列讓人垂涎三尺的甜點。\n最受歡迎的，當然要數他的法式生日蛋糕了。這不僅僅是個蛋糕，簡直是一件藝術品！低糖天然，每一刀下去，都能感受到他的用心。切開來更是驚艷，那細緻的層次感，讓人捨不得下手。\n而他的可頌更是另一絕！酥脆的外皮，內裡卻又是鬆軟綿密，真是讓人回味無窮。尤其是他獨特的口味，有的是傳統的巧克力和杏仁可頌，也有一些創新口味，每次去都能有新的驚喜。\n說起這位法國廚師，不能不提他的太太Teresa ,太太在這甜點店裡也是發揮著重要作用，她們真是天作之合！夫妻倆一起經營，不僅甜點美味，連店內的氛圍都溫馨又有活力。\n大家都超愛他們，不僅因為他們的甜點美味，更是因為他們把這片小社區點燃了一把美食的熱情！每次去都能感受到他們的用心和對食物的熱愛，真是太棒了。這麼美味的甜點，簡直讓人停不下來啊！",
    "英文友善":"1",
    "日文友善":"0",
    "韓文友善":"0",
    "行動裝置充電":"0",
    "無障礙友善":"0",
    "性別友善":"1",
    "便利支付":"1",
    "素食":"0",
    "友善廁所":"0",
    "公平貿易友善":"0",
    "Free WiFi":"0",
    "自行車友善":"0",
    "哺集乳友善":"0",
    "穆斯林友善":"0",
    "月經友善":"0",
    "友善項目總計":3
    }
  },
  {
    "type": "Feature",
    "geometry": {
       "type": "Point",
       "coordinates":  [ 121.588227,25.070259 ]
    },
    "properties": {
    "行政區":"內湖區",
    "友善店家名稱":"Tiecafe",
    "地址":"臺北市內湖區成功路二段426巷56號一樓",
    "電話":"0932-320-958",
    "簡介":"店內收藏古物、黑膠與卡帶，讓人時空錯置感覺，慵懶輕鬆氛圍，彷彿置身那個美好90年代，回憶起年輕時的酸甜苦。 有古物零售、不定時活動、空間包場、咖啡體驗課。\n#四位以上不招待#未開放訂位#可來電確認座位\n歡迎洽詢《開店輔導-課程-批發\n#不定期店休#內湖咖啡廳#精釀啤酒#深夜咖啡廳#提拉米蘇 #可麗露",
    "英文友善":"0",
    "日文友善":"0",
    "韓文友善":"0",
    "行動裝置充電":"0",
    "無障礙友善":"0",
    "性別友善":"0",
    "便利支付":"1",
    "素食":"0",
    "友善廁所":"0",
    "公平貿易友善":"0",
    "Free WiFi":"1",
    "自行車友善":"0",
    "哺集乳友善":"0",
    "穆斯林友善":"0",
    "月經友善":"0",
    "友善項目總計":2
    }
  },
  {
    "type": "Feature",
    "geometry": {
       "type": "Point",
       "coordinates":  [ 121.540086,24.994691 ]
    },
    "properties": {
    "行政區":"文山區",
    "友善店家名稱":"呢喃MurMur",
    "地址":"臺北市文山區溪口街39號",
    "電話":"02-29333299",
    "簡介":"呢喃有訴說之意\n讓呢喃MurMur代替送禮人道出真摯的喃喃細語」成為了品牌靈魂。\n在這裡，你可以找到甜蜜、幸福和喜悅的蜜唇甜點禮盒，\n也可以找到獨特、情調和質感的情侶對酒，\n就讓我們替你說出心中最想表達的情感吧！",
    "英文友善":"0",
    "日文友善":"0",
    "韓文友善":"0",
    "行動裝置充電":"0",
    "無障礙友善":"0",
    "性別友善":"1",
    "便利支付":"1",
    "素食":"0",
    "友善廁所":"1",
    "公平貿易友善":"0",
    "Free WiFi":"1",
    "自行車友善":"0",
    "哺集乳友善":"0",
    "穆斯林友善":"0",
    "月經友善":"0",
    "友善項目總計":4
    }
  },
  {
    "type": "Feature",
    "geometry": {
       "type": "Point",
       "coordinates":  [ 121.556979,25.039399 ]
    },
    "properties": {
    "行政區":"大安區",
    "友善店家名稱":"sugar miss",
    "地址":"臺北市大安區光復南路290巷4號",
    "電話":"02-27715320\n要打02-87515258",
    "簡介":"Sugar Miss是由一位愛小孩的暖心爸爸所創辦，秉持給小孩最好的信念，。全品項採用天然食材，製作過程不添加人工香料和防腐劑，我們專注於製作美味、精緻的甜點，讓大家每一口都能感覺到真材實料與滿滿的幸福感。 \nSugar Miss的甜點種類非常豐富，有自創的大理石乳酪、奶酪、可麗露、肉桂捲…，其中最受歡迎的甜點是我們的千層蛋糕，蛋皮厚度堅持維持為0.1~0.3 mm，層層堆疊，入口即化，令人忍不住一口接一口。 原料食材採用日本進口奶霜，牛奶使用小農牧場鮮乳坊，雞蛋使用全佑牧場。\n此外，Sugar Miss還有一款叫「豆腐岩」的特別甜點，它的外觀就像新竹知名景點豆腐岩一樣，方方正正，上層是棉花糖大理石裝飾，底下是戚風蛋糕包裹著會爆漿的內餡，內餡會隨著切開的動作緩緩流出，還會隨著不同季節推出新口味喔!\n我們相信，一份好的甜點不僅能夠帶給人們味覺上的享受，還能夠讓人們感受到思念、關愛和幸福。",
    "英文友善":"1",
    "日文友善":"0",
    "韓文友善":"0",
    "行動裝置充電":"1",
    "無障礙友善":"0",
    "性別友善":"1",
    "便利支付":"1",
    "素食":"0",
    "友善廁所":"1",
    "公平貿易友善":"0",
    "Free WiFi":"1",
    "自行車友善":"0",
    "哺集乳友善":"0",
    "穆斯林友善":"0",
    "月經友善":"0",
    "友善項目總計":6
    }
  },
  {
    "type": "Feature",
    "geometry": {
       "type": "Point",
       "coordinates":  [ 121.558673,25.032298 ]
    },
    "properties": {
    "行政區":"信義區",
    "友善店家名稱":"宜窩EQUAL by TKLAB",
    "地址":"臺北市信義區嘉興街8號",
    "電話":"0919-335-889",
    "簡介":"\"TKLAB創立於2010年，秉持不進通路，省去高昂抽成費用，目標打造TK生活圈，成為台灣保養保健品的第一國民品牌。 宜窩 EQUAL by TKLAB 為第一家結合保健保養品的實體概念店鋪，打造門口為保養保健品的無人智能商店，而在旁邊則是餐酒館的入口，當找到正確的按鈕，就能找到別有洞天的秘密基地。 宜窩是指可以放鬆窩在這的地方、 是每個人都能找到秘密基地般的歸屬感； 當你推開這扇門，我們總會對你說： 歡迎回來。 宜窩結合了西台日三個文化，無論餐點、酒款、音樂等元素都融合了三個文化。 主打好吃的15款世界各地炸雞，21款獨家調酒、現倒汲飲調酒。 另外也提供結合了TKLAB的保健食品而成的無酒精/有酒精飲品。 #宜窩barequalbytklab #第一家結合保健保養的餐酒館 #宜窩宜酒宜放鬆 #基隆路酒吧#信義區酒吧#信義區餐廳 #臺北101世貿站 #信義安和站 #調酒五連杯只要897 #十五款口味炸雞 #全臺北CP值最高餐酒館\"",
    "英文友善":"1",
    "日文友善":"0",
    "韓文友善":"0",
    "行動裝置充電":"0",
    "無障礙友善":"0",
    "性別友善":"1",
    "便利支付":"0",
    "素食":"0",
    "友善廁所":"1",
    "公平貿易友善":"0",
    "Free WiFi":"0",
    "自行車友善":"0",
    "哺集乳友善":"0",
    "穆斯林友善":"0",
    "月經友善":"0",
    "友善項目總計":3
    }
  },
  {
    "type": "Feature",
    "geometry": {
       "type": "Point",
       "coordinates":  [ 121.56345,25.042339 ]
    },
    "properties": {
    "行政區":"信義區",
    "友善店家名稱":"初衷小鹿 Deer's Hotpot Bistro",
    "地址":"臺北市信義區忠孝東路四段553巷6弄15號",
    "電話":"0903-993-311",
    "簡介":"      「在天然鍋物裡找回最初的自己」\n湯，即是我們的初衷，使用柴魚與多樣蔬果熬製24小時的精緻蔬果湯頭 堅持，不使用調味精及重口味湯頭，保留食材本質的美味 選用，頂級食材搭配原味精緻湯頭，讓每道食材禁得起味蕾的挑戰。\n風味上，衷於「以食材為食材調味，創造多種層次味蕾」是我們新穎的理念 萬中精選出最適合搭配火鍋的紅、白、氣泡酒，顛覆傳統火鍋吃法。\n「每一道端在餐桌上的美食都是主角」 也因甜點精緻化，讓許多客人常玩笑「被火鍋耽誤的甜點店」 期許在國際上，為台灣火鍋創造更多的全新風貌。 ",
    "英文友善":"1",
    "日文友善":"0",
    "韓文友善":"0",
    "行動裝置充電":"0",
    "無障礙友善":"0",
    "性別友善":"1",
    "便利支付":"1",
    "素食":"0",
    "友善廁所":"0",
    "公平貿易友善":"0",
    "Free WiFi":"1",
    "自行車友善":"0",
    "哺集乳友善":"0",
    "穆斯林友善":"0",
    "月經友善":"0",
    "友善項目總計":4
    }
  },
  {
    "type": "Feature",
    "geometry": {
       "type": "Point",
       "coordinates":  [ 121.525445,25.050149 ]
    },
    "properties": {
    "行政區":"中山區",
    "友善店家名稱":"Damngood",
    "地址":"臺北市中山區林森北路107巷10號",
    "電話":"02-25435908",
    "簡介":"Life is too short to feel all the DamnGood things\n-\n它不是咖啡廳、烘焙屋\n而是提供感受、紀錄、展示的空間\n-\n透過探索尋找DamnGood的一切可能",
    "英文友善":"1",
    "日文友善":"0",
    "韓文友善":"0",
    "行動裝置充電":"0",
    "無障礙友善":"0",
    "性別友善":"1",
    "便利支付":"0",
    "素食":"0",
    "友善廁所":"1",
    "公平貿易友善":"0",
    "Free WiFi":"1",
    "自行車友善":"0",
    "哺集乳友善":"0",
    "穆斯林友善":"0",
    "月經友善":"0",
    "友善項目總計":4
    }
  },
  {
    "type": "Feature",
    "geometry": {
       "type": "Point",
       "coordinates":  [ 121.518501,25.065587 ]
    },
    "properties": {
    "行政區":"大同區",
    "友善店家名稱":"星球體能教室",
    "地址":"臺北市大同區德路三段61號3樓",
    "電話":"0952-331-143",
    "簡介":"｜由一群讓人看見台灣的酷人所組成｜\n\n以推動戶外，達到在地經濟、社會、環境永續為品牌理念的戶外品牌！",
    "英文友善":"1",
    "日文友善":"0",
    "韓文友善":"0",
    "行動裝置充電":"1",
    "無障礙友善":"0",
    "性別友善":"1",
    "便利支付":"0",
    "素食":"0",
    "友善廁所":"1",
    "公平貿易友善":"0",
    "Free WiFi":"1",
    "自行車友善":"0",
    "哺集乳友善":"1",
    "穆斯林友善":"0",
    "月經友善":"1",
    "友善項目總計":7
    }
  },
  {
    "type": "Feature",
    "geometry": {
       "type": "Point",
       "coordinates":  [ 121.526595,25.022763 ]
    },
    "properties": {
    "行政區":"大安區",
    "友善店家名稱":"Le SAGE Steak Bistro 茱莉金牛排餐酒館",
    "地址":"臺北市大安區浦城街26巷2號一樓",
    "電話":"02-23680986",
    "簡介":"餐廳介紹:\nLe SAGE 茱莉金牛排餐酒館致力於提供高品質美國 USDA Prime 鮮切牛排。透過多種食材料理方 式及獨家椒麻風味，帶給客人不一樣的體驗。 絕美陽光玻璃屋，適合聚餐、包場、慶生活動及客製菜單，可容納約 65 人。 多種單杯紅白酒，推薦給喜歡嘗試不同風味搭配的您。",
    "英文友善":"1",
    "日文友善":"1",
    "韓文友善":"1",
    "行動裝置充電":"1",
    "無障礙友善":"0",
    "性別友善":"1",
    "便利支付":"0",
    "素食":"1",
    "友善廁所":"1",
    "公平貿易友善":"0",
    "Free WiFi":"1",
    "自行車友善":"1",
    "哺集乳友善":"0",
    "穆斯林友善":"0",
    "月經友善":"1",
    "友善項目總計":10
    }
  },
  {
    "type": "Feature",
    "geometry": {
       "type": "Point",
       "coordinates":  [ 121.539018,25.037596 ]
    },
    "properties": {
    "行政區":"大安區",
    "友善店家名稱":"奪愛印度料理",
    "地址":"臺北市大安區仁愛路三段84號",
    "電話":"0913-780-521",
    "簡介":"奪愛 - 顧名思義就是在料理之中奪人所愛， 奪愛印度料理從1990年創始， 老闆雖為台灣人，但接觸到印度料理後產生的熱愛， 花了30多年的時間來不斷的研究印度料理與文化思想。 而印度料理在世界上獨具特色且蘊含文化， 手抓飯 就是印度人長久以來的就餐習俗， 吃飯前會先洗凈手來準備就餐， 以此更為注重衛生。 而就餐過程或傳遞食物等都會使用右手， 因為人們認為右手代表潔淨。 也認為在吃飯過程有很多感受來自觸覺， 而刀叉和筷子等餐具的冰冷， 會阻絕了對食物的溫度與觸覺感受， 這也提前感知溫度，避免了食物燙口的問題。 也正因為這樣的習俗習慣， 使得印度大部分菜都呈現為糊狀， 才便於用手抓餅卷著吃或是抓米飯拌著吃",
    "英文友善":"0",
    "日文友善":"0",
    "韓文友善":"0",
    "行動裝置充電":"0",
    "無障礙友善":"0",
    "性別友善":"1",
    "便利支付":"1",
    "素食":"1",
    "友善廁所":"1",
    "公平貿易友善":"0",
    "Free WiFi":"0",
    "自行車友善":"1",
    "哺集乳友善":"0",
    "穆斯林友善":"0",
    "月經友善":"0",
    "友善項目總計":5
    }
  },
  {
    "type": "Feature",
    "geometry": {
       "type": "Point",
       "coordinates":  [ 121.547999,25.041335 ]
    },
    "properties": {
    "行政區":"大安區",
    "友善店家名稱":"流氓老母滷小小",
    "地址":"臺北市大安區忠孝東路4段128號",
    "電話":"02-27771225",
    "簡介":"5年前，土匪老爸跟流氓老母還是一個平凡的上班族跟一個在巷子內幫人改衣服的無名之輩，在一次偶然的機會下他們決定改變現在的生活，於是在松江路的一條小巷內，流氓老母麵食店就此誕生了….\n流氓老母不僅僅只是一家單純的小吃店，而是一間用感情認真經營的店，名字的背後訴說著一個當母親的辛酸血淚，希望顧客來到這就像回到家的感覺，能感受到家的感覺以及母親希望孩子吃飽的心情。但隨著流氓老母年歲漸增，為了不讓飄香20年的好味道就此不見，兩位具有餐飲經驗的型男主廚下定決心要傳承老母的好味道以及好手藝。\n現在，流氓老母決定以全新的樣貌出現在各位顧客面前，經歷了各種考驗與籌備，現在我們即將推出最具台灣代表性的傳統小吃-流氓老母滷小小滷味專賣店即將登場！",
    "英文友善":"0",
    "日文友善":"0",
    "韓文友善":"0",
    "行動裝置充電":"0",
    "無障礙友善":"0",
    "性別友善":"1",
    "便利支付":"1",
    "素食":"1",
    "友善廁所":"0",
    "公平貿易友善":"0",
    "Free WiFi":"0",
    "自行車友善":"0",
    "哺集乳友善":"0",
    "穆斯林友善":"0",
    "月經友善":"0",
    "友善項目總計":3
    }
  },
  {
    "type": "Feature",
    "geometry": {
       "type": "Point",
       "coordinates":  [ 121.517379,25.094218 ]
    },
    "properties": {
    "行政區":"士林區",
    "友善店家名稱":"定迎士林旗艦店",
    "地址":"臺北市士林區士商路151、153號",
    "電話":"02-25321818",
    "簡介":"定迎有限公司士林旗艦店，為目前臺北最大直營店，總空間占地160坪，內含3個大包廂每間可容納40人、1個中型包廂每間可容納25人、1個VIP可容納16人，為您提供寬敞舒適的茶體驗及購物環境。\n定迎致力推廣台灣茶，特別提供純淨、自然、好茶道，以製造健康好茶為企業宗旨。其產品皆用481項SGS歐盟進口最高規格檢驗報告，並每年通過美國FDA註冊證書。",
    "英文友善":"0",
    "日文友善":"0",
    "韓文友善":"1",
    "行動裝置充電":"1",
    "無障礙友善":"0",
    "性別友善":"1",
    "便利支付":"0",
    "素食":"1",
    "友善廁所":"0",
    "公平貿易友善":"0",
    "Free WiFi":"1",
    "自行車友善":"0",
    "哺集乳友善":"0",
    "穆斯林友善":"1",
    "月經友善":"0",
    "友善項目總計":6
    }
  },
  {
    "type": "Feature",
    "geometry": {
       "type": "Point",
       "coordinates":  [ 121.55252,25.028258 ]
    },
    "properties": {
    "行政區":"大安區",
    "友善店家名稱":"紅皇后 川酒 • RED QUEEN BISTRO",
    "地址":"臺北市大安區樂利路11巷32號1樓",
    "電話":"02-27323255",
    "簡介":"精湛廚藝團隊的新派川菜，以摩登川酒風貌呈現，帶來全球蔚為風潮的新中式餐飲文化，開幕至今深受各界政商名流與影劇圏人士的喜愛。\n彷佛峇里島的風情就像是都會中的世外桃源，白天與夜晚各有迷情，東西混搭的設計空間",
    "英文友善":"1",
    "日文友善":"0",
    "韓文友善":"0",
    "行動裝置充電":"1",
    "無障礙友善":"0",
    "性別友善":"1",
    "便利支付":"1",
    "素食":"0",
    "友善廁所":"0",
    "公平貿易友善":"0",
    "Free WiFi":"1",
    "自行車友善":"0",
    "哺集乳友善":"0",
    "穆斯林友善":"0",
    "月經友善":"1",
    "友善項目總計":6
    }
  },
  {
    "type": "Feature",
    "geometry": {
       "type": "Point",
       "coordinates":  [ 121.545351,25.058588 ]
    },
    "properties": {
    "行政區":"松山區",
    "友善店家名稱":"竹里館",
    "地址":"臺北市松山區民生東路三段113巷6弄15號",
    "電話":"02-27171455",
    "簡介":"致力於推廣台灣茶的蔬食茶藝館---由館主黃浩然先生創辦於1996年，期待透過提供一個美好的環境讓更多人認識台灣茶。竹里館提供舒適清幽的泡茶、品茗環境，與堅持獨家研發且手作的蔬食料理與點心，更榮幸曾被日本媒體評選為日本觀光客人最愛的茶藝館，多年來受到許多國際媒體的青睞。",
    "英文友善":"0",
    "日文友善":"1",
    "韓文友善":"0",
    "行動裝置充電":"1",
    "無障礙友善":"0",
    "性別友善":"0",
    "便利支付":"0",
    "素食":"1",
    "友善廁所":"0",
    "公平貿易友善":"0",
    "Free WiFi":"1",
    "自行車友善":"1",
    "哺集乳友善":"0",
    "穆斯林友善":"0",
    "月經友善":"0",
    "友善項目總計":5
    }
  },
  {
    "type": "Feature",
    "geometry": {
       "type": "Point",
       "coordinates":  [ 121.509945,25.054171 ]
    },
    "properties": {
    "行政區":"大同區",
    "友善店家名稱":"元氣毛孩",
    "地址":"臺北市大同區迪化街一段14巷2號",
    "電話":"0970841447",
    "簡介":"位於迪化街小巷裡的伴侶動物選物店，一樓除了毛孩相關的商品、食品、用品之外，同時也提供以伴侶動物為主題的禮品、飾品等商品。二樓為共享空間平時提供租借服務，不定期舉辦伴侶動物相關講座。",
    "英文友善":"0",
    "日文友善":"1",
    "韓文友善":"0",
    "行動裝置充電":"0",
    "無障礙友善":"0",
    "性別友善":"1",
    "便利支付":"1",
    "素食":"0",
    "友善廁所":"0",
    "公平貿易友善":"0",
    "Free WiFi":"1",
    "自行車友善":"0",
    "哺集乳友善":"0",
    "穆斯林友善":"0",
    "月經友善":"0",
    "友善項目總計":4
    }
  },
  {
    "type": "Feature",
    "geometry": {
       "type": "Point",
       "coordinates":  [ 121.509623,25.058661 ]
    },
    "properties": {
    "行政區":"大同區",
    "友善店家名稱":"鯉魚 The Carp",
    "地址":"臺北市大同區迪化街一段169號",
    "電話":"02-25577660#26",
    "簡介":"迪化街李家女兒，出生在一家80年的南北貨行，阿公賣鮑魚罐頭，父親賣烏魚子乾貨，海味山珍是立基家業，也是年節盛宴。\n小時愛跟著母親做XO醬、鮑魚雞湯，就此著迷於用好食材創作出好料理。\n2009年一肩單挑，鯉魚誕生於迪化街，在餐桌上蜿蜒出大稻埕的豐盛之旅。\n煸出魚油，烏魚子炒飯香氣有來由，配上生烏魚子片，雙口感絕無僅有；頂級鮑魚＋花膠，老母雞熬湯8小時，選材、烹調，功夫與誠意俱足，單點、套餐，視覺與味覺並絕。\n野生烏魚子擔綱時髦下午茶，花膠鮑魚雞湯走入日常食養，願老靈魂與新饕客，如魚得水優游自得。",
    "英文友善":"0",
    "日文友善":"1",
    "韓文友善":"0",
    "行動裝置充電":"0",
    "無障礙友善":"0",
    "性別友善":"1",
    "便利支付":"0",
    "素食":"1",
    "友善廁所":"0",
    "公平貿易友善":"0",
    "Free WiFi":"0",
    "自行車友善":"0",
    "哺集乳友善":"0",
    "穆斯林友善":"0",
    "月經友善":"0",
    "友善項目總計":3
    }
  },
  {
    "type": "Feature",
    "geometry": {
       "type": "Point",
       "coordinates":  [ 121.522065,25.023976 ]
    },
    "properties": {
    "行政區":"中正區",
    "友善店家名稱":"主廚的秘密食材庫",
    "地址":"臺北市中正區汀州路二段189號",
    "電話":"0934331838",
    "簡介":"Good Food You 好歐食庫除了提供世界各地的優質食材、空運直送季節生鮮外，現場也提供法國生蠔立吞、各國起司試吃介紹，更有不定期舉辦的歐陸食材知識交流、 名廚分享歐洲食材應用、經典料理教學活動等，讓歐陸食材進入每個人的生活。\n此外，我們也能滿足許多餐桌上的食材需求，如：甜點烘焙、家中宴客、派對，甚至是私廚經營、私人招待所等，只因我們堅持提供頂級、市場不易取得、品質有國際認證的優質食材，這些都是各地老饕們會定期來好歐食庫選購食材的原因。",
    "英文友善":"1",
    "日文友善":"0",
    "韓文友善":"0",
    "行動裝置充電":"0",
    "無障礙友善":"0",
    "性別友善":"1",
    "便利支付":"1",
    "素食":"0",
    "友善廁所":"1",
    "公平貿易友善":"0",
    "Free WiFi":"1",
    "自行車友善":"0",
    "哺集乳友善":"0",
    "穆斯林友善":"0",
    "月經友善":"0",
    "友善項目總計":5
    }
  },
  {
    "type": "Feature",
    "geometry": {
       "type": "Point",
       "coordinates":  [ 121.509555,25.058354 ]
    },
    "properties": {
    "行政區":"大同區",
    "友善店家名稱":"源竹隆香",
    "地址":"臺北市大同區迪化街一段176號",
    "電話":"02-25578725",
    "簡介":"源竹隆香是迪化街在地經營百年的店家，以傳統純竹金紙與嚴選天然素材尊古法製造的香品為主打，是一間傍竹而生的天然金香鋪",
    "英文友善":"1",
    "日文友善":"1",
    "韓文友善":"0",
    "行動裝置充電":"0",
    "無障礙友善":"0",
    "性別友善":"0",
    "便利支付":"0",
    "素食":"0",
    "友善廁所":"0",
    "公平貿易友善":"0",
    "Free WiFi":"0",
    "自行車友善":"0",
    "哺集乳友善":"0",
    "穆斯林友善":"0",
    "月經友善":"0",
    "友善項目總計":2
    }
  },
  {
    "type": "Feature",
    "geometry": {
       "type": "Point",
       "coordinates":  [ 121.506266,25.03489 ]
    },
    "properties": {
    "行政區":"中正區",
    "友善店家名稱":"樂東菓丼",
    "地址":"臺北市中正區中華路二段53號",
    "電話":"02-23812068",
    "簡介":"創辦人劉益材是一位西點蛋糕主廚\n對於開〝蛋糕店〞是一個很久以來的夢想，\n然而就在開店的前一年，家中的長輩，相繼生了一場重病，於是他便開始思考，要做什麼樣的蛋糕及點心是對身體沒有負擔；少油、少糖、無添加的產品，在這個食安問題頻頻發生的年代，可以讓家人很放心的食用、一同品嘗的美味點心，試做了無數的配方及產品後，仍覺得蛋糕的糖分及油份仍偏高，為了家人的健康，便捨棄了蛋糕這個項目，轉而選擇了口感豐富又兼具營養的夏威夷豆塔。\n健康又好吃的夏威夷豆塔的想法及整個門店銷售的產品概念才因此萌芽。\n有別市售的豆塔使用速成的半成品塔皮，創辦人劉益材堅持從食材開始道豆塔完成之中的每一個步驟都自己把關頭，不假他人之手\n自己獨家研發的〝爽脆〞口感自製手工塔皮，每天一早上班從秤量原料→攪拌→靜置→揉捏→分割→成形→烤焙→脫模→烘豆→煮糖→填充→二次烘烤→冷卻→包裝\n共14道工法\n才能完成一顆顆美味健康的豆塔\n原料也嚴格把關，\n食材嚴選\n紐西蘭進口天然奶油  \n天然香醇的自然奶香無可替代\n日本海藻糖\n甜度比一般砂糖降低45% 不甜膩的好滋味\n4L等級夏威夷豆\n就是要用最大顆的夏威夷豆塞滿整顆豆塔!!!\n台灣純蜂蜜 台灣純正蜂蜜的香氣逼人\n日本海苔粉等\n光是成本及工時便比別人高出一倍，\n如此堅持\n但因為是自己家人要吃的，\n成本再高也做得開心，\n他說只要不賠錢、少賺一點，\n讓大家都可以很安心，\n快樂地吃下每一個豆塔，\n即是他最真摯的願望！",
    "英文友善":"0",
    "日文友善":"0",
    "韓文友善":"0",
    "行動裝置充電":"0",
    "無障礙友善":"0",
    "性別友善":"1",
    "便利支付":"1",
    "素食":"0",
    "友善廁所":"0",
    "公平貿易友善":"0",
    "Free WiFi":"1",
    "自行車友善":"0",
    "哺集乳友善":"0",
    "穆斯林友善":"0",
    "月經友善":"0",
    "友善項目總計":3
    }
  },
  {
    "type": "Feature",
    "geometry": {
       "type": "Point",
       "coordinates":  [ 121.509463,25.058954 ]
    },
    "properties": {
    "行政區":"大同區",
    "友善店家名稱":"天山行",
    "地址":"臺北市大同區迪化街一段200號",
    "電話":"02-25536619",
    "簡介":"穿瓦衫、TR磚、土角厝老牆…\n迪化街上的百年閩式老屋\n住著一間 40年南北貨老舖\n老木樑放送檜木香，五感瞬間返祖\n屋子是老的，日子是新的，\n食材乾貨跟著城市脈動，時新上架\n三代老闆化身選物偵探，獵鮮台日泰。\n北海道干貝鮮吃或人醬，特選昆布熬湯，\n蕨餅粉與鹽潰櫻花，自製和菓午茶；\n蝦醬鮮炒打拋豬，魚露涼拌青木瓜，\n泰醬們助攻料理一桌酸辣，消署一夏；\n台灣椴木香菇吸飽純木質素的營養，\n生吃就能嚐到大自然的森香…\n老屋見證時代，老舖引領食代，\n閩式老屋食新主張~歡迎尋味天山行。",
    "英文友善":"0",
    "日文友善":"0",
    "韓文友善":"0",
    "行動裝置充電":"0",
    "無障礙友善":"1",
    "性別友善":"1",
    "便利支付":"1",
    "素食":"0",
    "友善廁所":"0",
    "公平貿易友善":"0",
    "Free WiFi":"0",
    "自行車友善":"0",
    "哺集乳友善":"0",
    "穆斯林友善":"0",
    "月經友善":"0",
    "友善項目總計":3
    }
  },
  {
    "type": "Feature",
    "geometry": {
       "type": "Point",
       "coordinates":  [ 121.51158,25.058506 ]
    },
    "properties": {
    "行政區":"大同區",
    "友善店家名稱":"龍月堂糕餅舖",
    "地址":"臺北市大同區延平北路二段169號1樓",
    "電話":"02-25578767",
    "簡介":"龍月堂糕餅鋪創立於1932年，今年開始只有販賣月餅類的傳統糕餅，直到民國四十幾年開始製作麵包。擁有近百年歷史背景的龍月堂，目前接手的第三代經營者，除了保留傳統糕餅的製作技術之外，並將留日所學之心，技藝融入其中融會貫通中西合併的烘焙原理，傳承令人回味無窮的懷舊古早味",
    "英文友善":"0",
    "日文友善":"1",
    "韓文友善":"0",
    "行動裝置充電":"0",
    "無障礙友善":"0",
    "性別友善":"1",
    "便利支付":"0",
    "素食":"0",
    "友善廁所":"0",
    "公平貿易友善":"0",
    "Free WiFi":"0",
    "自行車友善":"0",
    "哺集乳友善":"0",
    "穆斯林友善":"0",
    "月經友善":"0",
    "友善項目總計":2
    }
  },
  {
    "type": "Feature",
    "geometry": {
       "type": "Point",
       "coordinates":  [ 121.519588,25.069163 ]
    },
    "properties": {
    "行政區":"大同區",
    "友善店家名稱":"啡創工廠 Future Factory Co.",
    "地址":"臺北市大同區民族西路31巷18號1樓",
    "電話":"02-25861010\n0912201183",
    "簡介":"品牌故事\n電器匠的手沖咖啡廠\n啡創工廠Future Factory\n電器行裡長大的男生,愛上了有靈魂的飲料。親手調校咖啡機,精控萃取流速與壓力...\n選單羅列產區、處理法、焙度、風味...\n這是咖啡職人的講究與敬意。\n從烘豆師、咖啡講師一路晉級精進,\nJoey深信,手做能引發美好的事情。\n讓匠心匠器的創做你的身心充電。",
    "英文友善":"1",
    "日文友善":"0",
    "韓文友善":"0",
    "行動裝置充電":"1",
    "無障礙友善":"0",
    "性別友善":"1",
    "便利支付":"1",
    "素食":"0",
    "友善廁所":"1",
    "公平貿易友善":"0",
    "Free WiFi":"1",
    "自行車友善":"1",
    "哺集乳友善":"0",
    "穆斯林友善":"0",
    "月經友善":"0",
    "友善項目總計":7
    }
  },
  {
    "type": "Feature",
    "geometry": {
       "type": "Point",
       "coordinates":  [ 121.508714,25.059443 ]
    },
    "properties": {
    "行政區":"大同區",
    "友善店家名稱":"導演的豆花店 Action! Bar",
    "地址":"臺北市大同區迪化街一段224巷24號",
    "電話":"02-27131979",
    "簡介":"「你在天上飛，我在地上跑」\n  因為一個與好友齊柏林的承諾，\n  導演開著豆花車，深入偏鄉離島，\n  帶著當地小學生，用赤心紀錄家園。\n2021 年，豆花車延伸為豆花店， 在迪化街小巷裡，與夢想一同落腳， 繼續分享台灣土地的美好。 導演的豆花，縮影了他鏡頭下的寶島， 純樸、溫暖、包容，接納了新與舊。 地瓜粉圓、山梔子粉粿， 重現導演童年回憶裡的麥芽糖水... 拍紀錄片求真求善，配料亦然。 導演的鏡頭不停歇，繼續在地上跑， 一碗豆花，將善念化為行動，Action!",
    "英文友善":"1",
    "日文友善":"1",
    "韓文友善":"0",
    "行動裝置充電":"0",
    "無障礙友善":"0",
    "性別友善":"0",
    "便利支付":"1",
    "素食":"0",
    "友善廁所":"0",
    "公平貿易友善":"0",
    "Free WiFi":"1",
    "自行車友善":"0",
    "哺集乳友善":"0",
    "穆斯林友善":"0",
    "月經友善":"0",
    "友善項目總計":4
    }
  },
  {
    "type": "Feature",
    "geometry": {
       "type": "Point",
       "coordinates":  [ 121.510982,25.064933 ]
    },
    "properties": {
    "行政區":"大同區",
    "友善店家名稱":"東時鮮蚵",
    "地址":"臺北市大同區延平北路三段50號",
    "電話":"02-25956267",
    "簡介":"東時鮮蚵（原東石鮮蚵）\n鮮蚵煎煮炒•海鮮粥飯湯\n來自東石家鄉海口味\n午晚餐•外送•聚餐",
    "英文友善":"1",
    "日文友善":"1",
    "韓文友善":"0",
    "行動裝置充電":"0",
    "無障礙友善":"0",
    "性別友善":"0",
    "便利支付":"0",
    "素食":"0",
    "友善廁所":"1",
    "公平貿易友善":"0",
    "Free WiFi":"0",
    "自行車友善":"0",
    "哺集乳友善":"0",
    "穆斯林友善":"0",
    "月經友善":"0",
    "友善項目總計":3
    }
  },
  {
    "type": "Feature",
    "geometry": {
       "type": "Point",
       "coordinates":  [ 121.509761,25.058083 ]
    },
    "properties": {
    "行政區":"大同區",
    "友善店家名稱":"穀來泉",
    "地址":"臺北市迪化街一段147號一樓",
    "電話":"02-25539498",
    "簡介":"天然摩萃．原香原味\n──穀來泉GrainChant\n很久以前，一名泉州青年輾轉來到大稻埕，\n從夥計做起，勤奮擅記帳，一手好字人人讚，\n後來用太太的嫁妝創業，\n在迪化街開了一間雜糧店，那年是1959年。\n起名不忘家鄉，傳承三代泉通行，\n家傳的穀類雜糧，後來有了新模樣，\n直接炒熟、磨粉，無添加不放糖；\n加上枸杞、杜仲、何首烏…，漢藥精磨馥方，\n還有各式原豆，闆娘教你怎麼炊粥煮甜湯。\n2023年品牌更名為穀來泉GrainChant，\n第三代經營主身兼芳療師，熱愛天然。\n20多種穀粉漢方產品薈萃天地能量，\n五榖為養，晨起一杯，元氣泉湧而上。\n穀來泉～每一瓢都是天然磨萃的原味原香。",
    "英文友善":"1",
    "日文友善":"0",
    "韓文友善":"0",
    "行動裝置充電":"0",
    "無障礙友善":"0",
    "性別友善":"0",
    "便利支付":"1",
    "素食":"1",
    "友善廁所":"0",
    "公平貿易友善":"0",
    "Free WiFi":"1",
    "自行車友善":"0",
    "哺集乳友善":"0",
    "穆斯林友善":"0",
    "月經友善":"0",
    "友善項目總計":4
    }
  },
  {
    "type": "Feature",
    "geometry": {
       "type": "Point",
       "coordinates":  [ 121.500831,25.025334 ]
    },
    "properties": {
    "行政區":"萬華區",
    "友善店家名稱":"日益豐禾",
    "地址":"臺北市萬華區萬大路277巷6號",
    "電話":"02-23034041",
    "簡介":"凌晨一點，來自西螺的米抵達萬華，\n米袋仍溫，那是現輾鮮米初生的餘溫，\n週復一週，已過40個年頭。\n粒的拿來炒飯，偏軟的煮粥，\n老舖選米有撇步，再刁的嘴都照顧。\n不同米廠各有風格路數，\n怎麼挑、怎麼煮？聽頭家娘細數；\n老老闆的八穀米，親調配方軟韌適度。\n你家的鮮米倉，就在萬華的老街坊，\n從益豐到日益豐禾，每週直送鮮糧。\n新鮮米飯的滋味，呷過就難忘，\n歡迎帶著容器，半斤十兩隨人掂量。\n三杯米，一鍋飯，張口迎來飽暖時光",
    "英文友善":"0",
    "日文友善":"0",
    "韓文友善":"0",
    "行動裝置充電":"0",
    "無障礙友善":"1",
    "性別友善":"1",
    "便利支付":"1",
    "素食":"1",
    "友善廁所":"0",
    "公平貿易友善":"0",
    "Free WiFi":"1",
    "自行車友善":"0",
    "哺集乳友善":"0",
    "穆斯林友善":"0",
    "月經友善":"0",
    "友善項目總計":5
    }
  },
  {
    "type": "Feature",
    "geometry": {
       "type": "Point",
       "coordinates":  [ 121.525311,25.108263 ]
    },
    "properties": {
    "行政區":"士林區",
    "友善店家名稱":"泰昌堂參藥行",
    "地址":"臺北市士林區中山北路六段208號",
    "電話":"02-28337421",
    "簡介":"泰昌堂-當中醫師走進老藥行\n傳統年代，中醫師坐堂於藥鋪，\n診脈 、處方、話家常，是民間人情的一窗風景。\n鋪開藥紙，分戥抓藥，親切奉茶。\n\n2020年，三位中醫師走進泰昌堂，\n秉持著專業醫術與用藥的講究，和傳統藥行建立起跨世代搭檔。\n藥師功夫給藥 ，醫師專業檢核，醫藥相幫相承。\n兩代人傳承智慧，發掘中醫藥現代機會 。\n半甲子的老藥行因緣新生，願天、地、人，交融為美好。",
    "英文友善":"0",
    "日文友善":"0",
    "韓文友善":"0",
    "行動裝置充電":"0",
    "無障礙友善":"0",
    "性別友善":"1",
    "便利支付":"1",
    "素食":"0",
    "友善廁所":"1",
    "公平貿易友善":"0",
    "Free WiFi":"1",
    "自行車友善":"0",
    "哺集乳友善":"0",
    "穆斯林友善":"0",
    "月經友善":"0",
    "友善項目總計":4
    }
  },
  {
    "type": "Feature",
    "geometry": {
       "type": "Point",
       "coordinates":  [ 121.564921,24.987812 ]
    },
    "properties": {
    "行政區":"文山區",
    "友善店家名稱":"御神烹",
    "地址":"臺北市文山區木柵路三段48巷1弄9號1樓",
    "電話":"02-29381086",
    "簡介":"御神烹原香日式私廚，以日本懷石料理手法烹調台灣在地食材，讓每一位來店的貴賓透過料理欣賞台灣的美好。",
    "英文友善":"0",
    "日文友善":"0",
    "韓文友善":"0",
    "行動裝置充電":"0",
    "無障礙友善":"0",
    "性別友善":"1",
    "便利支付":"0",
    "素食":"1",
    "友善廁所":"1",
    "公平貿易友善":"0",
    "Free WiFi":"0",
    "自行車友善":"0",
    "哺集乳友善":"0",
    "穆斯林友善":"0",
    "月經友善":"0",
    "友善項目總計":3
    }
  },
  {
    "type": "Feature",
    "geometry": {
       "type": "Point",
       "coordinates":  [ 121.509342,25.062947 ]
    },
    "properties": {
    "行政區":"大同區",
    "友善店家名稱":"李九英",
    "地址":"臺北市大同區迪化街一段347號一樓",
    "電話":"02-25571156",
    "簡介":"主要商品是賣黑麻油、白麻油、苦茶油，周邊商品以南北貨居多，茶油鹽米醬醋茶，都可以一次在本店買齊喔",
    "英文友善":"0",
    "日文友善":"0",
    "韓文友善":"0",
    "行動裝置充電":"0",
    "無障礙友善":"0",
    "性別友善":"0",
    "便利支付":"1",
    "素食":"0",
    "友善廁所":"0",
    "公平貿易友善":"0",
    "Free WiFi":"0",
    "自行車友善":"1",
    "哺集乳友善":"0",
    "穆斯林友善":"0",
    "月經友善":"0",
    "友善項目總計":2
    }
  },
  {
    "type": "Feature",
    "geometry": {
       "type": "Point",
       "coordinates":  [ 121.547551,25.061025 ]
    },
    "properties": {
    "行政區":"松山區",
    "友善店家名稱":"夏綠沁 Summer Green",
    "地址":"臺北市松山區敦化北路244巷37號",
    "電話":"02-27134533",
    "簡介":"「夏綠沁Summer Green」 (原名夏綠蒂．小私廚) 一群温暖的餐飲夥伴，運用台式剝皮辣椒、十三香、當歸、何首烏、北蟲草、藿香等東方香料，創作出私房風味的義大利麵及燉飯，將台灣人家傳的香料食材烹煮成國際水準的西式料理，是台洋融合的新美食，顧客給予很高的評價；另外，圓法麵包佐魚卵醬、南瓜濃湯、檸檬塔、熱帶水果茶等也非常受到歡迎。夏綠沁位於松山機場敦化北路高級生活圈內，面對著公園的綠意享用美味，讓每位客人都感到很滿意幸福。\n\n中英品牌定位語直接點出料理特點，私房義麵燉飯可與下面之品牌中文名稱搭配出現如-夏綠沁 私房義麵燉飯。",
    "英文友善":"1",
    "日文友善":"0",
    "韓文友善":"0",
    "行動裝置充電":"1",
    "無障礙友善":"0",
    "性別友善":"0",
    "便利支付":"1",
    "素食":"1",
    "友善廁所":"1",
    "公平貿易友善":"0",
    "Free WiFi":"1",
    "自行車友善":"0",
    "哺集乳友善":"1",
    "穆斯林友善":"0",
    "月經友善":"0",
    "友善項目總計":7
    }
  },
  {
    "type": "Feature",
    "geometry": {
       "type": "Point",
       "coordinates":  [ 121.579297,25.082144 ]
    },
    "properties": {
    "行政區":"內湖區",
    "友善店家名稱":"文湖21雞湯麵",
    "地址":"臺北市內湖區麗山街68巷5號",
    "電話":"02-27718881",
    "簡介":"起源於2019年，吳爸爸專賣一種麵起家，提供單一麵食--雞湯蕎麥麵及多種肉品及小菜的中式餐館，雞湯蕎麥麵湯頭清爽、麵條Q彈帶著蕎麥香，招牌現煎醃豬排軟嫩不柴、成為了當地附近居民的最愛，食材物料自己進，堅持食材烹煮的本樸原香，提供給外食族吃到了健康又令人安心的家常，願滋味飽嚐，日子清爽！吃的健康、吃的安心。",
    "英文友善":"1",
    "日文友善":"0",
    "韓文友善":"0",
    "行動裝置充電":"0",
    "無障礙友善":"0",
    "性別友善":"0",
    "便利支付":"1",
    "素食":"0",
    "友善廁所":"1",
    "公平貿易友善":"0",
    "Free WiFi":"0",
    "自行車友善":"0",
    "哺集乳友善":"0",
    "穆斯林友善":"0",
    "月經友善":"0",
    "友善項目總計":3
    }
  },
  {
    "type": "Feature",
    "geometry": {
       "type": "Point",
       "coordinates":  [ 121.50664,25.045591 ]
    },
    "properties": {
    "行政區":"萬華區",
    "友善店家名稱":"ＳＯＬＡ日式棉花糖",
    "地址":"臺北市萬華區西寧南路36-45號",
    "電話":"02-23817104",
    "簡介":"SOLA日式棉花糖是由日本關西地區引進的日式棉花糖，採用100%天然口味粉，將食材極速冷度乾燥後研磨成粉，並撒上棉花糖上，取代使用化學香精，讓您享受到百分之百天然的食材原味。 目前已研發數十種口味，並可製作成雲朵棉花糖，棉花糖隨行杯和棉花糖冰淇淋卷。",
    "英文友善":"1",
    "日文友善":"1",
    "韓文友善":"0",
    "行動裝置充電":"0",
    "無障礙友善":"0",
    "性別友善":"0",
    "便利支付":"0",
    "素食":"1",
    "友善廁所":"0",
    "公平貿易友善":"0",
    "Free WiFi":"0",
    "自行車友善":"0",
    "哺集乳友善":"0",
    "穆斯林友善":"0",
    "月經友善":"0",
    "友善項目總計":3
    }
  },
  {
    "type": "Feature",
    "geometry": {
       "type": "Point",
       "coordinates":  [ 121.501267,25.036042 ]
    },
    "properties": {
    "行政區":"萬華區",
    "友善店家名稱":"二和珍傳統餅舖",
    "地址":"臺北市萬華區康定路308號",
    "電話":"02-23061234",
    "簡介":"二和珍Double Harmony\n一祥二和艋呷香 \n味道 是記憶的鑰匙\n走過繁華似錦的艋舺風華\n見證老臺北城的榮盛興衰\n超越半世紀\n二和珍  始終以不變的味道 佇立在此處\n守護陪伴對故舊的美好眷戀\n創造展現在地文化嶄新的可能",
    "英文友善":"1",
    "日文友善":"1",
    "韓文友善":"0",
    "行動裝置充電":"1",
    "無障礙友善":"1",
    "性別友善":"0",
    "便利支付":"1",
    "素食":"1",
    "友善廁所":"0",
    "公平貿易友善":"0",
    "Free WiFi":"1",
    "自行車友善":"0",
    "哺集乳友善":"0",
    "穆斯林友善":"0",
    "月經友善":"0",
    "友善項目總計":7
    }
  },
  {
    "type": "Feature",
    "geometry": {
       "type": "Point",
       "coordinates":  [ 121.541467,25.056204 ]
    },
    "properties": {
    "行政區":"中山區",
    "友善店家名稱":"覓糖-臺北興安店",
    "地址":"臺北市中山區興安街53-5號",
    "電話":"02-25024577\n0921120601",
    "簡介":"在興安街北大學區裡，覓糖提供著學生與附近居民不變生活中的甜蜜滋味，以親民的價格讓人品味著黑糖與粉粿的歷史情懷，就像小時候，一瓶冰可樂、一顆沙士糖，就能帶來一天好心情。覓糖就是這樣一間樸實親民的小作坊。 品牌之精準設定，使覓糖脫離傳統冰品複雜束縛，清楚強調為黑糖與粉粿專家，在設定領域中將口味做到極致。紅豆湯、甜酒釀搭配粉粿或湯圓，更能在寒冬中提供消費者暖心甜品，縮短淡旺季落差距離。 色彩繽紛恣意揮灑之空間設計，讓人進入時光隧道，迴盪在古早與現代的衝突美感。透明潔淨黑糖粉粿現場料理台，給予消費者安全放心感受。",
    "英文友善":"0",
    "日文友善":"0",
    "韓文友善":"0",
    "行動裝置充電":"0",
    "無障礙友善":"0",
    "性別友善":"1",
    "便利支付":"1",
    "素食":"1",
    "友善廁所":"1",
    "公平貿易友善":"0",
    "Free WiFi":"1",
    "自行車友善":"0",
    "哺集乳友善":"0",
    "穆斯林友善":"0",
    "月經友善":"0",
    "友善項目總計":5
    }
  },
  {
    "type": "Feature",
    "geometry": {
       "type": "Point",
       "coordinates":  [ 121.560239,24.988952 ]
    },
    "properties": {
    "行政區":"文山區",
    "友善店家名稱":"墨麗精品咖啡",
    "地址":"臺北市文山區興隆路四段89號",
    "電話":"02-86612479",
    "簡介":"文山區在地職人手沖精品咖啡店，自家烘焙新鮮，採用100%阿拉比卡豆、堅持三次手工挑除瑕疵豆，提供客人安心品味的優質咖啡。",
    "英文友善":"1",
    "日文友善":"0",
    "韓文友善":"0",
    "行動裝置充電":"1",
    "無障礙友善":"0",
    "性別友善":"0",
    "便利支付":"1",
    "素食":"1",
    "友善廁所":"1",
    "公平貿易友善":"0",
    "Free WiFi":"1",
    "自行車友善":"1",
    "哺集乳友善":"0",
    "穆斯林友善":"0",
    "月經友善":"0",
    "友善項目總計":7
    }
  },
  {
    "type": "Feature",
    "geometry": {
       "type": "Point",
       "coordinates":  [ 121.507642,25.053975 ]
    },
    "properties": {
    "行政區":"大同區",
    "友善店家名稱":"古流拉麵",
    "地址":"臺北市大同區環河北路一段113號一樓",
    "電話":"02-25556011",
    "簡介":"古流拉麵，遵循著日本拉麵的職人精神與傳統手法，秉持三大元素（湯底）、（醬汁）、（香味油）並融入（台灣在地食材），創造屬於大稻埕的一碗中華拉麵。\n 使用大稻埕在地乾物，呈現大稻埕的乾物風味拉麵！",
    "英文友善":"1",
    "日文友善":"0",
    "韓文友善":"0",
    "行動裝置充電":"0",
    "無障礙友善":"0",
    "性別友善":"1",
    "便利支付":"0",
    "素食":"0",
    "友善廁所":"0",
    "公平貿易友善":"0",
    "Free WiFi":"1",
    "自行車友善":"0",
    "哺集乳友善":"0",
    "穆斯林友善":"0",
    "月經友善":"0",
    "友善項目總計":3
    }
  },
  {
    "type": "Feature",
    "geometry": {
       "type": "Point",
       "coordinates":  [ 121.522085,25.052471 ]
    },
    "properties": {
    "行政區":"中山區",
    "友善店家名稱":"青色髮廊 CYAN Hair Boutique",
    "地址":"臺北市中山區南京西路1-2號7樓",
    "電話":"02-2537-1066",
    "簡介":"從3個座位的工作室發跡，至今已發展為空間寬敞舒適、提供全方位客製化服務的青色髮廊，不僅擅長依照頭皮、髮絲、造型量身打造適合不同顧客的髮型剪裁與髮質調整，品味出眾的選物概念更揉合五感享受，創造身心靈完整的療癒體驗！\n \n 髮廊的核心精神是「新感覺」，我們致力擺脫傳統髮廊的束縛，讓髮廊的體驗不只停留在服務者與被服務者之間，而是當大眾對「髮」有想像需求時，可以第一時間想到青色，我們致力推動多元共融的精神，期待為客人打造理想的性別友善、寵物友善場所。",
    "英文友善":"1",
    "日文友善":"1",
    "韓文友善":"0",
    "行動裝置充電":"1",
    "無障礙友善":"0",
    "性別友善":"1",
    "便利支付":"0",
    "素食":"0",
    "友善廁所":"0",
    "公平貿易友善":"0",
    "Free WiFi":"1",
    "自行車友善":"0",
    "哺集乳友善":"0",
    "穆斯林友善":"0",
    "月經友善":"0",
    "友善項目總計":5
    }
  },
  {
    "type": "Feature",
    "geometry": {
       "type": "Point",
       "coordinates":  [ 121.580094,25.080393 ]
    },
    "properties": {
    "行政區":"內湖區",
    "友善店家名稱":"美好拾光cafe&brunch",
    "地址":"臺北市內湖區內湖路一段737巷51弄22號",
    "電話":"02-26270986",
    "簡介":"生活要有儀式感\n 成為你每天早晨最美好的拾光",
    "英文友善":"0",
    "日文友善":"0",
    "韓文友善":"0",
    "行動裝置充電":"1",
    "無障礙友善":"0",
    "性別友善":"1",
    "便利支付":"1",
    "素食":"1",
    "友善廁所":"1",
    "公平貿易友善":"0",
    "Free WiFi":"1",
    "自行車友善":"0",
    "哺集乳友善":"0",
    "穆斯林友善":"0",
    "月經友善":"0",
    "友善項目總計":6
    }
  },
  {
    "type": "Feature",
    "geometry": {
       "type": "Point",
       "coordinates":  [ 121.519166,25.119181 ]
    },
    "properties": {
    "行政區":"北投區",
    "友善店家名稱":"披薩大師",
    "地址":"臺北市北投區石牌路二段 201 號",
    "電話":"02-28711688#287",
    "簡介":"披薩是一種源自義大利的經典美味，也是受到客人歡迎的產品之一，以義式餅皮當作基底，上方搭配各種美味的餡料，美味的餡料經過烤箱烘烤過後，披薩不只是一道美食，更是一道將美味與創意結合的藝術品，讓每位客人都能享有豐富的味覺饗宴。\n 披薩之所以獨特其特點在於其口味的多樣性，就算是簡單的口味在吃在客人的嘴裡，也會顯示出各種不同的口感感受，披薩經過烘烤餅皮上飄著陣陣香氣，番茄醬經過烘烤後香氣四溢，口味鹹中帶香，散發陣陣迷人的香氣。\n 披薩的口味多不管是大人還是小孩，一定都能找到自己喜歡的口味，披薩大師的披薩在每一道工序上，皆是由廚師親手製作，餅皮上的餡料配置也是由大廚親自調配，只為了給每個客人吃到最好的披薩，客人將披薩購買回去簡單加熱就能吃到其中美味。",
    "英文友善":"1",
    "日文友善":"0",
    "韓文友善":"0",
    "行動裝置充電":"1",
    "無障礙友善":"1",
    "性別友善":"0",
    "便利支付":"1",
    "素食":"1",
    "友善廁所":"1",
    "公平貿易友善":"0",
    "Free WiFi":"1",
    "自行車友善":"0",
    "哺集乳友善":"0",
    "穆斯林友善":"0",
    "月經友善":"0",
    "友善項目總計":7
    }
  },
  {
    "type": "Feature",
    "geometry": {
       "type": "Point",
       "coordinates":  [ 121.519166,25.119181 ]
    },
    "properties": {
    "行政區":"北投區",
    "友善店家名稱":"河內老街河粉",
    "地址":"臺北市北投區石牌路二段 201 號",
    "電話":"02-28711688#287",
    "簡介":"老闆堅持好品質,要讓客人吃得安心,吃得健康,所以本店所用肉類,決不添加嫩粉,大骨粉等任何化學材料,採用原味料理,讓您吃得健康又原味。\n 湯頭更是不添加味精。少鹽,少油。直接採用澳洲牛腩肉,牛大骨,雞骨加上白甘蔗、洋蔥·⋯.等食材,精煉出好喝又實在的湯頭,讓您喝起來絕不會口乾舌燥卻又鮮甜溫順、健康又營養。",
    "英文友善":"0",
    "日文友善":"0",
    "韓文友善":"0",
    "行動裝置充電":"1",
    "無障礙友善":"1",
    "性別友善":"0",
    "便利支付":"1",
    "素食":"1",
    "友善廁所":"1",
    "公平貿易友善":"0",
    "Free WiFi":"1",
    "自行車友善":"0",
    "哺集乳友善":"0",
    "穆斯林友善":"0",
    "月經友善":"0",
    "友善項目總計":6
    }
  },
  {
    "type": "Feature",
    "geometry": {
       "type": "Point",
       "coordinates":  [ 121.524561,25.102903 ]
    },
    "properties": {
    "行政區":"士林區",
    "友善店家名稱":"金翠珠寶銀樓",
    "地址":"臺北市士林區中山北路六段35巷22號",
    "電話":"02-28312481",
    "簡介":"專營舊金高價回收不扣重、黃金買賣、K金、白金回收、專業級驗金機檢測金屬種類與純度、諮詢定期買黃金投資服務、黃金企業送禮訂製、翡翠買賣、珠寶鑽戒訂製。",
    "英文友善":"0",
    "日文友善":"0",
    "韓文友善":"0",
    "行動裝置充電":"0",
    "無障礙友善":"0",
    "性別友善":"0",
    "便利支付":"1",
    "素食":"0",
    "友善廁所":"1",
    "公平貿易友善":"0",
    "Free WiFi":"1",
    "自行車友善":"0",
    "哺集乳友善":"1",
    "穆斯林友善":"0",
    "月經友善":"1",
    "友善項目總計":5
    }
  },
  {
    "type": "Feature",
    "geometry": {
       "type": "Point",
       "coordinates":  [ 121.497671,25.034991 ]
    },
    "properties": {
    "行政區":"萬華區",
    "友善店家名稱":"露店蘇來傳",
    "地址":"臺北市萬華區和平西路三段176巷4號",
    "電話":"02-23026595",
    "簡介":"初代創始人:蘇方文(來傳)於民國35年龍山寺廟埕前販賣自製肉圓油粿,民國56年進駐龍山臨時商場,第二代蘇朝樹退伍後和二姊蘇春美投入家業,於77年傳承二代蘇朝樹,蘇春美,民國82年商場拆除,經歷數次搬遷於97年在三水街109號登記營業,第三代蘇成業92年跟著父親學習於101年接手營運,也請哥哥蘇遵業加入祖傳家業,期間遇過食安風暴,澱粉事件因遵循古法才挺過危機,直到111年家族商討決議,將店遷到蘇家祖厝,6個月的搬遷計畫,於111年12月15日以 露店 蘇來傳為品牌由第三代兄弟倆傳承下去,龍山臨時商場在地人以露店稱之,來傳是阿公別號,阿公是為蘇氏傳宗而改姓,品牌用 蘇來傳 除了傳統文化延續香火也是傳承阿公的古早味,在地一甲子,三代傳承,現今坐落於和平西路三段巷子裡,遷移後營運即將滿周年第三代兄弟倆已正式接手經營,也希望讓更多人認識地方小吃.\"露店 蘇來傳\"",
    "英文友善":"0",
    "日文友善":"0",
    "韓文友善":"0",
    "行動裝置充電":"0",
    "無障礙友善":"0",
    "性別友善":"1",
    "便利支付":"1",
    "素食":"0",
    "友善廁所":"1",
    "公平貿易友善":"0",
    "Free WiFi":"1",
    "自行車友善":"0",
    "哺集乳友善":"0",
    "穆斯林友善":"0",
    "月經友善":"0",
    "友善項目總計":4
    }
  },
  {
    "type": "Feature",
    "geometry": {
       "type": "Point",
       "coordinates":  [ 121.546584,25.043216 ]
    },
    "properties": {
    "行政區":"大安區",
    "友善店家名稱":"旺旺雞養生土雞湯",
    "地址":"臺北市大安區大安路1段51巷7-1號1樓",
    "電話":"02-27419741",
    "簡介":"專業現煮1人份湯鮮味美的養生土雞湯。\n 美味、健康",
    "英文友善":"0",
    "日文友善":"0",
    "韓文友善":"0",
    "行動裝置充電":"0",
    "無障礙友善":"0",
    "性別友善":"0",
    "便利支付":"0",
    "素食":"0",
    "友善廁所":"1",
    "公平貿易友善":"0",
    "Free WiFi":"1",
    "自行車友善":"0",
    "哺集乳友善":"0",
    "穆斯林友善":"0",
    "月經友善":"0",
    "友善項目總計":2
    }
  },
  {
    "type": "Feature",
    "geometry": {
       "type": "Point",
       "coordinates":  [ 121.559558,25.144166 ]
    },
    "properties": {
    "行政區":"士林區",
    "友善店家名稱":"璞蜜油坊",
    "地址":"臺北市士林區菁山路119-1號\n （陽明春天蔬食餐廳園區裡）",
    "電話":"0905-813313",
    "簡介":"初心質璞·良油如蜜-\n \n 「璞蜜油坊」創辦人陳館長,從事影劇相關事業20餘年,然而過去因工作長期生活不規律身,體逐漸出現健康警訊,毅然決然離開五光十色的影劇圈,返璞歸真、潛心投入養生餐飲及禪茶之道,深刻體認健康生活及飲食的重要性。\n \n -山林中的製油祕境-\n \n 近年國內陸續發生重大油案事件,我們開始探索油品相關知識,尋求更健康的體內環保之源,因此創辦了「璞蜜油坊」,希望推廣選好油、吃對油的觀念,讓大家都能吃得健康又安心。\n \n  「璞蜜油坊」創辦人陳館長,從事影劇相關事業20餘年,然而過去因工作長期生活不規律身,體逐漸出現健康警訊,毅然決然離開五光十色的影劇圈,返璞歸真、潛心投入養生餐飲及禪茶之道,深刻體認健康生活及飲食的重要性。\n \n -山林中的製油祕境-\n \n 近年國內陸續發生重大油案事件,我們開始探索油品相關知識,尋求更健康的體內環保之源,因此創辦了「璞蜜油坊」,希望推廣選好油、吃對油的觀念,讓大家都能吃得健康又安心。",
    "英文友善":"1",
    "日文友善":"0",
    "韓文友善":"0",
    "行動裝置充電":"1",
    "無障礙友善":"0",
    "性別友善":"0",
    "便利支付":"1",
    "素食":"1",
    "友善廁所":"1",
    "公平貿易友善":"0",
    "Free WiFi":"1",
    "自行車友善":"1",
    "哺集乳友善":"0",
    "穆斯林友善":"1",
    "月經友善":"0",
    "友善項目總計":8
    }
  },
  {
    "type": "Feature",
    "geometry": {
       "type": "Point",
       "coordinates":  [ 121.541214,25.022328 ]
    },
    "properties": {
    "行政區":"大安區",
    "友善店家名稱":"遊藝思文創空間",
    "地址":"臺北市大安區辛亥路二段171巷15號",
    "電話":"02-27382904",
    "簡介":"遊藝思文創空間是文創咖啡館，自許成為社區的文創發射站。將藝術生活化，並將這些元素轉化成生活態度。本店的經營理念為鼓勵大家來動動手。有各種手作課程EX:水彩畫、陶藝、麵包烘焙、輕金工、編織...，不定時舉辦講座及展覽。也販賣職人手作為主的文創商品，現場提供精品咖啡、輕食蛋糕、精釀啤酒，提供大家能放鬆療愈的地方。",
    "英文友善":"1",
    "日文友善":"0",
    "韓文友善":"0",
    "行動裝置充電":"1",
    "無障礙友善":"0",
    "性別友善":"1",
    "便利支付":"1",
    "素食":"0",
    "友善廁所":"1",
    "公平貿易友善":"0",
    "Free WiFi":"1",
    "自行車友善":"1",
    "哺集乳友善":"0",
    "穆斯林友善":"0",
    "月經友善":"0",
    "友善項目總計":7
    }
  },
  {
    "type": "Feature",
    "geometry": {
       "type": "Point",
       "coordinates":  [ 121.506711,25.045099 ]
    },
    "properties": {
    "行政區":"萬華區",
    "友善店家名稱":"薆悅酒店",
    "地址":"臺北市萬華區西寧南路107號",
    "電話":"02-23759933",
    "簡介":"薆悅酒店inhouse hotel,於民國101年在西門町誕生\n 由春鑫建設投資興建 inhouse團隊共同開發經營\n 新世代旅館～西門町 歡樂主題～潮牌旅館新猷\n \n 西門町是民國文化以來台灣最具歷史的繁華記印,民國六十年代軍政體系下的社會喜悅,充滿共同符號,休戚與共，時代的焠鍊，使得西門町的唯一性，歷史性，唯美性，日漸動人...\n \n 白先勇文學小說裡..尹雪艷在臺北的鴻翔綢緞莊打得出七五折，在小花園裏挑的出最登樣的繡花鞋兒，紅樓的紹興戲碼，吳燕麗唱《孟麗君》，還有西門町的京滬小吃，逛西門町，看紹興戲，坐在三六九裡吃桂花湯糰，薰得這起往事滄桑.....",
    "英文友善":"1",
    "日文友善":"0",
    "韓文友善":"0",
    "行動裝置充電":"0",
    "無障礙友善":"1",
    "性別友善":"1",
    "便利支付":"1",
    "素食":"0",
    "友善廁所":"1",
    "公平貿易友善":"0",
    "Free WiFi":"1",
    "自行車友善":"0",
    "哺集乳友善":"0",
    "穆斯林友善":"0",
    "月經友善":"1",
    "友善項目總計":7
    }
  },
  {
    "type": "Feature",
    "geometry": {
       "type": "Point",
       "coordinates":  [ 121.522324,25.100351 ]
    },
    "properties": {
    "行政區":"士林區",
    "友善店家名稱":"頭癮創意遊戲",
    "地址":"臺北市士林區文林路661巷39弄23號一樓",
    "電話":"0978-633844",
    "簡介":"密室逃脫遊戲為近幾年新興的實境團體益智遊戲，將您曾經在電腦上玩過的遊戲場景搬至現實生活當中，由您與好隊友們一起參加遊玩。\n \n 遊戲過程將帶給您許多藉由分工合作、有效溝通、邏輯聯想而得到的成就感和體驗樂趣，和朋友與家人一起在五花八 門的遊戲場景當中過關斬將，在時間內一一解開每道謎題。將大家的智囊集結於一， 加上與大家同心協力，就會是成功逃脫的關鍵哦！\n \n 頭癮創意遊戲在開立不到半年時間，卻在許多玩家的口中得 到頗高的好評。我們由幾位喜愛密室逃脫的友人集結，期望能帶給密室遊戲玩家更多 的選擇，也期望因此可以為密室逃脫/實境遊戲獻出一份心力，讓更多人體驗優質遊玩 經驗。希望您來參加我們的遊戲，一起體驗密室逃脫/實境遊戲的樂趣!",
    "英文友善":"1",
    "日文友善":"0",
    "韓文友善":"0",
    "行動裝置充電":"1",
    "無障礙友善":"0",
    "性別友善":"1",
    "便利支付":"1",
    "素食":"0",
    "友善廁所":"0",
    "公平貿易友善":"0",
    "Free WiFi":"1",
    "自行車友善":"1",
    "哺集乳友善":"0",
    "穆斯林友善":"0",
    "月經友善":"0",
    "友善項目總計":6
    }
  },
  {
    "type": "Feature",
    "geometry": {
       "type": "Point",
       "coordinates":  [ 121.61129,25.066392 ]
    },
    "properties": {
    "行政區":"內湖區",
    "友善店家名稱":"INWHITE BRIDAL COUTURE",
    "地址":"臺北市內湖區康寧路三段265巷2號1樓",
    "電話":"02-26336525",
    "簡介":"2013年01月以小歐風婚禮工作室為名成立，迄今已歷時十年，服務超過6,000對新人。\n 以一站式服務的精神，不但多次獲得新娘物語、結婚吧與Wedding Day等婚禮平台評比為臺北前20婚紗工作室；也曾服務過曾菀婷、艾怡良、孟慶而、阿部瑪利亞等藝人，並多次受邀參與金馬、金鐘與金曲獎紅毯走秀服裝贊助廠商。",
    "英文友善":"1",
    "日文友善":"0",
    "韓文友善":"0",
    "行動裝置充電":"1",
    "無障礙友善":"0",
    "性別友善":"1",
    "便利支付":"0",
    "素食":"0",
    "友善廁所":"1",
    "公平貿易友善":"0",
    "Free WiFi":"1",
    "自行車友善":"0",
    "哺集乳友善":"1",
    "穆斯林友善":"0",
    "月經友善":"1",
    "友善項目總計":7
    }
  },
  {
    "type": "Feature",
    "geometry": {
       "type": "Point",
       "coordinates":  [ 121.576676,25.075445 ]
    },
    "properties": {
    "行政區":"內湖區",
    "友善店家名稱":"森林善意廚房內湖瑞光店",
    "地址":"臺北市內湖區瑞光路279號",
    "電話":"0911-509517",
    "簡介":"出生於廚藝世家的留法大廚，將他記憶中的美味，帶回台灣家鄉，邊感嘆著在法國所吃到的街邊小物，思念那段過往時光；在忙碌都會區生活中，腳步再匆忙但飲食亦不將就，顧好您的胃同時給予味蕾上的享受，便是我們的初衷。",
    "英文友善":"0",
    "日文友善":"0",
    "韓文友善":"0",
    "行動裝置充電":"0",
    "無障礙友善":"0",
    "性別友善":"1",
    "便利支付":"0",
    "素食":"0",
    "友善廁所":"1",
    "公平貿易友善":"0",
    "Free WiFi":"1",
    "自行車友善":"0",
    "哺集乳友善":"0",
    "穆斯林友善":"0",
    "月經友善":"0",
    "友善項目總計":3
    }
  },
  {
    "type": "Feature",
    "geometry": {
       "type": "Point",
       "coordinates":  [ 121.592015,25.086269 ]
    },
    "properties": {
    "行政區":"內湖區",
    "友善店家名稱":"暖窩咖啡 內湖門市",
    "地址":"臺北市內湖區內湖路三段64號1樓",
    "電話":"02-27902928",
    "簡介":"暖窩咖啡 Cozy House＿溫暖的窩，溫暖的咖啡！\n \n 自家烘焙 · 精品咖啡專賣店\n \n 我們敞開大門歡迎您們隨時來我們的窩！\n \n 用心做出好咖啡-是我們的經營理念。\n \n 為了與更多人分享一杯好的莊園級精品咖啡，暖窩咖啡誕生了，所有的咖啡都由老闆自己親手烘焙，店內提供現煮的單品咖啡、義式咖啡、茶品，和限量的特調咖啡，還有親手製作的手工蛋糕、麵包、點心。販賣自家烘焙的咖啡豆和耳掛式咖啡相關產品，以及公司團購咖啡的服務。每一家店一進入都是一張大大的吧台桌，桌上擺著暖窩的咖啡豆，超級多選擇歡迎客人挑選。老闆黃明志也是SCA國際精品咖啡協會的授權考官與講師，也教授SCA的相關認證課程。",
    "英文友善":"1",
    "日文友善":"0",
    "韓文友善":"0",
    "行動裝置充電":"1",
    "無障礙友善":"0",
    "性別友善":"1",
    "便利支付":"1",
    "素食":"0",
    "友善廁所":"1",
    "公平貿易友善":"1",
    "Free WiFi":"1",
    "自行車友善":"0",
    "哺集乳友善":"0",
    "穆斯林友善":"0",
    "月經友善":"0",
    "友善項目總計":7
    }
  },
  {
    "type": "Feature",
    "geometry": {
       "type": "Point",
       "coordinates":  [ 121.575468,25.042967 ]
    },
    "properties": {
    "行政區":"信義區",
    "友善店家名稱":"暖窩咖啡 信義永春門市",
    "地址":"臺北市信義區忠孝東路5段423巷50號1樓",
    "電話":"02-27610052",
    "簡介":"暖窩咖啡 Cozy House＿溫暖的窩，溫暖的咖啡！\n \n 自家烘焙 · 精品咖啡專賣店\n \n 我們敞開大門歡迎您們隨時來我們的窩！\n \n 用心做出好咖啡-是我們的經營理念。\n \n 為了與更多人分享一杯好的莊園級精品咖啡，暖窩咖啡誕生了，所有的咖啡都由老闆自己親手烘焙，店內提供現煮的單品咖啡、義式咖啡、茶品，和限量的特調咖啡，還有親手製作的手工蛋糕、麵包、點心。販賣自家烘焙的咖啡豆和耳掛式咖啡相關產品，以及公司團購咖啡的服務。每一家店一進入都是一張大大的吧台桌，桌上擺著暖窩的咖啡豆，超級多選擇歡迎客人挑選。老闆黃明志也是SCA國際精品咖啡協會的授權考官與講師，也教授SCA的相關認證課程。",
    "英文友善":"1",
    "日文友善":"0",
    "韓文友善":"0",
    "行動裝置充電":"0",
    "無障礙友善":"0",
    "性別友善":"1",
    "便利支付":"1",
    "素食":"0",
    "友善廁所":"1",
    "公平貿易友善":"1",
    "Free WiFi":"1",
    "自行車友善":"0",
    "哺集乳友善":"0",
    "穆斯林友善":"0",
    "月經友善":"0",
    "友善項目總計":6
    }
  },
  {
    "type": "Feature",
    "geometry": {
       "type": "Point",
       "coordinates":  [ 121.55385,25.023378 ]
    },
    "properties": {
    "行政區":"信義區",
    "友善店家名稱":"亨利客 原味炭烤牛排",
    "地址":"臺北市信義區和平東路三段215號",
    "電話":"02-87326332",
    "簡介":"2023盤點美旗林推薦\n 專賣世界頂級牛肉 不收服務費\n 頂級食材 平價奢享 崇尚原味\n 我們是來自美洲的炭烤達人",
    "英文友善":"1",
    "日文友善":"0",
    "韓文友善":"0",
    "行動裝置充電":"1",
    "無障礙友善":"0",
    "性別友善":"0",
    "便利支付":"1",
    "素食":"0",
    "友善廁所":"0",
    "公平貿易友善":"0",
    "Free WiFi":"0",
    "自行車友善":"0",
    "哺集乳友善":"0",
    "穆斯林友善":"0",
    "月經友善":"0",
    "友善項目總計":3
    }
  },
  {
    "type": "Feature",
    "geometry": {
       "type": "Point",
       "coordinates":  [ 121.570114,25.042614 ]
    },
    "properties": {
    "行政區":"信義區",
    "友善店家名稱":"蔬漫小姐 Miss Shumaan.house",
    "地址":"臺北市信義區永吉路120巷82號",
    "電話":"0919-423888",
    "簡介":"關於蔬漫小姐 Miss Shu maan. House\n 走過了許多國家,許多城市,熱愛美食的蔬漫,盛裝著滿滿的美麗回憶與熱情,與蔬漫小姐Miss Shu maan. House團隊致力推展新蔬食文化~新鮮可口的美味蔬食,沒有文化限制,沒有肉類食品,純粹的讓食物回歸自然,剪去俗塵對蔬食的謬誤.蔬漫主廚選用新鮮當令食材，融入異國創意手法,結合寰宇美食,為賓客烹製經典的道地蔬食。餐廳亦提供一系列新鮮果汁及咖啡，讓您自由搭配美餚。",
    "英文友善":"1",
    "日文友善":"0",
    "韓文友善":"0",
    "行動裝置充電":"1",
    "無障礙友善":"0",
    "性別友善":"1",
    "便利支付":"0",
    "素食":"1",
    "友善廁所":"0",
    "公平貿易友善":"0",
    "Free WiFi":"1",
    "自行車友善":"0",
    "哺集乳友善":"0",
    "穆斯林友善":"0",
    "月經友善":"0",
    "友善項目總計":5
    }
  },
  {
    "type": "Feature",
    "geometry": {
       "type": "Point",
       "coordinates":  [ 121.555615,25.026814 ]
    },
    "properties": {
    "行政區":"信義區",
    "友善店家名稱":"瑰秘餐館",
    "地址":"臺北市信義區基隆路二段149-53號",
    "電話":"02-27324436",
    "簡介":"我們希望打造出一種\n 與塵囂不一樣的空間\n 讓人有一種推開\n 瑰秘的門後發現\n 另一個世界的感覺\n 可以在這個空間\n 一個人飲酒\n 一群人做樂\n 擺脫壓力，做自己",
    "英文友善":"0",
    "日文友善":"0",
    "韓文友善":"0",
    "行動裝置充電":"0",
    "無障礙友善":"0",
    "性別友善":"1",
    "便利支付":"0",
    "素食":"1",
    "友善廁所":"0",
    "公平貿易友善":"0",
    "Free WiFi":"1",
    "自行車友善":"0",
    "哺集乳友善":"0",
    "穆斯林友善":"0",
    "月經友善":"1",
    "友善項目總計":4
    }
  },
  {
    "type": "Feature",
    "geometry": {
       "type": "Point",
       "coordinates":  [ 121.566025,25.02653 ]
    },
    "properties": {
    "行政區":"信義區",
    "友善店家名稱":"OZ Cafe & Bistro",
    "地址":"臺北市信義區吳興街345號",
    "電話":"02-27239120",
    "簡介":"“OZ”是澳洲的簡稱,也是三位合夥人“OA” “ZOE” “ZACK” 的名字,我們的故事就從這裡開始.......\n 我們是三個在墨爾本working holiday相識的好朋友,各自在不同的的咖啡廳、餐廳工作,但只要有時間,就會一起到處去嘗試各種不同的餐館,從法式義式到澳式,從餐廳咖啡廳到酒館,見識到了多元又豐富的餐飲文化,於是把這餐飲文化帶回台灣的這個夢想就默默地在大家心裡萌了芽。\n OA:外場打雜服務生兼水電工\n ZOE:甜點師、咖啡師兼藝術總監\n ZACK:大廚兼藝術總監",
    "英文友善":"1",
    "日文友善":"0",
    "韓文友善":"0",
    "行動裝置充電":"1",
    "無障礙友善":"0",
    "性別友善":"1",
    "便利支付":"1",
    "素食":"0",
    "友善廁所":"0",
    "公平貿易友善":"0",
    "Free WiFi":"1",
    "自行車友善":"0",
    "哺集乳友善":"0",
    "穆斯林友善":"0",
    "月經友善":"0",
    "友善項目總計":5
    }
  },
  {
    "type": "Feature",
    "geometry": {
       "type": "Point",
       "coordinates":  [ 121.554815,25.058102 ]
    },
    "properties": {
    "行政區":"松山區",
    "友善店家名稱":"Yellow Monday",
    "地址":"臺北市松山區民生東路四段124號",
    "電話":"0916-169021",
    "簡介":"在臺北市民生東路四段，有一間黃色但不過度搶眼的店，八坪左右，卻充滿故事和各種可能性，用可頌鬆餅成為人與人之間交流的媒介，也透過咖啡成為你我日常中貼心的陪伴。可頌鬆餅的英文名稱 Croffle 結合 Croissant 和 Waffle，將可頌麵團放進鬆餅機裡壓烤，外觀是鬆餅的形狀，吃起來卻是可頌的多層次口感。雖然是單價不高的外帶咖啡店，用的卻是高品質的精品咖啡，選用的『秘境』配方豆為中深焙，入口是非洲熟果香，尾韻則帶上堅果與可可的風味，不是那種喝一口會讓人超驚艷的感覺，卻耐人尋味。",
    "英文友善":"1",
    "日文友善":"0",
    "韓文友善":"0",
    "行動裝置充電":"1",
    "無障礙友善":"0",
    "性別友善":"1",
    "便利支付":"1",
    "素食":"0",
    "友善廁所":"0",
    "公平貿易友善":"0",
    "Free WiFi":"1",
    "自行車友善":"0",
    "哺集乳友善":"0",
    "穆斯林友善":"0",
    "月經友善":"0",
    "友善項目總計":5
    }
  },
  {
    "type": "Feature",
    "geometry": {
       "type": "Point",
       "coordinates":  [ 121.598507,25.052638 ]
    },
    "properties": {
    "行政區":"南港區",
    "友善店家名稱":"北流卡夫卡",
    "地址":"臺北市南港區市民大道8段99號-北流中心產業區5樓",
    "電話":"02-27851777",
    "簡介":"南港昆陽站美食推薦，臺北流行音樂中心產業區五樓，寬敞工業風大空間，提供包場，週末不定期有樂團音樂演奏，提供多國料理，台式、日式、中式、義式、美式等，還有現壓生啤＆精釀啤酒可點，結合聽覺、味覺與視覺的感官體驗，樂迷小酌多個好去處。\n 北流卡夫卡除了是餐廳、人文、音樂展演空間，更是一個音樂品牌，在未來持續發掘培植音樂產業相關人才、文學創作或藝術表演工作者，也提供多元化活動場地應用，如：各式發表會、小型演唱會、見面會等展演活動，以及尾牙春酒包場服務，期許在這樣的空間裡，你/妳可以拋開日常紛擾，重新感受生活溫度、汲取能量，接續所有美好，發生．發聲更多故事。",
    "英文友善":"1",
    "日文友善":"0",
    "韓文友善":"0",
    "行動裝置充電":"1",
    "無障礙友善":"1",
    "性別友善":"0",
    "便利支付":"1",
    "素食":"1",
    "友善廁所":"1",
    "公平貿易友善":"0",
    "Free WiFi":"1",
    "自行車友善":"1",
    "哺集乳友善":"0",
    "穆斯林友善":"0",
    "月經友善":"0",
    "友善項目總計":8
    }
  },
  {
    "type": "Feature",
    "geometry": {
       "type": "Point",
       "coordinates":  [ 121.593078,25.069105 ]
    },
    "properties": {
    "行政區":"內湖區",
    "友善店家名稱":"WILSONPARK威爾森公園",
    "地址":"臺北市內湖區民權東路六段125-1號",
    "電話":"0981-563727",
    "簡介":"內湖優質英式工業風餐酒館，旅外主廚Wilson將生平十幾年海內外獨特餐飲經驗融合，物有所值讓您不虛此行~",
    "英文友善":"1",
    "日文友善":"0",
    "韓文友善":"0",
    "行動裝置充電":"0",
    "無障礙友善":"0",
    "性別友善":"1",
    "便利支付":"1",
    "素食":"1",
    "友善廁所":"1",
    "公平貿易友善":"0",
    "Free WiFi":"1",
    "自行車友善":"1",
    "哺集乳友善":"0",
    "穆斯林友善":"0",
    "月經友善":"0",
    "友善項目總計":7
    }
  },
  {
    "type": "Feature",
    "geometry": {
       "type": "Point",
       "coordinates":  [ 121.579643,25.076675 ]
    },
    "properties": {
    "行政區":"內湖區",
    "友善店家名稱":"無尽蔵居酒屋-文德店",
    "地址":"臺北市內湖區文德路22巷27弄7號",
    "電話":"0910-367366",
    "簡介":"我們位於內湖科學園區週邊，日式風格建築，一樓有半戶外區及二樓室內用餐區。",
    "英文友善":"1",
    "日文友善":"0",
    "韓文友善":"0",
    "行動裝置充電":"1",
    "無障礙友善":"0",
    "性別友善":"1",
    "便利支付":"1",
    "素食":"0",
    "友善廁所":"0",
    "公平貿易友善":"0",
    "Free WiFi":"1",
    "自行車友善":"0",
    "哺集乳友善":"0",
    "穆斯林友善":"0",
    "月經友善":"0",
    "友善項目總計":5
    }
  },
  {
    "type": "Feature",
    "geometry": {
       "type": "Point",
       "coordinates":  [ 121.529487,25.030345 ]
    },
    "properties": {
    "行政區":"大安區",
    "友善店家名稱":"雲彩軒永康店",
    "地址":"臺北市大安區永康街32號",
    "電話":"02-23518595",
    "簡介":"雲彩軒以母親名子裡的雲字命名,代表對家的愛。 今年邁入第20年的雲彩軒，過去經營伴手禮品店， 以繽紛多元的產品，獨特的生活擺設成功抓住年輕人及喜愛生活雜貨的觀光客， 其中尤其深受日本人的喜愛，曾多次接受日本雜誌報導採訪 2020年開始著手品牌形象的重新設計 我們希望跳脫以往中式雜貨禮品的印象 從商品開發和品牌建置起步 打造更貼近生活的形象,傳遞來自台灣的美好 雲彩軒不只是伴手禮品店,而是能點綴你我生活的地方",
    "英文友善":"1",
    "日文友善":"1",
    "韓文友善":"0",
    "行動裝置充電":"0",
    "無障礙友善":"1",
    "性別友善":"0",
    "便利支付":"1",
    "素食":"0",
    "友善廁所":"0",
    "公平貿易友善":"0",
    "Free WiFi":"0",
    "自行車友善":"0",
    "哺集乳友善":"0",
    "穆斯林友善":"0",
    "月經友善":"0",
    "友善項目總計":4
    }
  },
  {
    "type": "Feature",
    "geometry": {
       "type": "Point",
       "coordinates":  [ 121.521718,25.051514 ]
    },
    "properties": {
    "行政區":"中山區",
    "友善店家名稱":"qoopio 大研創意 中山店",
    "地址":"臺北市中山區中山北路一段140巷7號2F",
    "電話":"0971-771915",
    "簡介":"大研創意工作室（Qoopio Studio）成立於2017年，位於台灣臺北市。我們專注於提供人像攝影和精緻後製的攝影服務，涵蓋韓式證件照、形象照、全家福、團體合照以及體態紀錄等各種人像拍攝。我們以客戶的獨特需求為中心，並提供造型師彩妝整髮的服務，以塑造客戶心目中最理想的形象。每張作品都經過與客戶深入討論和交流後完成，真實紀錄著獨一無二的時刻。",
    "英文友善":"1",
    "日文友善":"0",
    "韓文友善":"0",
    "行動裝置充電":"1",
    "無障礙友善":"0",
    "性別友善":"1",
    "便利支付":"0",
    "素食":"0",
    "友善廁所":"1",
    "公平貿易友善":"0",
    "Free WiFi":"1",
    "自行車友善":"0",
    "哺集乳友善":"0",
    "穆斯林友善":"0",
    "月經友善":"0",
    "友善項目總計":5
    }
  },
  {
    "type": "Feature",
    "geometry": {
       "type": "Point",
       "coordinates":  [ 121.541721,24.994351 ]
    },
    "properties": {
    "行政區":"文山區",
    "友善店家名稱":"qoopio 大研創意 景美店",
    "地址":"臺北市文山區景美街1-2號",
    "電話":"0971-771915",
    "簡介":"大研創意工作室（Qoopio Studio）成立於2017年，位於台灣臺北市。我們專注於提供人像攝影和精緻後製的攝影服務，涵蓋韓式證件照、形象照、全家福、團體合照以及體態紀錄等各種人像拍攝。我們以客戶的獨特需求為中心，並提供造型師彩妝整髮的服務，以塑造客戶心目中最理想的形象。每張作品都經過與客戶深入討論和交流後完成，真實紀錄著獨一無二的時刻。",
    "英文友善":"1",
    "日文友善":"0",
    "韓文友善":"0",
    "行動裝置充電":"0",
    "無障礙友善":"0",
    "性別友善":"1",
    "便利支付":"0",
    "素食":"0",
    "友善廁所":"1",
    "公平貿易友善":"0",
    "Free WiFi":"1",
    "自行車友善":"0",
    "哺集乳友善":"0",
    "穆斯林友善":"0",
    "月經友善":"0",
    "友善項目總計":4
    }
  },
  {
    "type": "Feature",
    "geometry": {
       "type": "Point",
       "coordinates":  [ 121.592865,25.084817 ]
    },
    "properties": {
    "行政區":"內湖區",
    "友善店家名稱":"詹咖李",
    "地址":"臺北市內湖區金龍路64-1號1樓",
    "電話":"02-87910255",
    "簡介":"詹咖李是一間足以讓你相信食物是可以療癒身心的咖哩店 溫馨不失水準 小巧但五臟俱全 給自己一個機會 詹咖李歡迎你",
    "英文友善":"1",
    "日文友善":"1",
    "韓文友善":"0",
    "行動裝置充電":"0",
    "無障礙友善":"0",
    "性別友善":"1",
    "便利支付":"1",
    "素食":"0",
    "友善廁所":"1",
    "公平貿易友善":"0",
    "Free WiFi":"0",
    "自行車友善":"0",
    "哺集乳友善":"0",
    "穆斯林友善":"0",
    "月經友善":"0",
    "友善項目總計":5
    }
  },
  {
    "type": "Feature",
    "geometry": {
       "type": "Point",
       "coordinates":  [ 121.54624,25.059327 ]
    },
    "properties": {
    "行政區":"松山區",
    "友善店家名稱":"GABEE",
    "地址":"臺北市松山區民生東路三段113巷21號",
    "電話":"02-27138772",
    "簡介":"GABEE. --- 專業、人文、創新\n於2004年11月1日誕生，創辦人林東源Van Lin，第一屆咖啡大師比賽冠軍，從出國比賽到跨界合作，致力於推廣精品咖啡文化，擔任許多知名品牌顧問，作為台灣精品咖啡的獨立領導品牌，GABEE. 團隊有多位CQI咖啡品質鑑定師，締造出優質的精品咖啡豆，從台灣咖啡冠軍、出國比賽，到與知名品牌異業合作，以跨界合作方式嘗試咖啡的無限可能，創造出獨特的新咖啡文化，GABEE. 經營的不只是一家店，是永續的精神隨著時間積累醞釀，朝向百年品牌邁進。",
    "英文友善":"1",
    "日文友善":"0",
    "韓文友善":"0",
    "行動裝置充電":"1",
    "無障礙友善":"0",
    "性別友善":"1",
    "便利支付":"0",
    "素食":"0",
    "友善廁所":"0",
    "公平貿易友善":"0",
    "Free WiFi":"1",
    "自行車友善":"0",
    "哺集乳友善":"0",
    "穆斯林友善":"0",
    "月經友善":"0",
    "友善項目總計":4
    }
  },
  {
    "type": "Feature",
    "geometry": {
       "type": "Point",
       "coordinates":  [ 121.57398,24.993191 ]
    },
    "properties": {
    "行政區":"文山區",
    "友善店家名稱":"Feed Zone Cafe",
    "地址":"臺北市文山區新光路一段189號     ",
    "電話":"",
    "簡介":"座落在木柵動物園旁  提供運動族群運動後健康補給",
    "英文友善":"1",
    "日文友善":"0",
    "韓文友善":"0",
    "行動裝置充電":"0",
    "無障礙友善":"0",
    "性別友善":"1",
    "便利支付":"1",
    "素食":"1",
    "友善廁所":"1",
    "公平貿易友善":"0",
    "Free WiFi":"1",
    "自行車友善":"1",
    "哺集乳友善":"0",
    "穆斯林友善":"0",
    "月經友善":"1",
    "友善項目總計":8
    }
  },
  {
    "type": "Feature",
    "geometry": {
       "type": "Point",
       "coordinates":  [ 121.562698,24.982655 ]
    },
    "properties": {
    "行政區":"文山區",
    "友善店家名稱":"呆呆熊早午餐",
    "地址":"臺北市文山區木新路3段74巷1弄20號1樓",
    "電話":"02-29366489",
    "簡介":"我們位於臺北市文山區的巷弄內，店內有附充電插座，以及wifi！肉品以及醬料都是我們精心手工製作的，餐點現點現做，請耐心等候~餐點選項很多元，中西日式都有...早午餐、漢堡、厚蛋餅、丼飯、咖哩飯...等，我們是寵物友善餐廳，大家可以帶上家中毛孩一同前來用餐，共享美好時光❤️\n\n",
    "英文友善":"0",
    "日文友善":"0",
    "韓文友善":"0",
    "行動裝置充電":"1",
    "無障礙友善":"0",
    "性別友善":"0",
    "便利支付":"0",
    "素食":"0",
    "友善廁所":"1",
    "公平貿易友善":"0",
    "Free WiFi":"1",
    "自行車友善":"0",
    "哺集乳友善":"0",
    "穆斯林友善":"0",
    "月經友善":"0",
    "友善項目總計":3
    }
  },
  {
    "type": "Feature",
    "geometry": {
       "type": "Point",
       "coordinates":  [ 121.501684,25.137789 ]
    },
    "properties": {
    "行政區":"北投區",
    "友善店家名稱":"ㄉㄧㄢˇㄉㄧㄢ",
    "地址":"臺北市北投區珠海路五號一樓 ",
    "電話":"",
    "簡介":"無論夢想多大。 都是從一個最初的『點』開始出發。 一步步形成線。 最後畫為夢想的藍圖。 用簡單樸實無添加的點心與麵包，讓您感受真誠的意。",
    "英文友善":"1",
    "日文友善":"0",
    "韓文友善":"0",
    "行動裝置充電":"0",
    "無障礙友善":"0",
    "性別友善":"1",
    "便利支付":"0",
    "素食":"1",
    "友善廁所":"1",
    "公平貿易友善":"0",
    "Free WiFi":"1",
    "自行車友善":"0",
    "哺集乳友善":"0",
    "穆斯林友善":"0",
    "月經友善":"1",
    "友善項目總計":6
    }
  },
  {
    "type": "Feature",
    "geometry": {
       "type": "Point",
       "coordinates":  [ 121.498966,25.134398 ]
    },
    "properties": {
    "行政區":"北投區",
    "友善店家名稱":"心不懶喘息咖啡",
    "地址":"臺北市北投區育仁路89號",
    "電話":"02-28983445",
    "簡介":"心不懶喘息咖啡自2019創店至今四年，其間雖歷經嚴重新冠疫情，仍堅持創店理念，期望深耕社區實踐多元族群友善、促進心理健康、社會公益等理念。2023新不懶喘息咖啡為了幫助身心障礙、單親婦女、失智長者等族群就業與創業，加入「就業/創業孵化所」概念，提供友善預備職場、就業與創業環境，讓多元族群更有機會回歸職場。",
    "英文友善":"0",
    "日文友善":"0",
    "韓文友善":"0",
    "行動裝置充電":"1",
    "無障礙友善":"1",
    "性別友善":"1",
    "便利支付":"1",
    "素食":"0",
    "友善廁所":"1",
    "公平貿易友善":"0",
    "Free WiFi":"1",
    "自行車友善":"0",
    "哺集乳友善":"0",
    "穆斯林友善":"0",
    "月經友善":"0",
    "友善項目總計":6
    }
  },
  {
    "type": "Feature",
    "geometry": {
       "type": "Point",
       "coordinates":  [ 121.573166,25.082896 ]
    },
    "properties": {
    "行政區":"內湖區",
    "友善店家名稱":"AROS COFFEE",
    "地址":"臺北市內湖區麗山街332號1樓",
    "電話":"02-27996898",
    "簡介":"A Ray Of Sunshine 一縷陽光,是一間想提供療癒心靈且帶給人溫暖與希望的咖啡廳。我們提供好品質與多元的咖啡文化和自製的甜點。",
    "英文友善":"1",
    "日文友善":"0",
    "韓文友善":"0",
    "行動裝置充電":"1",
    "無障礙友善":"0",
    "性別友善":"1",
    "便利支付":"1",
    "素食":"0",
    "友善廁所":"1",
    "公平貿易友善":"0",
    "Free WiFi":"1",
    "自行車友善":"0",
    "哺集乳友善":"0",
    "穆斯林友善":"0",
    "月經友善":"0",
    "友善項目總計":6
    }
  },
  {
    "type": "Feature",
    "geometry": {
       "type": "Point",
       "coordinates":  [ 121.59177,25.039486 ]
    },
    "properties": {
    "行政區":"南港區",
    "友善店家名稱":"Backmount",
    "地址":"臺北市南港區福德街373巷23號1樓",
    "電話":"",
    "簡介":"提供特色道地英式/美式早午餐，酪梨大早餐等。使用Diedrich烘培咖啡豆，甜感分明。環境舒適。周邊景點：全球能量場最強的南港公園。虎山步道。兩大廟慈惠堂/奉天宮。南港北流音樂中心/臺北101約10分鐘",
    "英文友善":"1",
    "日文友善":"0",
    "韓文友善":"0",
    "行動裝置充電":"1",
    "無障礙友善":"1",
    "性別友善":"1",
    "便利支付":"1",
    "素食":"1",
    "友善廁所":"0",
    "公平貿易友善":"0",
    "Free WiFi":"1",
    "自行車友善":"1",
    "哺集乳友善":"0",
    "穆斯林友善":"0",
    "月經友善":"0",
    "友善項目總計":8
    }
  },
  {
    "type": "Feature",
    "geometry": {
       "type": "Point",
       "coordinates":  [ 121.529224,25.032389 ]
    },
    "properties": {
    "行政區":"大安區",
    "友善店家名稱":"京盛宇(永康概念店)",
    "地址":"臺北市大安區永康街8巷11號",
    "電話":"02-87120019",
    "簡介":"京盛宇創立於2009年，懷抱著對台灣茶的高度熱情，打破傳統茶道的框架，以特有的紫砂壺手沖茶，讓消費者更方便地品嚐台灣茶的甘甜美好。\n\n2019/11/08永康概念店開幕，以現代美學風格，打造寧靜、親切、無價的相聚時光，並攜手台灣暖心茶點「微熱山丘」，為遠道而來的您，獻上一期一會的誠心款待。\n\n目前有新竹大遠百店、基隆青鳥店共3間直營門市，並有官網及其他實體與線上通路（海外澳洲店預計2023 年中開幕）。\n\n2023年，京盛宇推出「世界選茶」，延續2021年御守袋茶的概念，在設計上加入“Heal yourself. Heal the world.”的標語，期盼能「讓一座城市，擁有全世界的好茶」，透過一杯好茶，為後疫情時代的人們「療癒身心、傳遞祝福」。\n\n在繁忙的生活中，請讓我們借用您30分鐘的時間，邀請您立刻加入Line@好友，參加「祝福御所」茶體驗，讓美好的茶文化更貼近您的生活！\n\n內用低消為一人一杯茶，禁帶外食，內用限制一小時，茶體驗為30分鐘。\n\n立刻加入Line@好友\n並領取更多優惠https://reurl.cc/aGEVNG",
    "英文友善":"1",
    "日文友善":"1",
    "韓文友善":"0",
    "行動裝置充電":"1",
    "無障礙友善":"0",
    "性別友善":"0",
    "便利支付":"1",
    "素食":"1",
    "友善廁所":"1",
    "公平貿易友善":"0",
    "Free WiFi":"1",
    "自行車友善":"0",
    "哺集乳友善":"0",
    "穆斯林友善":"1",
    "月經友善":"0",
    "友善項目總計":8
    }
  },
  {
    "type": "Feature",
    "geometry": {
       "type": "Point",
       "coordinates":  [ 121.560151,25.060832 ]
    },
    "properties": {
    "行政區":"松山區",
    "友善店家名稱":"AZURA",
    "地址":"臺北市松山區富錦街405號1樓",
    "電話":"",
    "簡介":"預約制餐廳，地中海料理",
    "英文友善":"1",
    "日文友善":"0",
    "韓文友善":"0",
    "行動裝置充電":"1",
    "無障礙友善":"0",
    "性別友善":"1",
    "便利支付":"0",
    "素食":"0",
    "友善廁所":"1",
    "公平貿易友善":"0",
    "Free WiFi":"1",
    "自行車友善":"0",
    "哺集乳友善":"0",
    "穆斯林友善":"0",
    "月經友善":"0",
    "友善項目總計":5
    }
  },
  {
    "type": "Feature",
    "geometry": {
       "type": "Point",
       "coordinates":  [ 121.559818,25.057703 ]
    },
    "properties": {
    "行政區":"松山區",
    "友善店家名稱":"Mr.Roll手工蛋捲",
    "地址":"臺北市松山區民生東路五段36巷6弄1號",
    "電話":"",
    "簡介":"嚴選天然食材、真材實料、純手工製作【唯有美食與愛不可辜負】",
    "英文友善":"1",
    "日文友善":"0",
    "韓文友善":"0",
    "行動裝置充電":"0",
    "無障礙友善":"0",
    "性別友善":"1",
    "便利支付":"1",
    "素食":"0",
    "友善廁所":"0",
    "公平貿易友善":"0",
    "Free WiFi":"1",
    "自行車友善":"1",
    "哺集乳友善":"0",
    "穆斯林友善":"0",
    "月經友善":"0",
    "友善項目總計":5
    }
  },
  {
    "type": "Feature",
    "geometry": {
       "type": "Point",
       "coordinates":  [ 121.513067,25.055681 ]
    },
    "properties": {
    "行政區":"大同區",
    "友善店家名稱":"臺北大稻埕有記名茶股份有限公司",
    "地址":"臺北市大同區重慶北路二段64巷26號",
    "電話":"02-25559164",
    "簡介":"「有記名茶」糅合百年匠心與現代韻味，始於1890年臺北大稻埕。這不僅是茶廠，也是台灣茶文化的傳播者。堅守傳統製茶工藝，從茶葉挑選到焙火，每一步驟都見證了對卓越品質的追求。致力於教育與推廣，「有記名茶」讓顧客親歷茶的分類與製程的藝術。隨著時代脈動，我們推陳出新，讓每一杯茶都可伴隨著悠閒時光，將台灣的茶文化韻味傳遞給世界。",
    "英文友善":"1",
    "日文友善":"1",
    "韓文友善":"0",
    "行動裝置充電":"1",
    "無障礙友善":"0",
    "性別友善":"1",
    "便利支付":"1",
    "素食":"1",
    "友善廁所":"0",
    "公平貿易友善":"0",
    "Free WiFi":"1",
    "自行車友善":"1",
    "哺集乳友善":"0",
    "穆斯林友善":"0",
    "月經友善":"0",
    "友善項目總計":8
    }
  },
  {
    "type": "Feature",
    "geometry": {
       "type": "Point",
       "coordinates":  [ 121.513175,25.055721 ]
    },
    "properties": {
    "行政區":"大同區",
    "友善店家名稱":"Wangtea Lab",
    "地址":"臺北市大同區重慶北路二段64巷24號",
    "電話":"02-25585551",
    "簡介":"Wangtea Lab 為有記名茶的新品牌，作為茶文化傳播的百年茶廠，延伸精製茶廠的烘焙、拼配技術，藉由不同沖泡方式，體現三個影響茶葉風味因素，在新舊融合的氛圍裡，體驗茶的本味，同時也讓茶飲更有趣、好玩、顛覆傳統想像。我們堅持無糖且不添加配料，希望和你一起用一種別出心裁的形式，享受台灣茶最純粹初始的美好。",
    "英文友善":"1",
    "日文友善":"1",
    "韓文友善":"0",
    "行動裝置充電":"1",
    "無障礙友善":"0",
    "性別友善":"1",
    "便利支付":"1",
    "素食":"1",
    "友善廁所":"0",
    "公平貿易友善":"0",
    "Free WiFi":"1",
    "自行車友善":"1",
    "哺集乳友善":"0",
    "穆斯林友善":"0",
    "月經友善":"0",
    "友善項目總計":8
    }
  },
  {
    "type": "Feature",
    "geometry": {
       "type": "Point",
       "coordinates":  [ 121.593349,25.049719 ]
    },
    "properties": {
    "行政區":"南港區",
    "友善店家名稱":"Shaiooocafe",
    "地址":"臺北市南港區昆陽街140巷21號",
    "電話":"02-27838860",
    "簡介":"「  位於昆陽站巷弄內的咖啡廳，店內裝潢以及用心的擺設，氣氛的營造，希望顧客到店內用餐都能感受到舒服放鬆。\n甜點甜度恰到好處，食材的部分真材實料，甜食鹹食飲品皆能滿足您的味蕾，店內不限用餐時間、提供充電、Free-wifi、還有寵物友善呢。」",
    "英文友善":"0",
    "日文友善":"0",
    "韓文友善":"0",
    "行動裝置充電":"1",
    "無障礙友善":"0",
    "性別友善":"1",
    "便利支付":"0",
    "素食":"0",
    "友善廁所":"1",
    "公平貿易友善":"0",
    "Free WiFi":"0",
    "自行車友善":"0",
    "哺集乳友善":"0",
    "穆斯林友善":"0",
    "月經友善":"0",
    "友善項目總計":3
    }
  },
  {
    "type": "Feature",
    "geometry": {
       "type": "Point",
       "coordinates":  [ 121.587158,25.045508 ]
    },
    "properties": {
    "行政區":"南港區",
    "友善店家名稱":"SUSU COFFEE",
    "地址":"臺北市南港區東新街80巷12弄2號",
    "電話":"",
    "簡介":"精品咖啡烘焙館，提供專業優質咖啡與美味現做餐點,提供友善、咖啡交流的好地方",
    "英文友善":"1",
    "日文友善":"0",
    "韓文友善":"0",
    "行動裝置充電":"0",
    "無障礙友善":"0",
    "性別友善":"1",
    "便利支付":"1",
    "素食":"1",
    "友善廁所":"1",
    "公平貿易友善":"0",
    "Free WiFi":"1",
    "自行車友善":"1",
    "哺集乳友善":"0",
    "穆斯林友善":"0",
    "月經友善":"0",
    "友善項目總計":7
    }
  },
  {
    "type": "Feature",
    "geometry": {
       "type": "Point",
       "coordinates":  [ 121.549394,25.003733 ]
    },
    "properties": {
    "行政區":"文山區",
    "友善店家名稱":"Fu Chi 麩妻 手作烘焙工作室",
    "地址":"臺北市文山區福興路63巷4弄6號4F",
    "電話":"",
    "簡介":"我們是小工作室，剛創業的年輕人，感謝你們的支持，因為本身非常喜歡吃麵包，也害怕外面添加了一些不健康的材料，所以決定自己創業研究麵包。\n我們對於全程製作商品，相當用心，也都是用天然食材不添加防腐劑、當天現做來販售。",
    "英文友善":"1",
    "日文友善":"0",
    "韓文友善":"0",
    "行動裝置充電":"0",
    "無障礙友善":"0",
    "性別友善":"1",
    "便利支付":"1",
    "素食":"0",
    "友善廁所":"0",
    "公平貿易友善":"0",
    "Free WiFi":"0",
    "自行車友善":"0",
    "哺集乳友善":"0",
    "穆斯林友善":"0",
    "月經友善":"0",
    "友善項目總計":3
    }
  },
  {
    "type": "Feature",
    "geometry": {
       "type": "Point",
       "coordinates":  [ 121.593604,25.049766 ]
    },
    "properties": {
    "行政區":"南港區",
    "友善店家名稱":"大山昆陽咖啡",
    "地址":"臺北市南港區昆陽街140巷17號",
    "電話":"02-27852836",
    "簡介":"「進門瞬間就被整間店的裝潢和商品擺設吸引住，絕對能滿足顧客的審美啊！\n木頭色調的裝潢設計彷彿都隱隱約約散發咖啡的香氣～\n專業細緻的手沖咖啡咖啡風味充滿層次，手沖的單品，醇香又濃郁，每款甜點也各有特色，整體環境安靜舒服，安靜又明亮的空間，有WiFi、廁所、用餐也無時間限制。」",
    "英文友善":"1",
    "日文友善":"0",
    "韓文友善":"0",
    "行動裝置充電":"1",
    "無障礙友善":"0",
    "性別友善":"1",
    "便利支付":"1",
    "素食":"0",
    "友善廁所":"0",
    "公平貿易友善":"0",
    "Free WiFi":"1",
    "自行車友善":"1",
    "哺集乳友善":"0",
    "穆斯林友善":"0",
    "月經友善":"0",
    "友善項目總計":6
    }
  },
  {
    "type": "Feature",
    "geometry": {
       "type": "Point",
       "coordinates":  [ 121.611358,25.055845 ]
    },
    "properties": {
    "行政區":"南港區",
    "友善店家名稱":"你的 健康一點的餐盒",
    "地址":"臺北市南港區新民街68號",
    "電話":"02-27837983",
    "簡介":"\"你的Needo ·健康一點的餐盒 專門製作屬於「你的」餐盒🍱 餐盒使用濱江市場雞媽媽生鮮雞肉 健康平衡的鮮豔蔬菜 除了好吃外還能健康一點🌟 完整融合健康與美味的調味 每天給你百分百的能量💪🏼\"",
    "英文友善":"0",
    "日文友善":"0",
    "韓文友善":"0",
    "行動裝置充電":"0",
    "無障礙友善":"0",
    "性別友善":"1",
    "便利支付":"1",
    "素食":"0",
    "友善廁所":"0",
    "公平貿易友善":"0",
    "Free WiFi":"0",
    "自行車友善":"0",
    "哺集乳友善":"0",
    "穆斯林友善":"0",
    "月經友善":"0",
    "友善項目總計":2
    }
  },
  {
    "type": "Feature",
    "geometry": {
       "type": "Point",
       "coordinates":  [ 121.605969,25.055705 ]
    },
    "properties": {
    "行政區":"南港區",
    "友善店家名稱":"泰美利",
    "地址":"臺北市南港區興華路87號",
    "電話":"",
    "簡介":"「位在南港區的在地泰式料理店，內用座位雖然不多，但每道料理都能吃到用心\n餐點份量也很足夠，沒什麼食慾的保證都能食慾大開，小辣不會太辣，讓大眾都可以接受的口味，更提供友善廁所。」",
    "英文友善":"1",
    "日文友善":"0",
    "韓文友善":"0",
    "行動裝置充電":"0",
    "無障礙友善":"1",
    "性別友善":"1",
    "便利支付":"0",
    "素食":"1",
    "友善廁所":"1",
    "公平貿易友善":"0",
    "Free WiFi":"0",
    "自行車友善":"0",
    "哺集乳友善":"0",
    "穆斯林友善":"0",
    "月經友善":"0",
    "友善項目總計":5
    }
  },
  {
    "type": "Feature",
    "geometry": {
       "type": "Point",
       "coordinates":  [ 121.564759,25.042045 ]
    },
    "properties": {
    "行政區":"信義區",
    "友善店家名稱":"We&Me Cafe好好文化創意",
    "地址":"臺北市信義區基隆路一段188-2號",
    "電話":"02-27638767",
    "簡介":"臺北市信義區基隆路一段188-2號\n（02）2763-8767\n週一公休\n週二~週五:10:00~22:00\n六日:09:00~22:00",
    "英文友善":"1",
    "日文友善":"0",
    "韓文友善":"0",
    "行動裝置充電":"1",
    "無障礙友善":"0",
    "性別友善":"1",
    "便利支付":"0",
    "素食":"1",
    "友善廁所":"0",
    "公平貿易友善":"0",
    "Free WiFi":"1",
    "自行車友善":"0",
    "哺集乳友善":"0",
    "穆斯林友善":"0",
    "月經友善":"0",
    "友善項目總計":5
    }
  },
  {
    "type": "Feature",
    "geometry": {
       "type": "Point",
       "coordinates":  [ 121.576735,25.039639 ]
    },
    "properties": {
    "行政區":"信義區",
    "友善店家名稱":"SunDay 酉日咖啡吧",
    "地址":"臺北市信義區虎林街143號1樓",
    "電話":"02-87867652",
    "簡介":"Sunday酉日咖啡吧是一間從下午營業至深夜的空間，專注於提供咖啡與咖啡調酒，希望給予所有人不論在任何時段都可以前來感受與體驗的場所。",
    "英文友善":"1",
    "日文友善":"0",
    "韓文友善":"0",
    "行動裝置充電":"1",
    "無障礙友善":"0",
    "性別友善":"1",
    "便利支付":"1",
    "素食":"0",
    "友善廁所":"0",
    "公平貿易友善":"0",
    "Free WiFi":"1",
    "自行車友善":"0",
    "哺集乳友善":"0",
    "穆斯林友善":"0",
    "月經友善":"1",
    "友善項目總計":6
    }
  },
  {
    "type": "Feature",
    "geometry": {
       "type": "Point",
       "coordinates":  [ 121.563633,25.032675 ]
    },
    "properties": {
    "行政區":"信義區",
    "友善店家名稱":"海灘叢林",
    "地址":"臺北市信義區信義路五段18號B1",
    "電話":"02-27222324",
    "簡介":"海灘叢林A Beach是一家座落在信義區將熱帶海島風情搬進室內的餐酒館，距離捷運出口不到2分鐘的時間，擁有白色的沙灘及充滿綠意的叢林，在室內也能擁有度假儀式感，宛如置身在國外，適合下午茶、朋友聚會、生日慶祝派對、情侶約會、慶生、親子、寵物、包場活動。",
    "英文友善":"1",
    "日文友善":"0",
    "韓文友善":"0",
    "行動裝置充電":"1",
    "無障礙友善":"0",
    "性別友善":"1",
    "便利支付":"0",
    "素食":"0",
    "友善廁所":"1",
    "公平貿易友善":"0",
    "Free WiFi":"1",
    "自行車友善":"0",
    "哺集乳友善":"0",
    "穆斯林友善":"0",
    "月經友善":"0",
    "友善項目總計":5
    }
  },
  {
    "type": "Feature",
    "geometry": {
       "type": "Point",
       "coordinates":  [ 121.546498,25.059818 ]
    },
    "properties": {
    "行政區":"松山區",
    "友善店家名稱":"好事食堂",
    "地址":"臺北市松山區民生東路三段113巷25弄13號",
    "電話":"02-27172757",
    "簡介":"秉持家常菜溫和且富含層次的口味，堅持每樣配菜清洗浸泡15分鐘去除農藥的原則，讓大家吃的的健康的家常菜。每天每週主餐、配菜皆不同，希望大家吃好事餐盒像回到家吃飯一樣，輕鬆、舒適又健康營養。用一頓午餐的時間換得遠離塵囂的寧靜吃好事。",
    "英文友善":"1",
    "日文友善":"0",
    "韓文友善":"0",
    "行動裝置充電":"1",
    "無障礙友善":"0",
    "性別友善":"1",
    "便利支付":"1",
    "素食":"0",
    "友善廁所":"0",
    "公平貿易友善":"0",
    "Free WiFi":"1",
    "自行車友善":"0",
    "哺集乳友善":"0",
    "穆斯林友善":"0",
    "月經友善":"0",
    "友善項目總計":5
    }
  },
  {
    "type": "Feature",
    "geometry": {
       "type": "Point",
       "coordinates":  [ 121.575889,25.048287 ]
    },
    "properties": {
    "行政區":"信義區",
    "友善店家名稱":"蝦太太",
    "地址":"臺北市信義區松隆路286號",
    "電話":"",
    "簡介":"「有沒有可能可以成立一個事業，能透過利潤共享的方式提供一些就業機會給需要賺些家用貼補的婦女？」所以，蝦太太誕生了。\n伴隨有點傻卻有點可愛的熱情與理想，結合了40幾年經驗蝦界菁英「發哥」站在最前線，願意幫忙一起守護著「蝦太太」。\n「蝦太太」一個為真誠、熱情而生的品牌。\n現在，蝦太太旗下有30多位的夥伴，一同推廣我們的品牌，透過產品的好品質及口碑來深耕社區。\n我們的劣勢在無法於市面上拚最便宜的價格，因為品質絕對無法用低價做出來！！\n希望維持穩定品質及提供蝦粉好的產品，才是蝦太太更加在意的地方。\n我們期待且深信，總是會有那個懂我們的妳或你，相遇於蝦太太之後會一直陪伴著我們走下去⋯⋯\n蝦太太｜家庭主婦的好朋友",
    "英文友善":"0",
    "日文友善":"0",
    "韓文友善":"0",
    "行動裝置充電":"0",
    "無障礙友善":"0",
    "性別友善":"1",
    "便利支付":"0",
    "素食":"0",
    "友善廁所":"0",
    "公平貿易友善":"0",
    "Free WiFi":"1",
    "自行車友善":"0",
    "哺集乳友善":"0",
    "穆斯林友善":"0",
    "月經友善":"0",
    "友善項目總計":2
    }
  },
  {
    "type": "Feature",
    "geometry": {
       "type": "Point",
       "coordinates":  [ 121.606999,25.055056 ]
    },
    "properties": {
    "行政區":"南港區",
    "友善店家名稱":"辛隱",
    "地址":"臺北市南港區興中路12巷9號",
    "電話":"02-26518425",
    "簡介":"我們名稱呼應著新穎，以新穎的環境、新穎的菜色，用新穎的手法呈現各地的經典料理，並加上台灣在地的元素加以變化，成為市場上新穎的料理。\n麻辣鍋為辛隱的主角，以辛來代表著火紅的熱情，在料理中都加入了辛的元素，表示我們對創新的熱情；隱則代表著神秘，需踏入辛隱裡細細的品嚐隱藏的神秘。\n餐廳秉持的精神理念是希望傳達一種不需要活在任何一切的定義裡，\n他人怎麼定義我們只在於對方的角度如何觀測；對顧客來說或許我們是一間賣麵食、賣鍋物、打卡拍照、放鬆喝酒的餐廳，我們也會接受任何人的定義，不過我們會繼續堅持初衷的理念不被框架限制住，辛隱就是一個新穎的存在。",
    "英文友善":"0",
    "日文友善":"0",
    "韓文友善":"0",
    "行動裝置充電":"0",
    "無障礙友善":"0",
    "性別友善":"1",
    "便利支付":"1",
    "素食":"0",
    "友善廁所":"0",
    "公平貿易友善":"0",
    "Free WiFi":"1",
    "自行車友善":"0",
    "哺集乳友善":"0",
    "穆斯林友善":"0",
    "月經友善":"0",
    "友善項目總計":3
    }
  },
  {
    "type": "Feature",
    "geometry": {
       "type": "Point",
       "coordinates":  [ 121.552179,25.000668 ]
    },
    "properties": {
    "行政區":"文山區",
    "友善店家名稱":"來ㄐㄧㄚ",
    "地址":"臺北市文山區興隆路二段220巷18號",
    "電話":"02-29335178",
    "簡介":"「店面雖然不大，小小的坪數裡裝了兩台冷氣讓客人在炎熱的夏天有涼爽的環境可以用餐，每道料理絕對都是獨門講究，麵條煮的剛好有勁道\n敢吃辣的您一定要嚐嚐手工現炒的辣椒，聞的出辣油逼人的香氣滿足您的味蕾，主打山東炸醬麵，還有鮮香的紅油炒手。」",
    "英文友善":"0",
    "日文友善":"0",
    "韓文友善":"0",
    "行動裝置充電":"0",
    "無障礙友善":"0",
    "性別友善":"1",
    "便利支付":"0",
    "素食":"0",
    "友善廁所":"0",
    "公平貿易友善":"0",
    "Free WiFi":"0",
    "自行車友善":"1",
    "哺集乳友善":"0",
    "穆斯林友善":"0",
    "月經友善":"0",
    "友善項目總計":2
    }
  },
  {
    "type": "Feature",
    "geometry": {
       "type": "Point",
       "coordinates":  [ 121.555233,25.000177 ]
    },
    "properties": {
    "行政區":"文山區",
    "友善店家名稱":"胖夫妻日式料理",
    "地址":"臺北市文山區興隆路三段36巷6號1樓",
    "電話":"02-29334272",
    "簡介":"「食材新鮮又美味，店內更提供自助機點餐，肯定是隱藏在小巷子的寶藏餐廳～免費的鮭魚豆腐味噌湯還是無限續的，幸福感油然而生，店家大力推薦鮭魚炙燒親子丼，歡迎來嚐嚐日式丼飯、生魚片丼飯、燒.揚料理。」",
    "英文友善":"0",
    "日文友善":"0",
    "韓文友善":"0",
    "行動裝置充電":"0",
    "無障礙友善":"0",
    "性別友善":"1",
    "便利支付":"0",
    "素食":"1",
    "友善廁所":"0",
    "公平貿易友善":"0",
    "Free WiFi":"0",
    "自行車友善":"0",
    "哺集乳友善":"0",
    "穆斯林友善":"0",
    "月經友善":"0",
    "友善項目總計":2
    }
  },
  {
    "type": "Feature",
    "geometry": {
       "type": "Point",
       "coordinates":  [ 121.588254,25.087042 ]
    },
    "properties": {
    "行政區":"內湖區",
    "友善店家名稱":"萌兔咖啡廳",
    "地址":"臺北市內湖區金龍路187號1樓",
    "電話":"02-27951516",
    "簡介":"內湖早午餐/咖啡廳☕️早餐/brunch/手搖飲料",
    "英文友善":"0",
    "日文友善":"0",
    "韓文友善":"0",
    "行動裝置充電":"0",
    "無障礙友善":"0",
    "性別友善":"1",
    "便利支付":"0",
    "素食":"0",
    "友善廁所":"1",
    "公平貿易友善":"0",
    "Free WiFi":"1",
    "自行車友善":"0",
    "哺集乳友善":"0",
    "穆斯林友善":"0",
    "月經友善":"0",
    "友善項目總計":3
    }
  },
  {
    "type": "Feature",
    "geometry": {
       "type": "Point",
       "coordinates":  [ 121.608825,25.054615 ]
    },
    "properties": {
    "行政區":"南港區",
    "友善店家名稱":"Neverland",
    "地址":"臺北市南港區南港路一段265號",
    "電話":"02-26533098",
    "簡介":"NEVERLAND的餐點, 讓您在忙碌喧囂的日常中調整腳步, 重整能量的溫暖角落。\nNEVERLAND Bakery Cafe的餐點與烘焙產品傳遞健康輕食的養生主張，更體現對品質「從頭把關」的堅持。餐點是嚴選新鮮蔬果、合格肉品及天然食材製作而成，每日限量供應。\nNEVERLAND Noodle Bar，麵條選用不漂白、無食品添加物的嘉禾牌麵粉製作，同時選用USDA CHOICE牛肉，細火熬煮七小時湯頭香氣撲鼻，食材更新鮮手工現作。",
    "英文友善":"0",
    "日文友善":"0",
    "韓文友善":"0",
    "行動裝置充電":"0",
    "無障礙友善":"0",
    "性別友善":"0",
    "便利支付":"1",
    "素食":"0",
    "友善廁所":"0",
    "公平貿易友善":"0",
    "Free WiFi":"1",
    "自行車友善":"0",
    "哺集乳友善":"0",
    "穆斯林友善":"0",
    "月經友善":"0",
    "友善項目總計":2
    }
  },
  {
    "type": "Feature",
    "geometry": {
       "type": "Point",
       "coordinates":  [ 121.564773,25.027823 ]
    },
    "properties": {
    "行政區":"信義區",
    "友善店家名稱":"38熊伴手禮        ",
    "地址":"臺北市信義區莊敬路361號",
    "電話":"",
    "簡介":"38熊蛋捲創立於2013年，以手工蛋捲於三峽老街現做現賣,堅持使用上等進口原料且堅持手工製作。於2019年遷移至臺北市信義區莊敬路，並改變作法。創新製作,層層疊疊，口感更為酥脆,因此取名為蝶蝶酥，而唯一不變的是對產品的堅持。 除了獨具特色，頗受華人世界好評的蝶蝶酥外，現場並有特色冰品，另外提供客製服務及彌月、喜慶禮品訂購",
    "英文友善":"1",
    "日文友善":"0",
    "韓文友善":"0",
    "行動裝置充電":"0",
    "無障礙友善":"0",
    "性別友善":"1",
    "便利支付":"1",
    "素食":"1",
    "友善廁所":"0",
    "公平貿易友善":"0",
    "Free WiFi":"0",
    "自行車友善":"0",
    "哺集乳友善":"0",
    "穆斯林友善":"0",
    "月經友善":"0",
    "友善項目總計":4
    }
  },
  {
    "type": "Feature",
    "geometry": {
       "type": "Point",
       "coordinates":  [ 121.555781,24.999264 ]
    },
    "properties": {
    "行政區":"文山區",
    "友善店家名稱":"Patio46美式餐廳",
    "地址":"臺北市文山區興隆路三段112巷4弄46號1樓",
    "電話":"02-89351146",
    "簡介":"文山、新北, [臺北美食]歐美料理\n捷運萬芳醫院站美食「Patio46美式餐廳」國際名廚以正宗美味漢堡與優格炸雞征服文山區老饕\n",
    "英文友善":"1",
    "日文友善":"0",
    "韓文友善":"0",
    "行動裝置充電":"0",
    "無障礙友善":"0",
    "性別友善":"1",
    "便利支付":"1",
    "素食":"1",
    "友善廁所":"1",
    "公平貿易友善":"0",
    "Free WiFi":"1",
    "自行車友善":"0",
    "哺集乳友善":"0",
    "穆斯林友善":"0",
    "月經友善":"0",
    "友善項目總計":6
    }
  },
  {
    "type": "Feature",
    "geometry": {
       "type": "Point",
       "coordinates":  [ 121.55719,24.99904 ]
    },
    "properties": {
    "行政區":"文山區",
    "友善店家名稱":"饗食雪屋",
    "地址":"臺北市文山區興隆路三段112巷2弄2號1樓",
    "電話":"",
    "簡介":"提供的餐點為「冰酥」、「一鍋一燒」，有別於傳統的刨冰與雪花冰，我們的冰品為市面上少見的冰酥，獨特的口感與特製研發的口味讓人對於冰品有不一樣的感受\n一鍋一燒是鍋物與現做主餐組合為一份套餐，食材皆為當天新鮮進貨，主廚特製醬汁讓每道主餐充滿特色，並提供多種湯底與主餐讓您搭配出自己喜愛的口味\n我們更是「親子友善」餐廳，歡迎各位與家人、朋友一同前往用餐",
    "英文友善":"1",
    "日文友善":"0",
    "韓文友善":"0",
    "行動裝置充電":"0",
    "無障礙友善":"1",
    "性別友善":"1",
    "便利支付":"0",
    "素食":"0",
    "友善廁所":"1",
    "公平貿易友善":"0",
    "Free WiFi":"1",
    "自行車友善":"0",
    "哺集乳友善":"0",
    "穆斯林友善":"0",
    "月經友善":"0",
    "友善項目總計":5
    }
  },
  {
    "type": "Feature",
    "geometry": {
       "type": "Point",
       "coordinates":  [ 121.57037,25.027331 ]
    },
    "properties": {
    "行政區":"信義區",
    "友善店家名稱":"象山日光珈琲",
    "地址":"臺北市信義區信義路五段150巷22弄55號",
    "電話":"",
    "簡介":"「忙中取靜的象山登山口前，如果您從象山下來，歡迎進來品嚐一杯咖啡，肯定能消除了爬山的疲憊。\n來這裡總可以得到療癒身心的力量，讓您很享受在這裡的每一刻。\n餐點製作上更是用心，食物上運用的巧思也很讓人驚豔，不管是鹹食還是甜點份量都很足夠，絕對物超所值。」",
    "英文友善":"1",
    "日文友善":"0",
    "韓文友善":"0",
    "行動裝置充電":"1",
    "無障礙友善":"0",
    "性別友善":"1",
    "便利支付":"1",
    "素食":"1",
    "友善廁所":"1",
    "公平貿易友善":"0",
    "Free WiFi":"1",
    "自行車友善":"0",
    "哺集乳友善":"0",
    "穆斯林友善":"0",
    "月經友善":"0",
    "友善項目總計":7
    }
  },
  {
    "type": "Feature",
    "geometry": {
       "type": "Point",
       "coordinates":  [ 121.613674,25.059176 ]
    },
    "properties": {
    "行政區":"南港區",
    "友善店家名稱":"咖啡醍 CAFETE",
    "地址":"臺北市南港區園區街6-1號",
    "電話":"02-26516856",
    "簡介":"最專注的手沖咖啡\n在\"咖啡醍\"，手沖咖啡的獨特性體現在每一個細節。我們的咖啡師不僅深諳豆子的風味複雜性，更精通手沖的藝術，透過精確的水控制、緻密的沖煮技巧，將咖啡豆的風味層次表現得淋漓盡致。每杯手沖咖啡都是一場風味之旅，展現出獨特的香氣、酸度和餘韻，帶給顧客一種前所未有的深度和細緻的咖啡體驗。 \"咖啡醍\"以極致的手沖工藝，打造出獨具品味的咖啡精品。",
    "英文友善":"0",
    "日文友善":"0",
    "韓文友善":"0",
    "行動裝置充電":"0",
    "無障礙友善":"0",
    "性別友善":"1",
    "便利支付":"1",
    "素食":"0",
    "友善廁所":"1",
    "公平貿易友善":"0",
    "Free WiFi":"1",
    "自行車友善":"0",
    "哺集乳友善":"0",
    "穆斯林友善":"0",
    "月經友善":"0",
    "友善項目總計":4
    }
  },
  {
    "type": "Feature",
    "geometry": {
       "type": "Point",
       "coordinates":  [ 121.597847,25.05148 ]
    },
    "properties": {
    "行政區":"南港區",
    "友善店家名稱":"大一點雜貨店",
    "地址":"臺北市忠孝東路七段99號1樓 臺北流行音樂中心產業館",
    "電話":"02-27858886",
    "簡介":"大加一點就是犬，大一點雜貨店是一家服務寵物的雜貨店，我們提供寵物的機能服飾像是雨衣與遮陽帽的訂做，手工烘焙肉乾、豬肝或鱉蛋等有益健康的零食，同時銷售來自世界各國的生活雜貨。除此之外我們有專業的義式咖啡並且不定時提供甜食、披薩和異國泡麵、罐裝冷飲等，秉持主人可以隨便吃，寵物可以隨便玩的中心思想~",
    "英文友善":"1",
    "日文友善":"0",
    "韓文友善":"0",
    "行動裝置充電":"1",
    "無障礙友善":"0",
    "性別友善":"1",
    "便利支付":"1",
    "素食":"0",
    "友善廁所":"0",
    "公平貿易友善":"0",
    "Free WiFi":"1",
    "自行車友善":"0",
    "哺集乳友善":"0",
    "穆斯林友善":"0",
    "月經友善":"0",
    "友善項目總計":5
    }
  },
  {
    "type": "Feature",
    "geometry": {
       "type": "Point",
       "coordinates":  [ 121.539185,25.001957 ]
    },
    "properties": {
    "行政區":"文山區",
    "友善店家名稱":"無名氏咖啡JOHNDOECAFÉ",
    "地址":"臺北市文山區羅斯福路五段225號",
    "電話":"02-29336566",
    "簡介":"為什麼叫無名氏？ 有時候越簡單純粹的感覺，需要說明的卻越是多，謝謝你的耐性。 在捷運萬隆這個小站的小出口上，開始了一個叫無名氏的地方， 沒有一套的特別厲害的經營策略，生意卻很好，遇過很多人稱讚我們， 但我們覺得自己不是多特別，也沒有刻意做什麼，只是真誠的對待來這裡的人。 因為在內心，我們是真的很感謝。 一直相信堅持做對的事情，可以吸引到對的人，對的人不是指對我們自己而言， 而是對來過的訪客，如果他們能感受到這裡是對的地方，不管是從工作本質還是人跟人之間的相處，離開時感覺好像帶走了什麼，那這裡對你而言就是對的。 對曾經當過我們一員的人，每一個人的到來都改變了這裡一點點。 我們也常常因為記得我們的客人而感動，不管是路過再次進來、畢業後來看看， 甚至是結婚生子來串門子，就僅僅是你們的記得，在這裡持續蔓延與成長， 很難敘述清楚那是種怎樣的悸動，就是一股力量，推動了你我與我們。 這就是我們不太喜歡被定義是家咖啡廳。 這家店這到底是什麼？ 好多客人都問過我們所謂的品牌定位、品牌精神， 我們說了全部，又像什麼都沒說，客人離開時，卻好像也懂了 不知道你有沒有發現，我們最常提起的是人。 是人啊 不是什麼賣人設、賣人情、賣關聯，僅僅是人。我們所認為的品牌精神，就是一個地方最常、跟最被要求與重視的條例，在此，就是每個人在這裡要活出的樣子。 這個地方剛好是一個空間、剛好有提神的咖啡，也剛好有充電的餐點，僅此而已。 但我們重視的，是每個人，這是關於人的產業，圍繞人的一切，一切圍繞人。 走在路上的你與我，對於彼此都只是一位無名氏，而那就是我和你的稱呼。 假設你抬頭了，有一個招牌寫著無名氏，不正好是寫著你名字的一個地方， 就是在場、在遠方的任何一位，屬於你們的一家店， 因為可以是任何人的地方，所以叫無名氏。",
    "英文友善":"1",
    "日文友善":"0",
    "韓文友善":"0",
    "行動裝置充電":"1",
    "無障礙友善":"0",
    "性別友善":"1",
    "便利支付":"0",
    "素食":"1",
    "友善廁所":"1",
    "公平貿易友善":"0",
    "Free WiFi":"1",
    "自行車友善":"1",
    "哺集乳友善":"0",
    "穆斯林友善":"0",
    "月經友善":"0",
    "友善項目總計":7
    }
  },
  {
    "type": "Feature",
    "geometry": {
       "type": "Point",
       "coordinates":  [ 121.568468,24.988658 ]
    },
    "properties": {
    "行政區":"文山區",
    "友善店家名稱":"澧莎麵包店",
    "地址":"臺北市文山區保儀路6號",
    "電話":"0930-076040",
    "簡介":"奶油使用法國鐵塔奶油用料實在，每天新鮮出爐店招牌芙蓉蛋塔，不管冷熱都好吃冰冷凍像冰淇淋,熱的像布丁外皮吃起來像餅第二名是冰火菠蘿,熱熱的菠蘿搭配上一片冰的法國鐵塔奶油再加上一杯咖啡完美的下午茶解決",
    "英文友善":"0",
    "日文友善":"0",
    "韓文友善":"0",
    "行動裝置充電":"0",
    "無障礙友善":"0",
    "性別友善":"1",
    "便利支付":"1",
    "素食":"0",
    "友善廁所":"0",
    "公平貿易友善":"0",
    "Free WiFi":"0",
    "自行車友善":"0",
    "哺集乳友善":"0",
    "穆斯林友善":"0",
    "月經友善":"0",
    "友善項目總計":2
    }
  },
  {
    "type": "Feature",
    "geometry": {
       "type": "Point",
       "coordinates":  [ 121.564183,24.988723 ]
    },
    "properties": {
    "行政區":"文山區",
    "友善店家名稱":"TAKE A RIDE coffee 兜旺商行",
    "地址":"臺北市文山區木柵路二段215號",
    "電話":"",
    "簡介":"「TAKE A RIDE coffee 兜旺商行是一家味道好、有特色、專注咖啡並且有高水準的咖啡店，以黑色為主要顏色的店家裝潢，路過總是能很快吸引目光。\n目前僅供應幾款咖啡品項，手沖可以選咖啡焙度，咖啡都很順口牛奶類的泡沫細緻。\n除了現做的咖啡飲品之外，還有販售掛耳包和咖啡豆，也可以在這裡採購回家自己沖。有喝有保庇！妖魔退散。」",
    "英文友善":"0",
    "日文友善":"0",
    "韓文友善":"0",
    "行動裝置充電":"1",
    "無障礙友善":"0",
    "性別友善":"1",
    "便利支付":"1",
    "素食":"0",
    "友善廁所":"0",
    "公平貿易友善":"0",
    "Free WiFi":"1",
    "自行車友善":"0",
    "哺集乳友善":"0",
    "穆斯林友善":"0",
    "月經友善":"0",
    "友善項目總計":4
    }
  },
  {
    "type": "Feature",
    "geometry": {
       "type": "Point",
       "coordinates":  [ 121.519129,25.058312 ]
    },
    "properties": {
    "行政區":"大同區",
    "友善店家名稱":"肉桂捲 シナモンロール 製作所 雙連門市",
    "地址":"臺北市大同區雙連街19號1樓",
    "電話":"",
    "簡介":"品牌創立於2020年\n「肉桂捲 シナモンロール 製作所」想提供給消費者的不只是療癒的甜點，更是一種生活品味。  \n秉持著日本職人精神，堅持只做一件事、只想做好一件事， 這就是為什麼會直接簡單明瞭的將品牌取名為「肉桂捲 シナモンロール 製作所」 。 \n希望未來在台灣每位想到肉桂捲的消費者就能想到「肉桂捲 シナモンロール 製作所」 。  ",
    "英文友善":"0",
    "日文友善":"1",
    "韓文友善":"1",
    "行動裝置充電":"0",
    "無障礙友善":"0",
    "性別友善":"1",
    "便利支付":"1",
    "素食":"0",
    "友善廁所":"0",
    "公平貿易友善":"0",
    "Free WiFi":"0",
    "自行車友善":"1",
    "哺集乳友善":"0",
    "穆斯林友善":"0",
    "月經友善":"0",
    "友善項目總計":5
    }
  },
  {
    "type": "Feature",
    "geometry": {
       "type": "Point",
       "coordinates":  [ 121.553642,24.999952 ]
    },
    "properties": {
    "行政區":"文山區",
    "友善店家名稱":"Rico義式廚房-文山萬芳店",
    "地址":"臺北市文山區興隆路二段244巷36號1F",
    "電話":"",
    "簡介":"RICO義式廚房成立於2016年，為兩位七年級夫妻所經營，透過默契的分工，用精湛的廚藝與熱情，服務經營著RICO'義式廚房。在多年的累積下，RICO'義式廚房已在萬芳、木新、永和、中和四個地點拓展了新店點。\n\n店內餐點為自創口味，37種義麵燉飯＋18種口味披薩，種類豐富多樣，最具特色的是仿窯烤手工披薩，薄皮披薩皆每日新鮮揉製餅皮麵團，不使用冷凍麵皮，且不加一滴油，370度以上高溫快速烘焙,催出小麥香氣，並使用嚴選三種乳酪絲、口味層次更加豐富，另外RICO 的披薩除了坊間常見口味，最驚艷的是異國口味披薩。\n\n除了經典的義式披薩、燉飯、義大利麵等料理，另外還研發泰式酸辣、印度咖哩、法式乳酪等異國風味義麵燉飯，希望能將這樣的好味道分享到台灣各地。",
    "英文友善":"1",
    "日文友善":"0",
    "韓文友善":"0",
    "行動裝置充電":"1",
    "無障礙友善":"0",
    "性別友善":"1",
    "便利支付":"1",
    "素食":"0",
    "友善廁所":"1",
    "公平貿易友善":"0",
    "Free WiFi":"1",
    "自行車友善":"1",
    "哺集乳友善":"0",
    "穆斯林友善":"0",
    "月經友善":"0",
    "友善項目總計":7
    }
  },
  {
    "type": "Feature",
    "geometry": {
       "type": "Point",
       "coordinates":  [ 121.56362,25.084154 ]
    },
    "properties": {
    "行政區":"內湖區",
    "友善店家名稱":"Soulwhy Café 內湖店",
    "地址":"臺北市內湖路一段203巷11號",
    "電話":"02-26276011",
    "簡介":"您好，我們是位於臺北內湖西湖捷運站附近的餐廳，販賣的餐點包含義大利麵、咖哩飯、炸豬排、排餐類等，同時也提供精品咖啡、氣泡飲品、普洱茶飲、鬆餅、手作甜點等。目前室內30坪座位數約29位，室外60坪座位約16位，本店為寵物友善餐廳。",
    "英文友善":"1",
    "日文友善":"1",
    "韓文友善":"0",
    "行動裝置充電":"1",
    "無障礙友善":"0",
    "性別友善":"1",
    "便利支付":"1",
    "素食":"1",
    "友善廁所":"1",
    "公平貿易友善":"0",
    "Free WiFi":"1",
    "自行車友善":"1",
    "哺集乳友善":"0",
    "穆斯林友善":"0",
    "月經友善":"1",
    "友善項目總計":10
    }
  },
  {
    "type": "Feature",
    "geometry": {
       "type": "Point",
       "coordinates":  [ 121.56206,24.983096 ]
    },
    "properties": {
    "行政區":"文山區",
    "友善店家名稱":"優秀早晨",
    "地址":"臺北市文山區興隆路四段110號",
    "電話":"02-29388080",
    "簡介":"讓自己和家人\n好好的享受早午餐的時光\n一起擁有一個優秀的早晨吧！\n\n營業時間\n週一固定公休\n平日9:00-15:00\n假日9:00-15:00",
    "英文友善":"0",
    "日文友善":"0",
    "韓文友善":"0",
    "行動裝置充電":"1",
    "無障礙友善":"1",
    "性別友善":"1",
    "便利支付":"1",
    "素食":"1",
    "友善廁所":"1",
    "公平貿易友善":"0",
    "Free WiFi":"1",
    "自行車友善":"1",
    "哺集乳友善":"0",
    "穆斯林友善":"0",
    "月經友善":"1",
    "友善項目總計":9
    }
  },
  {
    "type": "Feature",
    "geometry": {
       "type": "Point",
       "coordinates":  [ 121.578031,25.078291 ]
    },
    "properties": {
    "行政區":"內湖區",
    "友善店家名稱":"肉桂捲 シナモンロール 製作所 內湖門市",
    "地址":"臺北市內湖區內湖路一段600巷8號",
    "電話":"",
    "簡介":"「肉桂捲 シナモンロール 製作所」想提供給消費者的不只是療癒的甜點，更是一種生活品味。  \n秉持著日本職人的精神，堅持只做一件事、只想做好一件事， 這就是為什麼會直接簡單明瞭的將品牌取名為「肉桂捲 シナモンロール 製作所」 。",
    "英文友善":"0",
    "日文友善":"1",
    "韓文友善":"1",
    "行動裝置充電":"0",
    "無障礙友善":"0",
    "性別友善":"0",
    "便利支付":"1",
    "素食":"0",
    "友善廁所":"0",
    "公平貿易友善":"0",
    "Free WiFi":"0",
    "自行車友善":"1",
    "哺集乳友善":"0",
    "穆斯林友善":"0",
    "月經友善":"0",
    "友善項目總計":4
    }
  },
  {
    "type": "Feature",
    "geometry": {
       "type": "Point",
       "coordinates":  [ 121.556506,25.000212 ]
    },
    "properties": {
    "行政區":"文山區",
    "友善店家名稱":"肉桂捲 シナモンロール 製作所 萬芳門市",
    "地址":"臺北市文山區興隆路三段79巷1號",
    "電話":"",
    "簡介":"「肉桂捲 シナモンロール 製作所」想提供給消費者的不只是療癒的甜點，更是一種生活品味。  \n秉持著日本職人的精神，堅持只做一件事、只想做好一件事， 這就是為什麼會直接簡單明瞭的將品牌取名為「肉桂捲 シナモンロール 製作所」 。",
    "英文友善":"0",
    "日文友善":"0",
    "韓文友善":"0",
    "行動裝置充電":"0",
    "無障礙友善":"0",
    "性別友善":"1",
    "便利支付":"1",
    "素食":"0",
    "友善廁所":"0",
    "公平貿易友善":"0",
    "Free WiFi":"0",
    "自行車友善":"1",
    "哺集乳友善":"0",
    "穆斯林友善":"0",
    "月經友善":"1",
    "友善項目總計":4
    }
  },
  {
    "type": "Feature",
    "geometry": {
       "type": "Point",
       "coordinates":  [ 121.592676,25.050467 ]
    },
    "properties": {
    "行政區":"南港區",
    "友善店家名稱":"蔬食8便利超商",
    "地址":"臺北市南港區忠孝東路六段405號",
    "電話":"02-26546080",
    "簡介":"蔬食8便利超商創辦人姜國卿原是鴻海集團的主管，因為人生的轉折致立於蔬食的推廣，而為了勸兒子吃素也方便在外的素食者，成立了蔬食8便利超商。\n蔬食8超商鄰近昆陽捷運站1號出口旁，交通方便，雖然坪數不大，但空間擺滿一百多種的素食商品，所有的產品用「黃、綠」二個顏色區分，綠色是全素、黃色是蛋奶素，讓素食消費者方便選購。\n蔬食8有非常多樣化的選擇，像是台灣名店美食、素食小夜市料理及各式異國料理等等~\n來店裡可以買到很多其他地方買不到的東西，可說是蔬食者的購物天堂。",
    "英文友善":"0",
    "日文友善":"0",
    "韓文友善":"0",
    "行動裝置充電":"0",
    "無障礙友善":"1",
    "性別友善":"0",
    "便利支付":"1",
    "素食":"1",
    "友善廁所":"0",
    "公平貿易友善":"0",
    "Free WiFi":"1",
    "自行車友善":"0",
    "哺集乳友善":"0",
    "穆斯林友善":"0",
    "月經友善":"0",
    "友善項目總計":4
    }
  },
  {
    "type": "Feature",
    "geometry": {
       "type": "Point",
       "coordinates":  [ 121.577178,25.080086 ]
    },
    "properties": {
    "行政區":"內湖區",
    "友善店家名稱":"金咼涮涮鍋",
    "地址":"臺北市內湖區港墘路108號",
    "電話":"02-26276327",
    "簡介":"新鮮蔬食、每日現煮湯頭，專屬單人鍋用心維護食安注重衛生。\n另有寵物友善、節日專屬活動優惠、會員點數兌換。\n可現金、信用卡、linepay、享樂支付\n\n",
    "英文友善":"0",
    "日文友善":"0",
    "韓文友善":"0",
    "行動裝置充電":"0",
    "無障礙友善":"0",
    "性別友善":"0",
    "便利支付":"1",
    "素食":"1",
    "友善廁所":"0",
    "公平貿易友善":"0",
    "Free WiFi":"1",
    "自行車友善":"0",
    "哺集乳友善":"0",
    "穆斯林友善":"0",
    "月經友善":"0",
    "友善項目總計":3
    }
  },
  {
    "type": "Feature",
    "geometry": {
       "type": "Point",
       "coordinates":  [ 121.539015,24.999305 ]
    },
    "properties": {
    "行政區":"文山區",
    "友善店家名稱":"水蘋果烘焙材料行",
    "地址":"臺北市文山區景福街13號1樓",
    "電話":"",
    "簡介":"經營烘焙材料,包裝食材用品等生活雜項,\n在地10年店家 , 用心服務 , 親切熱心!",
    "英文友善":"1",
    "日文友善":"0",
    "韓文友善":"0",
    "行動裝置充電":"0",
    "無障礙友善":"0",
    "性別友善":"1",
    "便利支付":"0",
    "素食":"0",
    "友善廁所":"0",
    "公平貿易友善":"0",
    "Free WiFi":"0",
    "自行車友善":"1",
    "哺集乳友善":"0",
    "穆斯林友善":"0",
    "月經友善":"1",
    "友善項目總計":4
    }
  },
  {
    "type": "Feature",
    "geometry": {
       "type": "Point",
       "coordinates":  [ 121.575166,25.040711 ]
    },
    "properties": {
    "行政區":"信義區",
    "友善店家名稱":"Gyuu Niku",
    "地址":"臺北市信義區忠孝東路五段412-6號1樓  ",
    "電話":"02-87800002",
    "簡介":"日式丼飯專賣店\n友善寵物店家",
    "英文友善":"1",
    "日文友善":"0",
    "韓文友善":"0",
    "行動裝置充電":"1",
    "無障礙友善":"0",
    "性別友善":"1",
    "便利支付":"0",
    "素食":"1",
    "友善廁所":"1",
    "公平貿易友善":"0",
    "Free WiFi":"1",
    "自行車友善":"0",
    "哺集乳友善":"0",
    "穆斯林友善":"0",
    "月經友善":"0",
    "友善項目總計":6
    }
  },
  {
    "type": "Feature",
    "geometry": {
       "type": "Point",
       "coordinates":  [ 121.565175,24.988247 ]
    },
    "properties": {
    "行政區":"文山區",
    "友善店家名稱":"GOGOPAN元氣麵包社木柵店",
    "地址":"臺北市文山區木柵路三段46號 ",
    "電話":"02-86616522",
    "簡介":"堅決當日現烤..不賣隔夜麵包也有現點現做品項\n加入賴會員即可享有全館85折優惠不定期舉辦限定會員的買一送一活動",
    "英文友善":"0",
    "日文友善":"0",
    "韓文友善":"0",
    "行動裝置充電":"0",
    "無障礙友善":"0",
    "性別友善":"1",
    "便利支付":"0",
    "素食":"0",
    "友善廁所":"1",
    "公平貿易友善":"0",
    "Free WiFi":"1",
    "自行車友善":"0",
    "哺集乳友善":"0",
    "穆斯林友善":"0",
    "月經友善":"0",
    "友善項目總計":3
    }
  },
  {
    "type": "Feature",
    "geometry": {
       "type": "Point",
       "coordinates":  [ 121.541212,24.996668 ]
    },
    "properties": {
    "行政區":"文山區",
    "友善店家名稱":"索菲烤布蕾        ",
    "地址":"臺北市文山區羅斯福路六段185-1號",
    "電話":"",
    "簡介":"索菲,一個熱愛甜點的女孩。\n在大學時期靠著參加學校的創業夢想計畫得 到第一名&獎金五萬元,展開了索菲甜點之 路。2014年開始,每天踩著自己設計的布蕾 車,穿梭在臺北大街小巷...\n烤布蕾,索菲最愛的甜點。\n在索菲的回憶裡,烤布蕾是最令她印象深刻的 甜點,叭滋叭滋、火焰炙燒脆脆的焦糖,香脆與 滑嫩的美妙融合簡直再幸福不過了。\n創業計劃正在萌芽時,正遇到台灣的食安風暴, 看見大家對食品的恐慌,也讓索菲更加確定自 己要一直堅持使用好的食材來製作每個甜點。\n經過這幾年的市場考驗,我們已經從一台小攤車 進化成三個小店面,心底非常感謝一路上喜歡索菲烤布蕾的你們...\n謝謝你們!我們會堅持下去的!",
    "英文友善":"1",
    "日文友善":"0",
    "韓文友善":"0",
    "行動裝置充電":"1",
    "無障礙友善":"0",
    "性別友善":"1",
    "便利支付":"1",
    "素食":"1",
    "友善廁所":"1",
    "公平貿易友善":"0",
    "Free WiFi":"1",
    "自行車友善":"0",
    "哺集乳友善":"0",
    "穆斯林友善":"0",
    "月經友善":"0",
    "友善項目總計":7
    }
  },
  {
    "type": "Feature",
    "geometry": {
       "type": "Point",
       "coordinates":  [ 121.561747,25.028578 ]
    },
    "properties": {
    "行政區":"信義區",
    "友善店家名稱":"Nomonoheのものへ",
    "地址":"臺北市信義區吳興街170巷1弄1號1樓",
    "電話":"",
    "簡介":"「日式家庭料理，不是咖啡廳。\n店面佈置是80年代復古昭和風情的一家店，風格明確，雖然小裝飾很多，但依舊維持整齊乾淨，\n店內的氛圍超級棒，店內還有提供遊戲機可以玩，餐點好吃又美味，食物簡單日式風格，很有自家製作的感受。」",
    "英文友善":"1",
    "日文友善":"0",
    "韓文友善":"0",
    "行動裝置充電":"0",
    "無障礙友善":"0",
    "性別友善":"1",
    "便利支付":"1",
    "素食":"0",
    "友善廁所":"0",
    "公平貿易友善":"0",
    "Free WiFi":"0",
    "自行車友善":"0",
    "哺集乳友善":"0",
    "穆斯林友善":"0",
    "月經友善":"0",
    "友善項目總計":3
    }
  },
  {
    "type": "Feature",
    "geometry": {
       "type": "Point",
       "coordinates":  [ 121.540747,25.001398 ]
    },
    "properties": {
    "行政區":"文山區",
    "友善店家名稱":"金少爺",
    "地址":"臺北市文山區羅斯福路五段269巷26號1樓",
    "電話":"02-29305790",
    "簡介":"我們的故事早在咸豐十一年〈民國前五十一年〉，祖上就開始製作龍鬚糖、糖蔥、黑糖糕、花生糖等‧‧事業傳承到了第四代孫【阿柱師】，而金少爺的創始人，在這時正追隨著他的父親【阿柱師】學習技藝。\n金少爺花生糖是由五結阿柱師的大兒子，林金章先生創立的。在民國七十二年，創立 金少爺西餅名產店 於宜蘭縣羅東鎮。\n如今，由林金章先生的大兒子林明毅，傳承接棒第六代，在民國九十六年，於臺北創立金少爺臺北店。讓臺北地區的廣大消費者們，不須千里迢迢奔走至羅東，即可享受飄香百餘年的不黏牙花生糖。",
    "英文友善":"1",
    "日文友善":"0",
    "韓文友善":"0",
    "行動裝置充電":"0",
    "無障礙友善":"1",
    "性別友善":"1",
    "便利支付":"0",
    "素食":"1",
    "友善廁所":"0",
    "公平貿易友善":"0",
    "Free WiFi":"0",
    "自行車友善":"0",
    "哺集乳友善":"0",
    "穆斯林友善":"0",
    "月經友善":"0",
    "友善項目總計":4
    }
  },
  {
    "type": "Feature",
    "geometry": {
       "type": "Point",
       "coordinates":  [ 121.541991,25.053469 ]
    },
    "properties": {
    "行政區":"中山區",
    "友善店家名稱":"吉和利烘焙坊",
    "地址":"臺北市中山區遼寧街132號",
    "電話":"02-27124418",
    "簡介":"50年老店，歡迎來店尋找兒時的好滋味！",
    "英文友善":"1",
    "日文友善":"0",
    "韓文友善":"0",
    "行動裝置充電":"0",
    "無障礙友善":"0",
    "性別友善":"1",
    "便利支付":"0",
    "素食":"0",
    "友善廁所":"0",
    "公平貿易友善":"0",
    "Free WiFi":"0",
    "自行車友善":"0",
    "哺集乳友善":"0",
    "穆斯林友善":"0",
    "月經友善":"0",
    "友善項目總計":2
    }
  },
  {
    "type": "Feature",
    "geometry": {
       "type": "Point",
       "coordinates":  [ 121.557817,25.056342 ]
    },
    "properties": {
    "行政區":"松山區",
    "友善店家名稱":"cafe BOMBOM",
    "地址":"臺北市松山區延壽街386號一樓",
    "電話":"02-227656601",
    "簡介":"good food     好好吃飯  좋은 음식\ngood things  認識有趣的事情 좋은 일\ngood day       每天都是好日子 좋은 날\nfollow us https://www.instagram.com/cafe_bombom386_official/",
    "英文友善":"1",
    "日文友善":"0",
    "韓文友善":"0",
    "行動裝置充電":"1",
    "無障礙友善":"0",
    "性別友善":"0",
    "便利支付":"0",
    "素食":"0",
    "友善廁所":"1",
    "公平貿易友善":"0",
    "Free WiFi":"0",
    "自行車友善":"1",
    "哺集乳友善":"0",
    "穆斯林友善":"0",
    "月經友善":"1",
    "友善項目總計":5
    }
  },
  {
    "type": "Feature",
    "geometry": {
       "type": "Point",
       "coordinates":  [ 121.57956,25.048469 ]
    },
    "properties": {
    "行政區":"信義區",
    "友善店家名稱":"林柏食叁涮涮鍋",
    "地址":"臺北市信義區松隆路333號",
    "電話":"02-27569803",
    "簡介":"林柏手作湯底，品嚐最真實的味道，主廚嚴選食材精心搭配，是湯也是醬，?",
    "英文友善":"0",
    "日文友善":"0",
    "韓文友善":"0",
    "行動裝置充電":"1",
    "無障礙友善":"0",
    "性別友善":"1",
    "便利支付":"1",
    "素食":"1",
    "友善廁所":"0",
    "公平貿易友善":"0",
    "Free WiFi":"1",
    "自行車友善":"0",
    "哺集乳友善":"0",
    "穆斯林友善":"0",
    "月經友善":"1",
    "友善項目總計":6
    }
  },
  {
    "type": "Feature",
    "geometry": {
       "type": "Point",
       "coordinates":  [ 121.554305,25.048262 ]
    },
    "properties": {
    "行政區":"松山區",
    "友善店家名稱":"八大廚房",
    "地址":"臺北市松山區八德路三段122號 ",
    "電話":"02-225705028",
    "簡介":"手工水餃鮮嫩多汁美味可口\n牛肉麵Q彈有勁，肉大塊\n滷味入味多汁\n牛肉捲餅皮脆肉嫩",
    "英文友善":"0",
    "日文友善":"0",
    "韓文友善":"0",
    "行動裝置充電":"0",
    "無障礙友善":"0",
    "性別友善":"1",
    "便利支付":"1",
    "素食":"0",
    "友善廁所":"0",
    "公平貿易友善":"0",
    "Free WiFi":"0",
    "自行車友善":"0",
    "哺集乳友善":"0",
    "穆斯林友善":"0",
    "月經友善":"0",
    "友善項目總計":2
    }
  },
  {
    "type": "Feature",
    "geometry": {
       "type": "Point",
       "coordinates":  [ 121.539987,24.998937 ]
    },
    "properties": {
    "行政區":"文山區",
    "友善店家名稱":"順泰玩具食品行 - 阿興伯柑仔店",
    "地址":"臺北市文山區羅斯福路六段58號1樓",
    "電話":"02-29314616",
    "簡介":"“阿興伯柑仔店”老闆 阿興伯 在臺北文山區經營台灣傳統童玩，零食，糖果餅乾已超過50年時間，網路商店於西元2003年開張後各電視，平面及網路媒體爭相報導，歡迎您一起來回味這塊快要失傳的台灣傳統生活味!\n\nFB官方粉絲團：https://www.facebook.com/BossKuan",
    "英文友善":"0",
    "日文友善":"0",
    "韓文友善":"0",
    "行動裝置充電":"0",
    "無障礙友善":"0",
    "性別友善":"0",
    "便利支付":"0",
    "素食":"0",
    "友善廁所":"0",
    "公平貿易友善":"0",
    "Free WiFi":"1",
    "自行車友善":"1",
    "哺集乳友善":"0",
    "穆斯林友善":"0",
    "月經友善":"0",
    "友善項目總計":2
    }
  },
  {
    "type": "Feature",
    "geometry": {
       "type": "Point",
       "coordinates":  [ 121.579892,25.048587 ]
    },
    "properties": {
    "行政區":"信義區",
    "友善店家名稱":"乾脆點早午餐        ",
    "地址":"臺北市信義區松隆路343號",
    "電話":"02-27477398",
    "簡介":"-主打健康手作餐點，醬料由新鮮食材製成-\n►不使用重組肉\n►不使用美乃滋\n►新鮮現點現做\n►保留原型食物營養\n►低糖低鈉健康飲食",
    "英文友善":"1",
    "日文友善":"0",
    "韓文友善":"0",
    "行動裝置充電":"0",
    "無障礙友善":"0",
    "性別友善":"0",
    "便利支付":"0",
    "素食":"1",
    "友善廁所":"0",
    "公平貿易友善":"0",
    "Free WiFi":"0",
    "自行車友善":"1",
    "哺集乳友善":"0",
    "穆斯林友善":"0",
    "月經友善":"0",
    "友善項目總計":3
    }
  },
  {
    "type": "Feature",
    "geometry": {
       "type": "Point",
       "coordinates":  [ 121.57012,25.042434 ]
    },
    "properties": {
    "行政區":"信義區",
    "友善店家名稱":"莫選品實業有限公司",
    "地址":"臺北市信義區永吉路120巷88號",
    "電話":"02-27650615",
    "簡介":"MoChoose不僅是一家選品店,更用獨特底眼光,從世界各地挑選台灣市面沒有的生活用品與飾品,將好奇.愛新鮮.有想法的人聚在一起.",
    "英文友善":"1",
    "日文友善":"0",
    "韓文友善":"0",
    "行動裝置充電":"1",
    "無障礙友善":"0",
    "性別友善":"1",
    "便利支付":"1",
    "素食":"0",
    "友善廁所":"1",
    "公平貿易友善":"1",
    "Free WiFi":"0",
    "自行車友善":"0",
    "哺集乳友善":"0",
    "穆斯林友善":"0",
    "月經友善":"0",
    "友善項目總計":6
    }
  },
  {
    "type": "Feature",
    "geometry": {
       "type": "Point",
       "coordinates":  [ 121.565836,25.02814 ]
    },
    "properties": {
    "行政區":"信義區",
    "友善店家名稱":"存在音樂",
    "地址":"臺北市信義區莊敬路391巷12號1F",
    "電話":"",
    "簡介":"品牌於2017年創立，至今7年多，擁有臺北信義、臺北東門兩間實體店面。\n臺北信義區購買樂器的第一選擇！",
    "英文友善":"1",
    "日文友善":"0",
    "韓文友善":"0",
    "行動裝置充電":"0",
    "無障礙友善":"0",
    "性別友善":"1",
    "便利支付":"1",
    "素食":"0",
    "友善廁所":"1",
    "公平貿易友善":"0",
    "Free WiFi":"1",
    "自行車友善":"0",
    "哺集乳友善":"0",
    "穆斯林友善":"0",
    "月經友善":"0",
    "友善項目總計":5
    }
  },
  {
    "type": "Feature",
    "geometry": {
       "type": "Point",
       "coordinates":  [ 121.561717,25.028616 ]
    },
    "properties": {
    "行政區":"信義區",
    "友善店家名稱":"呷滴 Jia Dee",
    "地址":"臺北市信義區吳興街170巷1弄3號1樓",
    "電話":"02-25717676",
    "簡介":"兩個讀工科的智障高中同學，\n閒置10幾年，屋齡60年的老建築2樓，\n林森北旁，當鋪的樓上，隔壁是情趣用品店。\n好多人問我們怎麼會想把甜點店開在這裡？\n不管聽、或看來都顯的起來格格不入，\n但誰能想得到在高中操作機台做模具，成績又爛到底的2個笨蛋現在居然跑來做甜點？\n這就是我們選在這個有趣位置的最主要原因\n必須要格格不入到底啊！\n（嗯嗯所以店裡滿滿的blue）\n將近300天的籌備，\n不只是一個夢想，也是想帶給大家更與眾不同的甜點店。",
    "英文友善":"1",
    "日文友善":"0",
    "韓文友善":"0",
    "行動裝置充電":"0",
    "無障礙友善":"1",
    "性別友善":"1",
    "便利支付":"1",
    "素食":"0",
    "友善廁所":"0",
    "公平貿易友善":"0",
    "Free WiFi":"1",
    "自行車友善":"0",
    "哺集乳友善":"0",
    "穆斯林友善":"0",
    "月經友善":"0",
    "友善項目總計":5
    }
  },
  {
    "type": "Feature",
    "geometry": {
       "type": "Point",
       "coordinates":  [ 121.590701,24.967068 ]
    },
    "properties": {
    "行政區":"文山區",
    "友善店家名稱":"目覺北城",
    "地址":"臺北市文山區指南路三段38巷33-7號3樓",
    "電話":"02-29390888",
    "簡介":"20年前我們在這裡停了一輛咖啡車，經歷了無數的風雨，看過無數的日夜星辰。\n20年後我們終於有了自己的房子可以遮風避雨，依舊不變的是熱忱的心與絕佳的視野，陪你渡過溫馨的每一天。",
    "英文友善":"1",
    "日文友善":"0",
    "韓文友善":"0",
    "行動裝置充電":"0",
    "無障礙友善":"0",
    "性別友善":"1",
    "便利支付":"1",
    "素食":"0",
    "友善廁所":"1",
    "公平貿易友善":"0",
    "Free WiFi":"1",
    "自行車友善":"0",
    "哺集乳友善":"0",
    "穆斯林友善":"0",
    "月經友善":"0",
    "友善項目總計":5
    }
  },
  {
    "type": "Feature",
    "geometry": {
       "type": "Point",
       "coordinates":  [ 121.590701,24.967068 ]
    },
    "properties": {
    "行政區":"文山區",
    "友善店家名稱":"正大休閒茶園",
    "地址":"臺北市文山區指南路三段38巷33-5號",
    "電話":"02-29384060",
    "簡介":"貓空正大休閒茶園為複合式觀景餐廳我們提供用餐 品茗 咖啡 飲品 下午茶等免費WiFi 打卡牆、哺集乳室等服務\n我們力求改變只為給顧客更好的用餐體驗",
    "英文友善":"1",
    "日文友善":"0",
    "韓文友善":"0",
    "行動裝置充電":"1",
    "無障礙友善":"0",
    "性別友善":"0",
    "便利支付":"1",
    "素食":"0",
    "友善廁所":"1",
    "公平貿易友善":"0",
    "Free WiFi":"1",
    "自行車友善":"0",
    "哺集乳友善":"1",
    "穆斯林友善":"0",
    "月經友善":"0",
    "友善項目總計":6
    }
  },
  {
    "type": "Feature",
    "geometry": {
       "type": "Point",
       "coordinates":  [ 121.561662,25.02869 ]
    },
    "properties": {
    "行政區":"信義區",
    "友善店家名稱":"蘑蔬室",
    "地址":"臺北市信義區吳興街156巷7弄6號1樓",
    "電話":"02-27326039",
    "簡介":"純手工窯烤蔬食披薩，使用台灣在地喜願小麥麵粉手工揉製24小時低溫發酵/南義風格窯烤時蔬、窯烤/焗烤馬鈴薯、濃湯、冷飲/熱飲素食友善 奶素/五辛素/全素/Vegan。",
    "英文友善":"1",
    "日文友善":"0",
    "韓文友善":"0",
    "行動裝置充電":"1",
    "無障礙友善":"0",
    "性別友善":"1",
    "便利支付":"1",
    "素食":"1",
    "友善廁所":"0",
    "公平貿易友善":"1",
    "Free WiFi":"1",
    "自行車友善":"0",
    "哺集乳友善":"0",
    "穆斯林友善":"0",
    "月經友善":"0",
    "友善項目總計":7
    }
  },
  {
    "type": "Feature",
    "geometry": {
       "type": "Point",
       "coordinates":  [ 121.526184,25.02905 ]
    },
    "properties": {
    "行政區":"大安區",
    "友善店家名稱":"Ponpie Home\n澎派大安門市",
    "地址":"臺北市大安區金山南路二段148號1樓",
    "電話":"02-33932016",
    "簡介":"Ponpie 澎派是台語「豐盛」的意思。\n我們是一間台灣水果塔專門店，自 2013 年起致力於將在地精神結合甜點，每份點心堅持手工製作，使用在地小農蔬果，搭配當季新鮮特色食材，和您分享純粹的好味道,感受手作甜點的溫度，傳達心的溫暖。陪伴您每個重要時刻，讓 Ponpie 成為你生活中的景色，『Keep Sharing 』是我們對生活的美好期待。",
    "英文友善":"0",
    "日文友善":"0",
    "韓文友善":"0",
    "行動裝置充電":"0",
    "無障礙友善":"0",
    "性別友善":"1",
    "便利支付":"1",
    "素食":"1",
    "友善廁所":"0",
    "公平貿易友善":"0",
    "Free WiFi":"1",
    "自行車友善":"0",
    "哺集乳友善":"0",
    "穆斯林友善":"0",
    "月經友善":"0",
    "友善項目總計":4
    }
  },
  {
    "type": "Feature",
    "geometry": {
       "type": "Point",
       "coordinates":  [ 121.586659,25.044549 ]
    },
    "properties": {
    "行政區":"南港區",
    "友善店家名稱":"康鮮餐飲店",
    "地址":"臺北市南港區成福路66號",
    "電話":"02-26513215",
    "簡介":"服務在地，深耕鄰里，提供最美味的餐點為您帶來一日的滿足元氣，還有很難得的乾煎河粉，素食餐點也有很不少選擇唷，是您在南港早午餐的優質選擇",
    "英文友善":"0",
    "日文友善":"0",
    "韓文友善":"0",
    "行動裝置充電":"0",
    "無障礙友善":"1",
    "性別友善":"1",
    "便利支付":"1",
    "素食":"1",
    "友善廁所":"1",
    "公平貿易友善":"0",
    "Free WiFi":"1",
    "自行車友善":"0",
    "哺集乳友善":"0",
    "穆斯林友善":"0",
    "月經友善":"0",
    "友善項目總計":6
    }
  },
  {
    "type": "Feature",
    "geometry": {
       "type": "Point",
       "coordinates":  [ 121.58717,25.045995 ]
    },
    "properties": {
    "行政區":"南港區",
    "友善店家名稱":"天百味素食坊",
    "地址":"臺北市南港區東新街80巷5號",
    "電話":"02-27880738",
    "簡介":"鄰近後山埤捷運站的素食餐點專賣店，服務親切、價格公道之外，餐點美味健康，5菜一飯（白飯五穀可以選）內用還附一湯，吃飽份量足，是你不可錯過的好選擇。",
    "英文友善":"0",
    "日文友善":"0",
    "韓文友善":"0",
    "行動裝置充電":"0",
    "無障礙友善":"0",
    "性別友善":"0",
    "便利支付":"0",
    "素食":"1",
    "友善廁所":"0",
    "公平貿易友善":"0",
    "Free WiFi":"0",
    "自行車友善":"1",
    "哺集乳友善":"0",
    "穆斯林友善":"0",
    "月經友善":"0",
    "友善項目總計":2
    }
  },
  {
    "type": "Feature",
    "geometry": {
       "type": "Point",
       "coordinates":  [ 121.592342,25.053802 ]
    },
    "properties": {
    "行政區":"南港區",
    "友善店家名稱":"白暮蛋餅先生4號昆陽店",
    "地址":"臺北市南港區昆陽街6號",
    "電話":"0905-627878",
    "簡介":"白暮蛋餅先生4號店位於昆陽街6號，主打脆皮蛋餅，還有各式台式早餐，例如三明治、漢堡、鐵板麵、烤土司，還有各式炸物小點跟飲料，以及吸引不少客人特地來吃的\"飯你個染蛋\"：香噴噴的白飯加上金黃的半熟蛋最後淋上昆布醬油，對了如果吃辣一定要試試加上辣菜脯哦！刺激您的味蕾，更提升一個檔次，光看圖片就口水直流啊（里肌肉、香腸、紅糟肉三種口味）我們自製的白暮小拌拌，喜歡的客人歡迎訂購哦（辣菜脯）品項超多超豐富，平日從早上七點三十分、假日從早上八點開始營業到下午三點。",
    "英文友善":"0",
    "日文友善":"0",
    "韓文友善":"0",
    "行動裝置充電":"0",
    "無障礙友善":"1",
    "性別友善":"1",
    "便利支付":"1",
    "素食":"0",
    "友善廁所":"1",
    "公平貿易友善":"0",
    "Free WiFi":"1",
    "自行車友善":"0",
    "哺集乳友善":"0",
    "穆斯林友善":"0",
    "月經友善":"0",
    "友善項目總計":5
    }
  },
  {
    "type": "Feature",
    "geometry": {
       "type": "Point",
       "coordinates":  [ 121.617608,25.054285 ]
    },
    "properties": {
    "行政區":"南港區",
    "友善店家名稱":"幸福海螺曲奇",
    "地址":"臺北市南港區富康街1巷4號1樓",
    "電話":"02-27835499",
    "簡介":"臺北伴手禮、台灣最好吃的曲奇餅乾－Conch Baking曲奇餅乾，使用來自法國諾曼第，天然純淨的法定產區牧場孕育出的頂級奶油，再透過獨家的烘焙技巧及程序，將頂級奶油的富饒精緻發揮得淋漓盡致，一口咬下曲奇餅乾，富有深厚底蘊的奶油香氣一沁而開，入口即化，香醇濃郁，卻又香酥爽口，是您不得不品嚐看看的極致美味。\n\n\n曲奇餅乾推薦Conch Baking 手作餅乾烘焙屋的創辦人從花蓮的小鄉村來到臺北工作，因為工作上的需要，曾經走過36個國家，並且嘗過各地美食，漸漸的發現人類以食物讓自己溫飽以外，也以美食來讓自己感覺到幸福。\n\n後來Conch Baking 創辦人發現，能創造美食分享給人們或是將一門手藝傳承下去更是感到幸福。所以 在2018年10月15日Conch Baking 手作餅乾烘焙屋成立了，也將主打產品曲奇餅乾命名為（海螺）曲奇餅，曲奇餅外觀像一顆海螺貝殼，其中意涵著：女孩走過河流踏在海灘上，拾起一顆屬於自己的貝殼；代表著感到幸福，並且願意與他人分享這份喜悅。\n\n讓自己幸福\n也希望大家都能幸福\n就是Conch Baking 手作餅乾烘焙屋的願景",
    "英文友善":"1",
    "日文友善":"0",
    "韓文友善":"0",
    "行動裝置充電":"0",
    "無障礙友善":"1",
    "性別友善":"1",
    "便利支付":"0",
    "素食":"1",
    "友善廁所":"0",
    "公平貿易友善":"0",
    "Free WiFi":"0",
    "自行車友善":"0",
    "哺集乳友善":"0",
    "穆斯林友善":"0",
    "月經友善":"0",
    "友善項目總計":4
    }
  },
  {
    "type": "Feature",
    "geometry": {
       "type": "Point",
       "coordinates":  [ 121.568528,25.041207 ]
    },
    "properties": {
    "行政區":"信義區",
    "友善店家名稱":"新村站著吃烤肉",
    "地址":"臺北市信義區忠孝東路五段159號",
    "電話":"02-27560058#24",
    "簡介":"師承1953年開幕至今的首爾名店，被列為「首爾未來遺產」之一。店內特色為繞著石油桶站著吃烤肉，保留了自韓戰以來的獨特用餐方式，同時也打破了傳統燒烤店的座位限制，讓店內每個人都能夠自由移動暢談酣飲，呈現了特別的活絡氣氛。台灣團隊經過將近1年的接洽溝通，終於在臺北開設全球第一間新型態旗艦店，更於2021年12月於台中開設2號店，未來也積極規劃在全台擴點，讓大家都能體驗到輕鬆愉快並獨具特色的韓式烤肉。\n\n\n台灣店招牌的橫隔膜選用與首爾店相同的澳洲牧場進口，以求原汁原味體驗。同時為提升享用烤肉的滿足感，台灣一號店有別於首爾店菜單上只提供單一肉品，特別增加了其他肉品（包含豬、牛）的選項。店內除了延續從韓戰時期以來，單純供應肉品和酒水的點餐方式。再另外以韓國便利商店貨架的形式，販售各式小菜與白飯供大家與烤肉一同享用，結合了韓式便利店與韓式烤肉兩種形式，提供有趣又道地的用餐體驗。\n\n\n身為韓國指標性烤肉名店的台灣代表，新村站著吃烤肉堅持沿襲首爾店及當地慣有的用餐習慣，但同時也強調「以酒會友」，融合台韓兩地的飲酒烤肉文化，在店內以讓大家「喝得開心，吃得滿足」為目標，協助每一位客人能真正體驗到「沒有距離」的用餐氣氛，打造專屬於台灣人的韓式酒場。",
    "英文友善":"1",
    "日文友善":"0",
    "韓文友善":"1",
    "行動裝置充電":"0",
    "無障礙友善":"0",
    "性別友善":"1",
    "便利支付":"0",
    "素食":"0",
    "友善廁所":"0",
    "公平貿易友善":"0",
    "Free WiFi":"0",
    "自行車友善":"0",
    "哺集乳友善":"0",
    "穆斯林友善":"0",
    "月經友善":"0",
    "友善項目總計":3
    }
  },
  {
    "type": "Feature",
    "geometry": {
       "type": "Point",
       "coordinates":  [ 121.507743,25.045017 ]
    },
    "properties": {
    "行政區":"萬華區",
    "友善店家名稱":"BONKERS 冰淇淋",
    "地址":"臺北市萬華區漢中街35-21號",
    "電話":"0965-832400",
    "簡介":"BONKERS is the world's first fully immersive and inclusive ice cream shop and we thought of it all. The interior? Reminiscent of the good old days of carnival. Light bulbs, neon signs and an ice cream cart. People imagined it, we thought of it. Our staff? Hand-picked heroes of the good and masters of their style. They got character as far as the eye can see, come from all walks of life and are just so much fun. We encourage everyone to join them for a little sing-along. And why not? This is a happy place. Oh, and a place full of surprises. Expect glitter, confetti and bubbles!",
    "英文友善":"1",
    "日文友善":"0",
    "韓文友善":"0",
    "行動裝置充電":"0",
    "無障礙友善":"0",
    "性別友善":"1",
    "便利支付":"1",
    "素食":"1",
    "友善廁所":"0",
    "公平貿易友善":"0",
    "Free WiFi":"1",
    "自行車友善":"0",
    "哺集乳友善":"0",
    "穆斯林友善":"0",
    "月經友善":"0",
    "友善項目總計":5
    }
  },
  {
    "type": "Feature",
    "geometry": {
       "type": "Point",
       "coordinates":  [ 121.562289,24.982472 ]
    },
    "properties": {
    "行政區":"文山區",
    "友善店家名稱":"Rico義式廚房-文山木新店",
    "地址":"臺北市文山區興隆路四段126號1樓",
    "電話":"02-29381775",
    "簡介":"RICO義式廚房成立於2016年，已在萬芳、木柵、中永和拓展店\n點，希望能將這樣的好味道分享到台灣各地。\nRICO主打義麵、燉飯、手工披薩等多元義式料理，皆為自創口\n味，最具特色的是仿窯烤手工披薩，堅持每日揉製新鮮麵糰，\n不使用冷凍麵皮，不加一滴油，370度完美烘焙，皮薄香脆又Ｑ\n彈，使用嚴選乳酪絲、口味層次更加豐富。\n除了經典的義式披薩，義大利麵更研發泰式酸辣、印度咖哩、\n法式乳酪等異國風味，歡迎美食饕客前來品嘗。",
    "英文友善":"1",
    "日文友善":"0",
    "韓文友善":"0",
    "行動裝置充電":"1",
    "無障礙友善":"0",
    "性別友善":"1",
    "便利支付":"1",
    "素食":"1",
    "友善廁所":"1",
    "公平貿易友善":"0",
    "Free WiFi":"1",
    "自行車友善":"0",
    "哺集乳友善":"0",
    "穆斯林友善":"0",
    "月經友善":"0",
    "友善項目總計":7
    }
  },
  {
    "type": "Feature",
    "geometry": {
       "type": "Point",
       "coordinates":  [ 121.553625,25.031645 ]
    },
    "properties": {
    "行政區":"大安區",
    "友善店家名稱":"品湯白色麻辣鍋專賣",
    "地址":"臺北市大安區通化街24巷3號",
    "電話":"",
    "簡介":"慢火煲煮的老火湯底傳承了中華飲食文化傳統美德「食不厭精 膾不厭細」，火候足、時間長、取其精華、滋味美好。\n來自馬來西亞濱城華人林家祖傳秘方，三代傳承、飄香一甲子，真功夫的火候煲煮，工法多變，湯頭呈現黃金乳白色澤，再選用上百中選一正宗馬來西亞沙勞越白胡椒提香，層層堆疊出的好滋味，震攝味蕾之餘久久無法忘懷，即成了大家口耳相傳之下的「白色麻辣鍋」！\n-最有「靈魂的湯頭」，請細細品嚐「箇中滋味」-",
    "英文友善":"1",
    "日文友善":"1",
    "韓文友善":"0",
    "行動裝置充電":"0",
    "無障礙友善":"0",
    "性別友善":"1",
    "便利支付":"0",
    "素食":"1",
    "友善廁所":"0",
    "公平貿易友善":"0",
    "Free WiFi":"1",
    "自行車友善":"1",
    "哺集乳友善":"0",
    "穆斯林友善":"0",
    "月經友善":"1",
    "友善項目總計":7
    }
  },
  {
    "type": "Feature",
    "geometry": {
       "type": "Point",
       "coordinates":  [ 121.566804,25.042446 ]
    },
    "properties": {
    "行政區":"信義區",
    "友善店家名稱":"品湯白色麻辣鍋專賣-市府店",
    "地址":"臺北市信義區基隆路一段147巷25號",
    "電話":"",
    "簡介":"慢火煲煮的老火湯底傳承了中華飲食文化傳統美德「食不厭精 膾不厭細」，火候足、時間長、取其精華、滋味美好。 來自馬來西亞濱城華人林家祖傳秘方，三代傳承、飄香一甲子，真功夫的火候煲煮，工法多變，湯頭呈現黃金乳白色澤，再選用上百中選一正宗馬來西亞沙勞越白胡椒提香，層層堆疊出的好滋味，震攝味蕾之餘久久無法忘懷，即成了大家口耳相傳之下的「白色麻辣鍋」！ -最有「靈魂的湯頭」，請細細品嚐「箇中滋味」- ",
    "英文友善":"1",
    "日文友善":"0",
    "韓文友善":"0",
    "行動裝置充電":"0",
    "無障礙友善":"0",
    "性別友善":"1",
    "便利支付":"0",
    "素食":"1",
    "友善廁所":"0",
    "公平貿易友善":"0",
    "Free WiFi":"0",
    "自行車友善":"1",
    "哺集乳友善":"0",
    "穆斯林友善":"0",
    "月經友善":"1",
    "友善項目總計":5
    }
  },
  {
    "type": "Feature",
    "geometry": {
       "type": "Point",
       "coordinates":  [ 121.521626,25.051704 ]
    },
    "properties": {
    "行政區":"中山區",
    "友善店家名稱":"Coco Brother 椰兄PLUS南西店",
    "地址":"臺北市中山區南京西路12巷13弄3號1樓",
    "電話":"",
    "簡介":"曾幾何時,你/你感受到了無比的「自在」?\n椰兄品牌的誕生,承載著自由自在的精神,成為我重新找回自我的起點。\n離開高薪工作回到台灣的三十多歲的我,深陷於薪資差距和朋友事業成功的焦慮中。社會的無\n情壓力讓我感到失敗,但我選擇拋開這些困擾,回憶起泰國的美好時光。\n在泰國曼谷的繁華城市,我彷彿回到無憂的童年,特別是在街頭小攤品嚐道地的泰國美食,感\n受到獨特的自在。泰國的生活節奏給予我不受拘束的自由,每天花三十分鐘享受一頓美味的泰\n菜成了我生活中最美好的時光。\n我將泰國的自在和快樂帶回台灣,這份珍貴的情感成爲了「椰兄」的根基。\n這不僅是一個品牌,更是一種生活態度的象徵,希望每個人在繁忙的生活中找到屬於自己的片\n刻寧靜。在椰兄,我們鼓勵每個人勇敢地做自己,活出一個完整而自在的人生。椰子象徵著我\n在泰國找回的自在,「兄」呼喚著每一位朋友,是一個共同尋找美好的邀請。\n在椰兄,每一口美味都是對生活的讚美,每一個微笑都是對自由的追求。椰兄,是一個屬於自\n己的小天地,一個讓人心靈得以寄託的角落。讓我們每天給自己三十分鐘,在椰兄的世界裡卸\n下所有面具,享受象徵自由自在的泰國美食,讓這時間完完全全屬於自己。\nBe yourself.\nCoco Brother 執行長  許冉勳",
    "英文友善":"1",
    "日文友善":"0",
    "韓文友善":"0",
    "行動裝置充電":"1",
    "無障礙友善":"0",
    "性別友善":"1",
    "便利支付":"1",
    "素食":"0",
    "友善廁所":"0",
    "公平貿易友善":"0",
    "Free WiFi":"1",
    "自行車友善":"0",
    "哺集乳友善":"0",
    "穆斯林友善":"0",
    "月經友善":"1",
    "友善項目總計":6
    }
  },
  {
    "type": "Feature",
    "geometry": {
       "type": "Point",
       "coordinates":  [ 121.616371,25.054763 ]
    },
    "properties": {
    "行政區":"南港區",
    "友善店家名稱":"Logos Coffee",
    "地址":"臺北市南港區研究院路一段2號",
    "電話":"02-27865095",
    "簡介":"手沖咖啡外帶專門店，帶走一杯屬於你的驚艷！\n自烘豆販售．單品咖啡．手沖教學．手作小點\n快速、美味、外帶一杯精品咖啡！",
    "英文友善":"1",
    "日文友善":"0",
    "韓文友善":"0",
    "行動裝置充電":"1",
    "無障礙友善":"0",
    "性別友善":"1",
    "便利支付":"1",
    "素食":"1",
    "友善廁所":"0",
    "公平貿易友善":"0",
    "Free WiFi":"1",
    "自行車友善":"0",
    "哺集乳友善":"0",
    "穆斯林友善":"0",
    "月經友善":"0",
    "友善項目總計":6
    }
  },
  {
    "type": "Feature",
    "geometry": {
       "type": "Point",
       "coordinates":  [ 121.557311,24.980969 ]
    },
    "properties": {
    "行政區":"文山區",
    "友善店家名稱":"崑師父日式車輪餅",
    "地址":"臺北市文山區木新路三段306號",
    "電話":"",
    "簡介":"現點現作，趁熱吃最好吃。建議網上預約，可省等侯時間。是你不可錯過的美味小吃，大推巧克力會爆漿唷！奶奶的酥包是奶酥加鹹蛋黃也超推",
    "英文友善":"0",
    "日文友善":"0",
    "韓文友善":"0",
    "行動裝置充電":"1",
    "無障礙友善":"0",
    "性別友善":"1",
    "便利支付":"1",
    "素食":"1",
    "友善廁所":"0",
    "公平貿易友善":"0",
    "Free WiFi":"0",
    "自行車友善":"0",
    "哺集乳友善":"0",
    "穆斯林友善":"0",
    "月經友善":"0",
    "友善項目總計":4
    }
  },
  {
    "type": "Feature",
    "geometry": {
       "type": "Point",
       "coordinates":  [ 121.557978,24.981876 ]
    },
    "properties": {
    "行政區":"文山區",
    "友善店家名稱":"恏足益足體養身館",
    "地址":"臺北市文山區木新路三段278巷10號一樓",
    "電話":"",
    "簡介":"師傅親切，按的經絡很準確，力度也夠。\n按摩完後全身放鬆、身體也都變得輕盈，\n肩頸頭部都放鬆很多，環境乾淨放鬆舒適。",
    "英文友善":"1",
    "日文友善":"1",
    "韓文友善":"0",
    "行動裝置充電":"1",
    "無障礙友善":"1",
    "性別友善":"1",
    "便利支付":"0",
    "素食":"0",
    "友善廁所":"1",
    "公平貿易友善":"0",
    "Free WiFi":"1",
    "自行車友善":"0",
    "哺集乳友善":"0",
    "穆斯林友善":"0",
    "月經友善":"1",
    "友善項目總計":8
    }
  },
  {
    "type": "Feature",
    "geometry": {
       "type": "Point",
       "coordinates":  [ 121.580411,25.045213 ]
    },
    "properties": {
    "行政區":"信義區",
    "友善店家名稱":"湧樂足體養身館（後山埤店）",
    "地址":"臺北市信義區永吉路522號",
    "電話":"",
    "簡介":"【環境乾淨舒適、服務親切、還有可愛的店貓們陪伴，店內有提供多元的支付方式 例如: line pay &街口，來這邊按摩或者是刮痧可以達到身心靈放鬆通體舒暢感。】",
    "英文友善":"1",
    "日文友善":"0",
    "韓文友善":"0",
    "行動裝置充電":"1",
    "無障礙友善":"0",
    "性別友善":"1",
    "便利支付":"1",
    "素食":"0",
    "友善廁所":"1",
    "公平貿易友善":"0",
    "Free WiFi":"1",
    "自行車友善":"0",
    "哺集乳友善":"0",
    "穆斯林友善":"0",
    "月經友善":"0",
    "友善項目總計":6
    }
  },
  {
    "type": "Feature",
    "geometry": {
       "type": "Point",
       "coordinates":  [ 121.581407,25.043127 ]
    },
    "properties": {
    "行政區":"信義區",
    "友善店家名稱":"神采飛揚寵物工坊",
    "地址":"臺北市信義區忠孝東路五段766號1樓",
    "電話":"02-27269645",
    "簡介":"寵物美容，百貨商品，價格優惠，歡迎大家來參觀體驗",
    "英文友善":"0",
    "日文友善":"0",
    "韓文友善":"0",
    "行動裝置充電":"0",
    "無障礙友善":"1",
    "性別友善":"1",
    "便利支付":"1",
    "素食":"0",
    "友善廁所":"1",
    "公平貿易友善":"0",
    "Free WiFi":"0",
    "自行車友善":"0",
    "哺集乳友善":"0",
    "穆斯林友善":"0",
    "月經友善":"0",
    "友善項目總計":4
    }
  },
  {
    "type": "Feature",
    "geometry": {
       "type": "Point",
       "coordinates":  [ 121.594694,25.050425 ]
    },
    "properties": {
    "行政區":"南港區",
    "友善店家名稱":"Ramble Cafe",
    "地址":"臺北市南港區忠孝東路六段470號1樓",
    "電話":"",
    "簡介":"優質的咖啡與美味的輕食，成為了人在每天繁忙生活中的首選。有溫度的服務與空間，讓人放慢腳步在這享受悠閒的時光。",
    "英文友善":"1",
    "日文友善":"0",
    "韓文友善":"0",
    "行動裝置充電":"0",
    "無障礙友善":"0",
    "性別友善":"1",
    "便利支付":"1",
    "素食":"0",
    "友善廁所":"1",
    "公平貿易友善":"0",
    "Free WiFi":"1",
    "自行車友善":"0",
    "哺集乳友善":"0",
    "穆斯林友善":"0",
    "月經友善":"0",
    "友善項目總計":5
    }
  },
  {
    "type": "Feature",
    "geometry": {
       "type": "Point",
       "coordinates":  [ 121.58859,25.086746 ]
    },
    "properties": {
    "行政區":"內湖區",
    "友善店家名稱":"Tierra Casa Restaurant",
    "地址":"臺北市內湖區金龍路177號1樓",
    "電話":"02-27941193",
    "簡介":"The more we do The more we can do (William Hazlitt 1778-1830) 為初心創立。\n以旬譜餐，進而搭配並推廣台灣在地咖啡,茶,酒。生於臺北內湖，從小看著白鷺鷥長大，雖然並非保育鳥類，卻是兒時記憶，故以白翎鷥作為店徽以對這塊土地的記憶，現在與未來。",
    "英文友善":"1",
    "日文友善":"0",
    "韓文友善":"0",
    "行動裝置充電":"1",
    "無障礙友善":"0",
    "性別友善":"1",
    "便利支付":"1",
    "素食":"1",
    "友善廁所":"0",
    "公平貿易友善":"0",
    "Free WiFi":"1",
    "自行車友善":"0",
    "哺集乳友善":"0",
    "穆斯林友善":"0",
    "月經友善":"0",
    "友善項目總計":6
    }
  },
  {
    "type": "Feature",
    "geometry": {
       "type": "Point",
       "coordinates":  [ 121.56334,25.039826 ]
    },
    "properties": {
    "行政區":"信義區",
    "友善店家名稱":"瀚寓酒店",
    "地址":"臺北市信義區基隆路一段206號",
    "電話":"",
    "簡介":"在奔波差旅間，跨過一個又一個城市，此刻，歡迎回家。\n瀚寓酒店為頂級商務酒店，每一處細節，皆為了滿足您所有差旅所需，大坪數起居空間，放鬆疲憊身心靈，柔軟被褥與舒適沙發，為您的旅程增添家的滋味。\n部分房型提供簡易烹飪設備，放緩差旅間忙碌生活，是休息充電的個人時光，更能滿足您心之所屬。",
    "英文友善":"1",
    "日文友善":"1",
    "韓文友善":"0",
    "行動裝置充電":"0",
    "無障礙友善":"1",
    "性別友善":"0",
    "便利支付":"1",
    "素食":"1",
    "友善廁所":"1",
    "公平貿易友善":"0",
    "Free WiFi":"1",
    "自行車友善":"0",
    "哺集乳友善":"1",
    "穆斯林友善":"0",
    "月經友善":"0",
    "友善項目總計":8
    }
  },
  {
    "type": "Feature",
    "geometry": {
       "type": "Point",
       "coordinates":  [ 121.608068,25.071214 ]
    },
    "properties": {
    "行政區":"內湖區",
    "友善店家名稱":"跩媽咪手工水餃",
    "地址":"臺北市內湖區康寧路三段16巷70號",
    "電話":"02-26312897",
    "簡介":"老闆娘堅持使用好的時蔬以及現包現冷凍概念的手工水餃，無論是選用豬肉部位的商品或者各樣蔬菜都嚴選好的食材，細心與客人分享健康與食品的觀念。堅持食材並且希望客人有好的正確觀念，要求廠商也是高品質，跩媽咪手工水餃就此而名。",
    "英文友善":"1",
    "日文友善":"0",
    "韓文友善":"0",
    "行動裝置充電":"0",
    "無障礙友善":"1",
    "性別友善":"1",
    "便利支付":"0",
    "素食":"0",
    "友善廁所":"0",
    "公平貿易友善":"0",
    "Free WiFi":"1",
    "自行車友善":"1",
    "哺集乳友善":"0",
    "穆斯林友善":"0",
    "月經友善":"0",
    "友善項目總計":5
    }
  },
  {
    "type": "Feature",
    "geometry": {
       "type": "Point",
       "coordinates":  [ 121.581614,25.050602 ]
    },
    "properties": {
    "行政區":"南港區",
    "友善店家名稱":"九六健康餐盒",
    "地址":"臺北市南港區玉成街14-8號1樓",
    "電話":"02-26515559",
    "簡介":"嗨大家好！我們是九六餐盒❤️\n九六餐盒希望帶給大家健康、美味、安心的餐點\n讓健康和美味同時兼具👍\n每個餐盒內會有五種配菜\n兩樣青菜、水煮蛋、根莖類和油豆腐\n吃便當也需要跟上健康五蔬果的腳步👣\n有提供飯量選擇，若是不愛澱粉的話也可以+$5飯換菜唷！\n也有提供預算客製化的餐盒 \n小至暑期營隊小朋友的客製餐 大至公司的會議便當\n歡迎來訊詢問唷🙋‍♀️\n九六餐盒選擇多多 吃飯就來九六餐盒💖",
    "英文友善":"0",
    "日文友善":"0",
    "韓文友善":"0",
    "行動裝置充電":"0",
    "無障礙友善":"0",
    "性別友善":"0",
    "便利支付":"1",
    "素食":"1",
    "友善廁所":"0",
    "公平貿易友善":"0",
    "Free WiFi":"0",
    "自行車友善":"0",
    "哺集乳友善":"0",
    "穆斯林友善":"0",
    "月經友善":"0",
    "友善項目總計":2
    }
  },
  {
    "type": "Feature",
    "geometry": {
       "type": "Point",
       "coordinates":  [ 121.609022,25.072111 ]
    },
    "properties": {
    "行政區":"內湖區",
    "友善店家名稱":"花手作品生活",
    "地址":"臺北市內湖區康寧路三段75巷4號",
    "電話":"",
    "簡介":"花∙手作∙品生活\n花藝。花禮設計。教學。教學設計。企業包班。團體課程\n分享教室\n花藝植栽/生活美學手作/生活美學相關商品\n臺北市內湖區康寧路三段75巷4號\n聯絡電話：02-2632-9788 / 0975-786-354\n",
    "英文友善":"1",
    "日文友善":"0",
    "韓文友善":"0",
    "行動裝置充電":"1",
    "無障礙友善":"0",
    "性別友善":"1",
    "便利支付":"1",
    "素食":"0",
    "友善廁所":"1",
    "公平貿易友善":"0",
    "Free WiFi":"1",
    "自行車友善":"0",
    "哺集乳友善":"1",
    "穆斯林友善":"0",
    "月經友善":"0",
    "友善項目總計":7
    }
  },
  {
    "type": "Feature",
    "geometry": {
       "type": "Point",
       "coordinates":  [ 121.531518,25.015464 ]
    },
    "properties": {
    "行政區":"中正區",
    "友善店家名稱":"瀚寓夏天",
    "地址":"臺北市中正區汀州路3段62號",
    "電話":"",
    "簡介":"夏日時光，總是色彩繽紛又充滿歡笑，瀚寓夏天匯聚青春氣息與創新能量，以國際學生公寓的概念發想，社交、娛樂、共享，希望能成為您旅途中最有趣且最美好的陪伴。歡迎您的到來，放慢腳步，帶上一點好奇心，盡情的探索與遨遊，玩轉專屬您一遊的體驗。\n\nStay more Fun, Enjoyable and Memorable!",
    "英文友善":"1",
    "日文友善":"0",
    "韓文友善":"0",
    "行動裝置充電":"0",
    "無障礙友善":"1",
    "性別友善":"0",
    "便利支付":"1",
    "素食":"0",
    "友善廁所":"0",
    "公平貿易友善":"0",
    "Free WiFi":"1",
    "自行車友善":"0",
    "哺集乳友善":"0",
    "穆斯林友善":"0",
    "月經友善":"0",
    "友善項目總計":4
    }
  },
  {
    "type": "Feature",
    "geometry": {
       "type": "Point",
       "coordinates":  [ 121.588365,25.046961 ]
    },
    "properties": {
    "行政區":"南港區",
    "友善店家名稱":"達克貝利股份有限公司",
    "地址":"臺北市南港區東新街77巷4弄2號",
    "電話":"02-27857980",
    "簡介":"達克貝利在日本是規模200間店鋪以上的二手釣具連鎖店。除了日本，海外店鋪有：泰國、香港、韓國。\n雖然是二手釣具店，但更多的商品都是全新商品。達克貝利不只賣釣具也收購釣具，歡迎您將用過的釣具賣給我們，我們都會高價收購二手商品。",
    "英文友善":"1",
    "日文友善":"1",
    "韓文友善":"0",
    "行動裝置充電":"0",
    "無障礙友善":"0",
    "性別友善":"0",
    "便利支付":"1",
    "素食":"0",
    "友善廁所":"0",
    "公平貿易友善":"0",
    "Free WiFi":"0",
    "自行車友善":"0",
    "哺集乳友善":"0",
    "穆斯林友善":"0",
    "月經友善":"0",
    "友善項目總計":3
    }
  },
  {
    "type": "Feature",
    "geometry": {
       "type": "Point",
       "coordinates":  [ 121.519423,25.091304 ]
    },
    "properties": {
    "行政區":"士林區",
    "友善店家名稱":"達克貝利臺北士林店",
    "地址":"臺北市士林區士商路88號1樓",
    "電話":"02-28882022",
    "簡介":"來自日本連鎖釣具店，店內販售各式新品、中古品釣具，並提供收購服務，歡迎將用不到的釣具販售給我們。\n另外也有線上平台貝利網可供購買日本、台灣當地的釣具。\n貝利網連結: https://shop.tackleberry.com.tw/",
    "英文友善":"1",
    "日文友善":"1",
    "韓文友善":"0",
    "行動裝置充電":"0",
    "無障礙友善":"0",
    "性別友善":"0",
    "便利支付":"1",
    "素食":"0",
    "友善廁所":"0",
    "公平貿易友善":"0",
    "Free WiFi":"0",
    "自行車友善":"0",
    "哺集乳友善":"0",
    "穆斯林友善":"0",
    "月經友善":"0",
    "友善項目總計":3
    }
  },
  {
    "type": "Feature",
    "geometry": {
       "type": "Point",
       "coordinates":  [ 121.558086,25.019411 ]
    },
    "properties": {
    "行政區":"信義區",
    "友善店家名稱":"團圓-頂級酸菜白肉鍋",
    "地址":"臺北市信義區和平東路三段421號1樓",
    "電話":"02-27322777",
    "簡介":"本店保證100%純天然發酵酸白菜，搭配祖傳秘方的濃郁湯頭\n讓您體驗自然的清香酸、爽脆及不嗆喉的酸菜白肉鍋\n濃郁酸香，百吃不膩",
    "英文友善":"0",
    "日文友善":"0",
    "韓文友善":"0",
    "行動裝置充電":"0",
    "無障礙友善":"0",
    "性別友善":"1",
    "便利支付":"1",
    "素食":"0",
    "友善廁所":"0",
    "公平貿易友善":"0",
    "Free WiFi":"1",
    "自行車友善":"0",
    "哺集乳友善":"0",
    "穆斯林友善":"0",
    "月經友善":"0",
    "友善項目總計":3
    }
  },
  {
    "type": "Feature",
    "geometry": {
       "type": "Point",
       "coordinates":  [ 121.587272,25.046327 ]
    },
    "properties": {
    "行政區":"南港區",
    "友善店家名稱":"糧好料理所",
    "地址":"臺北市南港區東新街88號",
    "電話":"02-27889286",
    "簡介":"秉持著【製作良好食物｜建立良好關係】的初衷\n使用原型食物料理\n是一間食堂式的便當店，\n貼心的服務，舒適的取餐與用餐環境，\n透明的動線，看得到備餐的用心",
    "英文友善":"1",
    "日文友善":"0",
    "韓文友善":"0",
    "行動裝置充電":"0",
    "無障礙友善":"0",
    "性別友善":"1",
    "便利支付":"1",
    "素食":"1",
    "友善廁所":"0",
    "公平貿易友善":"0",
    "Free WiFi":"0",
    "自行車友善":"1",
    "哺集乳友善":"0",
    "穆斯林友善":"0",
    "月經友善":"0",
    "友善項目總計":5
    }
  },
  {
    "type": "Feature",
    "geometry": {
       "type": "Point",
       "coordinates":  [ 121.605782,25.055622 ]
    },
    "properties": {
    "行政區":"南港區",
    "友善店家名稱":"質菲雅南港店",
    "地址":"臺北市南港區興華路72號1樓",
    "電話":"02-27830096",
    "簡介":"多寵愛自己，來趟SPA之旅\n讓自己更年輕.健康.美麗\n質菲雅的用心,值得您放心~ 交通超便利，\n享受完療程及SPA之旅還可以去citylink逛街.聚餐.吃飯.看電影.約會等等。",
    "英文友善":"1",
    "日文友善":"1",
    "韓文友善":"0",
    "行動裝置充電":"1",
    "無障礙友善":"0",
    "性別友善":"0",
    "便利支付":"1",
    "素食":"0",
    "友善廁所":"1",
    "公平貿易友善":"0",
    "Free WiFi":"0",
    "自行車友善":"0",
    "哺集乳友善":"0",
    "穆斯林友善":"0",
    "月經友善":"0",
    "友善項目總計":5
    }
  },
  {
    "type": "Feature",
    "geometry": {
       "type": "Point",
       "coordinates":  [ 121.579393,25.063609 ]
    },
    "properties": {
    "行政區":"內湖區",
    "友善店家名稱":"糕菲庇護工場",
    "地址":"臺北市內湖區行愛路140巷25號",
    "電話":"02-27852499",
    "簡介":"糕菲庇護工場（幸福美味的庇護工場）\n【獻上生命、創造生命】\n\n“一粒麥子落入土壤裡，會生出更多麥子” ，讓身心障礙者能自給自足，是糕菲庇護工場所努力的目標！\n自民國105年開始，已成功協助近8位身心障礙就業者，在糕菲庇護工場習得正確的工作態度、好的生活習慣、優良的各項工作技能，並成功進入社會！\n除了社會責任之外，我們以專業糕點帶給消費者興福與滿足，是全新的糕菲堅持作到的承諾。\n藉由您持續的關注與支持，庇護性就業者得以找到屬於自己的一片天空，庇護性就業者用心製作的糕菲產品，既是他們愛心，也帶給你味蕾上的滿足。\n糕菲需要您的支持，選擇糕菲，給庇護性就業者肯定自己的機會！\n創造更多幸福可能！\n您的關注與支持都可以幫助他們擁有一片屬於自己的天空 ！！！",
    "英文友善":"1",
    "日文友善":"0",
    "韓文友善":"0",
    "行動裝置充電":"1",
    "無障礙友善":"1",
    "性別友善":"1",
    "便利支付":"1",
    "素食":"1",
    "友善廁所":"1",
    "公平貿易友善":"0",
    "Free WiFi":"1",
    "自行車友善":"1",
    "哺集乳友善":"0",
    "穆斯林友善":"0",
    "月經友善":"0",
    "友善項目總計":9
    }
  },
  {
    "type": "Feature",
    "geometry": {
       "type": "Point",
       "coordinates":  [ 121.606782,25.057203 ]
    },
    "properties": {
    "行政區":"南港區",
    "友善店家名稱":"傻師傅湯包南港興中店",
    "地址":"臺北市南港區興中路72號1樓",
    "電話":"02-26559166",
    "簡介":"傻師傅湯包南港興中店獲得廣大顧客的愛護與支持，我們的經營理念，是提供顧客優良的產品。\n餐點的特色:\n(1). 好肉 (2). 皮薄 (3). 麵Q (4).汁多 (5). 有嚼勁 (6). 嚴選上等「健康豬」後腿肉 (7). 人工挑筋、挑膜 (8). 上等麵粉 (9). 不添加防腐劑，符合「CAS優良食品認證」之國家標準肉品。\n我們堅持相同理念及品質保證，請繼續給予愛護支持。\n我們的菜品也是多樣化，有嚴選蒸籠類，招牌手作類，湯品及麵食，歡迎饕客來細細品嚐舌尖上的幸福。",
    "英文友善":"1",
    "日文友善":"1",
    "韓文友善":"0",
    "行動裝置充電":"1",
    "無障礙友善":"0",
    "性別友善":"1",
    "便利支付":"1",
    "素食":"0",
    "友善廁所":"1",
    "公平貿易友善":"0",
    "Free WiFi":"0",
    "自行車友善":"0",
    "哺集乳友善":"0",
    "穆斯林友善":"0",
    "月經友善":"0",
    "友善項目總計":6
    }
  },
  {
    "type": "Feature",
    "geometry": {
       "type": "Point",
       "coordinates":  [ 121.579916,25.054722 ]
    },
    "properties": {
    "行政區":"內湖區",
    "友善店家名稱":"卡波甜品坊 (手作豆花.冰品)        ",
    "地址":"臺北市內湖區新明路398號1樓",
    "電話":"",
    "簡介":"卡波甜品坊於2024/03/03開幕，近基隆河畔位於河濱20KM處\n商品: 手作豆花與冰品\n豆花以非基改黃豆每日新鮮製作\n​​​​​​糖水為手工炒製能品嚐到焦糖清香\n豆花配料有:花生，紅豆，綠豆，薏仁，粉圓 食材每日新鮮熬煮。\n芋圓地瓜圓，黑糖粉粿 則為店家新鮮手作無任何化學添加物。\n我們以每日手作提供\"新鮮\" 、\"健康\"、\"美味\"的原型食物為主要訴求。",
    "英文友善":"0",
    "日文友善":"0",
    "韓文友善":"0",
    "行動裝置充電":"1",
    "無障礙友善":"0",
    "性別友善":"1",
    "便利支付":"0",
    "素食":"1",
    "友善廁所":"0",
    "公平貿易友善":"0",
    "Free WiFi":"0",
    "自行車友善":"1",
    "哺集乳友善":"0",
    "穆斯林友善":"0",
    "月經友善":"0",
    "友善項目總計":4
    }
  },
  {
    "type": "Feature",
    "geometry": {
       "type": "Point",
       "coordinates":  [ 121.605577,25.057755 ]
    },
    "properties": {
    "行政區":"南港區",
    "友善店家名稱":"魔幻女伶 ",
    "地址":"臺北市南港區興華路149號一樓",
    "電話":"",
    "簡介":"魔幻女伶成立於2019年，我們的主要服務項目有韓式紋繡、睫毛、凝膠美甲、專業美容、專業采耳、頭spa、香薰耳燭等。",
    "英文友善":"1",
    "日文友善":"0",
    "韓文友善":"0",
    "行動裝置充電":"1",
    "無障礙友善":"0",
    "性別友善":"0",
    "便利支付":"1",
    "素食":"0",
    "友善廁所":"1",
    "公平貿易友善":"0",
    "Free WiFi":"1",
    "自行車友善":"0",
    "哺集乳友善":"0",
    "穆斯林友善":"0",
    "月經友善":"1",
    "友善項目總計":6
    }
  },
  {
    "type": "Feature",
    "geometry": {
       "type": "Point",
       "coordinates":  [ 121.578515,25.053999 ]
    },
    "properties": {
    "行政區":"內湖區",
    "友善店家名稱":"捲捲小姐墨西哥捲餅",
    "地址":"臺北市內湖區新明路460巷12號",
    "電話":"",
    "簡介":"愛墨西哥捲餅，愛咖啡、愛甜點，和愛貓咪的溫馨小店",
    "英文友善":"1",
    "日文友善":"0",
    "韓文友善":"0",
    "行動裝置充電":"1",
    "無障礙友善":"0",
    "性別友善":"1",
    "便利支付":"1",
    "素食":"1",
    "友善廁所":"1",
    "公平貿易友善":"0",
    "Free WiFi":"1",
    "自行車友善":"0",
    "哺集乳友善":"0",
    "穆斯林友善":"0",
    "月經友善":"0",
    "友善項目總計":7
    }
  },
  {
    "type": "Feature",
    "geometry": {
       "type": "Point",
       "coordinates":  [ 121.593566,25.051434 ]
    },
    "properties": {
    "行政區":"南港區",
    "友善店家名稱":"越玖玖美食館",
    "地址":"臺北市南港區昆陽街106號1樓",
    "電話":"02-27822699",
    "簡介":"提供越南特色餐食&台式便當餐飲服務，有越南的湯麵、河粉，不管是牛肉、豬肉吃起來都是清爽不油膩。加一點辣椒更是爽快對味！在昆陽站附近不能錯過的美食",
    "英文友善":"0",
    "日文友善":"0",
    "韓文友善":"0",
    "行動裝置充電":"1",
    "無障礙友善":"0",
    "性別友善":"1",
    "便利支付":"0",
    "素食":"0",
    "友善廁所":"0",
    "公平貿易友善":"0",
    "Free WiFi":"0",
    "自行車友善":"0",
    "哺集乳友善":"0",
    "穆斯林友善":"0",
    "月經友善":"1",
    "友善項目總計":3
    }
  },
  {
    "type": "Feature",
    "geometry": {
       "type": "Point",
       "coordinates":  [ 121.579941,25.073961 ]
    },
    "properties": {
    "行政區":"內湖區",
    "友善店家名稱":"香鍋自助石頭火鍋",
    "地址":"臺北市內湖區陽光街289號",
    "電話":"02-26578342",
    "簡介":"內湖陽光街在地的老味道，傳統的石頭火鍋先以麻油、乾魷魚、蒜苗、洋蔥爆炒肉品，再佐以獨家熬製的柴魚大骨湯，加入自己愛吃的火鍋料，再涮上幾片優質肉品，無論是三五好友還是家庭聚餐，都是首選的好地方！",
    "英文友善":"0",
    "日文友善":"0",
    "韓文友善":"0",
    "行動裝置充電":"0",
    "無障礙友善":"0",
    "性別友善":"1",
    "便利支付":"0",
    "素食":"0",
    "友善廁所":"0",
    "公平貿易友善":"0",
    "Free WiFi":"0",
    "自行車友善":"1",
    "哺集乳友善":"0",
    "穆斯林友善":"0",
    "月經友善":"0",
    "友善項目總計":2
    }
  },
  {
    "type": "Feature",
    "geometry": {
       "type": "Point",
       "coordinates":  [ 121.526245,25.066745 ]
    },
    "properties": {
    "行政區":"中山區",
    "友善店家名稱":"什玖鍋物",
    "地址":"臺北市中山區德惠街19號",
    "電話":"02-25950219",
    "簡介":"平價自助火鍋",
    "英文友善":"1",
    "日文友善":"1",
    "韓文友善":"0",
    "行動裝置充電":"0",
    "無障礙友善":"0",
    "性別友善":"1",
    "便利支付":"0",
    "素食":"0",
    "友善廁所":"0",
    "公平貿易友善":"0",
    "Free WiFi":"0",
    "自行車友善":"0",
    "哺集乳友善":"0",
    "穆斯林友善":"0",
    "月經友善":"0",
    "友善項目總計":3
    }
  },
  {
    "type": "Feature",
    "geometry": {
       "type": "Point",
       "coordinates":  [ 121.576562,24.988114 ]
    },
    "properties": {
    "行政區":"文山區",
    "友善店家名稱":"TDB 傳統甜點麵包店",
    "地址":"臺北市文山區指南路二段119巷16號 ",
    "電話":"",
    "簡介":"手工天然無添加、健康製程無負擔",
    "英文友善":"1",
    "日文友善":"0",
    "韓文友善":"0",
    "行動裝置充電":"1",
    "無障礙友善":"0",
    "性別友善":"1",
    "便利支付":"1",
    "素食":"1",
    "友善廁所":"0",
    "公平貿易友善":"0",
    "Free WiFi":"1",
    "自行車友善":"1",
    "哺集乳友善":"0",
    "穆斯林友善":"0",
    "月經友善":"0",
    "友善項目總計":7
    }
  },
  {
    "type": "Feature",
    "geometry": {
       "type": "Point",
       "coordinates":  [ 121.614141,25.055015 ]
    },
    "properties": {
    "行政區":"南港區",
    "友善店家名稱":"弘弘朝食",
    "地址":"臺北市南港區南港路一段129號",
    "電話":"02-26940088",
    "簡介":"是的，我們終於回來了！你們的期盼我們都能理解，2023/11/8正式營業，請讓我們用最華麗的新姿態再次綻放美食饗宴，謝謝你們的督促及關心，我們會加倍努力",
    "英文友善":"1",
    "日文友善":"0",
    "韓文友善":"0",
    "行動裝置充電":"1",
    "無障礙友善":"1",
    "性別友善":"1",
    "便利支付":"1",
    "素食":"1",
    "友善廁所":"1",
    "公平貿易友善":"0",
    "Free WiFi":"1",
    "自行車友善":"1",
    "哺集乳友善":"0",
    "穆斯林友善":"0",
    "月經友善":"0",
    "友善項目總計":9
    }
  },
  {
    "type": "Feature",
    "geometry": {
       "type": "Point",
       "coordinates":  [ 121.560202,25.046522 ]
    },
    "properties": {
    "行政區":"松山區",
    "友善店家名稱":"My Dear strawberries",
    "地址":"臺北市松山區八德路四段72巷16弄2號 ",
    "電話":"02-37652720",
    "簡介":"成立於2016年的禮品品牌 - My Dear strawberries -\nMy Dear strawberries 是一個極具創意的禮品品牌，以草莓花束為主打，吸引眾多目光。\n我們的產品圍繞著繽紛流行的主視覺設計，給人耳目一新的感受。\n我們提供多種銷售禮品，包括草莓花禮、香氛、巧克力以及精選氣泡酒禮，每一件都展現高質感的特色。\n我們的設計師們不斷思考，認為每一份禮物都代表著一種情感的傳遞，並致力於讓客戶完美表達這份情感。\n期待您對我們精心製作與挑選的禮品感到滿意，並將它們送給您心中的My Dear！",
    "英文友善":"1",
    "日文友善":"1",
    "韓文友善":"0",
    "行動裝置充電":"0",
    "無障礙友善":"1",
    "性別友善":"1",
    "便利支付":"0",
    "素食":"0",
    "友善廁所":"0",
    "公平貿易友善":"0",
    "Free WiFi":"1",
    "自行車友善":"0",
    "哺集乳友善":"0",
    "穆斯林友善":"0",
    "月經友善":"0",
    "友善項目總計":5
    }
  },
  {
    "type": "Feature",
    "geometry": {
       "type": "Point",
       "coordinates":  [ 121.578695,25.063647 ]
    },
    "properties": {
    "行政區":"內湖區",
    "友善店家名稱":"OutdoorLINK戶外林區",
    "地址":"臺北市內湖區新湖二路146巷33號",
    "電話":"02-27951116",
    "簡介":"專營日本戶外露營品牌販售\nLOGOS/CaptainStag/UNIFLAME/Onway/DOD/mont-bell\n每日營業時間12：30～21：30\n臨近內湖costco、IKEA、臺北花市；周邊有收費停車場。",
    "英文友善":"0",
    "日文友善":"0",
    "韓文友善":"0",
    "行動裝置充電":"0",
    "無障礙友善":"0",
    "性別友善":"0",
    "便利支付":"1",
    "素食":"0",
    "友善廁所":"0",
    "公平貿易友善":"0",
    "Free WiFi":"1",
    "自行車友善":"0",
    "哺集乳友善":"0",
    "穆斯林友善":"0",
    "月經友善":"0",
    "友善項目總計":2
    }
  },
  {
    "type": "Feature",
    "geometry": {
       "type": "Point",
       "coordinates":  [ 121.573601,24.99141 ]
    },
    "properties": {
    "行政區":"文山區",
    "友善店家名稱":"李氏兄弟餐酒館Le Lee Brother Bistro",
    "地址":"臺北市文山區新光路一段104號",
    "電話":"02-29377290",
    "簡介":"秉持著米其林餐廳的指標對待每一道料理，每一位顧客，以及每一個用餐環節。我們用心，只想把最好的呈現出來給大家",
    "英文友善":"1",
    "日文友善":"0",
    "韓文友善":"0",
    "行動裝置充電":"0",
    "無障礙友善":"0",
    "性別友善":"1",
    "便利支付":"1",
    "素食":"1",
    "友善廁所":"1",
    "公平貿易友善":"0",
    "Free WiFi":"1",
    "自行車友善":"0",
    "哺集乳友善":"0",
    "穆斯林友善":"0",
    "月經友善":"0",
    "友善項目總計":6
    }
  },
  {
    "type": "Feature",
    "geometry": {
       "type": "Point",
       "coordinates":  [ 121.573513,24.988235 ]
    },
    "properties": {
    "行政區":"文山區",
    "友善店家名稱":"老味道鍋物",
    "地址":"臺北市文山區指南路二段17號",
    "電話":"02-29376848",
    "簡介":"自家熬煮的高湯搭配現切肉片！",
    "英文友善":"0",
    "日文友善":"0",
    "韓文友善":"0",
    "行動裝置充電":"1",
    "無障礙友善":"0",
    "性別友善":"1",
    "便利支付":"1",
    "素食":"0",
    "友善廁所":"1",
    "公平貿易友善":"0",
    "Free WiFi":"1",
    "自行車友善":"0",
    "哺集乳友善":"0",
    "穆斯林友善":"0",
    "月經友善":"0",
    "友善項目總計":5
    }
  },
  {
    "type": "Feature",
    "geometry": {
       "type": "Point",
       "coordinates":  [ 121.575605,24.987597 ]
    },
    "properties": {
    "行政區":"文山區",
    "友善店家名稱":"覓糖-文山政大店",
    "地址":"臺北市文山區指南路2段62號1樓(左側)",
    "電話":"02-29370225",
    "簡介":"我們很高興在政大商圈的門檻上為您打開一扇甜蜜的門。位於政治大學校門口旁，我們的店鋪就在這裡等待您的光臨。 覓糖的「七彩粉粿」是一種由紅薯粉熬製的美食，它的口感軟嫩且帶有Q彈的感覺，讓人回味無窮。我們為您添加了抹茶、芝麻、桂花、玫瑰、椰漿、黑糖、山梔子等七種色彩，讓您在品嚐的同時，也能感受到彩虹般的心情。 我們的品牌秉持「天然、健康、親民的價格」的精神，以創新的現代元素，傳承台灣傳統歷史人文的滋味。我們創新研發了黑糖、芝麻、玫瑰、抹茶、椰子、桂花等現代口味的七彩粉粿，將兒時懷舊的古早味與時尚潮流的高顏值完美結合，成為冰品市場的獨家新寵兒。",
    "英文友善":"1",
    "日文友善":"0",
    "韓文友善":"0",
    "行動裝置充電":"0",
    "無障礙友善":"1",
    "性別友善":"0",
    "便利支付":"1",
    "素食":"1",
    "友善廁所":"0",
    "公平貿易友善":"0",
    "Free WiFi":"0",
    "自行車友善":"1",
    "哺集乳友善":"0",
    "穆斯林友善":"0",
    "月經友善":"0",
    "友善項目總計":5
    }
  },
  {
    "type": "Feature",
    "geometry": {
       "type": "Point",
       "coordinates":  [ 121.578018,25.078263 ]
    },
    "properties": {
    "行政區":"內湖區",
    "友善店家名稱":"綠光花園",
    "地址":"臺北市內湖區內湖路一段600巷10號",
    "電話":"02-26585835",
    "簡介":"給都市人一個療癒的小天地\n多肉植物專門店，其他植物也有仙人掌，觀葉植物等...，也販售專業的植物燈。\n\n另販售特色盆器，商業花禮，婚禮佈置，新娘捧花，永生花乾燥花節慶花藝禮品。\n\n不定期舉辦手作課程，內附設咖啡飲品、異國輕食等料理。",
    "英文友善":"1",
    "日文友善":"0",
    "韓文友善":"0",
    "行動裝置充電":"0",
    "無障礙友善":"0",
    "性別友善":"1",
    "便利支付":"1",
    "素食":"0",
    "友善廁所":"0",
    "公平貿易友善":"0",
    "Free WiFi":"1",
    "自行車友善":"0",
    "哺集乳友善":"0",
    "穆斯林友善":"0",
    "月經友善":"1",
    "友善項目總計":5
    }
  },
  {
    "type": "Feature",
    "geometry": {
       "type": "Point",
       "coordinates":  [ 121.590701,24.967068 ]
    },
    "properties": {
    "行政區":"文山區",
    "友善店家名稱":"小日子咖啡",
    "地址":"臺北市文山區指南路三段38巷33號前100公尺",
    "電話":"02-23017070",
    "簡介":"茶、咖啡、點心",
    "英文友善":"0",
    "日文友善":"0",
    "韓文友善":"0",
    "行動裝置充電":"1",
    "無障礙友善":"0",
    "性別友善":"0",
    "便利支付":"0",
    "素食":"0",
    "友善廁所":"0",
    "公平貿易友善":"0",
    "Free WiFi":"1",
    "自行車友善":"1",
    "哺集乳友善":"0",
    "穆斯林友善":"0",
    "月經友善":"0",
    "友善項目總計":3
    }
  },
  {
    "type": "Feature",
    "geometry": {
       "type": "Point",
       "coordinates":  [ 121.560498,25.057164 ]
    },
    "properties": {
    "行政區":"松山區",
    "友善店家名稱":"綠帶純植物烘焙",
    "地址":"臺北市松山區民生東路五段36巷8弄64號1樓 ",
    "電話":"02-27477668",
    "簡介":"我們是一間以健康 / 天然 / 輕盈的純植物蛋糕店\nVegan Bakery (Egg Free, Dairy Free, Honey Free)\n絕不使用任何動物性原料、氫化植物鮮奶油、色素、防腐劑。",
    "英文友善":"1",
    "日文友善":"1",
    "韓文友善":"0",
    "行動裝置充電":"1",
    "無障礙友善":"0",
    "性別友善":"1",
    "便利支付":"1",
    "素食":"1",
    "友善廁所":"0",
    "公平貿易友善":"0",
    "Free WiFi":"1",
    "自行車友善":"0",
    "哺集乳友善":"0",
    "穆斯林友善":"0",
    "月經友善":"1",
    "友善項目總計":8
    }
  },
  {
    "type": "Feature",
    "geometry": {
       "type": "Point",
       "coordinates":  [ 121.555361,25.041957 ]
    },
    "properties": {
    "行政區":"大安區",
    "友善店家名稱":"Coco brother Plus延吉店",
    "地址":"臺北市大安區延吉街137巷26號1樓",
    "電話":"",
    "簡介":"曾幾何時,你/你感受到了無比的「自在」?\n椰兄品牌的誕生,承載著自由自在的精神,成為我重新找回自我的起點。\n離開高薪工作回到台灣的三十多歲的我,深陷於薪資差距和朋友事業成功的焦慮中。社會的無\n情壓力讓我感到失敗,但我選擇拋開這些困擾,回憶起泰國的美好時光。\n在泰國曼谷的繁華城市,我彷彿回到無憂的童年,特別是在街頭小攤品嚐道地的泰國美食,感\n受到獨特的自在。泰國的生活節奏給予我不受拘束的自由,每天花三十分鐘享受一頓美味的泰\n菜成了我生活中最美好的時光。\n我將泰國的自在和快樂帶回台灣,這份珍貴的情感成爲了「椰兄」的根基。\n這不僅是一個品牌,更是一種生活態度的象徵,希望每個人在繁忙的生活中找到屬於自己的片\n刻寧靜。在椰兄,我們鼓勵每個人勇敢地做自己,活出一個完整而自在的人生。椰子象徵著我\n在泰國找回的自在,「兄」呼喚著每一位朋友,是一個共同尋找美好的邀請。\n在椰兄,每一口美味都是對生活的讚美,每一個微笑都是對自由的追求。椰兄,是一個屬於自\n己的小天地,一個讓人心靈得以寄託的角落。讓我們每天給自己三十分鐘,在椰兄的世界裡卸\n下所有面具,享受象徵自由自在的泰國美食,讓這時間完完全全屬於自己。\nBe yourself.\nCoco Brother 執行長  許冉勳",
    "英文友善":"1",
    "日文友善":"0",
    "韓文友善":"0",
    "行動裝置充電":"1",
    "無障礙友善":"0",
    "性別友善":"1",
    "便利支付":"1",
    "素食":"0",
    "友善廁所":"0",
    "公平貿易友善":"0",
    "Free WiFi":"1",
    "自行車友善":"0",
    "哺集乳友善":"0",
    "穆斯林友善":"0",
    "月經友善":"0",
    "友善項目總計":5
    }
  },
  {
    "type": "Feature",
    "geometry": {
       "type": "Point",
       "coordinates":  [ 121.614225,25.055014 ]
    },
    "properties": {
    "行政區":"南港區",
    "友善店家名稱":"蒜香無骨炸雞店",
    "地址":"臺北市南港區南港路一段125號",
    "電話":"0987-183053",
    "簡介":"蒜香無骨炸雞\n香雞排、鹽酥雞\n各式小點、蔬菜任君挑選\n扮炒洋蔥、蒜頭\n挑戰您的味蕾，一試成主顧\n味～鮮～香的炸物專家",
    "英文友善":"0",
    "日文友善":"0",
    "韓文友善":"0",
    "行動裝置充電":"0",
    "無障礙友善":"1",
    "性別友善":"1",
    "便利支付":"0",
    "素食":"0",
    "友善廁所":"0",
    "公平貿易友善":"0",
    "Free WiFi":"0",
    "自行車友善":"0",
    "哺集乳友善":"0",
    "穆斯林友善":"0",
    "月經友善":"0",
    "友善項目總計":2
    }
  },
  {
    "type": "Feature",
    "geometry": {
       "type": "Point",
       "coordinates":  [ 121.616086,25.05283 ]
    },
    "properties": {
    "行政區":"南港區",
    "友善店家名稱":"潮味決南港研究院店",
    "地址":"臺北市南港區研究院路一段70號 ",
    "電話":"02-27828808",
    "簡介":"誰說滷味只能有一種味道！？\n潮味決將特色湯頭結合國民美食滷味，\n跨界碰撞出全然不同的新滋味。",
    "英文友善":"1",
    "日文友善":"0",
    "韓文友善":"0",
    "行動裝置充電":"0",
    "無障礙友善":"0",
    "性別友善":"1",
    "便利支付":"1",
    "素食":"1",
    "友善廁所":"1",
    "公平貿易友善":"0",
    "Free WiFi":"1",
    "自行車友善":"0",
    "哺集乳友善":"0",
    "穆斯林友善":"0",
    "月經友善":"0",
    "友善項目總計":6
    }
  },
  {
    "type": "Feature",
    "geometry": {
       "type": "Point",
       "coordinates":  [ 121.597847,25.05148 ]
    },
    "properties": {
    "行政區":"南港區",
    "友善店家名稱":"陶薪珈琲所",
    "地址":"臺北市南港區忠孝東路七段99號1樓",
    "電話":"02-27862168",
    "簡介":"「陶」是傳家之寶， 易是陶冶性靈。 「薪」是薪火相傳， 傳遞到每個人的心裡。 歡迎光臨陶薪，ㄧ家子的咖啡世家 精通占卜的身心靈故事職人珈琲所 本店以陶器為本質，藉由簡單的輕食 將陶器帶入生活， 品嘗陶器所帶來的溫度及藝術， 讓生活中多增添點儀式感",
    "英文友善":"1",
    "日文友善":"0",
    "韓文友善":"0",
    "行動裝置充電":"1",
    "無障礙友善":"0",
    "性別友善":"1",
    "便利支付":"0",
    "素食":"1",
    "友善廁所":"0",
    "公平貿易友善":"0",
    "Free WiFi":"0",
    "自行車友善":"0",
    "哺集乳友善":"0",
    "穆斯林友善":"0",
    "月經友善":"1",
    "友善項目總計":5
    }
  },
  {
    "type": "Feature",
    "geometry": {
       "type": "Point",
       "coordinates":  [ 121.597847,25.05148 ]
    },
    "properties": {
    "行政區":"南港區",
    "友善店家名稱":"GC WELL 幾好",
    "地址":"臺北市南港區忠孝東路七段99號1樓",
    "電話":"02-27856160",
    "簡介":"全台首間AIWA日本愛華品牌影音旗艦店，完整陳列全系列AIWA影音產品陣容，打造絕佳旗艦級娛樂體驗空間享受。邀請消費者親臨參與並感受優質的AIWA服務及最新影音產品！\n現場提供影音產品試聽!!",
    "英文友善":"1",
    "日文友善":"0",
    "韓文友善":"0",
    "行動裝置充電":"1",
    "無障礙友善":"0",
    "性別友善":"1",
    "便利支付":"1",
    "素食":"0",
    "友善廁所":"0",
    "公平貿易友善":"0",
    "Free WiFi":"0",
    "自行車友善":"0",
    "哺集乳友善":"0",
    "穆斯林友善":"0",
    "月經友善":"0",
    "友善項目總計":4
    }
  },
  {
    "type": "Feature",
    "geometry": {
       "type": "Point",
       "coordinates":  [ 121.597847,25.05148 ]
    },
    "properties": {
    "行政區":"南港區",
    "友善店家名稱":"AIWA 愛華",
    "地址":"臺北市南港區忠孝東路七段99號1樓",
    "電話":"02-27859579",
    "簡介":"全台首間AIWA日本愛華品牌影音旗艦店，完整陳列全系列AIWA影音產品陣容，打造絕佳旗艦級娛樂體驗空間享受。\n邀請消費者親臨參與並感受優質的AIWA服務及最新影音產品！ 現場提供影音產品試聽!!",
    "英文友善":"0",
    "日文友善":"0",
    "韓文友善":"0",
    "行動裝置充電":"1",
    "無障礙友善":"0",
    "性別友善":"1",
    "便利支付":"0",
    "素食":"0",
    "友善廁所":"0",
    "公平貿易友善":"0",
    "Free WiFi":"0",
    "自行車友善":"0",
    "哺集乳友善":"0",
    "穆斯林友善":"0",
    "月經友善":"0",
    "友善項目總計":2
    }
  },
  {
    "type": "Feature",
    "geometry": {
       "type": "Point",
       "coordinates":  [ 121.597847,25.05148 ]
    },
    "properties": {
    "行政區":"南港區",
    "友善店家名稱":"Pioneer DJ AlphaTheta ",
    "地址":"臺北市南港區忠孝東路七段99號1樓",
    "電話":"02-87512055#209",
    "簡介":"AlphaTheta/Pioneer DJ Taiwan 為全球DJ數位產品領導品牌 ，透過不斷地創新 ，為DJ 和音樂愛好者帶來更多創意激盪 ，享受音樂的創作時刻 。 ",
    "英文友善":"1",
    "日文友善":"1",
    "韓文友善":"0",
    "行動裝置充電":"0",
    "無障礙友善":"0",
    "性別友善":"1",
    "便利支付":"1",
    "素食":"0",
    "友善廁所":"0",
    "公平貿易友善":"1",
    "Free WiFi":"0",
    "自行車友善":"0",
    "哺集乳友善":"0",
    "穆斯林友善":"0",
    "月經友善":"0",
    "友善項目總計":5
    }
  },
  {
    "type": "Feature",
    "geometry": {
       "type": "Point",
       "coordinates":  [ 121.597847,25.05148 ]
    },
    "properties": {
    "行政區":"南港區",
    "友善店家名稱":"蔡偉靖手風琴工作室",
    "地址":"臺北市南港區忠孝東路七段99號1樓",
    "電話":"02-27859498",
    "簡介":"致力於推廣及復興臺灣手風琴相關文化藝術產業\n希冀手風琴文化深耕台灣並與世界接軌\n\n\n服務項目：\n˙ 手風琴教學\n˙ 音樂節策劃及製作\n˙ 音樂會及商業演出\n˙ 手風琴大師班工作坊\n˙ 手風琴講座及工作坊\n˙ 手風琴相關維修保養\n˙ 手風琴樂器代理銷售",
    "英文友善":"1",
    "日文友善":"0",
    "韓文友善":"0",
    "行動裝置充電":"0",
    "無障礙友善":"0",
    "性別友善":"0",
    "便利支付":"1",
    "素食":"0",
    "友善廁所":"0",
    "公平貿易友善":"0",
    "Free WiFi":"0",
    "自行車友善":"0",
    "哺集乳友善":"0",
    "穆斯林友善":"0",
    "月經友善":"0",
    "友善項目總計":2
    }
  },
  {
    "type": "Feature",
    "geometry": {
       "type": "Point",
       "coordinates":  [ 121.597847,25.05148 ]
    },
    "properties": {
    "行政區":"南港區",
    "友善店家名稱":"探索薩克斯風 ",
    "地址":"臺北市南港區忠孝東路七段99號1樓",
    "電話":"02-27853079",
    "簡介":"品牌源自臺灣，前身從事薩克斯風生產與國際通路近四十餘載，備受國際訂單肯定而滿載的生產量能促使了台灣門店品牌的創立- 探索薩克斯風，2022年進駐北流，將國際認可的專業服務與產品帶回臺灣。\n我們從研發製造、吹奏感與配備搭配產生的聲音、到客製改裝角度探索薩克斯風，好奇心是我們的動力，交流中靈感碰撞，在實驗中探索。",
    "英文友善":"1",
    "日文友善":"0",
    "韓文友善":"0",
    "行動裝置充電":"0",
    "無障礙友善":"1",
    "性別友善":"0",
    "便利支付":"0",
    "素食":"0",
    "友善廁所":"1",
    "公平貿易友善":"0",
    "Free WiFi":"1",
    "自行車友善":"0",
    "哺集乳友善":"1",
    "穆斯林友善":"0",
    "月經友善":"0",
    "友善項目總計":5
    }
  },
  {
    "type": "Feature",
    "geometry": {
       "type": "Point",
       "coordinates":  [ 121.597847,25.05148 ]
    },
    "properties": {
    "行政區":"南港區",
    "友善店家名稱":"聞藝",
    "地址":"臺北市南港區忠孝東路七段99號1樓",
    "電話":"02-27852099",
    "簡介":"打破對於芳療領域的舊觀念 引領你走入全新的五感體驗 你的世界不再受侷限 ",
    "英文友善":"0",
    "日文友善":"0",
    "韓文友善":"0",
    "行動裝置充電":"0",
    "無障礙友善":"1",
    "性別友善":"0",
    "便利支付":"1",
    "素食":"0",
    "友善廁所":"1",
    "公平貿易友善":"0",
    "Free WiFi":"0",
    "自行車友善":"0",
    "哺集乳友善":"0",
    "穆斯林友善":"0",
    "月經友善":"0",
    "友善項目總計":3
    }
  },
  {
    "type": "Feature",
    "geometry": {
       "type": "Point",
       "coordinates":  [ 121.597847,25.05148 ]
    },
    "properties": {
    "行政區":"南港區",
    "友善店家名稱":"大韜黑膠耳機專賣",
    "地址":"臺北市南港區忠孝東路七段99號1樓",
    "電話":"02-27857275",
    "簡介":"大韜黑膠耳機專賣 全台灣最大的黑膠唱片行，正式進駐北流、 店內提供3萬片黑膠供您挑選， 同時備有數十款耳機、唱盤、音響供您試聽。 喜歡躺在沙發上慵懶聽音樂的感覺嗎? 那來大韜黑膠就對了",
    "英文友善":"1",
    "日文友善":"0",
    "韓文友善":"0",
    "行動裝置充電":"0",
    "無障礙友善":"0",
    "性別友善":"1",
    "便利支付":"1",
    "素食":"0",
    "友善廁所":"0",
    "公平貿易友善":"0",
    "Free WiFi":"0",
    "自行車友善":"0",
    "哺集乳友善":"0",
    "穆斯林友善":"0",
    "月經友善":"0",
    "友善項目總計":3
    }
  },
  {
    "type": "Feature",
    "geometry": {
       "type": "Point",
       "coordinates":  [ 121.597847,25.05148 ]
    },
    "properties": {
    "行政區":"南港區",
    "友善店家名稱":"aNueNue 北流形象館",
    "地址":"臺北市南港區忠孝東路七段99號5樓",
    "電話":"02-25364488",
    "簡介":"歡迎走進aNueNue的音樂世界！ aNueNue北流形象館由專業團隊打造，以吉他特殊的造型融入整個空間，並發揮新意，將樂器內部的材質實際運用在設計上，由裡至外沈浸式感受吉他的魅力。木質調的環境氛圍，歡迎前來的客人放慢腳步，在這裏你可以放鬆休憩、盡情彈奏，逛逛經典的人氣琴款及周邊商品，享受愉快的試琴體驗。",
    "英文友善":"0",
    "日文友善":"0",
    "韓文友善":"0",
    "行動裝置充電":"0",
    "無障礙友善":"0",
    "性別友善":"1",
    "便利支付":"0",
    "素食":"0",
    "友善廁所":"0",
    "公平貿易友善":"0",
    "Free WiFi":"0",
    "自行車友善":"0",
    "哺集乳友善":"0",
    "穆斯林友善":"0",
    "月經友善":"0",
    "友善項目總計":1
    }
  },
  {
    "type": "Feature",
    "geometry": {
       "type": "Point",
       "coordinates":  [ 121.544217,25.049985 ]
    },
    "properties": {
    "行政區":"松山區",
    "友善店家名稱":"departure旅行趣",
    "地址":"臺北市松山區復興北路33號",
    "電話":"02-27118580",
    "簡介":"departure 總公司以生產配件代工30年著名，全球各大精品行李箱 85% 的配件都是出自此 OEM 團隊，為了使旅人能以最合理的價格擁有一只高品質的行李箱，成立了《departure 旅行趣》這個的品牌，將以『感恩、熱誠、創新、誠信、服務』的信念，持續創新商品與提供更優質的服務。\n\n堅持「第一」\n無論是商務、旅行或休閒系列，每個 departure 箱包從零件製作、研發、設計，皆須經過百道以上的手感工序，以確保產品的耐用與堅固性。除此之外，所有的產品出廠前皆必須通過拉鍊、拉桿、落地、振盪、跑步及滾輪六大測試；每款行李箱皆擁有至少三項專利設計。希望每一只行李箱在旅行中能成為旅人的好幫手，完美每一段旅程。\n\n秉持著時尚精品的服務，每只 departure 的行李箱皆擁有五年的免費維修服務，提供消費者最直接的回覆及迅速的服務，讓您買的放心，用的安心。",
    "英文友善":"0",
    "日文友善":"0",
    "韓文友善":"0",
    "行動裝置充電":"0",
    "無障礙友善":"0",
    "性別友善":"1",
    "便利支付":"1",
    "素食":"0",
    "友善廁所":"0",
    "公平貿易友善":"0",
    "Free WiFi":"0",
    "自行車友善":"0",
    "哺集乳友善":"0",
    "穆斯林友善":"0",
    "月經友善":"0",
    "友善項目總計":2
    }
  },
  {
    "type": "Feature",
    "geometry": {
       "type": "Point",
       "coordinates":  [ 121.618145,25.069606 ]
    },
    "properties": {
    "行政區":"內湖區",
    "友善店家名稱":"糖五室",
    "地址":"臺北市內湖區康樂街72巷15-2號",
    "電話":"02-26319876",
    "簡介":"天然鹽滷黑糖豆花\n天然鹽滷濃郁無糖豆漿豆花\n老草汁嫩仙草\n黑糖杏仁布丁\n各式雪花冰",
    "英文友善":"0",
    "日文友善":"0",
    "韓文友善":"0",
    "行動裝置充電":"0",
    "無障礙友善":"0",
    "性別友善":"1",
    "便利支付":"1",
    "素食":"1",
    "友善廁所":"0",
    "公平貿易友善":"0",
    "Free WiFi":"0",
    "自行車友善":"1",
    "哺集乳友善":"0",
    "穆斯林友善":"0",
    "月經友善":"0",
    "友善項目總計":4
    }
  },
  {
    "type": "Feature",
    "geometry": {
       "type": "Point",
       "coordinates":  [ 121.61451,25.069281 ]
    },
    "properties": {
    "行政區":"內湖區",
    "友善店家名稱":"懶的鳥小姐|手作早午餐",
    "地址":"臺北市內湖區東湖路113巷5弄21號1樓",
    "電話":"",
    "簡介":"選用好的食材、天然的調味料，回歸最純粹的料理初心，只為了將最好吃的餐點呈現給您。\n我們用心製作每一份早午餐料理，希望您能在這裡滿足您的胃和心靈。\n店內有舒適、放鬆的空間，讓您在感到疲憊時，能在這裡用好吃的早午餐犒賞自己，好好讓自己放鬆一下。",
    "英文友善":"1",
    "日文友善":"0",
    "韓文友善":"0",
    "行動裝置充電":"0",
    "無障礙友善":"0",
    "性別友善":"1",
    "便利支付":"1",
    "素食":"1",
    "友善廁所":"1",
    "公平貿易友善":"0",
    "Free WiFi":"1",
    "自行車友善":"1",
    "哺集乳友善":"0",
    "穆斯林友善":"0",
    "月經友善":"0",
    "友善項目總計":7
    }
  },
  {
    "type": "Feature",
    "geometry": {
       "type": "Point",
       "coordinates":  [ 121.563643,25.028483 ]
    },
    "properties": {
    "行政區":"信義區",
    "友善店家名稱":"More&More coffee Roastery",
    "地址":"臺北市信義區莊敬路289巷4弄24號",
    "電話":"02-7586525",
    "簡介":"咖啡就自己而言是迷人的\n在櫛比鱗次的咖啡選項中\n從交流出發、分享開始\n用單品的純粹與濃縮及牛奶的融合\n希望有緣可以讓更多的朋友\n讓我為你們沖一杯屬於自己的咖啡",
    "英文友善":"1",
    "日文友善":"0",
    "韓文友善":"0",
    "行動裝置充電":"1",
    "無障礙友善":"0",
    "性別友善":"1",
    "便利支付":"1",
    "素食":"0",
    "友善廁所":"1",
    "公平貿易友善":"0",
    "Free WiFi":"1",
    "自行車友善":"1",
    "哺集乳友善":"0",
    "穆斯林友善":"0",
    "月經友善":"0",
    "友善項目總計":7
    }
  },
  {
    "type": "Feature",
    "geometry": {
       "type": "Point",
       "coordinates":  [ 121.564083,25.084426 ]
    },
    "properties": {
    "行政區":"內湖區",
    "友善店家名稱":"寧芙漫漫肌膚管理",
    "地址":"臺北市內湖區環山路一段24巷32號",
    "電話":"02-26278906",
    "簡介":"痘痘｜乾肌｜黑眼圈｜毛囊炎\n｜泛紅｜角化斑｜粉刺｜痘疤｜\n\n肌膚管理/創業培訓/一技之長/斜槓轉行/全台有分店",
    "英文友善":"1",
    "日文友善":"0",
    "韓文友善":"0",
    "行動裝置充電":"1",
    "無障礙友善":"1",
    "性別友善":"1",
    "便利支付":"1",
    "素食":"0",
    "友善廁所":"1",
    "公平貿易友善":"0",
    "Free WiFi":"1",
    "自行車友善":"1",
    "哺集乳友善":"0",
    "穆斯林友善":"0",
    "月經友善":"1",
    "友善項目總計":9
    }
  },
  {
    "type": "Feature",
    "geometry": {
       "type": "Point",
       "coordinates":  [ 121.53345,25.05357 ]
    },
    "properties": {
    "行政區":"中山區",
    "友善店家名稱":"素顏女神肌膚管理",
    "地址":"臺北市中山區四平街56號3樓",
    "電話":"02-25159440",
    "簡介":"素顏女神肌膚管理～不只是臉部保養專家，也是戒粉底中心 在這裡我們提供： 1. 專業的皮膚諮詢，不但能了解目前膚況有哪些問題、這些問題如何形成的、還能知道怎麼去照顧或改善 2. 客製化的保養方案，整合預算、膚況、身處環境、想要的進度等等全方位的考量，打造出針對每一位獨一無二的肌膚的專屬配方，只要配合老師，你就能看到效果 3. 秉持「以人為本，對肌膚友善」的理念，兼具體內體外共同調理，讓你效果1+1>2 4. 完善的售後服務，每個階段都可以與店家技術老師共同討論調整，不用擔心既定計畫或自身行程會受影響 5. 亦提供技術教學及創業輔導，期許美業人才皆能完成自己的夢想店家，詳細內容請私訊官方帳號 素顏女神，讓你素顏也能是女神。\n",
    "英文友善":"0",
    "日文友善":"0",
    "韓文友善":"0",
    "行動裝置充電":"1",
    "無障礙友善":"0",
    "性別友善":"1",
    "便利支付":"1",
    "素食":"0",
    "友善廁所":"1",
    "公平貿易友善":"0",
    "Free WiFi":"1",
    "自行車友善":"0",
    "哺集乳友善":"0",
    "穆斯林友善":"0",
    "月經友善":"0",
    "友善項目總計":5
    }
  },
  {
    "type": "Feature",
    "geometry": {
       "type": "Point",
       "coordinates":  [ 121.563078,25.086746 ]
    },
    "properties": {
    "行政區":"內湖區",
    "友善店家名稱":"豬窩窩早午餐",
    "地址":"臺北市內湖區文湖街65號1樓",
    "電話":"02-26588268",
    "簡介":"豬窩窩咖啡廚房這裡有各式各樣的好吃早餐\n\n滿足你挑剔的味蕾不管你想吃什麼這裡都有\n\n豬窩窩陪您溫暖每一天\n\n吃吃早餐·喝喝咖啡·",
    "英文友善":"1",
    "日文友善":"1",
    "韓文友善":"1",
    "行動裝置充電":"0",
    "無障礙友善":"0",
    "性別友善":"1",
    "便利支付":"1",
    "素食":"0",
    "友善廁所":"1",
    "公平貿易友善":"0",
    "Free WiFi":"1",
    "自行車友善":"0",
    "哺集乳友善":"0",
    "穆斯林友善":"0",
    "月經友善":"0",
    "友善項目總計":7
    }
  },
  {
    "type": "Feature",
    "geometry": {
       "type": "Point",
       "coordinates":  [ 121.566541,25.080728 ]
    },
    "properties": {
    "行政區":"內湖區",
    "友善店家名稱":"午後有花",
    "地址":"臺北市內湖區基湖路3巷36號",
    "電話":"02-26598895",
    "簡介":"2024年，我們開始了複合式的業務，\n\n我們結合了咖啡廳與花店，\n\n希望給你們帶來美好的花卉體驗。\n\n我們希望您在我們的店中感受到一種特別的親切感，\n\n就像跟朋友談話一樣。\n\n我們始終以貼心溫暖的態度服務，\n\n因為我們明白，每一分花禮都承載者一份珍貴的心意，每一份餐點，都蘊含著我們對新鮮及營養的在乎。\n\n當您蒞臨午後有花時，您不僅購得了花朵，還收穫了一份自然的寧靜和美麗。\n\n我們的品牌故事是一個承諾，\n\n每一束花都蘊含著我們對大自然之美的熱愛，\n\n以及對您的關愛和呵護。\n\n歡迎來到午後有花，讓我們一起享受自然之美的魅力。",
    "英文友善":"1",
    "日文友善":"1",
    "韓文友善":"0",
    "行動裝置充電":"0",
    "無障礙友善":"0",
    "性別友善":"1",
    "便利支付":"1",
    "素食":"1",
    "友善廁所":"0",
    "公平貿易友善":"0",
    "Free WiFi":"0",
    "自行車友善":"0",
    "哺集乳友善":"0",
    "穆斯林友善":"0",
    "月經友善":"0",
    "友善項目總計":5
    }
  },
  {
    "type": "Feature",
    "geometry": {
       "type": "Point",
       "coordinates":  [ 121.58214,25.078267 ]
    },
    "properties": {
    "行政區":"內湖區",
    "友善店家名稱":"初心菓寮",
    "地址":"臺北市內湖區文德路86號1樓",
    "電話":"02-26592389",
    "簡介":"一九九二年日本橫濱排隊買蛋糕的人潮，開啓\n\n了烘焙夢的大門。\n\n\n\n 『把簡單做到最好』是我們企業的經營理念，\n\n對於『品質』的堅持，刻劃著初心的歷史。\n\n\n\n 至今，追求『品質』的路我們持續走著，足跡\n\n踏遍日本城鄉，探訪百年菓鋪老店，細細體會日\n\n本文化的精髓，越是深究，對簡單的材料能表現\n\n不凡而永恆的『加壽手以羅』越是著迷。\n\n\n\n 在飄著木頭香日式老房子裏，品著茶，吃著加\n\n壽手以羅，味自慢的究恢精神，更加昇華而融合\n\n；這一刻，獨享已是一種可惜，如此的美好就該\n\n與您分享！\n\n\n\n 五百多個日子裏的沉浸研究，一生懸命，一本\n\n初衷，懷著感恩回饋的心，加壽手以羅結合日式\n\n茶的「初心菓寮」於是誕生…",
    "英文友善":"0",
    "日文友善":"0",
    "韓文友善":"0",
    "行動裝置充電":"1",
    "無障礙友善":"0",
    "性別友善":"1",
    "便利支付":"1",
    "素食":"0",
    "友善廁所":"1",
    "公平貿易友善":"0",
    "Free WiFi":"1",
    "自行車友善":"0",
    "哺集乳友善":"1",
    "穆斯林友善":"0",
    "月經友善":"1",
    "友善項目總計":7
    }
  },
  {
    "type": "Feature",
    "geometry": {
       "type": "Point",
       "coordinates":  [ 121.613353,25.068923 ]
    },
    "properties": {
    "行政區":"內湖區",
    "友善店家名稱":"建興餅店",
    "地址":"臺北市內湖區東湖路31-1號1樓",
    "電話":"",
    "簡介":"建興餅店成立於1970年的四腳亭。\n\n2021年建興餅店重新創立\n\n將創新的思維注入傳統的烘焙產業\n\n用老師傅的手藝繼續傳遞幸福的滋味",
    "英文友善":"1",
    "日文友善":"0",
    "韓文友善":"0",
    "行動裝置充電":"0",
    "無障礙友善":"1",
    "性別友善":"1",
    "便利支付":"1",
    "素食":"1",
    "友善廁所":"0",
    "公平貿易友善":"0",
    "Free WiFi":"0",
    "自行車友善":"0",
    "哺集乳友善":"0",
    "穆斯林友善":"0",
    "月經友善":"0",
    "友善項目總計":5
    }
  },
  {
    "type": "Feature",
    "geometry": {
       "type": "Point",
       "coordinates":  [ 121.525335,25.05148 ]
    },
    "properties": {
    "行政區":"中山區",
    "友善店家名稱":"閨蜜專屬",
    "地址":"臺北市中山區林森北路147號B1樓",
    "電話":"02-25222913",
    "簡介":"「閨蜜專屬客製化美睫美學館」是一家經營了六年的專業美容機構，專注於提供客製化的美容服務。這裡的服務範圍包括美睫、美容、霧眉還有鋼琴教學課程等，並以全面的身心靈照顧為特色。除了提供這些高品質的美容服務，閨蜜專屬還自行研發並推出了保養品牌「閨蜜專屬」，是一間 「預約制」服務的美容中心，致力於讓每一位顧客在外表和內在都得到最佳的呵護與提升。無論是想要提升外在美感還是追求內心的平靜和健康，閨蜜專屬都能提供全方位的解決方案，成為每一位「蜜粉」的美麗和健康管家。",
    "英文友善":"1",
    "日文友善":"0",
    "韓文友善":"0",
    "行動裝置充電":"1",
    "無障礙友善":"0",
    "性別友善":"1",
    "便利支付":"1",
    "素食":"0",
    "友善廁所":"0",
    "公平貿易友善":"0",
    "Free WiFi":"1",
    "自行車友善":"0",
    "哺集乳友善":"0",
    "穆斯林友善":"0",
    "月經友善":"1",
    "友善項目總計":6
    }
  },
  {
    "type": "Feature",
    "geometry": {
       "type": "Point",
       "coordinates":  [ 121.529805,25.060884 ]
    },
    "properties": {
    "行政區":"中山區",
    "友善店家名稱":"小雲雲瑜珈配件",
    "地址":"臺北市中山區錦州街157巷7號",
    "電話":"",
    "簡介":"小雲雲瑜珈配件\nLittle Cloud Yoga Accessory\n\nShipping is always on us!!!\n全館台灣本島外島免運!!\n合法授權代理瑜珈老師公認最棒的Manudka 瑜珈墊和超級美麗的進口瑜珈服飾.\n和Ashtanga Yoga Product /Kino Yoga DVD/書籍\n\n每星期一公休 營業時間上午11:30點到晚上8:30點\n門市位於 104臺北市中山區錦州街157巷7號\n(02)2563-3381\n",
    "英文友善":"1",
    "日文友善":"0",
    "韓文友善":"0",
    "行動裝置充電":"0",
    "無障礙友善":"0",
    "性別友善":"1",
    "便利支付":"1",
    "素食":"0",
    "友善廁所":"1",
    "公平貿易友善":"0",
    "Free WiFi":"1",
    "自行車友善":"0",
    "哺集乳友善":"0",
    "穆斯林友善":"0",
    "月經友善":"0",
    "友善項目總計":5
    }
  },
  {
    "type": "Feature",
    "geometry": {
       "type": "Point",
       "coordinates":  [ 121.614582,25.069265 ]
    },
    "properties": {
    "行政區":"內湖區",
    "友善店家名稱":"有間魚湯",
    "地址":"臺北市內湖區東湖路113巷5弄19號",
    "電話":"02-26313259",
    "簡介":"【招牌 • 鱸魚湯】\n\n開張九年至今的招牌，比起只有單純薑絲蔥花的清湯我們加入了更多的新鮮食材，只為了在口味的講究上多一點我們品牌的味道。\n\n\n\n於饕客，對此鮮度喜好不己。\n\n於病者，身心皆感治癒舒暖。\n\n於家庭，給予孩童營養富豐。\n\n於三餐，大魚大肉外的一個選擇。\n\n\n\n#東湖\n\n#東湖美食 \n\n#漁湯 \n\n#魚湯 \n\n#漁場 \n\n#內湖\n\n#內湖美食\n\n#東湖樂活公園 \n\n#內湖餐廳 ",
    "英文友善":"0",
    "日文友善":"0",
    "韓文友善":"0",
    "行動裝置充電":"0",
    "無障礙友善":"0",
    "性別友善":"1",
    "便利支付":"1",
    "素食":"0",
    "友善廁所":"1",
    "公平貿易友善":"0",
    "Free WiFi":"0",
    "自行車友善":"0",
    "哺集乳友善":"0",
    "穆斯林友善":"0",
    "月經友善":"0",
    "友善項目總計":3
    }
  },
  {
    "type": "Feature",
    "geometry": {
       "type": "Point",
       "coordinates":  [ 121.52521,25.051883 ]
    },
    "properties": {
    "行政區":"中山區",
    "友善店家名稱":"茗窖茶莊CAOLY",
    "地址":"臺北市中山區林森北路154號",
    "電話":"02-25815472",
    "簡介":"{茗窖茶莊}三代傳承的品茶DNA，第一代精於品茶也善挑好茶，\n\n1936年第二代憑藉家傳品茶功力開設茶莊，從小跟著父親到處收好茶的第三代，\n\n於1986年通過中華民國茶藝協會評鑑師認可並拜大師學習製茶。\n\n茗窖茶莊只收台灣最出色的烏龍茶，由製茶老師傅精心製作，\n\n成就品茗行家最愛的精品茶飲。",
    "英文友善":"1",
    "日文友善":"1",
    "韓文友善":"0",
    "行動裝置充電":"0",
    "無障礙友善":"0",
    "性別友善":"1",
    "便利支付":"1",
    "素食":"0",
    "友善廁所":"0",
    "公平貿易友善":"0",
    "Free WiFi":"1",
    "自行車友善":"0",
    "哺集乳友善":"0",
    "穆斯林友善":"0",
    "月經友善":"0",
    "友善項目總計":5
    }
  },
  {
    "type": "Feature",
    "geometry": {
       "type": "Point",
       "coordinates":  [ 121.573595,24.988579 ]
    },
    "properties": {
    "行政區":"文山區",
    "友善店家名稱":"ROSELAND",
    "地址":"臺北市文山區新光路一段8號",
    "電話":"02-2936-5088",
    "簡介":"ROSELAND購物與零售。",
    "英文友善":"1",
    "日文友善":"0",
    "韓文友善":"0",
    "行動裝置充電":"0",
    "無障礙友善":"0",
    "性別友善":"1",
    "便利支付":"0",
    "素食":"0",
    "友善廁所":"0",
    "公平貿易友善":"0",
    "Free WiFi":"0",
    "自行車友善":"0",
    "哺集乳友善":"0",
    "穆斯林友善":"0",
    "月經友善":"0",
    "友善項目總計":2
    }
  },
  {
    "type": "Feature",
    "geometry": {
       "type": "Point",
       "coordinates":  [ 121.511052,25.138466 ]
    },
    "properties": {
    "行政區":"北投區",
    "友善店家名稱":"北投馥悅溫泉酒店",
    "地址":"臺北市北投區中山路26號",
    "電話":"02-28969798",
    "簡介":"北投位於大臺北地區近郊，是台灣著名的溫泉勝地之一，擁有豐富的溫泉資源和美麗的山水環境。\n北投馥悅溫泉酒店地理位置優越，步行至北投溫泉博物館5至8分鐘；至捷運新北投站約10至15分鐘；至臺北市區或松山機場車程約40分鐘。酒店遠離塵囂，讓您可以一邊沐浴於自然山川風光之中，一邊盡情享受溫泉的恩賜。\n北投馥悅溫泉酒店具有歐洲建築元素，散發出典雅氛圍。客房設計寬敞舒適，每間客房都有大浴池，讓您在舒適的環境中度過愉快的時光。\n北投馥悅溫泉酒店提供完善的服務－包含無線網路、行李寄放、代客叫車、機場接送、行程規劃與建議等，讓您無需在住宿上花費多餘的預算，而能盡情享受旅遊的樂趣。不管您來自哪個國家，都能感受我們自然、熱情，如好友般的接待與服務。\n無論您是來北投尋找放鬆的時光，還是享受豪華的度假體驗，北投馥悅溫泉酒店都能滿足您的各種需求，為您帶來一段難忘的北投之旅。",
    "英文友善":"1",
    "日文友善":"0",
    "韓文友善":"0",
    "行動裝置充電":"0",
    "無障礙友善":"0",
    "性別友善":"1",
    "便利支付":"0",
    "素食":"0",
    "友善廁所":"1",
    "公平貿易友善":"0",
    "Free WiFi":"1",
    "自行車友善":"1",
    "哺集乳友善":"1",
    "穆斯林友善":"0",
    "月經友善":"0",
    "友善項目總計":6
    }
  },
  {
    "type": "Feature",
    "geometry": {
       "type": "Point",
       "coordinates":  [ 121.544872,25.048362 ]
    },
    "properties": {
    "行政區":"松山區",
    "友善店家名稱":"悠趣旅店",
    "地址":"臺北市松山區長安東路二段219號 12樓",
    "電話":"02-27752277",
    "簡介":"優旅商旅位於臺北，距離南京復興捷運站有5分鐘步行路程。 酒店提供帶免費無線網絡連接的現代住宿。\n客人從這家酒店步行 15 分鐘即可抵達熱鬧的微風中心和太平洋崇光百貨。 距臺北松山機場僅10分鐘車程，距桃園國際機場1小時車程。 可應要求提供收費的機場班車服務。\n空調客房配有柔軟的 Sealy 床墊、冰箱、沏茶/咖啡設施和有線電視。 私人浴室配有浴室用品和吹風機。\n酒店提供洗衣和乾洗服務。 客人可以免費使用自助洗衣機。 酒店內的旅遊諮詢台提供票務和汽車租賃服務。 對於那些希望趕上最後一分鐘工作的人，提供商務設施。",
    "英文友善":"1",
    "日文友善":"0",
    "韓文友善":"0",
    "行動裝置充電":"0",
    "無障礙友善":"0",
    "性別友善":"1",
    "便利支付":"0",
    "素食":"0",
    "友善廁所":"1",
    "公平貿易友善":"0",
    "Free WiFi":"1",
    "自行車友善":"1",
    "哺集乳友善":"0",
    "穆斯林友善":"0",
    "月經友善":"0",
    "友善項目總計":5
    }
  },
  {
    "type": "Feature",
    "geometry": {
       "type": "Point",
       "coordinates":  [ 121.577361,25.077884 ]
    },
    "properties": {
    "行政區":"內湖區",
    "友善店家名稱":"iCAFE 艾卡啡",
    "地址":"臺北市內湖區港墘路127巷16弄9號",
    "電話":"",
    "簡介":"我們是在內湖科學園區裡的咖啡館，捷運文湖線港墘站2號出口走路6分鐘可到，或是西湖圖書館(湖光教會)公車站。\n\n溫馨小店裡提供咖啡豆販售，咖啡、茶飲與當日甜點，有舒適的環境。",
    "英文友善":"1",
    "日文友善":"0",
    "韓文友善":"0",
    "行動裝置充電":"0",
    "無障礙友善":"0",
    "性別友善":"0",
    "便利支付":"1",
    "素食":"0",
    "友善廁所":"0",
    "公平貿易友善":"0",
    "Free WiFi":"1",
    "自行車友善":"0",
    "哺集乳友善":"0",
    "穆斯林友善":"0",
    "月經友善":"0",
    "友善項目總計":3
    }
  },
  {
    "type": "Feature",
    "geometry": {
       "type": "Point",
       "coordinates":  [ 121.521345,25.094047 ]
    },
    "properties": {
    "行政區":"士林區",
    "友善店家名稱":"Sea Cup Island",
    "地址":"臺北市士林區中正路389號1樓",
    "電話":"",
    "簡介":"提供義大利麵/燉飯/各式小點/炸物/冰品\n寵物友善/婚後after party /寵物聚會/生日聚會/各種包場聚會",
    "英文友善":"1",
    "日文友善":"0",
    "韓文友善":"0",
    "行動裝置充電":"0",
    "無障礙友善":"0",
    "性別友善":"1",
    "便利支付":"0",
    "素食":"1",
    "友善廁所":"1",
    "公平貿易友善":"0",
    "Free WiFi":"1",
    "自行車友善":"0",
    "哺集乳友善":"0",
    "穆斯林友善":"0",
    "月經友善":"0",
    "友善項目總計":5
    }
  },
  {
    "type": "Feature",
    "geometry": {
       "type": "Point",
       "coordinates":  [ 121.55389,25.042325 ]
    },
    "properties": {
    "行政區":"大安區",
    "友善店家名稱":"舞良麵",
    "地址":"臺北市大安區延吉街70巷5弄3號1樓",
    "電話":"",
    "簡介":"「舞良麵」在2014年夏天創立於宜蘭縣頭城鎮，2021年遷店至臺北東區。以追求創新而獨特且優良品質為核心，擴大「麵」的界限及想像，舞出好滋味。\n最初的開始，是由一對來自臺北的情侶，當時相交5年的兩人不時思考人生下半場，一次友人介紹來到宜蘭頭城，初見龜山島及廣闊海岸線的美景衝擊心靈，直覺的明白島內移民人生即將展開。\n 「舞良麵」的開始都未經精算。租到草創原址時快夏天，所以賣涼麵。因為省成本、求效率，所以壁面貼報紙，客用桌椅用學校淘汰的課桌椅，設備多數用二手品。也因為是這樣開始，店內使用漂流木、廢棄木棧板做佈置，營運上產生的廚餘做堆肥，供應二樓花臺造景植物的養分，來延續資源回收再利用的精神，環保議題亦是「舞良麵」重要的理念核心之一。\n選擇以「涼麵」開始，是避免和在地店家做惡性競爭，在關係經營上會減少阻力外，也容易將獨特性凸顯出來。為了加強獨特性，便以各國特色為主，每款涼麵的醬汁皆量身訂做，食材配料考究自該國飲食習慣，並捨棄一般涼麵慣用的油麵，以「日本素麵」及「義大利細麵」取代再加以冰鎮，口感上顯得清涼爽口且Q彈滑溜。\n「舞」的諧音和台語的有（ㄨ）為同音，意在傳達這裡有涼麵。此外，涼麵是大眾心目中強烈既定印象的平民小吃，而「舞」字形上是有質感的，代表「舞涼麵」能跳脫思維，賦予涼麵新生命和可能性。跳舞是開心、快樂的，就像最初創作出這些餐點或店內佈置的過程。更重要的，是「舞涼麵」由兩個人構成，雙人舞遠比單人舞來的精彩可期，缺一不可。\n在宜蘭頭城開業的七年多，很幸運的受到不少人的喜愛，期間接受許多雜誌及電視媒體的採訪，「舞涼麵」在宜蘭也成為小有知名度的品牌。\n2020年底決定遷店至臺北東區。",
    "英文友善":"1",
    "日文友善":"0",
    "韓文友善":"0",
    "行動裝置充電":"0",
    "無障礙友善":"0",
    "性別友善":"1",
    "便利支付":"1",
    "素食":"1",
    "友善廁所":"0",
    "公平貿易友善":"0",
    "Free WiFi":"1",
    "自行車友善":"0",
    "哺集乳友善":"0",
    "穆斯林友善":"0",
    "月經友善":"0",
    "友善項目總計":5
    }
  },
  {
    "type": "Feature",
    "geometry": {
       "type": "Point",
       "coordinates":  [ 121.510887,25.079725 ]
    },
    "properties": {
    "行政區":"士林區",
    "友善店家名稱":"鷄極本味",
    "地址":"臺北市士林區延平北路五段31號1樓",
    "電話":"02-28169749",
    "簡介":"我們的緣起\n「溫暖強力的後盾」\n從事護理相關工作多年的三姐妹,深切體會病人需求, 有感家屬辛勞,更眼見一群不眠不休的醫療團隊在背後 默默付出努力,想起兒時母親細心熬煮的滴雞精,奠定健康的穩定基礎,盼能將這份溫暖味道分享給大家,成為辛苦朋友的強力後盾。\n我們的信念\n「追求極致健康本味」\n秉持「追求極致健康本味」的品牌信念,從雞隻嚴選到製程,每一個細節毫不妥協。\n為了讓需要營養補充需求的病人、家屬和醫護人員, 用心做出最優質的滴雞精,讓大家安心飲用,守護每一位朋友的健康。\n我們的專業\n「用心傾力打造的好味道」\n家中長年從事畜牧養雞的背景是我們挑選優良雞隻、控管品質的關鍵。\n用嚴選台灣雞隻,遵循古法精製16小時嚴謹的慢火細燉及一道道繁複程序所打造的滴雞精,是「雞極本味」的堅持也是我們的專業。",
    "英文友善":"0",
    "日文友善":"0",
    "韓文友善":"0",
    "行動裝置充電":"1",
    "無障礙友善":"0",
    "性別友善":"1",
    "便利支付":"1",
    "素食":"1",
    "友善廁所":"1",
    "公平貿易友善":"0",
    "Free WiFi":"1",
    "自行車友善":"0",
    "哺集乳友善":"1",
    "穆斯林友善":"0",
    "月經友善":"1",
    "友善項目總計":8
    }
  },
  {
    "type": "Feature",
    "geometry": {
       "type": "Point",
       "coordinates":  [ 121.565796,24.982844 ]
    },
    "properties": {
    "行政區":"文山區",
    "友善店家名稱":"鵝肉世家",
    "地址":"臺北市文山區木新路二段283號一樓",
    "電話":"",
    "簡介":"【鵝肉世家】顧名思義為鵝肉專賣店，主打各式各樣以鵝肉為主的料理，並搭配飯、麵、時蔬…等主食與配菜，為您點綴繽紛豐富的餐桌饗宴～而店內一貫的親民路線，讓您以樸實的價位，便能大快朵頤真材實料的美味，保證您直呼過癮！",
    "英文友善":"0",
    "日文友善":"0",
    "韓文友善":"0",
    "行動裝置充電":"0",
    "無障礙友善":"0",
    "性別友善":"0",
    "便利支付":"1",
    "素食":"0",
    "友善廁所":"1",
    "公平貿易友善":"0",
    "Free WiFi":"0",
    "自行車友善":"0",
    "哺集乳友善":"0",
    "穆斯林友善":"0",
    "月經友善":"0",
    "友善項目總計":2
    }
  },
  {
    "type": "Feature",
    "geometry": {
       "type": "Point",
       "coordinates":  [ 121.615155,25.053917 ]
    },
    "properties": {
    "行政區":"南港區",
    "友善店家名稱":"Timchi’s 週末肉桂捲",
    "地址":"臺北市南港區中南街50號1樓",
    "電話":"",
    "簡介":"肉桂捲，十足的香氣，足夠濕潤的麵體，微酥內層再配上濃郁甜度適中的淋醬。微嗆辣的口感絕對要推薦給大家。\n可麗露脆又香的外皮跟軟軟QQ的內芯則是好吃到讓人覺得此生難忘。\n同時磅蛋糕也有許多種口味任君挑選。\n店內的產品包裝也都很精緻，非常可愛很適合送禮！\n",
    "英文友善":"0",
    "日文友善":"0",
    "韓文友善":"0",
    "行動裝置充電":"0",
    "無障礙友善":"0",
    "性別友善":"1",
    "便利支付":"0",
    "素食":"1",
    "友善廁所":"0",
    "公平貿易友善":"0",
    "Free WiFi":"0",
    "自行車友善":"1",
    "哺集乳友善":"0",
    "穆斯林友善":"0",
    "月經友善":"0",
    "友善項目總計":3
    }
  },
  {
    "type": "Feature",
    "geometry": {
       "type": "Point",
       "coordinates":  [ 121.573635,24.989909 ]
    },
    "properties": {
    "行政區":"文山區",
    "友善店家名稱":"Mr. Light 輕食先生",
    "地址":"臺北市文山區新光路一段50號",
    "電話":"02-29368011",
    "簡介":"2020年，Mr. Light 輕食先生成立於政大校園，從外送餐盒起家，同年8月在新光路上開設第一間店。 我們相信健康的食物可以兼具美味，秉持著「新鮮健康、方便快速、顧客至上」三大價值，為台灣餐食環境帶來正向影響力。 如果你也熱愛健康生活，支持健康飲食，那你也是Mr. Light 輕食先生的一份子",
    "英文友善":"1",
    "日文友善":"0",
    "韓文友善":"0",
    "行動裝置充電":"1",
    "無障礙友善":"0",
    "性別友善":"0",
    "便利支付":"1",
    "素食":"0",
    "友善廁所":"1",
    "公平貿易友善":"0",
    "Free WiFi":"1",
    "自行車友善":"0",
    "哺集乳友善":"0",
    "穆斯林友善":"0",
    "月經友善":"0",
    "友善項目總計":5
    }
  },
  {
    "type": "Feature",
    "geometry": {
       "type": "Point",
       "coordinates":  [ 121.590701,24.967068 ]
    },
    "properties": {
    "行政區":"文山區",
    "友善店家名稱":"山上咖啡",
    "地址":"臺北市文山區指南路3段38巷33-7號一樓",
    "電話":"02-29370148",
    "簡介":"位於臺北市貓空山上的山上咖啡，提供您一個遠離城市喧囂的寧靜角落。無論是晨間的清新空氣，還是夜晚的繁星點點，這裡都是您放鬆心靈的理想之地。我們的營業時間為平日早上10點至晚上11點，假日則延長至凌晨2點，讓您在任何時刻都能享受美味的咖啡與甜點。店內設計融合自然元素與現代風格，提供舒適的座位與溫馨的氛圍。無論是獨自一人享受閱讀時光，還是與朋友聚會聊天，山上咖啡都是您的最佳選擇。歡迎來到山上咖啡，體驗一段美好的時光。",
    "英文友善":"1",
    "日文友善":"0",
    "韓文友善":"0",
    "行動裝置充電":"1",
    "無障礙友善":"1",
    "性別友善":"1",
    "便利支付":"1",
    "素食":"1",
    "友善廁所":"1",
    "公平貿易友善":"1",
    "Free WiFi":"1",
    "自行車友善":"1",
    "哺集乳友善":"0",
    "穆斯林友善":"0",
    "月經友善":"1",
    "友善項目總計":11
    }
  },
  {
    "type": "Feature",
    "geometry": {
       "type": "Point",
       "coordinates":  [ 121.583619,25.078702 ]
    },
    "properties": {
    "行政區":"內湖區",
    "友善店家名稱":"植膳",
    "地址":"臺北市內湖區文德路103號",
    "電話":"",
    "簡介":"植膳整合實體與網路以便提供消費者全方位的服務, 同時以各項活動與服務來深入非素食,非蔬食者群體, 讓食肉者也能體驗植物肉, 蔬食, 素食相關產品也很美味. 也期許成為蔬食者在內湖與大直區的飲食庇護所, 提供日常所需. 提供各式素食(全素, 奶蛋素, 奶素, 蛋素) 與蔬食 (五辛素) 冷凍, 冷藏與常溫食品.",
    "英文友善":"1",
    "日文友善":"1",
    "韓文友善":"1",
    "行動裝置充電":"0",
    "無障礙友善":"0",
    "性別友善":"1",
    "便利支付":"1",
    "素食":"1",
    "友善廁所":"0",
    "公平貿易友善":"0",
    "Free WiFi":"0",
    "自行車友善":"0",
    "哺集乳友善":"0",
    "穆斯林友善":"0",
    "月經友善":"0",
    "友善項目總計":6
    }
  },
  {
    "type": "Feature",
    "geometry": {
       "type": "Point",
       "coordinates":  [ 121.526258,25.094168 ]
    },
    "properties": {
    "行政區":"士林區",
    "友善店家名稱":"胡思二手書店",
    "地址":"臺北市士林區中正路235巷44號",
    "電話":"02-88615828",
    "簡介":"胡思二手書店成立於2002年。自開店以來，秉持著「人文、環保、知識再生」的理念，將各類二手書籍悉心修補、整理，再透過實體和網路書店為她們尋找新的主人，讓書中無形的知識得以世代傳承，同時減少紙張耗費與友善環境。\n\n我們珍視每一本書的價值、重視人與人之間的良好互動，期待愛書人在胡思找到更多閱讀的記憶和尋寶的樂趣！",
    "英文友善":"0",
    "日文友善":"0",
    "韓文友善":"0",
    "行動裝置充電":"0",
    "無障礙友善":"0",
    "性別友善":"1",
    "便利支付":"1",
    "素食":"0",
    "友善廁所":"0",
    "公平貿易友善":"0",
    "Free WiFi":"0",
    "自行車友善":"1",
    "哺集乳友善":"0",
    "穆斯林友善":"0",
    "月經友善":"0",
    "友善項目總計":3
    }
  },
  {
    "type": "Feature",
    "geometry": {
       "type": "Point",
       "coordinates":  [ 121.506085,25.042639 ]
    },
    "properties": {
    "行政區":"萬華區",
    "友善店家名稱":"幸福搖搖-西門1號店",
    "地址":"臺北市萬華區成都路54號1樓",
    "電話":"02-23832213",
    "簡介":"樂多多集團旗下品牌-幸福搖搖Blissful Shake手搖飲，提供台灣最道地美味的飲品，主要明星商品「黑糖珍珠鮮奶」也是國內、外旅遊客喜愛的台灣美食之一，門市提供免費Wifi、多國語言菜單、行動裝置充電、性別友善、便利支付的友善消費環境。\n\n幸福 ‧ 快樂 ‧ 分享\n期許能為客人創造幸福快樂的餐飲享受，幸福搖搖也在集團的初衷下，用一杯好茶調和著幸福味道，呈現於眼前。\n\n繽紛 ‧ 年輕 ‧ 創意\n掌握各式各樣茶葉與調性、精心研發獨特的品茶體驗， 茶飲不僅止於味覺的享受，也是視覺的藝術，每一杯茶飲，都是一幅繽紛的藝術品。\n\n創新體驗只為完成心裡的期待\n讓每一杯茶飲都更貼近您的口味，帶來滿足和驚喜。期待與你共享美好，一杯茶，一個創意的故事。",
    "英文友善":"1",
    "日文友善":"1",
    "韓文友善":"1",
    "行動裝置充電":"1",
    "無障礙友善":"0",
    "性別友善":"1",
    "便利支付":"1",
    "素食":"0",
    "友善廁所":"0",
    "公平貿易友善":"0",
    "Free WiFi":"1",
    "自行車友善":"0",
    "哺集乳友善":"0",
    "穆斯林友善":"0",
    "月經友善":"0",
    "友善項目總計":7
    }
  },
  {
    "type": "Feature",
    "geometry": {
       "type": "Point",
       "coordinates":  [ 121.604204,25.053757 ]
    },
    "properties": {
    "行政區":"南港區",
    "友善店家名稱":"手手生活",
    "地址":"臺北市南港區南港路2段13號",
    "電話":"",
    "簡介":"Hands在這裡想做的是透過設計讓工藝與生活取得平衡，把美好的手做技藝從生活中找回來，找回生活最初的單純與樸質。\n南港瓶蓋工廠經過整修，以瓶蓋工廠臺北製造所面貌重新開放，將歷史場景中的製造轉化為手創，透過設計為園區注入養份，以編織手法相互串連空間，成為日常交流的平台與互動場所。\nTaipei CREALife NEXUS 臺北創生活聚落 TCN 的成立是我們致力於推動工業設計發展、培育創意經濟的具體行動。這個聚落將成為青創、新創及文創的台灣品牌的重要據點，為他們提供品牌營銷輔導、促進交流和舉辦各類活動的平台。我們相信，美是生活的重要元素，而 #TCN 將成為推廣生活美學和傳承文化的重要場所。",
    "英文友善":"1",
    "日文友善":"1",
    "韓文友善":"1",
    "行動裝置充電":"1",
    "無障礙友善":"1",
    "性別友善":"1",
    "便利支付":"1",
    "素食":"0",
    "友善廁所":"1",
    "公平貿易友善":"0",
    "Free WiFi":"0",
    "自行車友善":"1",
    "哺集乳友善":"1",
    "穆斯林友善":"0",
    "月經友善":"0",
    "友善項目總計":10
    }
  },
  {
    "type": "Feature",
    "geometry": {
       "type": "Point",
       "coordinates":  [ 121.526255,25.092127 ]
    },
    "properties": {
    "行政區":"士林區",
    "友善店家名稱":"天東86牛肉麵-士林店",
    "地址":"臺北市士林區文林路310號",
    "電話":"02-28881030",
    "簡介":"「 堅持30年，只為一碗好麵 」\n天東86牛肉麵是天母在地經營30年的老店，前身是間沒有名字的傳統老店。後來經第二代接手後，加入現代化的創新元素以及堅持與努力不懈的經營，慢慢成為天母地區小有名氣的牛肉麵店。\n因老店前身位於天母東路86號，因此正名為《天東86牛肉麵》\n天東86牛肉麵，目前在士林區文林路及信義區永吉路各有一家分店",
    "英文友善":"1",
    "日文友善":"0",
    "韓文友善":"0",
    "行動裝置充電":"0",
    "無障礙友善":"0",
    "性別友善":"1",
    "便利支付":"0",
    "素食":"0",
    "友善廁所":"0",
    "公平貿易友善":"0",
    "Free WiFi":"0",
    "自行車友善":"0",
    "哺集乳友善":"0",
    "穆斯林友善":"0",
    "月經友善":"0",
    "友善項目總計":2
    }
  },
  {
    "type": "Feature",
    "geometry": {
       "type": "Point",
       "coordinates":  [ 121.53561,25.117978 ]
    },
    "properties": {
    "行政區":"士林區",
    "友善店家名稱":"天東86牛肉麵-天母店",
    "地址":"臺北市士林區天母東路86號",
    "電話":"02-28734649",
    "簡介":"「 堅持30年，只為一碗好麵 」\n天東86牛肉麵是天母在地經營30年的老店，前身是間沒有名字的傳統老店。後來經第二代接手後，加入現代化的創新元素以及堅持與努力不懈的經營，慢慢成為天母地區小有名氣的牛肉麵店。\n因老店前身位於天母東路86號，因此正名為《天東86牛肉麵》\n天東86牛肉麵，目前在士林區文林路及信義區永吉路各有一家分店",
    "英文友善":"1",
    "日文友善":"0",
    "韓文友善":"0",
    "行動裝置充電":"0",
    "無障礙友善":"0",
    "性別友善":"1",
    "便利支付":"0",
    "素食":"1",
    "友善廁所":"1",
    "公平貿易友善":"0",
    "Free WiFi":"1",
    "自行車友善":"0",
    "哺集乳友善":"0",
    "穆斯林友善":"0",
    "月經友善":"0",
    "友善項目總計":5
    }
  },
  {
    "type": "Feature",
    "geometry": {
       "type": "Point",
       "coordinates":  [ 121.525543,25.035831 ]
    },
    "properties": {
    "行政區":"中正區",
    "友善店家名稱":"N2 Coffee Bike",
    "地址":"臺北市中正區信義路二段17巷10號",
    "電話":"0958-215106",
    "簡介":"氛圍放鬆的小店，用心製作的氮氣冷萃咖啡,清爽又順口甘甜, ,坐在路傍,放鬆一下~~很特別的氮氣咖啡，出發前可以先預約喔。",
    "英文友善":"1",
    "日文友善":"1",
    "韓文友善":"1",
    "行動裝置充電":"1",
    "無障礙友善":"0",
    "性別友善":"1",
    "便利支付":"1",
    "素食":"0",
    "友善廁所":"1",
    "公平貿易友善":"0",
    "Free WiFi":"0",
    "自行車友善":"0",
    "哺集乳友善":"0",
    "穆斯林友善":"0",
    "月經友善":"0",
    "友善項目總計":7
    }
  },
  {
    "type": "Feature",
    "geometry": {
       "type": "Point",
       "coordinates":  [ 121.528482,25.022402 ]
    },
    "properties": {
    "行政區":"大安區",
    "友善店家名稱":"永豐盛包子饅頭專賣",
    "地址":"臺北市大安區師大路111號1樓",
    "電話":"981009828",
    "簡介":"古早味現作包子饅頭，當天新鮮現做，堅持不加化學添加物，秉持健康實在",
    "英文友善":"1",
    "日文友善":"1",
    "韓文友善":"0",
    "行動裝置充電":"0",
    "無障礙友善":"0",
    "性別友善":"1",
    "便利支付":"1",
    "素食":"1",
    "友善廁所":"0",
    "公平貿易友善":"0",
    "Free WiFi":"0",
    "自行車友善":"0",
    "哺集乳友善":"0",
    "穆斯林友善":"0",
    "月經友善":"0",
    "友善項目總計":5
    }
  },
  {
    "type": "Feature",
    "geometry": {
       "type": "Point",
       "coordinates":  [ 121.531796,25.028956 ]
    },
    "properties": {
    "行政區":"大安區",
    "友善店家名稱":"娜姆尼尼泊爾商行",
    "地址":"臺北市大安區永康街75巷32號1樓",
    "電話":"981826286",
    "簡介":"尼泊爾夫與台灣妻共同創立的尼泊爾特色商品小店，2021 於永康商圈開設實體 店面，主要販售音療樂器、香、唐卡及圍巾披肩配件…等手工藝產品，店內許多 古玩藝品出自尼泊爾當地技藝高超的工匠之手，蘊含深厚信仰與風土民情，傳 承數百年的文化工藝於其中。 品牌以尼泊爾一位古早聖人為名，期許自己像祂一樣愛著尼泊爾這片土地，店 主夫妻親自走訪選品上游廠商嚴格控管品質及製作環境，僅親選能感動自身的 商品，尤其是音療樂器類如頌缽、銅鑼、鈴，看過、摸過、聽過，才能下手，讓 娜姆尼成為尼泊爾文化的散播者。 綜上所述，品牌定位「尼泊爾心感手工藝」特以中性的「心感」一詞表述娜姆 尼涵納心靈療癒與信仰文化之藝品，連同音療專業服務，傳達需用心感受之價 值，為使用者帶來心靈的安慰，賞心也悅目。",
    "英文友善":"1",
    "日文友善":"0",
    "韓文友善":"0",
    "行動裝置充電":"0",
    "無障礙友善":"0",
    "性別友善":"1",
    "便利支付":"1",
    "素食":"0",
    "友善廁所":"0",
    "公平貿易友善":"1",
    "Free WiFi":"0",
    "自行車友善":"0",
    "哺集乳友善":"0",
    "穆斯林友善":"0",
    "月經友善":"0",
    "友善項目總計":4
    }
  },
  {
    "type": "Feature",
    "geometry": {
       "type": "Point",
       "coordinates":  [ 121.500494,25.037064 ]
    },
    "properties": {
    "行政區":"萬華區",
    "友善店家名稱":"德草安青 ",
    "地址":"臺北市萬華區西昌街218號",
    "電話":"958885363",
    "簡介":"中草藥材批發零售，各式茶包，各式養生膳飲，手工甜品",
    "英文友善":"1",
    "日文友善":"1",
    "韓文友善":"1",
    "行動裝置充電":"0",
    "無障礙友善":"0",
    "性別友善":"1",
    "便利支付":"0",
    "素食":"0",
    "友善廁所":"0",
    "公平貿易友善":"0",
    "Free WiFi":"0",
    "自行車友善":"0",
    "哺集乳友善":"0",
    "穆斯林友善":"0",
    "月經友善":"0",
    "友善項目總計":4
    }
  },
  {
    "type": "Feature",
    "geometry": {
       "type": "Point",
       "coordinates":  [ 121.50662,25.043519 ]
    },
    "properties": {
    "行政區":"萬華區",
    "友善店家名稱":"美觀園 臺北城老舖烹派日料",
    "地址":"臺北市萬華區峨嵋街36號1樓",
    "電話":"926121766",
    "簡介":"美觀園創始人張民瓊先生日治時期肄業於林學堂畢業後，於民國十三年回國任職於鐵路局，服務於北部基隆與臺北。為籌資向舊柳屋廚具交涉，學得一手高超工夫。後因日幣無法折換回臺，遂棄職返家，於五四年北港房屋全部改建新式三層樓，並大力張羅置辦一切，將銷售擴展到五鄉區，頗具成績。創始人張民瓊先生逝世後，其孫張卯力接手經營。美觀園迄今六十年歷史，無論景物如何變遷，秉持優良服務，並傳承老鋪之傳統文化。",
    "英文友善":"1",
    "日文友善":"0",
    "韓文友善":"0",
    "行動裝置充電":"0",
    "無障礙友善":"1",
    "性別友善":"0",
    "便利支付":"0",
    "素食":"0",
    "友善廁所":"1",
    "公平貿易友善":"0",
    "Free WiFi":"0",
    "自行車友善":"0",
    "哺集乳友善":"0",
    "穆斯林友善":"0",
    "月經友善":"0",
    "友善項目總計":3
    }
  },
  {
    "type": "Feature",
    "geometry": {
       "type": "Point",
       "coordinates":  [ 121.498859,25.034849 ]
    },
    "properties": {
    "行政區":"萬華區",
    "友善店家名稱":"Mine Mine",
    "地址":"臺北市萬華區西園路一段236號一樓",
    "電話":"937860061",
    "簡介":"歡迎光臨mine mine cafe☕️\n以好的品質為初衷\n本店提供舒適輕鬆的用餐環境\n讓您放慢腳步，好好享用每一餐",
    "英文友善":"1",
    "日文友善":"0",
    "韓文友善":"0",
    "行動裝置充電":"0",
    "無障礙友善":"0",
    "性別友善":"1",
    "便利支付":"1",
    "素食":"1",
    "友善廁所":"1",
    "公平貿易友善":"0",
    "Free WiFi":"0",
    "自行車友善":"0",
    "哺集乳友善":"0",
    "穆斯林友善":"0",
    "月經友善":"0",
    "友善項目總計":5
    }
  },
  {
    "type": "Feature",
    "geometry": {
       "type": "Point",
       "coordinates":  [ 121.500052,25.040067 ]
    },
    "properties": {
    "行政區":"萬華區",
    "友善店家名稱":"涼粉伯",
    "地址":"臺北市萬華區貴陽街二段202號",
    "電話":"",
    "簡介":"日治時期從蕨餅改良的台日混血甜點。\n用蕃薯粉加水，加熱不斷攪拌，直至黏稠狀，放涼後切塊冰鎮出Q度。\n細緻的沾粉使用麵粉乾炒、過篩、拌糖後方能使用。\n涼粉伯（辜明雄）1960開始推攤搖鈴在萬華大街小巷販售，2010二代接手，2017移至貴陽店面現址。",
    "英文友善":"0",
    "日文友善":"0",
    "韓文友善":"0",
    "行動裝置充電":"0",
    "無障礙友善":"1",
    "性別友善":"1",
    "便利支付":"0",
    "素食":"1",
    "友善廁所":"0",
    "公平貿易友善":"0",
    "Free WiFi":"0",
    "自行車友善":"0",
    "哺集乳友善":"0",
    "穆斯林友善":"0",
    "月經友善":"0",
    "友善項目總計":3
    }
  },
  {
    "type": "Feature",
    "geometry": {
       "type": "Point",
       "coordinates":  [ 121.533164,25.117426 ]
    },
    "properties": {
    "行政區":"士林區",
    "友善店家名稱":"茶韻普洱茶專賣店",
    "地址":"臺北市士林區天母東路50巷20-10號",
    "電話":"02-28768855",
    "簡介":"專業經營普洱茶,線上商品超過200種,專業經營老鐵壺,老銀壺,茶道具,給您最完整的普洱茶.老鐵壺,銀壺資訊,所有的商品皆保證真品,可全然的放心購買.",
    "英文友善":"0",
    "日文友善":"1",
    "韓文友善":"0",
    "行動裝置充電":"1",
    "無障礙友善":"0",
    "性別友善":"0",
    "便利支付":"1",
    "素食":"0",
    "友善廁所":"0",
    "公平貿易友善":"0",
    "Free WiFi":"1",
    "自行車友善":"0",
    "哺集乳友善":"0",
    "穆斯林友善":"0",
    "月經友善":"0",
    "友善項目總計":4
    }
  },
  {
    "type": "Feature",
    "geometry": {
       "type": "Point",
       "coordinates":  [ 121.538394,24.995638 ]
    },
    "properties": {
    "行政區":"文山區",
    "友善店家名稱":"富之家",
    "地址":"臺北市文山區溪口街89號",
    "電話":"02-86638630",
    "簡介":"景美在地傳承三代之傳統糕餅舖,專賣祭祀用的壽桃、麵龜和刈包·有獨立店\n面,也在鄰近傳統市場擺攤販售。第二代老間改良傳統,以製作麵包的功夫結\n合鮮奶·賦予手撕饅頭、壽桃和刈包獨特的層次口感·為了堅持品質和支持本\n地小農·富家僅使用鮮奶,而非市售奶粉、保久乳,提升了產品的獨特賣點·深\n受喜愛和認可·除了使用在地小農鮮乳,對其他食材也講究用心,桂圓蛋糕特\n選台南東山的土窯古法烘焙龍眼乾;新開發的紅麹發糕,不以傳統染色方式製\n作。使用麹原料增加營養價值;許多商品改以海藻糖製作,呼應時下減糖、低糖\n之健康風潮。\n老餅舖與時俱進,數十年來不斷改良革新,提升食材品質與口味,即使賣的是\n傳統祭祀糕餅·卻與現代消費意識接軌,以優質食材兼顧美味與健康,滿足不\n吃祭祀供品的新客群,品牌定位「進化式美味傳統糕點」由此而來。",
    "英文友善":"0",
    "日文友善":"0",
    "韓文友善":"0",
    "行動裝置充電":"0",
    "無障礙友善":"0",
    "性別友善":"1",
    "便利支付":"0",
    "素食":"1",
    "友善廁所":"0",
    "公平貿易友善":"0",
    "Free WiFi":"0",
    "自行車友善":"0",
    "哺集乳友善":"0",
    "穆斯林友善":"0",
    "月經友善":"0",
    "友善項目總計":2
    }
  },
  {
    "type": "Feature",
    "geometry": {
       "type": "Point",
       "coordinates":  [ 121.533659,25.025735 ]
    },
    "properties": {
    "行政區":"大安區",
    "友善店家名稱":"土然巧克力專門店",
    "地址":"臺北市大安區溫州街7號1樓",
    "電話":"02-23636355",
    "簡介":"TERRA，在拉丁文中意即大地，蘊含溫暖踏實、飽富生命力的能量。為了探索可可的富麗風味，表徵土地原貌與自然惠賜的土然因而誕生，堅持 bean to bar 的製作過程，以親自挑選原豆進行烘焙、親手研製調溫作巧克力磚為基礎，打造全臺最多產區的 bean to bar 巧克力品牌。",
    "英文友善":"1",
    "日文友善":"0",
    "韓文友善":"0",
    "行動裝置充電":"1",
    "無障礙友善":"0",
    "性別友善":"1",
    "便利支付":"0",
    "素食":"1",
    "友善廁所":"0",
    "公平貿易友善":"0",
    "Free WiFi":"0",
    "自行車友善":"0",
    "哺集乳友善":"0",
    "穆斯林友善":"0",
    "月經友善":"0",
    "友善項目總計":4
    }
  },
  {
    "type": "Feature",
    "geometry": {
       "type": "Point",
       "coordinates":  [ 121.530437,25.063652 ]
    },
    "properties": {
    "行政區":"中山區",
    "友善店家名稱":"大鼎豬血湯",
    "地址":"臺北市中山區吉林路319號",
    "電話":"02-25862201",
    "簡介":"祖傳三代的大鼎豬血湯，第一代從臺北昌吉街豬屠口發跡，第二代長子帶領著 7 個 子女傳承家族獨門手藝口味。招牌豬血滑嫩似豆腐，每天半夜送來的新鮮豬血現切 現煮，並以秘製配方大骨熬湯底，有「天然紅豆腐」的封號。除了招牌的豬血湯， 另有豐富多樣的主食餐點，控腳輪飯、滷肉飯、新竹炒米粉.... ，精選自台灣在地 食材，為深具特色的古早味小吃。\n",
    "英文友善":"0",
    "日文友善":"0",
    "韓文友善":"0",
    "行動裝置充電":"0",
    "無障礙友善":"0",
    "性別友善":"1",
    "便利支付":"0",
    "素食":"0",
    "友善廁所":"1",
    "公平貿易友善":"0",
    "Free WiFi":"0",
    "自行車友善":"0",
    "哺集乳友善":"0",
    "穆斯林友善":"0",
    "月經友善":"0",
    "友善項目總計":2
    }
  },
  {
    "type": "Feature",
    "geometry": {
       "type": "Point",
       "coordinates":  [ 121.552946,25.034573 ]
    },
    "properties": {
    "行政區":"大安區",
    "友善店家名稱":"MYRA",
    "地址":"臺北市大安區安和路一段127巷6號",
    "電話":"",
    "簡介":"創辦人母親說過：\n「幸福要有一道缺口，才能讓幸福感流向他人」，\n一口咬下餅乾的缺口，讓MYRA圓滿每個幸福的時刻。\nMYRA無論是達克瓦茲、暖餅乾或沙布列鐵盒餅乾等產品，\n皆大量採用台灣食材如鐵觀音茶、土鳳梨、桂花、麵茶與龍眼，\n並融入精緻擠花手法，讓台灣四季之美綻放在眼前與舌尖。",
    "英文友善":"1",
    "日文友善":"0",
    "韓文友善":"0",
    "行動裝置充電":"0",
    "無障礙友善":"0",
    "性別友善":"1",
    "便利支付":"1",
    "素食":"0",
    "友善廁所":"0",
    "公平貿易友善":"0",
    "Free WiFi":"0",
    "自行車友善":"0",
    "哺集乳友善":"0",
    "穆斯林友善":"0",
    "月經友善":"1",
    "友善項目總計":4
    }
  },
  {
    "type": "Feature",
    "geometry": {
       "type": "Point",
       "coordinates":  [ 121.503924,25.038805 ]
    },
    "properties": {
    "行政區":"萬華區",
    "友善店家名稱":"得嘉野Dejia's Brunch",
    "地址":"臺北市萬華區昆明街278號1樓",
    "電話":"02-23146857",
    "簡介":"萬華昆明街上，一大清早天未亮，\n得嘉媽媽洗手進廚房， 一鍋原豆清洗打漿，豆漿煮沸放涼。\n她的美味起手式，從這裡開始...\n紫薯炊煮熬泥，三明治營養有顏值; \n牛肉排厚工拍打，練就口感與肉汁;\n義麵的紅醬白醬，都要調配細緻~\n不捨女兒外食，現成加工品哪有自做好吃?\n從傳統早餐起家，堅持手做食材好品質。 \n20 多種產品自製，20 多年如一日，\n媽媽的手作早午餐，女兒同心堅持，\n一餡一醬一飲，守護每一天的味覺之始。",
    "英文友善":"0",
    "日文友善":"0",
    "韓文友善":"0",
    "行動裝置充電":"0",
    "無障礙友善":"0",
    "性別友善":"0",
    "便利支付":"0",
    "素食":"0",
    "友善廁所":"0",
    "公平貿易友善":"0",
    "Free WiFi":"1",
    "自行車友善":"0",
    "哺集乳友善":"0",
    "穆斯林友善":"0",
    "月經友善":"0",
    "友善項目總計":1
    }
  },
  {
    "type": "Feature",
    "geometry": {
       "type": "Point",
       "coordinates":  [ 121.51487,25.054976 ]
    },
    "properties": {
    "行政區":"大同區",
    "友善店家名稱":"李掌伯",
    "地址":"臺北市大同區寧夏路22-9號",
    "電話":"02-25566466",
    "簡介":"一家台灣味路邊攤小吃不斷迭代進化，\n1951，李煙陣於雙連市場以麵線攤起家，\n1996，二代李秀男寧夏路賣鞋多年後回歸父業加入臭豆腐，\n1998，當上里長，帶動攤商投入夜市改造，生意通達。\n2005，三代李啟榮辭外商返家，啟動臭豆腐創意研發，\n以父親20年的里長伯為招牌，設店面開始企業化。\n包括原本的油炸與麻辣，創造出臭豆腐六種吃法，\n清蒸、水煮不在話下；還融味餛飩、抄手、金沙。\n臭豆腐種類、配料、刀工、醬汁…，吃法不同各有所搭。\n破布子口味現點現蒸入味軟嫩，炸三寶香酥口感佳。\n麻辣鴨血臭豆腐獨門四鍋湯頭，任選不辣與小中大辣；\n台式炸臭豆腐非基改黃豆，酥脆出鍋經典昇華。\n香酥嫩麻辣脆，一次到味；臭豆腐全集，只此一家。\n三代盡心耕耘不懈，造就前總統口中的「夭壽好呷」。\n國宴級平實價，2024改名李掌伯，品牌造起來再進化!",
    "英文友善":"1",
    "日文友善":"1",
    "韓文友善":"1",
    "行動裝置充電":"0",
    "無障礙友善":"0",
    "性別友善":"1",
    "便利支付":"1",
    "素食":"0",
    "友善廁所":"1",
    "公平貿易友善":"0",
    "Free WiFi":"0",
    "自行車友善":"0",
    "哺集乳友善":"0",
    "穆斯林友善":"0",
    "月經友善":"0",
    "友善項目總計":6
    }
  },
  {
    "type": "Feature",
    "geometry": {
       "type": "Point",
       "coordinates":  [ 121.532413,25.018754 ]
    },
    "properties": {
    "行政區":"大安區",
    "友善店家名稱":"至香園",
    "地址":"臺北市大安區新生南路三段86巷15號",
    "電話":"",
    "簡介":"香園祖傳三代的好味道，沙茶牛肉乾麵是本店招牌，現涮牛肉片加上特製細麵，爽脆的有機豆芽再加上自製研磨花生粉，帶勁滋味傳香一甲子",
    "英文友善":"1",
    "日文友善":"0",
    "韓文友善":"0",
    "行動裝置充電":"0",
    "無障礙友善":"0",
    "性別友善":"0",
    "便利支付":"1",
    "素食":"0",
    "友善廁所":"1",
    "公平貿易友善":"0",
    "Free WiFi":"0",
    "自行車友善":"0",
    "哺集乳友善":"0",
    "穆斯林友善":"0",
    "月經友善":"0",
    "友善項目總計":3
    }
  },
  {
    "type": "Feature",
    "geometry": {
       "type": "Point",
       "coordinates":  [ 121.575475,24.987622 ]
    },
    "properties": {
    "行政區":"文山區",
    "友善店家名稱":"小公寓咖啡",
    "地址":"臺北市文山區指南路二段56號2樓",
    "電話":"02-29392790",
    "簡介":"隱身在政大旁邊的小咖啡廳，當你踏上階梯前往小公寓的時候，你會找到一個屬於自己的小角落，享受屬於自己的休閒時光！",
    "英文友善":"1",
    "日文友善":"0",
    "韓文友善":"0",
    "行動裝置充電":"1",
    "無障礙友善":"0",
    "性別友善":"1",
    "便利支付":"1",
    "素食":"0",
    "友善廁所":"0",
    "公平貿易友善":"0",
    "Free WiFi":"1",
    "自行車友善":"0",
    "哺集乳友善":"0",
    "穆斯林友善":"0",
    "月經友善":"0",
    "友善項目總計":5
    }
  },
  {
    "type": "Feature",
    "geometry": {
       "type": "Point",
       "coordinates":  [ 121.542918,25.023364 ]
    },
    "properties": {
    "行政區":"大安區",
    "友善店家名稱":"貝倫坊",
    "地址":"臺北市大安區和平東路二段118巷37號",
    "電話":"02-2732-3391",
    "簡介":"烘焙師的大航海餐桌\n\n5百多年來，貝倫塔屹立在里斯本港口，\n\n見證著大航海時代的開場，船帆四海征拓。\n\n文化藝術、貨物食物與香料，八方交流融合。\n\n繞過半個地球，熱愛烘焙的呂宗原回台創業，\n\n左手擀麵棍與烤箱，右手煎鏟與燉鍋，\n\n跨國食材與廚藝的巧思融合，就是核心主軸。\n\n\n\n台灣鳳梨內餡塞進法國麵包，披薩滿溢法式味道，\n\n銅鑼燒其實是蛋糕，老饕必點德國脆皮豬腳，\n\n牛排讓位，威靈頓雞腿排翻味英倫經典，\n\n蛤蠣義大利麵拌炒麻辣小卷，台義妙搭麻香味鮮。\n\n和平東路靜巷公園邊，有一家餐廳與麵包店，\n\n跟著烘焙師兼主廚轉動舵輪出航，\n\n貝倫坊邀您，舌尖揚帆，一口融四方!",
    "英文友善":"1",
    "日文友善":"0",
    "韓文友善":"0",
    "行動裝置充電":"0",
    "無障礙友善":"1",
    "性別友善":"0",
    "便利支付":"1",
    "素食":"1",
    "友善廁所":"1",
    "公平貿易友善":"0",
    "Free WiFi":"1",
    "自行車友善":"0",
    "哺集乳友善":"0",
    "穆斯林友善":"0",
    "月經友善":"0",
    "友善項目總計":6
    }
  },
  {
    "type": "Feature",
    "geometry": {
       "type": "Point",
       "coordinates":  [ 121.513699,25.049551 ]
    },
    "properties": {
    "行政區":"大同區",
    "友善店家名稱":"獨樂",
    "地址":"臺北市大同區重慶北路一段1號2樓",
    "電話":"02-2558-0836",
    "簡介":"Let’s Do Sake! ─ 獨樂\n\n隱於臺北車站旁大樓的2樓，\n\n來這喝一杯，平易卻與眾不同，\n\n窗外車水馬龍，而你在另一個時空。\n\n\n\n每支酒都有清楚身世，經過反覆試喝。\n\n獨家鹽麴料理佐清酒，天生對味的組合。\n\n雞肉胡椒燒、味噌蛋黃漬、胡桃小女子…\n\n哪支酒合適？桌邊推薦來自專業清酒老師。\n\n\n\n眾人相聚暢飲、一人何妨小酌？\n\n清酒之樂樂如何？獨樂眾樂兼得。\n\n可冰飲、可溫熱，酒與人，冷暖各有風格，\n\n生活的旨味不在他方，請來清酒師的究味食樂場。",
    "英文友善":"1",
    "日文友善":"1",
    "韓文友善":"0",
    "行動裝置充電":"0",
    "無障礙友善":"0",
    "性別友善":"0",
    "便利支付":"1",
    "素食":"0",
    "友善廁所":"0",
    "公平貿易友善":"0",
    "Free WiFi":"0",
    "自行車友善":"0",
    "哺集乳友善":"0",
    "穆斯林友善":"0",
    "月經友善":"1",
    "友善項目總計":4
    }
  },
  {
    "type": "Feature",
    "geometry": {
       "type": "Point",
       "coordinates":  [ 121.536298,25.048507 ]
    },
    "properties": {
    "行政區":"中山區",
    "友善店家名稱":"凱樂烘焙",
    "地址":"臺北市中山區長安東路二段131之4號",
    "電話":"02-22191899#19",
    "簡介":"惜味有鄰，佳焙安心 ── 凱樂烘焙\n\n1968，在長安東路以傳統台式麵包起家，\n\n每天清晨，絡繹買早餐的客人像走自家灶咖。\n\n而後歐式、日式麵包還有各種糕點，不停精益研發，\n\n一心要讓厝邊客、莘莘學子吃得安穩開心，\n\n食材講究，口味創新，幾十年來各種比賽常勝軍。\n\n卵香牛軋糖&卵香牛軋餅是秘方招牌點心，\n\n堅持新鮮紅殼蛋費時現打，綿香軟Q不黏牙，\n\n老少都愛，內行觀光客伴手禮掃貨必達。\n\n勤奮惜味一甲子年華，凱樂烘焙一直抵佳。",
    "英文友善":"0",
    "日文友善":"0",
    "韓文友善":"0",
    "行動裝置充電":"0",
    "無障礙友善":"1",
    "性別友善":"1",
    "便利支付":"1",
    "素食":"0",
    "友善廁所":"0",
    "公平貿易友善":"0",
    "Free WiFi":"0",
    "自行車友善":"0",
    "哺集乳友善":"0",
    "穆斯林友善":"0",
    "月經友善":"0",
    "友善項目總計":3
    }
  },
  {
    "type": "Feature",
    "geometry": {
       "type": "Point",
       "coordinates":  [ 121.531921,25.117089 ]
    },
    "properties": {
    "行政區":"士林區",
    "友善店家名稱":"皇鼎油飯",
    "地址":"臺北市士林區天母東路8巷25之1號",
    "電話":"02-28768519",
    "簡介":"彌月呷饗賀，平日吃更樂~皇鼎油飯\n\n從木雕師傅改行領了廚師執照，\n\n李富榮繼承基隆阿嬤70年的好手藝，\n\n天母傳統市場裡，20載雕琢出油飯的特色紋理。\n\n\n\n以稀有關山圓糯米取代長糯米，不會胃脹氣；\n\n檜木桶日日蒸出糯米香氣，吸走多餘水氣；\n\n黑麻油老薑爆香，拌炒香菇、後腿肉、蝦米，\n\n倒入特熬的雞骨高湯，米酒提味、油蔥撒下去，\n\n阿嬤的秘方醬汁告成，趁熱均勻攪拌蒸熟米飯。\n\n大顆飽滿粒粒分明，濃濃麻油雞酒香滿溢。\n\n來店即時享用、宅配隨時解饞，更是饗賀彌月禮。\n\n呷一口皇鼎的桶蒸油飯，秒回阿嬤年代味覺記憶。",
    "英文友善":"0",
    "日文友善":"1",
    "韓文友善":"0",
    "行動裝置充電":"1",
    "無障礙友善":"0",
    "性別友善":"1",
    "便利支付":"1",
    "素食":"0",
    "友善廁所":"1",
    "公平貿易友善":"0",
    "Free WiFi":"1",
    "自行車友善":"1",
    "哺集乳友善":"0",
    "穆斯林友善":"0",
    "月經友善":"0",
    "友善項目總計":7
    }
  },
  {
    "type": "Feature",
    "geometry": {
       "type": "Point",
       "coordinates":  [ 121.531767,25.060396 ]
    },
    "properties": {
    "行政區":"中山區",
    "友善店家名稱":"大普美糕餅",
    "地址":"臺北市中山區錦州街199號1樓",
    "電話":"02-25222354",
    "簡介":"大普美創立於1972年，是由具有一甲子糕餅製作功夫的老師傅何進興先生與妻子陳碧女女士親自創立。憑著一股對糕餅製作的熱情與紮實技術及研究精神，堅持終其一生在糕餅業努力。並將歐、美、日等國的烘焙技術融入、改良並研發新產品，讓傳統糕餅迎合現代口味。大普美堅持使用頂級與有品質保證之原料，儘管台灣發生多次食品安全重大事件，如餿水油、病死豬與毒奶粉事件等，對店面的生意影響仍微乎其微，深獲顧客信賴。第二代老闆何承璋先生，頂著台大食品科學博士的光環並擁有營養師執照，放棄教職工作返家接手老店，不斷研發改良，為傳統糕餅注入新生命與活力。",
    "英文友善":"1",
    "日文友善":"0",
    "韓文友善":"0",
    "行動裝置充電":"0",
    "無障礙友善":"0",
    "性別友善":"0",
    "便利支付":"1",
    "素食":"1",
    "友善廁所":"0",
    "公平貿易友善":"0",
    "Free WiFi":"0",
    "自行車友善":"0",
    "哺集乳友善":"0",
    "穆斯林友善":"0",
    "月經友善":"0",
    "友善項目總計":3
    }
  },
  {
    "type": "Feature",
    "geometry": {
       "type": "Point",
       "coordinates":  [ 121.528077,25.043417 ]
    },
    "properties": {
    "行政區":"中正區",
    "友善店家名稱":"北棲邸家",
    "地址":"臺北市中正區忠孝東路二段40號一樓",
    "電話":"02-33433587",
    "簡介":"《台式定食 & 創意家常菜 》\n北漂青年在北部定居的房子叫什麼名字呢？\n「北棲邸家」\n不要被老闆幽默的店名笑倒，北棲邸家就是從高雄來臺北棲息的老闆，以離鄉背井的心情在臺北開店，讓遊子們有個像家棲食的場所。\n每種食材都是特別精選，老闆高雄家海水生態養殖的虱目魚和台灣大白蝦，選自花蓮富里黑糙米飯、台灣各地的綠色好食材，享受低油少鹽的創意台式家常美味、健康滿分的原形食物料理，在這繁忙的城市中藉由食物熟悉的味道傳遞家的溫度。",
    "英文友善":"1",
    "日文友善":"0",
    "韓文友善":"0",
    "行動裝置充電":"0",
    "無障礙友善":"0",
    "性別友善":"1",
    "便利支付":"0",
    "素食":"0",
    "友善廁所":"1",
    "公平貿易友善":"0",
    "Free WiFi":"1",
    "自行車友善":"0",
    "哺集乳友善":"0",
    "穆斯林友善":"0",
    "月經友善":"0",
    "友善項目總計":4
    }
  },
  {
    "type": "Feature",
    "geometry": {
       "type": "Point",
       "coordinates":  [ 121.515568,25.051143 ]
    },
    "properties": {
    "行政區":"大同區",
    "友善店家名稱":"雨洋工坊",
    "地址":"臺北市大同區長安西路196號",
    "電話":"",
    "簡介":"四代傳承工藝傘家~雨洋工坊\n1945二戰末，台灣第一間洋傘專賣店誕生，\n從家庭代工到專業產製外銷日本，被磨出赫赫傘功，\n曾身歷雨傘王國巔峰，「建興洋傘」以匠心撐出光榮。\n老師傅的木製三角板，持續裁出傘形優美立體感，\n縫製細緻，日規堅持，嚴選布料骨材耐用又耐看。\n昔日商標威名老虎牌，第四代改名「雨洋工坊」，\n擋雨遮陽，工藝美傘的功能與花色百百款。\n輕巧好攜巴掌傘、瞬間可收三秒傘、隔熱降溫傘下涼、\n快乾傘水滴頃刻退散、聽話傘不爆衝反回彈…，\n單色優雅、花色時髦，對應各種場合男女老少；\n收放自如、晴雨皆酷，總有一把讓你心滿意足。",
    "英文友善":"0",
    "日文友善":"0",
    "韓文友善":"0",
    "行動裝置充電":"0",
    "無障礙友善":"0",
    "性別友善":"1",
    "便利支付":"1",
    "素食":"0",
    "友善廁所":"0",
    "公平貿易友善":"0",
    "Free WiFi":"0",
    "自行車友善":"0",
    "哺集乳友善":"0",
    "穆斯林友善":"0",
    "月經友善":"0",
    "友善項目總計":2
    }
  },
  {
    "type": "Feature",
    "geometry": {
       "type": "Point",
       "coordinates":  [ 121.503075,25.035993 ]
    },
    "properties": {
    "行政區":"萬華區",
    "友善店家名稱":"菜漆麵匠",
    "地址":"臺北市萬華區三水街71之1號",
    "電話":"02-2306-0402",
    "簡介":"『 菜漆麵匠 』原 永恆製麵，位於萬華東三水街市場內，在地傳承50多年手工製麵店，每天堅持以傳統製麵機現做麵條，有陽春麵、油麵、拉麵及水餃皮。而其中引人注目的，便是五顏六色的彩色拉麵，色彩都是用心研發調配下，以蔬菜或水果煮出來的，天然又健康，兼顧美觀與美味。",
    "英文友善":"0",
    "日文友善":"0",
    "韓文友善":"0",
    "行動裝置充電":"1",
    "無障礙友善":"0",
    "性別友善":"1",
    "便利支付":"1",
    "素食":"0",
    "友善廁所":"0",
    "公平貿易友善":"1",
    "Free WiFi":"1",
    "自行車友善":"0",
    "哺集乳友善":"0",
    "穆斯林友善":"0",
    "月經友善":"0",
    "友善項目總計":5
    }
  },
  {
    "type": "Feature",
    "geometry": {
       "type": "Point",
       "coordinates":  [ 121.5014,25.0403 ]
    },
    "properties": {
    "行政區":"萬華區",
    "友善店家名稱":"龍青食品商行",
    "地址":"臺北市萬華區貴陽街二段129號一樓",
    "電話":"02-25556011",
    "簡介":"團購很多，會議價的團購主也多，但懂食品、成份的不多。您在乎食安，我懂食品。以任職食品公司研發20年的經驗，為您找尋好的食品。龍青食品商行找的都是版主服務過/拜訪過或了解過的廠商，為您把關，產品並不見得很多，但都是把關過的，歡迎加入，讓我們為您服務",
    "英文友善":"0",
    "日文友善":"0",
    "韓文友善":"0",
    "行動裝置充電":"1",
    "無障礙友善":"1",
    "性別友善":"1",
    "便利支付":"1",
    "素食":"0",
    "友善廁所":"1",
    "公平貿易友善":"0",
    "Free WiFi":"0",
    "自行車友善":"1",
    "哺集乳友善":"0",
    "穆斯林友善":"0",
    "月經友善":"0",
    "友善項目總計":6
    }
  },
  {
    "type": "Feature",
    "geometry": {
       "type": "Point",
       "coordinates":  [ 121.507131,25.04257 ]
    },
    "properties": {
    "行政區":"萬華區",
    "友善店家名稱":"瓦崎燒烤西門店",
    "地址":"臺北市萬華區成都路17號2樓",
    "電話":"02-23830333",
    "簡介":"吃到飽餐廳，供應海鮮燒烤料理、烤肉和火鍋。",
    "英文友善":"1",
    "日文友善":"1",
    "韓文友善":"0",
    "行動裝置充電":"1",
    "無障礙友善":"0",
    "性別友善":"1",
    "便利支付":"1",
    "素食":"0",
    "友善廁所":"1",
    "公平貿易友善":"0",
    "Free WiFi":"1",
    "自行車友善":"0",
    "哺集乳友善":"0",
    "穆斯林友善":"0",
    "月經友善":"0",
    "友善項目總計":7
    }
  },
  {
    "type": "Feature",
    "geometry": {
       "type": "Point",
       "coordinates":  [ 121.506905,25.04205 ]
    },
    "properties": {
    "行政區":"萬華區",
    "友善店家名稱":"坐坐吧(西門紅樓限定店)",
    "地址":"臺北市萬華區成都路10號",
    "電話":"02-23080066",
    "簡介":"「坐坐吧」位於臺北市西門町商圈內；百年古蹟「西門紅樓」一樓，為各國旅客必造訪之觀光勝地。\n「來坐坐吧!」不僅是品牌名稱，更代表台灣人熱情好客的友善精神。\n我們以潮流現代、幽默有趣的設計風格塑造空間氛圍\n以有溫度的招呼及熱忱服務客人，傳達具有人情味的品牌核心理念。\n「坐坐吧」嚴選高品質配方豆，提供顧客精品咖啡、茶飲、甜點，結合在地特色與創新研發能力\n秉持「食驗」精神，從菜單設計到餐具挑選，展現獨特風格，持續推陳出新，給顧客美好的生活體驗。\n「來坐坐吧享用一杯好咖啡」是我們努力的目標，也是我們想傳遞的生活理念。",
    "英文友善":"1",
    "日文友善":"0",
    "韓文友善":"0",
    "行動裝置充電":"0",
    "無障礙友善":"0",
    "性別友善":"1",
    "便利支付":"0",
    "素食":"0",
    "友善廁所":"1",
    "公平貿易友善":"0",
    "Free WiFi":"0",
    "自行車友善":"0",
    "哺集乳友善":"1",
    "穆斯林友善":"0",
    "月經友善":"0",
    "友善項目總計":4
    }
  },
  {
    "type": "Feature",
    "geometry": {
       "type": "Point",
       "coordinates":  [ 121.508621,25.038423 ]
    },
    "properties": {
    "行政區":"中正區",
    "友善店家名稱":"古舕咖啡-文化店",
    "地址":"臺北市中正區延平南路127號1樓",
    "電話":"02-23880228",
    "簡介":"古舕咖啡文化店:目前座位數可容納60-80人，歡迎各公司行號來包場。\n另有外燴餐盒預購服務~最低量已15盒以上為主。\n古舕咖啡大橋店:座位數不多，請提早預約訂位，內有2隻英短貓咪，喜歡嚕貓的歡迎來大橋\n古舕咖啡八德店:主要是老屋翻修，非常溫馨的咖啡店。",
    "英文友善":"1",
    "日文友善":"0",
    "韓文友善":"0",
    "行動裝置充電":"0",
    "無障礙友善":"0",
    "性別友善":"0",
    "便利支付":"1",
    "素食":"0",
    "友善廁所":"0",
    "公平貿易友善":"0",
    "Free WiFi":"0",
    "自行車友善":"0",
    "哺集乳友善":"0",
    "穆斯林友善":"0",
    "月經友善":"0",
    "友善項目總計":2
    }
  },
  {
    "type": "Feature",
    "geometry": {
       "type": "Point",
       "coordinates":  [ 121.552302,25.043046 ]
    },
    "properties": {
    "行政區":"大安區",
    "友善店家名稱":"\n必要咖啡",
    "地址":"臺北市大安區忠孝東路四段205巷29弄8號1樓",
    "電話":"02-27791027",
    "簡介":"我們是一家複合式咖啡廳，彷彿是一處藏匿於繁忙城市中的小秘密。\n進入店內，空氣中彌漫著新鮮咖啡豆的香氣，舒適放鬆的氛圍。\n無論是獨自一人享受一杯拿鐵，還是與朋友閒聊，這裡都是放慢腳步、暫時遠離喧囂的理想場所。\n我們使用自家烘焙的咖啡豆，每一杯咖啡都是用心調製，搭配自製的甜點，帶來一場味蕾的饗宴。\n讓每一位來客都能感受到一份寧靜與溫暖。\n這不僅僅是一間咖啡廳，更是一個讓人舒展身心的角落，讓你暫時脫離忙碌，重新找回生活中的小確幸。",
    "英文友善":"1",
    "日文友善":"0",
    "韓文友善":"0",
    "行動裝置充電":"1",
    "無障礙友善":"0",
    "性別友善":"1",
    "便利支付":"0",
    "素食":"1",
    "友善廁所":"1",
    "公平貿易友善":"0",
    "Free WiFi":"1",
    "自行車友善":"0",
    "哺集乳友善":"0",
    "穆斯林友善":"0",
    "月經友善":"0",
    "友善項目總計":6
    }
  },
  {
    "type": "Feature",
    "geometry": {
       "type": "Point",
       "coordinates":  [ 121.561616,25.084447 ]
    },
    "properties": {
    "行政區":"內湖區",
    "友善店家名稱":"富貴花Fugui Hua Cafe&brunch",
    "地址":"臺北市內湖區內湖路一段101號",
    "電話":"02-66040160",
    "簡介":"晨昏四季 循環在自己喜歡的生活裡\n是早餐店也是咖啡廳\n就想成為你每日早晨的美好時光",
    "英文友善":"1",
    "日文友善":"0",
    "韓文友善":"0",
    "行動裝置充電":"0",
    "無障礙友善":"0",
    "性別友善":"1",
    "便利支付":"0",
    "素食":"0",
    "友善廁所":"1",
    "公平貿易友善":"0",
    "Free WiFi":"1",
    "自行車友善":"0",
    "哺集乳友善":"0",
    "穆斯林友善":"0",
    "月經友善":"0",
    "友善項目總計":4
    }
  },
  {
    "type": "Feature",
    "geometry": {
       "type": "Point",
       "coordinates":  [ 121.519789,25.103508 ]
    },
    "properties": {
    "行政區":"士林區",
    "友善店家名稱":"星忱甜點 Brillante Pâtisserie",
    "地址":"臺北市士林區文林路762號1樓",
    "電話":"",
    "簡介":"✦ Brillante pâtisserie\n「Brillante」在法文中代表著「閃耀光芒」，也期盼來到 Brillante pâtisserie 的每一位食客們\n都可以享受到令人眼睛為之一亮的甜點。\n✦ 關於主廚｜陳星緯 Allen Chen\n在法國 8 年的期間，奪下了數項世界大賽冠軍及獎項的主廚陳星緯\n更曾擔任 MOF 法國最佳工匠 Yann BRYS 的副主廚。",
    "英文友善":"1",
    "日文友善":"1",
    "韓文友善":"0",
    "行動裝置充電":"0",
    "無障礙友善":"0",
    "性別友善":"1",
    "便利支付":"0",
    "素食":"0",
    "友善廁所":"0",
    "公平貿易友善":"0",
    "Free WiFi":"0",
    "自行車友善":"0",
    "哺集乳友善":"0",
    "穆斯林友善":"0",
    "月經友善":"0",
    "友善項目總計":3
    }
  },
  {
    "type": "Feature",
    "geometry": {
       "type": "Point",
       "coordinates":  [ 121.510481,25.044881 ]
    },
    "properties": {
    "行政區":"中正區",
    "友善店家名稱":"賀木堂酒業",
    "地址":"臺北市中正區延平南路51號1樓",
    "電話":"02-23111578",
    "簡介":"做出「代表台灣的健康好酒」是賀木堂酒業成立的初衷，選用茶葉、花卉與水果等台灣本土農產品原料，\n採獨家技術三次精餾萃取植物香氣和精華，層層過濾去除製酒中產生的甲醇、高分子醛類等雜質，\n做出「不頭痛、不酒臭、不宿醉」並散發天然香氣的優質好酒。\n賀木堂將茶融入酒中，讓品飲者藉由賀木堂的酒，感受數千年來歷史情感的堆疊與技藝的傳承。\n以千年傳統為基底，創新文化做調配，讓愛酒人以細嚐慢飲方式品味茶酒，\n如同品味人生的藝術，打造華人專屬的新品酒文化。",
    "英文友善":"0",
    "日文友善":"1",
    "韓文友善":"0",
    "行動裝置充電":"1",
    "無障礙友善":"0",
    "性別友善":"0",
    "便利支付":"1",
    "素食":"0",
    "友善廁所":"1",
    "公平貿易友善":"0",
    "Free WiFi":"1",
    "自行車友善":"0",
    "哺集乳友善":"0",
    "穆斯林友善":"0",
    "月經友善":"0",
    "友善項目總計":5
    }
  },
  {
    "type": "Feature",
    "geometry": {
       "type": "Point",
       "coordinates":  [ 121.549499,25.10037 ]
    },
    "properties": {
    "行政區":"士林區",
    "友善店家名稱":"國立故宮博物院",
    "地址":"臺北市士林區至善路2段221號",
    "電話":"02-6610-3600/02-2881-2021#2689林先生",
    "簡介":"至2016年底，邁入開館91週年的國立故宮博物院，已發展成為一座國際級現代化的博物館，不僅持續提研究與推廣的能量，同時也勠力於藏品徵集，目前總數近70萬件，為全球首屈一指的華夏文物典藏重鎮近年來，故宮更全力推動數位典藏國家型科技計畫，讓院藏文物透過數位科技產生新穎的面貌，不僅使示更為活潑，也在文化創意產業上扮演了新世紀博物館創新價值的多元角色。未來的國立故宮博物院，將以南北兩院區共同營運，繼續以文化教育為核心，以世界為高度，以臺灣為地，向全球發聲。",
    "英文友善":"1",
    "日文友善":"1",
    "韓文友善":"1",
    "行動裝置充電":"1",
    "無障礙友善":"1",
    "性別友善":"1",
    "便利支付":"1",
    "素食":"1",
    "友善廁所":"1",
    "公平貿易友善":"0",
    "Free WiFi":"1",
    "自行車友善":"0",
    "哺集乳友善":"1",
    "穆斯林友善":"1",
    "月經友善":"0",
    "友善項目總計":12
    }
  },
  {
    "type": "Feature",
    "geometry": {
       "type": "Point",
       "coordinates":  [ 121.515035,25.043285 ]
    },
    "properties": {
    "行政區":"中正區",
    "友善店家名稱":"國立臺灣博物館",
    "地址":"臺北市中正區襄陽路2號",
    "電話":"02-2314-2699*5456(公關部林小姐)02-23822699#5415舒小姐\n(代理林小姐)02-23822699#5456林小姐",
    "簡介":"國立臺灣博物館成立於1908年，是臺灣現存歷史最悠久的自然史博物館。建築樣式採仿文藝復興時期古臘多立克式，其壯碩的建築形態與優美的古典雕塑工藝，是臺灣近代難得一見的建築瑰寶。1998年經內部評定為「國定古蹟」。臺博館見證百年來臺灣自然與人文的演變，累積藏品逾11萬件，包括臺灣最珍的動、植物與地質學標本，以及最精華的民族與人類學文物，是民眾深入認識臺灣的櫥窗。",
    "英文友善":"1",
    "日文友善":"0",
    "韓文友善":"0",
    "行動裝置充電":"1",
    "無障礙友善":"1",
    "性別友善":"0",
    "便利支付":"1",
    "素食":"0",
    "友善廁所":"0",
    "公平貿易友善":"0",
    "Free WiFi":"1",
    "自行車友善":"0",
    "哺集乳友善":"1",
    "穆斯林友善":"0",
    "月經友善":"0",
    "友善項目總計":6
    }
  },
  {
    "type": "Feature",
    "geometry": {
       "type": "Point",
       "coordinates":  [ 121.514331,25.043538 ]
    },
    "properties": {
    "行政區":"中正區",
    "友善店家名稱":"國立臺灣博物館古生物館",
    "地址":"臺北市中正區襄陽路25號",
    "電話":"02-2314-2699*5456(公關部林小姐)02-23822699#5415舒小姐\n(代理林小姐)02-23822699#5456林小姐",
    "簡介":"國立臺灣博物館土銀展示館落成於1933（昭和8）年，前身為日本勸業銀行臺北支店（分行），現為臺北市定古蹟。館內因展出特暴龍、迅掠龍、三角龍及翼龍等多種恐龍標本而有「恐龍博物館」之稱，長期以來廣受兒喜愛。展區從寒武紀的三葉蟲、泥盆紀的魚類、中生代的恐龍、新生代的哺乳動物等各種化石紀錄，揭地球生命演化的奧秘。另展出金庫、早期的銀行帳冊、土地實物債券、金融事務機器等難得一見的珍貴融文物史料。",
    "英文友善":"1",
    "日文友善":"0",
    "韓文友善":"0",
    "行動裝置充電":"1",
    "無障礙友善":"1",
    "性別友善":"0",
    "便利支付":"1",
    "素食":"0",
    "友善廁所":"0",
    "公平貿易友善":"1",
    "Free WiFi":"1",
    "自行車友善":"0",
    "哺集乳友善":"1",
    "穆斯林友善":"0",
    "月經友善":"0",
    "友善項目總計":7
    }
  },
  {
    "type": "Feature",
    "geometry": {
       "type": "Point",
       "coordinates":  [ 121.515789,25.033422 ]
    },
    "properties": {
    "行政區":"中正區",
    "友善店家名稱":"國立臺灣博物館南門館",
    "地址":"臺北市中正區南昌路一段1號",
    "電話":"02-2397-3666",
    "簡介":"國立臺灣博物館南門園區為國定古蹟，前身為「臺灣總督府專賣局臺北南門工場」，創建於1899年，為製造及試驗樟腦、鴉片等兩大專賣品的重要生產基地。園區內有多處古蹟修復及遺構現地展示，另設有適親子共學的兒童探索室、介紹食品安全的新農有機樂活玩特展、不定期推出的動植物標本微型展等，搭各種有趣的體驗與教學活動，十分適合親子同行。每週六定期舉辦田裡有腳印市集，提供具「綠保標章認證的農產給關心地球環境的你。",
    "英文友善":"1",
    "日文友善":"0",
    "韓文友善":"0",
    "行動裝置充電":"1",
    "無障礙友善":"1",
    "性別友善":"0",
    "便利支付":"1",
    "素食":"0",
    "友善廁所":"0",
    "公平貿易友善":"0",
    "Free WiFi":"1",
    "自行車友善":"0",
    "哺集乳友善":"1",
    "穆斯林友善":"0",
    "月經友善":"0",
    "友善項目總計":6
    }
  },
  {
    "type": "Feature",
    "geometry": {
       "type": "Point",
       "coordinates":  [ 121.511572,25.032723 ]
    },
    "properties": {
    "行政區":"中正區",
    "友善店家名稱":"國立臺灣藝術教育館",
    "地址":"臺北市中正區南海路47號",
    "電話":"02-231-10574#174(林先生)",
    "簡介":"國立臺灣藝術教育館(以下稱本館)設立於1957年，為我國首座公立藝術館，也是唯一以推動「藝術教育」核心業務的政府機構。館務以「人與藝術」的關係為中心理念，配合教育部政策，推動學校藝術教育扎工作，並結合各界共同推展美感教育，期在潛移默化中，達到全民「藝術生活化、生活藝術化」的目標。本館位於具有自然與人文特色的南海學園園區，包含南海劇場、南海書院2大建築體，是藝術發表、學習培育創意人才重要的園地。",
    "英文友善":"1",
    "日文友善":"0",
    "韓文友善":"0",
    "行動裝置充電":"1",
    "無障礙友善":"1",
    "性別友善":"1",
    "便利支付":"0",
    "素食":"0",
    "友善廁所":"1",
    "公平貿易友善":"0",
    "Free WiFi":"1",
    "自行車友善":"0",
    "哺集乳友善":"1",
    "穆斯林友善":"0",
    "月經友善":"1",
    "友善項目總計":8
    }
  },
  {
    "type": "Feature",
    "geometry": {
       "type": "Point",
       "coordinates":  [ 121.510127,25.043108 ]
    },
    "properties": {
    "行政區":"中正區",
    "友善店家名稱":"臺北市中山堂管理所",
    "地址":"臺北市中正區延平南路98號",
    "電話":"02-23813137#105俞先生",
    "簡介":"臺北市中山堂前稱「臺北公會堂」，建築落成於1936 年，整體設計恢弘典雅，為當時為大型公民活動及藝文展演的最佳舞台。1992年由內政部指定為「二級古蹟」；1997年因文化資產保存法的修正，被列為「定古蹟」。雖歷經80年的歷史，中山堂仍繼續綻放熱情與活力，中正廳、光復廳兩大表演廳每年有高達40場的演出，如電影節、藝術節、傳統藝術季、爵士音樂節等皆在此舉行。除了表演藝術之外，中山堂目也開放2樓堡壘廳、3樓臺北書院及4樓劇場咖啡，各自以不同的空間氛圍形塑場地特色，不定期舉辦講座課程及展覽吸引民眾參與，成為大小朋友寓教於樂、兼具教育與休閒之場館。",
    "英文友善":"1",
    "日文友善":"1",
    "韓文友善":"0",
    "行動裝置充電":"1",
    "無障礙友善":"1",
    "性別友善":"1",
    "便利支付":"1",
    "素食":"0",
    "友善廁所":"1",
    "公平貿易友善":"0",
    "Free WiFi":"1",
    "自行車友善":"0",
    "哺集乳友善":"1",
    "穆斯林友善":"0",
    "月經友善":"0",
    "友善項目總計":9
    }
  },
  {
    "type": "Feature",
    "geometry": {
       "type": "Point",
       "coordinates":  [ 121.518345,25.095783 ]
    },
    "properties": {
    "行政區":"士林區",
    "友善店家名稱":"臺北市立天文科學教育館",
    "地址":"臺北市士林區基河路363號",
    "電話":"02-2831-4551#509(周小姐)",
    "簡介":"臺北市立天文科學教育館所有空間與動線設備，皆考慮了遊憩與停留需求，各處均有服務設施，堪稱是座兼具休閒性、娛樂性與教育等多重特色的現代天文科學教育建築。尤其全天域劇院，更是一座直徑 35 ，外表面被覆金黃色鋁錐面板的圓頂式建築，藉由聲、光、電化等儀器設備，帶給民眾親臨實境的臨感。歡迎各位蒞臨天文館，一同悠遊星海，領略天文之美。",
    "英文友善":"1",
    "日文友善":"1",
    "韓文友善":"0",
    "行動裝置充電":"1",
    "無障礙友善":"1",
    "性別友善":"1",
    "便利支付":"1",
    "素食":"0",
    "友善廁所":"1",
    "公平貿易友善":"0",
    "Free WiFi":"1",
    "自行車友善":"0",
    "哺集乳友善":"1",
    "穆斯林友善":"1",
    "月經友善":"0",
    "友善項目總計":10
    }
  },
  {
    "type": "Feature",
    "geometry": {
       "type": "Point",
       "coordinates":  [ 121.514169,25.096834 ]
    },
    "properties": {
    "行政區":"士林區",
    "友善店家名稱":"臺北市立兒童新樂園",
    "地址":"臺北市士林區承德路5段55號",
    "電話":"02-2833-3823#105、106/02-2833-3823#502(李先生)",
    "簡介":"臺北市立兒童新樂園前身為位於圓山的臺北市立兒童育樂中心，在95年4月11日兒童育樂中心全園區納入定遺址範圍，因所處地理位置受航高、文化資產保存法、水利法等諸多限制，於原址進行開發、更新及運等受到相當大的影響及限制。 為改善與突破此一侷限，96年10月市府規劃於士林區興建臺北市立兒童新樂園(約5公頃)，與鄰近的臺北立天文館、國立科學教育館、美崙公園、雙溪水域整體規劃，並將「建構臺北兒童新樂園」納入市政白書工作重點，期許打造一座兼具教育、休閒遊憩與文化功能的都會型親子休閒園地，提供市民戶外活動新選擇。 兒童新樂園於103年完工後委由臺北捷運公司營運管理，負責兒童新樂園之經營管理與保管維護事項，以附屬事業規劃、出租及經營管理等業務。 基地北側為基河路臨雙溪，東側為基河路臨美崙公園，南側為士商路臨科學教育館，西側為承德路且預有未來銜接社子輕軌的連接處。附近有天文館、科學教育館、美崙公園以及河濱公園，讓民眾除了可以用臺北兒童新樂園區內的各項遊樂設備外，更可以讓活動動線延伸，創造出一個多元化的享受教育及大然的兒童新樂園，竭誠歡迎前往享受美麗的幸福時光。",
    "英文友善":"1",
    "日文友善":"1",
    "韓文友善":"0",
    "行動裝置充電":"1",
    "無障礙友善":"1",
    "性別友善":"1",
    "便利支付":"1",
    "素食":"1",
    "友善廁所":"1",
    "公平貿易友善":"0",
    "Free WiFi":"1",
    "自行車友善":"1",
    "哺集乳友善":"1",
    "穆斯林友善":"1",
    "月經友善":"0",
    "友善項目總計":12
    }
  },
  {
    "type": "Feature",
    "geometry": {
       "type": "Point",
       "coordinates":  [ 121.52224,25.03901 ]
    },
    "properties": {
    "行政區":"中正區",
    "友善店家名稱":"臺北市青少年發展處",
    "地址":"臺北市中正區仁愛路一段17號",
    "電話":"02-2351-4078 7樓綜合企劃科徐小姐/02-2351-4078#1712徐小姐",
    "簡介":"臺北市青少年發展處以12歲至24歲之青少年為主要服務對象，提供營隊課程、藝文展演、休閒育樂及場租借等服務，營隊課程包括創客教育、服務學習、壯遊體驗、生涯探索、主題工作坊與各種營隊，1樓展區及5樓藝文沙龍不定期展出教育學習與社團成果，地下1、2樓直排輪場及9樓攀岩場可購票進場體驗運，1樓大廳及戶外廣場、3樓臺北演藝廳、4樓舞蹈教室、5樓流行廣場及藝文沙龍、6樓國際會議廳及研室、8樓Live Band體驗中心均可外借辦理活動，9樓創新學習基地辦理創客教育課程，另2樓為臺北市青年涯發展中心提供就業諮詢與媒合服務、3樓為臺北市中正親子館提供幼兒與家人共遊、共學及共享平台，有1樓大廳咖啡簡餐、地下1樓中式餐飲、地下室停車場等周邊服務設施。活動細節及場館租借請逕至官查詢http://www.tcyd.gov.taipei/。",
    "英文友善":"0",
    "日文友善":"0",
    "韓文友善":"0",
    "行動裝置充電":"0",
    "無障礙友善":"1",
    "性別友善":"1",
    "便利支付":"0",
    "素食":"0",
    "友善廁所":"1",
    "公平貿易友善":"0",
    "Free WiFi":"1",
    "自行車友善":"0",
    "哺集乳友善":"1",
    "穆斯林友善":"0",
    "月經友善":"0",
    "友善項目總計":5
    }
  },
  {
    "type": "Feature",
    "geometry": {
       "type": "Point",
       "coordinates":  [ 121.51899,25.050694 ]
    },
    "properties": {
    "行政區":"大同區",
    "友善店家名稱":"臺北當代藝術館",
    "地址":"臺北市大同區長安西路39號",
    "電話":"02-2552-3721#221(許格元)",
    "簡介":"臺北當代藝術館自2001年開館後，前七年由市政府委託民間企業家組成的「當代藝術基金會」統籌營運，基金會董事和歷任館長、館員們同心合力，陸續辦理了許多精采絕倫的當代藝術展覽，除了致力推動台灣與國際藝壇的對話，也用心開拓民眾的美感品味和文化視野。2008年1月1日起，為期七年的「公辦民營」合約結束，臺北當代藝術館轉由臺北市文化基金會接手營運。新的經營團隊除了延續之前的營運理念和方向，也進一步匯聚海內外的關注，結合官方有限資源與民間贊助力量，媒合多元文化和跨界創意。除了扮演國際當代藝術展覽的重要據點，和彰顯台灣當代藝術成果的焦點櫥窗，當代館始終自我期許的三個目標：一是推動多元風貌的藝術創作與展覽，二是著眼於激發民眾的新觀點和新思維，三是提供當代城市發展源源不絕的創意與活力。",
    "英文友善":"1",
    "日文友善":"0",
    "韓文友善":"0",
    "行動裝置充電":"0",
    "無障礙友善":"1",
    "性別友善":"1",
    "便利支付":"1",
    "素食":"0",
    "友善廁所":"1",
    "公平貿易友善":"0",
    "Free WiFi":"1",
    "自行車友善":"0",
    "哺集乳友善":"1",
    "穆斯林友善":"0",
    "月經友善":"0",
    "友善項目總計":7
    }
  },
  {
    "type": "Feature",
    "geometry": {
       "type": "Point",
       "coordinates":  [ 121.51133,25.048679 ]
    },
    "properties": {
    "行政區":"大同區",
    "友善店家名稱":"國立臺灣博物館鐵道部園區(場館)",
    "地址":"臺北市大同區延平北路一段2號",
    "電話":"02-2314-2699*5456(公關部林小姐)02-23822699#5415舒小姐\n(代理林小姐)02-23822699#5456林小姐",
    "簡介":"國定古蹟臺灣總督府鐵道部位於忠孝西路、塔城街、鄭州路、延平北路間，屬交通部臺灣鐵路管理局管轄。1885年臺灣巡撫劉銘傳聘請英國與德國顧問，於淡水河碼頭內建造機器局，組裝槍砲彈藥及鑄造貨幣，內有鎔鐵所、鍛工場等。1895年日本軍方接收機器局，改為臺北兵器修理所，製造並修理陸軍所管兵器，可製造彈丸、信管、小銃丸及藥筴、船舶、鐵道鐵橋等，之後改稱為臺灣砲兵工廠，1900年由陸軍省移交鐵道部，同年改為臺北工場。1908年臺灣西部縱貫鐵路開通，鐵路交通運量與車輛維修需求大增，1909年臺北工場向東擴張，新建車輛修理工場、塗工場。1915年起拆除基地南邊原有建物，1918年新建鐵道部廳舍，與臺北工場並存，成為南廳舍、北工廠配置，直到1934年臺北工場搬遷至松山（今國定古蹟臺北機廠）為止，街廓內原有將近四十棟建物，歷經2005年興建捷運以及2013古蹟修復拆除不保存者，目前尚餘十棟，其中包含八處法定文化資產。",
    "英文友善":"1",
    "日文友善":"0",
    "韓文友善":"0",
    "行動裝置充電":"1",
    "無障礙友善":"1",
    "性別友善":"0",
    "便利支付":"1",
    "素食":"0",
    "友善廁所":"1",
    "公平貿易友善":"0",
    "Free WiFi":"1",
    "自行車友善":"0",
    "哺集乳友善":"1",
    "穆斯林友善":"0",
    "月經友善":"0",
    "友善項目總計":7
    }
  },
  {
    "type": "Feature",
    "geometry": {
       "type": "Point",
       "coordinates":  [ 121.515195,25.074508 ]
    },
    "properties": {
    "行政區":"大同區",
    "友善店家名稱":"小紅厝－月經博物館 ",
    "地址":"臺北市大同區重慶北路三段335巷40號",
    "電話":"02-25966992蘇先生",
    "簡介":"小紅厝月經博物館坐落於臺北市大同區的菜市場中，在 2022 年 6 月開幕，是目前全球唯一一座以「月經」為主題的實體博物館，同時也是小紅帽的日常服務據點。博物館內除了有全球藝術家特展、常設多元月經主題展覽、跨世代身體記憶、多元月經教育展品，還會不定期舉辦月經教育工作坊、行動講座、議題沙龍，並且敞開大門，免費開放所有民眾前來參觀。\n\n小紅厝中有許多從身體樣態出發的作品，以真實經驗為主體的故事，從認識器官的本體，緩緩走回我們都曾住過的第一個家——子宮。在這裡，我們希望以生命作為軸線，陪伴著每一個在此落腳的旅人，回到源頭，再次認識自己，學習擁抱多元。​\n​\n未來在小紅厝，也將會有與全球各界的藝術家合作的「主題特展」、「教育工作坊」、「行動講座」和「議題沙龍」，誠摯邀請你，無論年紀、性別、有沒有月經，都做伙來小紅厝坐坐！",
    "英文友善":"1",
    "日文友善":"0",
    "韓文友善":"0",
    "行動裝置充電":"0",
    "無障礙友善":"0",
    "性別友善":"1",
    "便利支付":"1",
    "素食":"0",
    "友善廁所":"1",
    "公平貿易友善":"0",
    "Free WiFi":"1",
    "自行車友善":"0",
    "哺集乳友善":"0",
    "穆斯林友善":"0",
    "月經友善":"1",
    "友善項目總計":6
    }
  },
  {
    "type": "Feature",
    "geometry": {
       "type": "Point",
       "coordinates":  [ 121.506153,25.258984 ]
    },
    "properties": {
    "行政區":"三芝區",
    "友善店家名稱":"三芝遊客中心及名人文物館",
    "地址":"新北市三芝區埔坪里埔頭坑164-2號",
    "電話":"02-8635-5143",
    "簡介":"三芝遊客中心位於群山環繞的山坡地上，全區視野遼闊，除了提供遊客舒適寬敞的休憩空間，也可進行遊諮詢、展場介紹與資料索取，方便又多元。主體建築仿唐代建築設計，色調古樸優雅，展現十足融合典與現代的特殊品味。名人文物館裡展示三芝四位名人的生平貢獻，有台灣首位醫學博士—杜聰明、台灣首位國際作曲家—江也、第一位直選總統—李登輝、政治先鋒—傳奇人物盧修一，藉著他們的生平故事，讓遊客了解更多關三芝的佳話美談，藉由名人文物館的氣息薰陶，享受心靈洗滌，擁有嶄新的知性遊憩方式。",
    "英文友善":"1",
    "日文友善":"0",
    "韓文友善":"0",
    "行動裝置充電":"1",
    "無障礙友善":"1",
    "性別友善":"1",
    "便利支付":"0",
    "素食":"0",
    "友善廁所":"1",
    "公平貿易友善":"0",
    "Free WiFi":"1",
    "自行車友善":"1",
    "哺集乳友善":"1",
    "穆斯林友善":"1",
    "月經友善":"0",
    "友善項目總計":9
    }
  },
  {
    "type": "Feature",
    "geometry": {
       "type": "Point",
       "coordinates":  [ 121.519165,25.272739 ]
    },
    "properties": {
    "行政區":"石門區",
    "友善店家名稱":"白沙灣遊客中心",
    "地址":"新北市石門區德茂里下員坑33-6號",
    "電話":"02-8635-5156",
    "簡介":"位於白沙灣入口旁的北海岸及觀音山國家風景區管理處，設有白沙灣遊客中心，於2002年正式成立，為灣第11處國家風景區。整體建築不同於一般的設計規劃，建築層次與緩和的斜坡串連，將停車場、廣場沙灘的活動相互融合，減低建築高度視覺，提供屋頂草地與平台的活動空間，改善人與地景及建築的傳二元關係，讓建築像大樹岩石一樣融入地景，造型極具生態理念。",
    "英文友善":"1",
    "日文友善":"1",
    "韓文友善":"1",
    "行動裝置充電":"1",
    "無障礙友善":"1",
    "性別友善":"1",
    "便利支付":"0",
    "素食":"0",
    "友善廁所":"1",
    "公平貿易友善":"0",
    "Free WiFi":"1",
    "自行車友善":"1",
    "哺集乳友善":"1",
    "穆斯林友善":"1",
    "月經友善":"1",
    "友善項目總計":12
    }
  },
  {
    "type": "Feature",
    "geometry": {
       "type": "Point",
       "coordinates":  [ 121.643804,25.224449 ]
    },
    "properties": {
    "行政區":"金山區",
    "友善店家名稱":"金山遊客中心",
    "地址":"新北市金山區磺港路171-2號",
    "電話":"02-8635-5152 鐘小姐\n02-2498-8980",
    "簡介":"金山遊客中心位於金山獅頭山海濱公園之入口，是健行獅頭山、賞燭臺雙嶼必經之處，假日期間遊客絡不絕，除了鄰近的金山獅頭山登山步道，可以鍛鍊體魄、保持身心健康。金山遊客中心的地利之便以及心和善的服務人員可提供您豐富充實的遊樂資訊，相信是您遊旅金山時最佳的旅遊小幫手，讓您的旅程加盡興舒暢。",
    "英文友善":"1",
    "日文友善":"1",
    "韓文友善":"1",
    "行動裝置充電":"1",
    "無障礙友善":"1",
    "性別友善":"1",
    "便利支付":"0",
    "素食":"0",
    "友善廁所":"1",
    "公平貿易友善":"0",
    "Free WiFi":"1",
    "自行車友善":"1",
    "哺集乳友善":"1",
    "穆斯林友善":"1",
    "月經友善":"1",
    "友善項目總計":12
    }
  },
  {
    "type": "Feature",
    "geometry": {
       "type": "Point",
       "coordinates":  [ 121.69007,25.205444 ]
    },
    "properties": {
    "行政區":"萬里區",
    "友善店家名稱":"野柳遊客中心",
    "地址":"新北市萬里區野柳里港東路167-1號",
    "電話":"02-2492-2016",
    "簡介":"野柳地質公園，是來到萬里必訪的國際知名景點，全世界很難找到如此奇美的地景，因為海水侵蝕與岩石風化等影響，讓海邊變成地質教室和奇石樂園，風化石、風蝕溝、風蝕崖、孔穴，狹長的岬角，隨處走走，都有驚奇的發現。野柳遊客中心位於野柳地質公園旁，提供民眾服務諮詢及摺頁索取，及多媒體服務還有販售相關紀念品及飲料，供民眾稍作休息。",
    "英文友善":"1",
    "日文友善":"1",
    "韓文友善":"1",
    "行動裝置充電":"1",
    "無障礙友善":"1",
    "性別友善":"1",
    "便利支付":"1",
    "素食":"1",
    "友善廁所":"1",
    "公平貿易友善":"1",
    "Free WiFi":"1",
    "自行車友善":"1",
    "哺集乳友善":"1",
    "穆斯林友善":"1",
    "月經友善":"1",
    "友善項目總計":15
    }
  },
  {
    "type": "Feature",
    "geometry": {
       "type": "Point",
       "coordinates":  [ 121.340023,24.952679 ]
    },
    "properties": {
    "行政區":"鶯歌區",
    "友善店家名稱":"新太源藝術工坊花紙文化館",
    "地址":"新北市鶯歌區建國路485號\n新地址：239新北市鶯歌區建國路600號",
    "電話":"02-86774311",
    "簡介":"新太源從事陶瓷與玻璃轉寫印刷迄今50餘年，2004年投入陶藝創作市場，成立「新太源藝術工坊」，以積多年的厚實技術訴說原創題材，系列作品中往往得見在地特色，及多層次的溫潤美感。除了耕耘台灣更將觸角伸到歐美，並有計劃地結合在地豐富產業資源，推展文化觀光，致力讓陶藝創作的美善風華，進每戶人家。藝術創作的價值，往往不僅是藝術品的本身，更深刻的是與觀賞者的默默交流，平淡無奇蘊含千言萬語，生命一瞬深刻領略的美好感動。一只杯墊、一組杯組，轉型後的新太源，在生活用品的用底子裡添加藝術創作，讓不管是啜飲品嚐或是裝飾陳列間，都多了一份用心生活的怡然滋味。是經濟部中小企業處輔導之優良廠商，並將本公司定位為【新北市鶯歌鎮陶瓷特色產業】，同時也是中民國總統府及外交部致贈外賓之指定禮盒製造商。並於2014年通過新北市產品文化館-新太源藝術工坊花產業文化館。",
    "英文友善":"1",
    "日文友善":"1",
    "韓文友善":"0",
    "行動裝置充電":"0",
    "無障礙友善":"0",
    "性別友善":"1",
    "便利支付":"1",
    "素食":"0",
    "友善廁所":"1",
    "公平貿易友善":"0",
    "Free WiFi":"1",
    "自行車友善":"1",
    "哺集乳友善":"0",
    "穆斯林友善":"0",
    "月經友善":"0",
    "友善項目總計":7
    }
  },
  {
    "type": "Feature",
    "geometry": {
       "type": "Point",
       "coordinates":  [ 121.405007,25.156995 ]
    },
    "properties": {
    "行政區":"八里區",
    "友善店家名稱":"新北市立十三行博物館",
    "地址":"新北市八里區博物館路200號",
    "電話":"02-2619-1313#305\n02-2619-1313#303(韓小姐)",
    "簡介":"十三行博物館是北臺灣第一間考古博物館，除了文物展示解說，二樓常設展設有全國首創的兒童考古體室以及完整呈現八里從當代到史前時代的自然環境生態和文化歷史的超逼真實境體驗;此外，來到十三行不容錯過「海中奧秘-水下考古展暨水下考古虛擬實境(VR)」，全長14公尺的3D立體海底隧道、水下考古家的工作室和VR虛擬實境水下考古探險，精采、刺激一整天。",
    "英文友善":"1",
    "日文友善":"1",
    "韓文友善":"1",
    "行動裝置充電":"1",
    "無障礙友善":"1",
    "性別友善":"1",
    "便利支付":"1",
    "素食":"0",
    "友善廁所":"1",
    "公平貿易友善":"0",
    "Free WiFi":"1",
    "自行車友善":"1",
    "哺集乳友善":"1",
    "穆斯林友善":"0",
    "月經友善":"1",
    "友善項目總計":12
    }
  },
  {
    "type": "Feature",
    "geometry": {
       "type": "Point",
       "coordinates":  [ 121.42973,25.178576 ]
    },
    "properties": {
    "行政區":"淡水區",
    "友善店家名稱":"新北市立淡水古蹟博物館",
    "地址":"新北市淡水區中正路一段6巷32-2號(郵遞區號:251015)",
    "電話":"02-2621-2830#236",
    "簡介":"臺灣之窗，世界之門的淡水，是全臺灣文化資產高密度的地方，新北市立淡水古蹟博物館負責管理淡水區有形與無形文化資產，這些珍貴的建築與工藝記錄著自大航海時代以來臺灣與世界的連結，也見證了臺灣政治、經濟、文化等多元歷史。漫步在紅毛城為主的古建築群中，能感受到濃濃的異國風情，是中遊客必到訪之處。目前由博物館管理並對外開放參觀景點包括紅毛城、小白宮、滬尾_臺、淡水海關碼園區、得忌利士洋行、藝術工坊、多田榮吉故居、滬水一方與程氏古厝等9處景點。",
    "英文友善":"1",
    "日文友善":"0",
    "韓文友善":"0",
    "行動裝置充電":"1",
    "無障礙友善":"1",
    "性別友善":"1",
    "便利支付":"1",
    "素食":"0",
    "友善廁所":"1",
    "公平貿易友善":"0",
    "Free WiFi":"1",
    "自行車友善":"0",
    "哺集乳友善":"0",
    "穆斯林友善":"0",
    "月經友善":"0",
    "友善項目總計":7
    }
  },
  {
    "type": "Feature",
    "geometry": {
       "type": "Point",
       "coordinates":  [ 121.859407,25.106259 ]
    },
    "properties": {
    "行政區":"瑞芳區",
    "友善店家名稱":"新北市立黃金博物館",
    "地址":"新北市瑞芳區金光路8號",
    "電話":"02-2496-2800#2818",
    "簡介":"黃金博物館為國內第一座以生態博物館為理念的博物館，自2004年11月開館以來，本館一直以「生態博館」的理念，戮力於資源永續經營、生態旅遊，同時結合社區力量，盼能將金瓜石、水湳洞地區珍貴的然生態、礦業遺址、景觀風貌、歷史記憶及人文資產進行妥善的保存。",
    "英文友善":"1",
    "日文友善":"1",
    "韓文友善":"1",
    "行動裝置充電":"1",
    "無障礙友善":"1",
    "性別友善":"1",
    "便利支付":"0",
    "素食":"0",
    "友善廁所":"1",
    "公平貿易友善":"0",
    "Free WiFi":"0",
    "自行車友善":"0",
    "哺集乳友善":"1",
    "穆斯林友善":"0",
    "月經友善":"0",
    "友善項目總計":8
    }
  },
  {
    "type": "Feature",
    "geometry": {
       "type": "Point",
       "coordinates":  [ 121.352214,24.949328 ]
    },
    "properties": {
    "行政區":"鶯歌區",
    "友善店家名稱":"新北市立鶯歌陶瓷博物館",
    "地址":"新北市鶯歌區文化路200號",
    "電話":"02-8677-2727#858",
    "簡介":"新北市立鶯歌陶瓷博物館為臺灣第一座陶瓷主題博物館，記錄臺灣陶瓷文化、展現鶯歌陶瓷特色。透過覽了解台灣陶瓷發展的故事以及國際陶藝與當代陶藝之美。館內設有陶藝研習室及兒童體驗室，可親手體驗創作的樂趣。在戶外的陶瓷藝術園區、三鶯藝術村，開民眾互動體驗，除展覽之外，規劃示範區，展現傳統製陶技法及國際陶藝家駐村創作，讓民眾擁有難忘陶瓷旅程。",
    "英文友善":"1",
    "日文友善":"0",
    "韓文友善":"0",
    "行動裝置充電":"1",
    "無障礙友善":"1",
    "性別友善":"1",
    "便利支付":"1",
    "素食":"0",
    "友善廁所":"0",
    "公平貿易友善":"0",
    "Free WiFi":"1",
    "自行車友善":"0",
    "哺集乳友善":"1",
    "穆斯林友善":"0",
    "月經友善":"1",
    "友善項目總計":8
    }
  },
  {
    "type": "Feature",
    "geometry": {
       "type": "Point",
       "coordinates":  [ 121.417856,25.129369 ]
    },
    "properties": {
    "行政區":"五股區",
    "友善店家名稱":"觀音山遊客中心",
    "地址":"新北市五股區凌雲路三段130號",
    "電話":"02-22928888#20#21",
    "簡介":"位在凌雲路三段的觀音山遊客中心，紅瓦白牆的建築外觀，環抱在綠意蔥蔥的群山間，益顯得清麗脫俗，內部則展示觀音山旅遊資源、登山步道系統，以及觀音山史前人文活動暨周邊出土的遺址與史前陶器。\n為緬懷觀音山的採石歲月，服務中心旁規劃了一座石雕公園。園中並委託石雕家王秀杞先生創作「龍的傳人」的巨型石雕作品。其係由整塊觀音石切割雕刻後結合而成，高10公尺，直徑1.5公尺，各層雕刻主題各有不同，包括有台灣景觀、風景名勝、民俗技藝等，成為為觀音山的精神地標。當您來到這裡，不妨停下腳步欣賞一下用觀音山石表現出來的質樸美感。",
    "英文友善":"1",
    "日文友善":"1",
    "韓文友善":"1",
    "行動裝置充電":"1",
    "無障礙友善":"1",
    "性別友善":"1",
    "便利支付":"0",
    "素食":"0",
    "友善廁所":"1",
    "公平貿易友善":"0",
    "Free WiFi":"1",
    "自行車友善":"1",
    "哺集乳友善":"1",
    "穆斯林友善":"1",
    "月經友善":"1",
    "友善項目總計":12
    }
  }
]
}