{
   "type": "FeatureCollection",
   "features": [
  {
    "type": "Feature",
    "geometry": {
       "type": "Point",
       "coordinates":  [ 121.4279992,24.9987648 ]
    },
    "properties": {
    "場所名稱":"宜家家居股份有限公司 新莊分公司",
    "場所地址":"新北市新莊區中正路1 號",
    "場所分類":"大型購物場所",
    "AED放置地點":"2F 收納區落地窗",
    "行政區":"新莊區"
    }
  },
  {
    "type": "Feature",
    "geometry": {
       "type": "Point",
       "coordinates":  [ 121.4131162,25.0115079 ]
    },
    "properties": {
    "場所名稱":"新北市政府警察局新莊分局新莊派出所",
    "場所地址":"新北市新莊區中正路1之1號",
    "場所分類":"其他",
    "AED放置地點":"一樓大廳",
    "行政區":"新莊區"
    }
  },
  {
    "type": "Feature",
    "geometry": {
       "type": "Point",
       "coordinates":  [ 121.445417,25.0372573 ]
    },
    "properties": {
    "場所名稱":"新北市新莊區新泰市民活動中心",
    "場所地址":"新北市新莊區建中街116巷3弄2號",
    "場所分類":"其他",
    "AED放置地點":"1樓",
    "行政區":"新莊區"
    }
  },
  {
    "type": "Feature",
    "geometry": {
       "type": "Point",
       "coordinates":  [ 121.4516439,25.0362325 ]
    },
    "properties": {
    "場所名稱":"新北市政府警察局新莊分局警備隊",
    "場所地址":"新北市新莊區中正路150號1樓",
    "場所分類":"其他",
    "AED放置地點":"一樓大廳",
    "行政區":"新莊區"
    }
  },
  {
    "type": "Feature",
    "geometry": {
       "type": "Point",
       "coordinates":  [ 121.4503822,25.0358282 ]
    },
    "properties": {
    "場所名稱":"新北市新莊區公所",
    "場所地址":"新北市新莊區中正路176號",
    "場所分類":"其他",
    "AED放置地點":"10樓禮堂",
    "行政區":"新莊區"
    }
  },
  {
    "type": "Feature",
    "geometry": {
       "type": "Point",
       "coordinates":  [ 121.455901,25.0369988 ]
    },
    "properties": {
    "場所名稱":"新北市新莊區新莊國民小學",
    "場所地址":"新北市新莊區中正路86號",
    "場所分類":"學校、大型集會場所",
    "AED放置地點":"大門穿堂處",
    "行政區":"新莊區"
    }
  },
  {
    "type": "Feature",
    "geometry": {
       "type": "Point",
       "coordinates":  [ 121.455901,25.0369988 ]
    },
    "properties": {
    "場所名稱":"新北市新莊區新莊國民小學",
    "場所地址":"新北市新莊區中正路86號",
    "場所分類":"學校、大型集會場所",
    "AED放置地點":"孫鳳堂",
    "行政區":"新莊區"
    }
  },
  {
    "type": "Feature",
    "geometry": {
       "type": "Point",
       "coordinates":  [ 121.4625791,25.0527832 ]
    },
    "properties": {
    "場所名稱":"竹城新東京社區管理委員會",
    "場所地址":"新北市新莊區頭前路116-148號",
    "場所分類":"其他",
    "AED放置地點":"保全櫃檯旁牆邊",
    "行政區":"新莊區"
    }
  },
  {
    "type": "Feature",
    "geometry": {
       "type": "Point",
       "coordinates":  [ 121.455661,25.0514628 ]
    },
    "properties": {
    "場所名稱":"新北市新莊區昌隆國民小學",
    "場所地址":"新北市新莊區昌隆街63號",
    "場所分類":"學校、大型集會場所",
    "AED放置地點":"新莊區昌隆國小",
    "行政區":"新莊區"
    }
  },
  {
    "type": "Feature",
    "geometry": {
       "type": "Point",
       "coordinates":  [ 121.434281,25.0322145 ]
    },
    "properties": {
    "場所名稱":"新北市政府警察局新莊分局福營派出所",
    "場所地址":"新北市新莊區福營路101號",
    "場所分類":"其他",
    "AED放置地點":"一樓值班台",
    "行政區":"新莊區"
    }
  },
  {
    "type": "Feature",
    "geometry": {
       "type": "Point",
       "coordinates":  [ 121.4302768,25.0309928 ]
    },
    "properties": {
    "場所名稱":"呈睿國際股份有限公司",
    "場所地址":"新北市新莊區中正路649之2號2樓",
    "場所分類":"其他",
    "AED放置地點":"辦公室內",
    "行政區":"新莊區"
    }
  },
  {
    "type": "Feature",
    "geometry": {
       "type": "Point",
       "coordinates":  [ 121.4290993,25.0311199 ]
    },
    "properties": {
    "場所名稱":"裕信汽車股份有限公司 輔大分公司",
    "場所地址":"新北市新莊區中正路562號",
    "場所分類":"其他",
    "AED放置地點":"客戶休息室",
    "行政區":"新莊區"
    }
  },
  {
    "type": "Feature",
    "geometry": {
       "type": "Point",
       "coordinates":  [ 121.4126664,25.0308131 ]
    },
    "properties": {
    "場所名稱":"新北市新莊區丹鳳國民小學",
    "場所地址":"新北市新莊區新北大道七段437號",
    "場所分類":"學校、大型集會場所",
    "AED放置地點":"警衛室",
    "行政區":"新莊區"
    }
  },
  {
    "type": "Feature",
    "geometry": {
       "type": "Point",
       "coordinates":  [ 121.4120828,25.0135671 ]
    },
    "properties": {
    "場所名稱":"輔仁大學",
    "場所地址":"新北市新莊區中正路510號",
    "場所分類":"學校、大型集會場所",
    "AED放置地點":"輔仁大學中美堂",
    "行政區":"新莊區"
    }
  },
  {
    "type": "Feature",
    "geometry": {
       "type": "Point",
       "coordinates":  [ 121.4120828,25.0135671 ]
    },
    "properties": {
    "場所名稱":"輔仁大學",
    "場所地址":"新北市新莊區中正路510號",
    "場所分類":"學校、大型集會場所",
    "AED放置地點":"輔仁大學體適能中心",
    "行政區":"新莊區"
    }
  },
  {
    "type": "Feature",
    "geometry": {
       "type": "Point",
       "coordinates":  [ 121.4120828,25.0135671 ]
    },
    "properties": {
    "場所名稱":"輔仁大學",
    "場所地址":"新北市新莊區中正路510號",
    "場所分類":"學校、大型集會場所",
    "AED放置地點":"公博樓圖書館一樓服務台",
    "行政區":"新莊區"
    }
  },
  {
    "type": "Feature",
    "geometry": {
       "type": "Point",
       "coordinates":  [ 121.4120828,25.0135671 ]
    },
    "properties": {
    "場所名稱":"輔仁大學",
    "場所地址":"新北市新莊區中正路510號",
    "場所分類":"學校、大型集會場所",
    "AED放置地點":"國璽樓",
    "行政區":"新莊區"
    }
  },
  {
    "type": "Feature",
    "geometry": {
       "type": "Point",
       "coordinates":  [ 121.4341972,25.0271307 ]
    },
    "properties": {
    "場所名稱":"好市多股份有限公司新莊分公司",
    "場所地址":"新北市新莊區建國一路138號一樓",
    "場所分類":"大型購物場所",
    "AED放置地點":"賣場一樓手扶梯上方",
    "行政區":"新莊區"
    }
  },
  {
    "type": "Feature",
    "geometry": {
       "type": "Point",
       "coordinates":  [ 121.4495726,25.0596783 ]
    },
    "properties": {
    "場所名稱":"美麗新宏匯影城",
    "場所地址":"新北市新莊區新北大道4段3號8樓",
    "場所分類":"大型休閒場所",
    "AED放置地點":"美麗新影城",
    "行政區":"新莊區"
    }
  },
  {
    "type": "Feature",
    "geometry": {
       "type": "Point",
       "coordinates":  [ 121.434423,25.0244993 ]
    },
    "properties": {
    "場所名稱":"優達科技股份有限公司",
    "場所地址":"新北市新莊區建國一路300號10樓",
    "場所分類":"其他",
    "AED放置地點":"優達科技股份有限公司10樓",
    "行政區":"新莊區"
    }
  },
  {
    "type": "Feature",
    "geometry": {
       "type": "Point",
       "coordinates":  [ 121.434423,25.0244993 ]
    },
    "properties": {
    "場所名稱":"優達科技股份有限公司",
    "場所地址":"新北市新莊區建國一路300號10樓",
    "場所分類":"其他",
    "AED放置地點":"優達科技股份有限公司11樓",
    "行政區":"新莊區"
    }
  },
  {
    "type": "Feature",
    "geometry": {
       "type": "Point",
       "coordinates":  [ 121.4495726,25.0596783 ]
    },
    "properties": {
    "場所名稱":"宏匯廣場",
    "場所地址":"新北市新莊區新北大道四段3號1樓",
    "場所分類":"大型購物場所",
    "AED放置地點":"宏匯廣場1樓服務台旁(新北大道側)",
    "行政區":"新莊區"
    }
  },
  {
    "type": "Feature",
    "geometry": {
       "type": "Point",
       "coordinates":  [ 121.4557455,25.0559582 ]
    },
    "properties": {
    "場所名稱":"新北市新莊區昌平國民小學",
    "場所地址":"新北市新莊區昌平街200號",
    "場所分類":"學校、大型集會場所",
    "AED放置地點":"健康廣場",
    "行政區":"新莊區"
    }
  },
  {
    "type": "Feature",
    "geometry": {
       "type": "Point",
       "coordinates":  [ 121.455868,25.0598292 ]
    },
    "properties": {
    "場所名稱":"遠雄巴黎公園社區管理委員會",
    "場所地址":"新北市新莊區新北大道三段49號",
    "場所分類":"其他",
    "AED放置地點":"大廳管理中心旁",
    "行政區":"新莊區"
    }
  },
  {
    "type": "Feature",
    "geometry": {
       "type": "Point",
       "coordinates":  [ 121.4435645,25.0566646 ]
    },
    "properties": {
    "場所名稱":"行政院新莊聯合辦公大樓",
    "場所地址":"新北市新莊區中平路439號",
    "場所分類":"其他",
    "AED放置地點":"北棟10樓南側1015,1016會議室口",
    "行政區":"新莊區"
    }
  },
  {
    "type": "Feature",
    "geometry": {
       "type": "Point",
       "coordinates":  [ 121.4157826,25.0222319 ]
    },
    "properties": {
    "場所名稱":"Curves可爾姿女性30分鐘環狀運動新莊龍安店",
    "場所地址":"新北市新莊區龍安路69巷8號1樓",
    "場所分類":"學校、大型集會場所",
    "AED放置地點":"1樓運動圈旁",
    "行政區":"新莊區"
    }
  },
  {
    "type": "Feature",
    "geometry": {
       "type": "Point",
       "coordinates":  [ 121.433007,25.0286363 ]
    },
    "properties": {
    "場所名稱":"跨越體適能有限公司輔大店分公司",
    "場所地址":"新北市新莊區後港一路179號B1",
    "場所分類":"學校、大型集會場所",
    "AED放置地點":"Ｂ1場館後左側明顯處",
    "行政區":"新莊區"
    }
  },
  {
    "type": "Feature",
    "geometry": {
       "type": "Point",
       "coordinates":  [ 121.442921,25.0541032 ]
    },
    "properties": {
    "場所名稱":"新北市立中平國民中學",
    "場所地址":"新北市新莊區中平路385號",
    "場所分類":"學校、大型集會場所",
    "AED放置地點":"中平國中中平樓中央川堂左側",
    "行政區":"新莊區"
    }
  },
  {
    "type": "Feature",
    "geometry": {
       "type": "Point",
       "coordinates":  [ 121.4472241,25.0498632 ]
    },
    "properties": {
    "場所名稱":"健身工廠新莊廠",
    "場所地址":"新北市新莊區中和街157號",
    "場所分類":"學校、大型集會場所",
    "AED放置地點":"新北市新莊區中和街157號",
    "行政區":"新莊區"
    }
  },
  {
    "type": "Feature",
    "geometry": {
       "type": "Point",
       "coordinates":  [ 121.4438324,25.0483906 ]
    },
    "properties": {
    "場所名稱":"新北市立新莊高級中學",
    "場所地址":"新北市新莊區中平路135號",
    "場所分類":"學校、大型集會場所",
    "AED放置地點":"傳達室內",
    "行政區":"新莊區"
    }
  },
  {
    "type": "Feature",
    "geometry": {
       "type": "Point",
       "coordinates":  [ 121.4657978,25.0482478 ]
    },
    "properties": {
    "場所名稱":"新北市政府警察局新莊分局頭前派出所",
    "場所地址":"新北市新莊區化成路312號",
    "場所分類":"其他",
    "AED放置地點":"一樓入口",
    "行政區":"新莊區"
    }
  },
  {
    "type": "Feature",
    "geometry": {
       "type": "Point",
       "coordinates":  [ 121.4586874,25.0385348 ]
    },
    "properties": {
    "場所名稱":"和泰汽車新莊綜合園區",
    "場所地址":"新北市新莊區明中街10號",
    "場所分類":"其他",
    "AED放置地點":"研修大樓2樓",
    "行政區":"新莊區"
    }
  },
  {
    "type": "Feature",
    "geometry": {
       "type": "Point",
       "coordinates":  [ 121.4517492,25.0466042 ]
    },
    "properties": {
    "場所名稱":"新北市政府警察局新莊分局中港派出所",
    "場所地址":"新北市新莊區中港路352號",
    "場所分類":"其他",
    "AED放置地點":"派出所一樓",
    "行政區":"新莊區"
    }
  },
  {
    "type": "Feature",
    "geometry": {
       "type": "Point",
       "coordinates":  [ 121.4589458,25.0616718 ]
    },
    "properties": {
    "場所名稱":"桃園捷運A3新北產業園區站",
    "場所地址":"新北市新莊區五工路37號",
    "場所分類":"交通要衝",
    "AED放置地點":"穿堂層",
    "行政區":"新莊區"
    }
  },
  {
    "type": "Feature",
    "geometry": {
       "type": "Point",
       "coordinates":  [ 121.4461393,25.0593624 ]
    },
    "properties": {
    "場所名稱":"桃園捷運A4新莊副都心站",
    "場所地址":"新北市新莊區新北大道四段188號",
    "場所分類":"交通要衝",
    "AED放置地點":"穿堂層詢問處附近(非付費區)",
    "行政區":"新莊區"
    }
  },
  {
    "type": "Feature",
    "geometry": {
       "type": "Point",
       "coordinates":  [ 121.4607608,25.0397719 ]
    },
    "properties": {
    "場所名稱":"臺北捷運頭前庄站O17",
    "場所地址":"新北市新莊區思源路18號B1",
    "場所分類":"交通要衝",
    "AED放置地點":"詢問處左後方靠牆面轉角處",
    "行政區":"新莊區"
    }
  },
  {
    "type": "Feature",
    "geometry": {
       "type": "Point",
       "coordinates":  [ 121.4241944,25.0028275 ]
    },
    "properties": {
    "場所名稱":"臺北捷運新莊站O18",
    "場所地址":"新北市新莊區中正路138號",
    "場所分類":"交通要衝",
    "AED放置地點":"詢問處右後方通道靠牆面",
    "行政區":"新莊區"
    }
  },
  {
    "type": "Feature",
    "geometry": {
       "type": "Point",
       "coordinates":  [ 121.4353171,25.0329028 ]
    },
    "properties": {
    "場所名稱":"臺北捷運輔大站O19",
    "場所地址":"新北市新莊區中正路510之1號B1",
    "場所分類":"交通要衝",
    "AED放置地點":"詢問處右後方通道靠牆面",
    "行政區":"新莊區"
    }
  },
  {
    "type": "Feature",
    "geometry": {
       "type": "Point",
       "coordinates":  [ 121.4223941,25.0290437 ]
    },
    "properties": {
    "場所名稱":"臺北捷運丹鳳站O20",
    "場所地址":"新北市新莊區中正路624號B1",
    "場所分類":"交通要衝",
    "AED放置地點":"詢問處右後方通道靠牆面",
    "行政區":"新莊區"
    }
  },
  {
    "type": "Feature",
    "geometry": {
       "type": "Point",
       "coordinates":  [ 121.411278,25.0218316 ]
    },
    "properties": {
    "場所名稱":"臺北捷運迴龍站O21",
    "場所地址":"新北市新莊區中正路758號B1",
    "場所分類":"交通要衝",
    "AED放置地點":"詢問處右後方通道靠牆面",
    "行政區":"新莊區"
    }
  },
  {
    "type": "Feature",
    "geometry": {
       "type": "Point",
       "coordinates":  [ 121.4434306,25.0300299 ]
    },
    "properties": {
    "場所名稱":"新北市新莊區豐年國民小學",
    "場所地址":"新北市新莊區瓊泰路116號",
    "場所分類":"學校、大型集會場所",
    "AED放置地點":"健康中心",
    "行政區":"新莊區"
    }
  },
  {
    "type": "Feature",
    "geometry": {
       "type": "Point",
       "coordinates":  [ 121.4519024,25.0363397 ]
    },
    "properties": {
    "場所名稱":"新北市新莊區衛生所",
    "場所地址":"新北市新莊區中華路1段2號",
    "場所分類":"其他",
    "AED放置地點":"1樓大門內側",
    "行政區":"新莊區"
    }
  },
  {
    "type": "Feature",
    "geometry": {
       "type": "Point",
       "coordinates":  [ 121.4643757,25.0495089 ]
    },
    "properties": {
    "場所名稱":"上將食品有限公司",
    "場所地址":"新北市新莊區幸福東路86號",
    "場所分類":"其他",
    "AED放置地點":"90號3樓員工教育訓練場所",
    "行政區":"新莊區"
    }
  },
  {
    "type": "Feature",
    "geometry": {
       "type": "Point",
       "coordinates":  [ 121.445502,25.0416364 ]
    },
    "properties": {
    "場所名稱":"天鏡科技股份有限公司",
    "場所地址":"新北市新莊區復興路一段3號五樓",
    "場所分類":"其他",
    "AED放置地點":"公司大廳入口處右側",
    "行政區":"新莊區"
    }
  },
  {
    "type": "Feature",
    "geometry": {
       "type": "Point",
       "coordinates":  [ 121.4496731,25.0400087 ]
    },
    "properties": {
    "場所名稱":"新莊體育園區 體育館 2樓東區",
    "場所地址":"新北市新莊區中華路一段75號",
    "場所分類":"大型休閒場所",
    "AED放置地點":"新莊體育館 2樓東區",
    "行政區":"新莊區"
    }
  },
  {
    "type": "Feature",
    "geometry": {
       "type": "Point",
       "coordinates":  [ 121.4496731,25.0400087 ]
    },
    "properties": {
    "場所名稱":"新莊體育園區 網球場",
    "場所地址":"新北市新莊區中華路一段75號",
    "場所分類":"大型休閒場所",
    "AED放置地點":"新莊網球場入口處",
    "行政區":"新莊區"
    }
  },
  {
    "type": "Feature",
    "geometry": {
       "type": "Point",
       "coordinates":  [ 121.4496731,25.0400087 ]
    },
    "properties": {
    "場所名稱":"新莊體育園區 田徑場警衛室外",
    "場所地址":"新北市新莊區中華路一段75號",
    "場所分類":"大型休閒場所",
    "AED放置地點":"新莊田徑場警衛室門口外",
    "行政區":"新莊區"
    }
  },
  {
    "type": "Feature",
    "geometry": {
       "type": "Point",
       "coordinates":  [ 121.4496731,25.0400087 ]
    },
    "properties": {
    "場所名稱":"新莊體育園區 體育館警衛室",
    "場所地址":"新北市新莊區中華路一段75號",
    "場所分類":"大型休閒場所",
    "AED放置地點":"新莊體育館警衛室外",
    "行政區":"新莊區"
    }
  },
  {
    "type": "Feature",
    "geometry": {
       "type": "Point",
       "coordinates":  [ 121.4341972,25.0271307 ]
    },
    "properties": {
    "場所名稱":"好市多股份有限公司新莊分公司",
    "場所地址":"新北市新莊區建國一路138號一樓",
    "場所分類":"大型購物場所",
    "AED放置地點":"賣場BI收銀機台前方",
    "行政區":"新莊區"
    }
  },
  {
    "type": "Feature",
    "geometry": {
       "type": "Point",
       "coordinates":  [ 121.4264313,25.0170181 ]
    },
    "properties": {
    "場所名稱":"新北市政府警察局新莊分局光華派出所",
    "場所地址":"新北市新莊區新北市新莊區民安西路141號",
    "場所分類":"其他",
    "AED放置地點":"ㄧ樓大廳",
    "行政區":"新莊區"
    }
  },
  {
    "type": "Feature",
    "geometry": {
       "type": "Point",
       "coordinates":  [ 121.4336092,25.0202479 ]
    },
    "properties": {
    "場所名稱":"新北市新莊勞工中心",
    "場所地址":"新北市新莊區新樹路222號",
    "場所分類":"其他",
    "AED放置地點":"中心大門入口左側",
    "行政區":"新莊區"
    }
  },
  {
    "type": "Feature",
    "geometry": {
       "type": "Point",
       "coordinates":  [ 121.4312436,25.0003262 ]
    },
    "properties": {
    "場所名稱":"新北市政府警察局新莊分局新樹派出所",
    "場所地址":"新北市新莊區樹新路222號",
    "場所分類":"其他",
    "AED放置地點":"進大門右側",
    "行政區":"新莊區"
    }
  },
  {
    "type": "Feature",
    "geometry": {
       "type": "Point",
       "coordinates":  [ 121.4444936,25.0372022 ]
    },
    "properties": {
    "場所名稱":"新北市政府稅捐稽徵處新莊分處",
    "場所地址":"新北市新莊區仁愛街56號",
    "場所分類":"其他",
    "AED放置地點":"本分處1樓公共區域右側第一根柱子",
    "行政區":"新莊區"
    }
  },
  {
    "type": "Feature",
    "geometry": {
       "type": "Point",
       "coordinates":  [ 121.4524707,25.0438427 ]
    },
    "properties": {
    "場所名稱":"建豐國際資產管理股份有限公司新莊客旅分公司",
    "場所地址":"新北市新莊區中華路一段101號",
    "場所分類":"旅宿場所",
    "AED放置地點":"大廳",
    "行政區":"新莊區"
    }
  },
  {
    "type": "Feature",
    "geometry": {
       "type": "Point",
       "coordinates":  [ 121.4181524,25.0218689 ]
    },
    "properties": {
    "場所名稱":"新北市新莊區裕民國民小學",
    "場所地址":"新北市新莊區裕民街123號",
    "場所分類":"學校、大型集會場所",
    "AED放置地點":"健康中心",
    "行政區":"新莊區"
    }
  },
  {
    "type": "Feature",
    "geometry": {
       "type": "Point",
       "coordinates":  [ 121.4148147,25.0275359 ]
    },
    "properties": {
    "場所名稱":"新北市政府警察局新莊分局丹鳳派出所",
    "場所地址":"新北市新莊區新北市新莊區雙鳳路75號",
    "場所分類":"其他",
    "AED放置地點":"ㄧ樓大廳",
    "行政區":"新莊區"
    }
  },
  {
    "type": "Feature",
    "geometry": {
       "type": "Point",
       "coordinates":  [ 121.4550914,25.0418054 ]
    },
    "properties": {
    "場所名稱":"新北市新莊區中港第一市民活動中心",
    "場所地址":"新北市新莊區中港路172號",
    "場所分類":"其他",
    "AED放置地點":"1樓",
    "行政區":"新莊區"
    }
  },
  {
    "type": "Feature",
    "geometry": {
       "type": "Point",
       "coordinates":  [ 121.451867,25.0350605 ]
    },
    "properties": {
    "場所名稱":"新北市立新莊國民中學",
    "場所地址":"新北市新莊區中正路211號",
    "場所分類":"學校、大型集會場所",
    "AED放置地點":"教務處外走廊",
    "行政區":"新莊區"
    }
  },
  {
    "type": "Feature",
    "geometry": {
       "type": "Point",
       "coordinates":  [ 121.4467321,25.0524622 ]
    },
    "properties": {
    "場所名稱":"新北市新莊區榮富國民小學",
    "場所地址":"新北市新莊區中和街193號",
    "場所分類":"學校、大型集會場所",
    "AED放置地點":"一樓大門穿堂處",
    "行政區":"新莊區"
    }
  },
  {
    "type": "Feature",
    "geometry": {
       "type": "Point",
       "coordinates":  [ 121.4517943,25.0368004 ]
    },
    "properties": {
    "場所名稱":"新北市新莊地政事務所",
    "場所地址":"新北市新莊區中華路一段3號",
    "場所分類":"其他",
    "AED放置地點":"本所1樓大廳",
    "行政區":"新莊區"
    }
  },
  {
    "type": "Feature",
    "geometry": {
       "type": "Point",
       "coordinates":  [ 121.4602541,25.0469906 ]
    },
    "properties": {
    "場所名稱":"南陽實業股份有限公司 現代汽車新莊店.廠",
    "場所地址":"新北市新莊區思源路120號",
    "場所分類":"大型購物場所",
    "AED放置地點":"櫃台後面",
    "行政區":"新莊區"
    }
  },
  {
    "type": "Feature",
    "geometry": {
       "type": "Point",
       "coordinates":  [ 121.4615572,25.0657298 ]
    },
    "properties": {
    "場所名稱":"新北市新莊區興化國民小學",
    "場所地址":"新北市新莊區五工二路50巷2號",
    "場所分類":"學校、大型集會場所",
    "AED放置地點":"1樓北側走廊",
    "行政區":"新莊區"
    }
  },
  {
    "type": "Feature",
    "geometry": {
       "type": "Point",
       "coordinates":  [ 121.4577176,25.0633498 ]
    },
    "properties": {
    "場所名稱":"新北市政府警察局新莊分局五工派出所",
    "場所地址":"新北市新莊區五工路95-1號",
    "場所分類":"其他",
    "AED放置地點":"一樓辦公區",
    "行政區":"新莊區"
    }
  },
  {
    "type": "Feature",
    "geometry": {
       "type": "Point",
       "coordinates":  [ 121.4158433,25.031117 ]
    },
    "properties": {
    "場所名稱":"新莊生命紀念館",
    "場所地址":"新北市新莊區壽山路162之1號",
    "場所分類":"其他",
    "AED放置地點":"家屬休息區",
    "行政區":"新莊區"
    }
  },
  {
    "type": "Feature",
    "geometry": {
       "type": "Point",
       "coordinates":  [ 121.4495837,25.0595519 ]
    },
    "properties": {
    "場所名稱":"四零四科技股份有限公司 (宏匯辦公大樓13樓)",
    "場所地址":"新北市新莊區新北大道4段3號13樓",
    "場所分類":"其他",
    "AED放置地點":"公司大廳",
    "行政區":"新莊區"
    }
  },
  {
    "type": "Feature",
    "geometry": {
       "type": "Point",
       "coordinates":  [ 121.4120828,25.0135671 ]
    },
    "properties": {
    "場所名稱":"輔仁大學",
    "場所地址":"新北市新莊區中正路510號",
    "場所分類":"學校、大型集會場所",
    "AED放置地點":"輔仁大學進修部教學大樓",
    "行政區":"新莊區"
    }
  },
  {
    "type": "Feature",
    "geometry": {
       "type": "Point",
       "coordinates":  [ 121.4120828,25.0135671 ]
    },
    "properties": {
    "場所名稱":"輔仁大學",
    "場所地址":"新北市新莊區中正路510號",
    "場所分類":"學校、大型集會場所",
    "AED放置地點":"輔仁大學宜美學苑",
    "行政區":"新莊區"
    }
  },
  {
    "type": "Feature",
    "geometry": {
       "type": "Point",
       "coordinates":  [ 121.4120828,25.0135671 ]
    },
    "properties": {
    "場所名稱":"輔仁大學",
    "場所地址":"新北市新莊區中正路510號",
    "場所分類":"學校、大型集會場所",
    "AED放置地點":"輔仁大學",
    "行政區":"新莊區"
    }
  },
  {
    "type": "Feature",
    "geometry": {
       "type": "Point",
       "coordinates":  [ 121.4165519,25.0209948 ]
    },
    "properties": {
    "場所名稱":"新北市立丹鳳高級中學",
    "場所地址":"新北市新莊區龍安路72號",
    "場所分類":"學校、大型集會場所",
    "AED放置地點":"朝陽樓1樓走廊",
    "行政區":"新莊區"
    }
  },
  {
    "type": "Feature",
    "geometry": {
       "type": "Point",
       "coordinates":  [ 121.4438324,25.0483906 ]
    },
    "properties": {
    "場所名稱":"新北市立新莊高級中學",
    "場所地址":"新北市新莊區中平路135號",
    "場所分類":"學校、大型集會場所",
    "AED放置地點":"健康中心內",
    "行政區":"新莊區"
    }
  },
  {
    "type": "Feature",
    "geometry": {
       "type": "Point",
       "coordinates":  [ 121.4473688,25.0449512 ]
    },
    "properties": {
    "場所名稱":"新北市新莊區中港國民小學",
    "場所地址":"新北市新莊區中港一街142號",
    "場所分類":"學校、大型集會場所",
    "AED放置地點":"一樓健康中心走廊",
    "行政區":"新莊區"
    }
  },
  {
    "type": "Feature",
    "geometry": {
       "type": "Point",
       "coordinates":  [ 121.4550914,25.0418054 ]
    },
    "properties": {
    "場所名稱":"新北市樂慧身心障礙者家庭資源中心",
    "場所地址":"新北市新莊區中港路172號2樓",
    "場所分類":"其他",
    "AED放置地點":"門口左側牆壁上",
    "行政區":"新莊區"
    }
  },
  {
    "type": "Feature",
    "geometry": {
       "type": "Point",
       "coordinates":  [ 121.4566876,25.0460385 ]
    },
    "properties": {
    "場所名稱":"新北市新莊區思賢國民小學",
    "場所地址":"新北市新莊區自立街229號",
    "場所分類":"學校、大型集會場所",
    "AED放置地點":"思賢樓穿堂左邊(學務處旁)",
    "行政區":"新莊區"
    }
  },
  {
    "type": "Feature",
    "geometry": {
       "type": "Point",
       "coordinates":  [ 121.4326141,25.0160519 ]
    },
    "properties": {
    "場所名稱":"華新麗華股份有限公司新莊廠",
    "場所地址":"新北市新莊區新樹路256號",
    "場所分類":"其他",
    "AED放置地點":"新莊二廠警衛室",
    "行政區":"新莊區"
    }
  },
  {
    "type": "Feature",
    "geometry": {
       "type": "Point",
       "coordinates":  [ 121.4442337,25.0341124 ]
    },
    "properties": {
    "場所名稱":"日本伊藤萬游泳學校-新莊中正校",
    "場所地址":"新北市新莊區中正路425號2樓",
    "場所分類":"其他",
    "AED放置地點":"2樓櫃台",
    "行政區":"新莊區"
    }
  },
  {
    "type": "Feature",
    "geometry": {
       "type": "Point",
       "coordinates":  [ 121.4240119,25.0260716 ]
    },
    "properties": {
    "場所名稱":"新北市新莊區公所長青文康活動中心",
    "場所地址":"新北市新莊區後港一路19號",
    "場所分類":"其他",
    "AED放置地點":"B1",
    "行政區":"新莊區"
    }
  },
  {
    "type": "Feature",
    "geometry": {
       "type": "Point",
       "coordinates":  [ 121.4231181,25.0260376 ]
    },
    "properties": {
    "場所名稱":"新北市立福營國民中學",
    "場所地址":"新北市新莊區萬安里8鄰富國路105號",
    "場所分類":"學校、大型集會場所",
    "AED放置地點":"一樓川堂",
    "行政區":"新莊區"
    }
  },
  {
    "type": "Feature",
    "geometry": {
       "type": "Point",
       "coordinates":  [ 121.4247951,25.0230568 ]
    },
    "properties": {
    "場所名稱":"新莊鴻金寶麻吉影城",
    "場所地址":"新北市新莊區民安路188巷5號4樓",
    "場所分類":"大型休閒場所",
    "AED放置地點":"販賣部右前方",
    "行政區":"新莊區"
    }
  },
  {
    "type": "Feature",
    "geometry": {
       "type": "Point",
       "coordinates":  [ 121.4312436,25.0003262 ]
    },
    "properties": {
    "場所名稱":"新北市政府違章建築拆除大隊(新北市新豐綜合行政大樓7樓)",
    "場所地址":"新北市新莊區樹新路222號7樓",
    "場所分類":"其他",
    "AED放置地點":"新北市新豐綜合行政大樓7樓",
    "行政區":"新莊區"
    }
  },
  {
    "type": "Feature",
    "geometry": {
       "type": "Point",
       "coordinates":  [ 121.4247951,25.0230568 ]
    },
    "properties": {
    "場所名稱":"香港商世界健身事業有限公司新莊分公司",
    "場所地址":"新北市新莊區民安路188巷5號",
    "場所分類":"學校、大型集會場所",
    "AED放置地點":"重訓區",
    "行政區":"新莊區"
    }
  },
  {
    "type": "Feature",
    "geometry": {
       "type": "Point",
       "coordinates":  [ 121.4487764,25.0310613 ]
    },
    "properties": {
    "場所名稱":"新北市政府環境保護局新莊區清潔隊",
    "場所地址":"新北市新莊區瓊林路34號1樓",
    "場所分類":"其他",
    "AED放置地點":"新莊區清潔隊大樓1樓",
    "行政區":"新莊區"
    }
  },
  {
    "type": "Feature",
    "geometry": {
       "type": "Point",
       "coordinates":  [ 121.4473199,25.0563088 ]
    },
    "properties": {
    "場所名稱":"國家電影及視聽文化中心",
    "場所地址":"新北市新莊區文藝路2號",
    "場所分類":"大型休閒場所",
    "AED放置地點":"三樓圖書館",
    "行政區":"新莊區"
    }
  },
  {
    "type": "Feature",
    "geometry": {
       "type": "Point",
       "coordinates":  [ 121.4517982,25.0600491 ]
    },
    "properties": {
    "場所名稱":"遠雄九五",
    "場所地址":"新北市新莊區新北大道3段157~163號",
    "場所分類":"其他",
    "AED放置地點":"新莊區新北大道3段163號40樓",
    "行政區":"新莊區"
    }
  },
  {
    "type": "Feature",
    "geometry": {
       "type": "Point",
       "coordinates":  [ 121.4471942,25.0494318 ]
    },
    "properties": {
    "場所名稱":"香港商世界健身事業有限公司北新莊分公司",
    "場所地址":"新北市新莊區幸福路778號B1",
    "場所分類":"學校、大型集會場所",
    "AED放置地點":"俱樂部大廳",
    "行政區":"新莊區"
    }
  },
  {
    "type": "Feature",
    "geometry": {
       "type": "Point",
       "coordinates":  [ 121.4553877,25.035655 ]
    },
    "properties": {
    "場所名稱":"新莊廣福宮",
    "場所地址":"新北市新莊區新莊路150號",
    "場所分類":"其他",
    "AED放置地點":"左前門入口處",
    "行政區":"新莊區"
    }
  },
  {
    "type": "Feature",
    "geometry": {
       "type": "Point",
       "coordinates":  [ 121.4537337,25.0366721 ]
    },
    "properties": {
    "場所名稱":"新北市天主教恆毅高級中學",
    "場所地址":"新北市新莊區中正路108號",
    "場所分類":"學校、大型集會場所",
    "AED放置地點":"游泳池",
    "行政區":"新莊區"
    }
  },
  {
    "type": "Feature",
    "geometry": {
       "type": "Point",
       "coordinates":  [ 121.4449008,25.0510761 ]
    },
    "properties": {
    "場所名稱":"新北市政府警察局新莊分局中平派出所",
    "場所地址":"新北市新莊區中平路288號",
    "場所分類":"其他",
    "AED放置地點":"一樓入口",
    "行政區":"新莊區"
    }
  },
  {
    "type": "Feature",
    "geometry": {
       "type": "Point",
       "coordinates":  [ 121.444993,25.045879 ]
    },
    "properties": {
    "場所名稱":"家樂福中平店",
    "場所地址":"新北市新莊區中平路108號B1",
    "場所分類":"大型購物場所",
    "AED放置地點":"服務中心旁的圓柱",
    "行政區":"新莊區"
    }
  },
  {
    "type": "Feature",
    "geometry": {
       "type": "Point",
       "coordinates":  [ 121.4603873,25.0431818 ]
    },
    "properties": {
    "場所名稱":"裕信汽車股份有限公司 新莊分公司",
    "場所地址":"新北市新莊區思源路40-1號",
    "場所分類":"其他",
    "AED放置地點":"客戶休息區",
    "行政區":"新莊區"
    }
  },
  {
    "type": "Feature",
    "geometry": {
       "type": "Point",
       "coordinates":  [ 121.4533746,25.034009 ]
    },
    "properties": {
    "場所名稱":"新北市新莊區第一公有零售市場",
    "場所地址":"新北市新莊區新莊路315號",
    "場所分類":"其他",
    "AED放置地點":"市場2樓管理室",
    "行政區":"新莊區"
    }
  },
  {
    "type": "Feature",
    "geometry": {
       "type": "Point",
       "coordinates":  [ 121.4522872,25.0541267 ]
    },
    "properties": {
    "場所名稱":"中港大排控制中心",
    "場所地址":"新北市新莊區中原路191號",
    "場所分類":"其他",
    "AED放置地點":"中港大排控制中心1樓大廳",
    "行政區":"新莊區"
    }
  },
  {
    "type": "Feature",
    "geometry": {
       "type": "Point",
       "coordinates":  [ 121.448256,25.0524571 ]
    },
    "properties": {
    "場所名稱":"新北市新莊區黃愚市民活動中心",
    "場所地址":"新北市新莊區中信街74號",
    "場所分類":"其他",
    "AED放置地點":"大廳",
    "行政區":"新莊區"
    }
  },
  {
    "type": "Feature",
    "geometry": {
       "type": "Point",
       "coordinates":  [ 121.4589388,25.0639992 ]
    },
    "properties": {
    "場所名稱":"國賓影城(股)公司新莊分公司",
    "場所地址":"新北市新莊區五工路66號3樓",
    "場所分類":"大型休閒場所",
    "AED放置地點":"三樓大廳近一廳旁",
    "行政區":"新莊區"
    }
  },
  {
    "type": "Feature",
    "geometry": {
       "type": "Point",
       "coordinates":  [ 121.4548002,25.0570746 ]
    },
    "properties": {
    "場所名稱":"新北市政府警察局新莊分局昌平派出所",
    "場所地址":"新北市新莊區富貴路111號",
    "場所分類":"其他",
    "AED放置地點":"大門右側",
    "行政區":"新莊區"
    }
  },
  {
    "type": "Feature",
    "geometry": {
       "type": "Point",
       "coordinates":  [ 121.459311,25.0583536 ]
    },
    "properties": {
    "場所名稱":"宏匯思源廣場",
    "場所地址":"新北市新莊區思源路553~555號",
    "場所分類":"其他",
    "AED放置地點":"一樓大廳服務台旁",
    "行政區":"新莊區"
    }
  },
  {
    "type": "Feature",
    "geometry": {
       "type": "Point",
       "coordinates":  [ 121.4596305,25.0587073 ]
    },
    "properties": {
    "場所名稱":"四零四科技股份有限公司 (iTower 23樓)",
    "場所地址":"新北市新莊區思源路555號23樓",
    "場所分類":"其他",
    "AED放置地點":"本公司大廳",
    "行政區":"新莊區"
    }
  },
  {
    "type": "Feature",
    "geometry": {
       "type": "Point",
       "coordinates":  [ 121.4120828,25.0135671 ]
    },
    "properties": {
    "場所名稱":"輔仁大學",
    "場所地址":"新北市新莊區中正路510號",
    "場所分類":"學校、大型集會場所",
    "AED放置地點":"輔仁大學警衛室",
    "行政區":"新莊區"
    }
  },
  {
    "type": "Feature",
    "geometry": {
       "type": "Point",
       "coordinates":  [ 121.451948,25.0464177 ]
    },
    "properties": {
    "場所名稱":"新北市立圖書館新莊中港分館",
    "場所地址":"新北市新莊區中港路350號5樓",
    "場所分類":"大型休閒場所",
    "AED放置地點":"五樓服務櫃檯前區域",
    "行政區":"新莊區"
    }
  },
  {
    "type": "Feature",
    "geometry": {
       "type": "Point",
       "coordinates":  [ 121.4659499,25.057656 ]
    },
    "properties": {
    "場所名稱":"新北市新莊區福前市民活動中心",
    "場所地址":"新北市新莊區化成路746巷2號",
    "場所分類":"其他",
    "AED放置地點":"1樓",
    "行政區":"新莊區"
    }
  },
  {
    "type": "Feature",
    "geometry": {
       "type": "Point",
       "coordinates":  [ 121.4466974,25.0305324 ]
    },
    "properties": {
    "場所名稱":"新北市新莊區豐年市民活動中心",
    "場所地址":"新北市新莊區豐年街57-5號",
    "場所分類":"其他",
    "AED放置地點":"1樓",
    "行政區":"新莊區"
    }
  },
  {
    "type": "Feature",
    "geometry": {
       "type": "Point",
       "coordinates":  [ 121.4590608,25.0546978 ]
    },
    "properties": {
    "場所名稱":"新北市立頭前國民中學",
    "場所地址":"新北市新莊區中原路2號",
    "場所分類":"學校、大型集會場所",
    "AED放置地點":"新北市頭前國中",
    "行政區":"新莊區"
    }
  },
  {
    "type": "Feature",
    "geometry": {
       "type": "Point",
       "coordinates":  [ 121.447917,25.0332264 ]
    },
    "properties": {
    "場所名稱":"新北市新莊區全安市民活動中心",
    "場所地址":"新北市新莊區新莊路527號",
    "場所分類":"其他",
    "AED放置地點":"2樓",
    "行政區":"新莊區"
    }
  },
  {
    "type": "Feature",
    "geometry": {
       "type": "Point",
       "coordinates":  [ 121.4218213,25.0213843 ]
    },
    "properties": {
    "場所名稱":"新北市新莊區四維市民活動中心",
    "場所地址":"新北市新莊區四維路186巷2號",
    "場所分類":"其他",
    "AED放置地點":"1樓",
    "行政區":"新莊區"
    }
  },
  {
    "type": "Feature",
    "geometry": {
       "type": "Point",
       "coordinates":  [ 121.4560357,25.0479189 ]
    },
    "properties": {
    "場所名稱":"新北市新莊區聯合市民活動中心",
    "場所地址":"新北市新莊區自由街1號",
    "場所分類":"其他",
    "AED放置地點":"1樓",
    "行政區":"新莊區"
    }
  },
  {
    "type": "Feature",
    "geometry": {
       "type": "Point",
       "coordinates":  [ 121.4237686,25.0243341 ]
    },
    "properties": {
    "場所名稱":"新北市立圖書館新莊福營分館",
    "場所地址":"新北市新莊區四維路9號3-5樓",
    "場所分類":"大型休閒場所",
    "AED放置地點":"本館4樓借還書流通櫃檯",
    "行政區":"新莊區"
    }
  },
  {
    "type": "Feature",
    "geometry": {
       "type": "Point",
       "coordinates":  [ 121.4435645,25.0566646 ]
    },
    "properties": {
    "場所名稱":"行政院新莊聯合辦公大樓",
    "場所地址":"新北市新莊區中平路439號",
    "場所分類":"其他",
    "AED放置地點":"北棟1樓大廳郵局旁",
    "行政區":"新莊區"
    }
  },
  {
    "type": "Feature",
    "geometry": {
       "type": "Point",
       "coordinates":  [ 121.4435645,25.0566646 ]
    },
    "properties": {
    "場所名稱":"行政院新莊聯合辦公大樓",
    "場所地址":"新北市新莊區中平路439號",
    "場所分類":"其他",
    "AED放置地點":"B1F綠廊東北側",
    "行政區":"新莊區"
    }
  },
  {
    "type": "Feature",
    "geometry": {
       "type": "Point",
       "coordinates":  [ 121.4435645,25.0566646 ]
    },
    "properties": {
    "場所名稱":"行政院新莊聯合辦公大樓",
    "場所地址":"新北市新莊區中平路439號",
    "場所分類":"其他",
    "AED放置地點":"南棟1樓大廳",
    "行政區":"新莊區"
    }
  },
  {
    "type": "Feature",
    "geometry": {
       "type": "Point",
       "coordinates":  [ 121.4435645,25.0566646 ]
    },
    "properties": {
    "場所名稱":"行政院新莊聯合辦公大樓",
    "場所地址":"新北市新莊區中平路439號",
    "場所分類":"其他",
    "AED放置地點":"南棟10樓南側1003,1004會議室口",
    "行政區":"新莊區"
    }
  },
  {
    "type": "Feature",
    "geometry": {
       "type": "Point",
       "coordinates":  [ 121.444604,25.0573903 ]
    },
    "properties": {
    "場所名稱":"遠雄國匯接待中心",
    "場所地址":"新北市新莊區新北大道四段199號3樓",
    "場所分類":"其他",
    "AED放置地點":"遠雄國匯",
    "行政區":"新莊區"
    }
  },
  {
    "type": "Feature",
    "geometry": {
       "type": "Point",
       "coordinates":  [ 121.4473199,25.0563088 ]
    },
    "properties": {
    "場所名稱":"國家電影及視聽文化中心",
    "場所地址":"新北市新莊區文藝路2號",
    "場所分類":"大型休閒場所",
    "AED放置地點":"本中心一樓大廳",
    "行政區":"新莊區"
    }
  },
  {
    "type": "Feature",
    "geometry": {
       "type": "Point",
       "coordinates":  [ 121.4473199,25.0563088 ]
    },
    "properties": {
    "場所名稱":"國家電影及視聽文化中心",
    "場所地址":"新北市新莊區文藝路2號",
    "場所分類":"大型休閒場所",
    "AED放置地點":"本中心四樓梯廳",
    "行政區":"新莊區"
    }
  },
  {
    "type": "Feature",
    "geometry": {
       "type": "Point",
       "coordinates":  [ 121.4473199,25.0563088 ]
    },
    "properties": {
    "場所名稱":"國家電影及視聽文化中心",
    "場所地址":"新北市新莊區文藝路2號",
    "場所分類":"大型休閒場所",
    "AED放置地點":"本中心地下一樓廳間",
    "行政區":"新莊區"
    }
  },
  {
    "type": "Feature",
    "geometry": {
       "type": "Point",
       "coordinates":  [ 121.4242343,25.0289701 ]
    },
    "properties": {
    "場所名稱":"國都汽車股份有限公司丹鳳服務廠",
    "場所地址":"新北市新莊區中正路717號",
    "場所分類":"其他",
    "AED放置地點":"服務廠客休室",
    "行政區":"新莊區"
    }
  },
  {
    "type": "Feature",
    "geometry": {
       "type": "Point",
       "coordinates":  [ 121.4278179,25.0293364 ]
    },
    "properties": {
    "場所名稱":"新北市新泰社會福利服務中心",
    "場所地址":"新北市新莊區福營路277號4樓",
    "場所分類":"其他",
    "AED放置地點":"新泰社福中心牆上",
    "行政區":"新莊區"
    }
  },
  {
    "type": "Feature",
    "geometry": {
       "type": "Point",
       "coordinates":  [ 121.4537337,25.0366721 ]
    },
    "properties": {
    "場所名稱":"新北市天主教恆毅高級中學",
    "場所地址":"新北市新莊區中正路108號",
    "場所分類":"學校、大型集會場所",
    "AED放置地點":"警衛室",
    "行政區":"新莊區"
    }
  },
  {
    "type": "Feature",
    "geometry": {
       "type": "Point",
       "coordinates":  [ 121.4432967,25.0423785 ]
    },
    "properties": {
    "場所名稱":"新北市立新泰國民中學",
    "場所地址":"新北市新莊區新泰路359號",
    "場所分類":"學校、大型集會場所",
    "AED放置地點":"新泰國中健康中心旁穿堂",
    "行政區":"新莊區"
    }
  },
  {
    "type": "Feature",
    "geometry": {
       "type": "Point",
       "coordinates":  [ 121.4591795,25.0383653 ]
    },
    "properties": {
    "場所名稱":"國都汽車股份有限公司新莊服務廠",
    "場所地址":"新北市新莊區中正路70-2號",
    "場所分類":"其他",
    "AED放置地點":"服務廠客休室",
    "行政區":"新莊區"
    }
  },
  {
    "type": "Feature",
    "geometry": {
       "type": "Point",
       "coordinates":  [ 121.4437451,25.0379957 ]
    },
    "properties": {
    "場所名稱":"新北市新莊區新泰國民小學",
    "場所地址":"新北市新莊區公園一路91號",
    "場所分類":"學校、大型集會場所",
    "AED放置地點":"新泰國小警衛室",
    "行政區":"新莊區"
    }
  },
  {
    "type": "Feature",
    "geometry": {
       "type": "Point",
       "coordinates":  [ 121.4660881,25.0528299 ]
    },
    "properties": {
    "場所名稱":"新北市新莊區頭前國民小學",
    "場所地址":"新北市新莊區化成路231號",
    "場所分類":"學校、大型集會場所",
    "AED放置地點":"迎曦樓穿堂",
    "行政區":"新莊區"
    }
  },
  {
    "type": "Feature",
    "geometry": {
       "type": "Point",
       "coordinates":  [ 121.4495726,25.0596783 ]
    },
    "properties": {
    "場所名稱":"宏匯廣場",
    "場所地址":"新北市新莊區新北大道四段3號1樓",
    "場所分類":"大型購物場所",
    "AED放置地點":"5樓醫護室",
    "行政區":"新莊區"
    }
  },
  {
    "type": "Feature",
    "geometry": {
       "type": "Point",
       "coordinates":  [ 121.4578193,25.0378738 ]
    },
    "properties": {
    "場所名稱":"翰品酒店新莊館",
    "場所地址":"新北市新莊區中正路82號",
    "場所分類":"旅宿場所",
    "AED放置地點":"翰品酒店新莊館1樓大廳入口",
    "行政區":"新莊區"
    }
  },
  {
    "type": "Feature",
    "geometry": {
       "type": "Point",
       "coordinates":  [ 121.4661164,25.0546819 ]
    },
    "properties": {
    "場所名稱":"新北市新莊區化成市民活動中心",
    "場所地址":"新北市新莊區化成路三一四巷二號",
    "場所分類":"其他",
    "AED放置地點":"大廳",
    "行政區":"新莊區"
    }
  },
  {
    "type": "Feature",
    "geometry": {
       "type": "Point",
       "coordinates":  [ 121.4481395,25.0562095 ]
    },
    "properties": {
    "場所名稱":"新北市新莊區中信國民小學",
    "場所地址":"新北市新莊區中信街168號",
    "場所分類":"學校、大型集會場所",
    "AED放置地點":"一樓健康中心外面走廊(健康中心門口右側)",
    "行政區":"新莊區"
    }
  },
  {
    "type": "Feature",
    "geometry": {
       "type": "Point",
       "coordinates":  [ 121.4429455,25.0293364 ]
    },
    "properties": {
    "場所名稱":"新北市新莊區瓊泰市民活動中心",
    "場所地址":"新北市新莊區瓊泰路85號",
    "場所分類":"其他",
    "AED放置地點":"1樓交誼廳",
    "行政區":"新莊區"
    }
  },
  {
    "type": "Feature",
    "geometry": {
       "type": "Point",
       "coordinates":  [ 121.443064,25.0324354 ]
    },
    "properties": {
    "場所名稱":"新北市新莊區海山市民活動中心",
    "場所地址":"新北市新莊區瓊泰路211號",
    "場所分類":"其他",
    "AED放置地點":"1樓",
    "行政區":"新莊區"
    }
  },
  {
    "type": "Feature",
    "geometry": {
       "type": "Point",
       "coordinates":  [ 121.4576677,25.0521379 ]
    },
    "properties": {
    "場所名稱":"新北市新莊區福壽市民活動中心",
    "場所地址":"新北市新莊區昌明街1號",
    "場所分類":"其他",
    "AED放置地點":"1樓",
    "行政區":"新莊區"
    }
  },
  {
    "type": "Feature",
    "geometry": {
       "type": "Point",
       "coordinates":  [ 121.4562532,25.0366152 ]
    },
    "properties": {
    "場所名稱":"新光人壽新莊大樓",
    "場所地址":"新北市新莊區中正路149號",
    "場所分類":"其他",
    "AED放置地點":"一樓大門口室內",
    "行政區":"新莊區"
    }
  },
  {
    "type": "Feature",
    "geometry": {
       "type": "Point",
       "coordinates":  [ 121.4148147,25.0275359 ]
    },
    "properties": {
    "場所名稱":"新北市新莊區牡丹心市民活動中心",
    "場所地址":"新北市新莊區雙鳳路75號5樓",
    "場所分類":"其他",
    "AED放置地點":"5樓",
    "行政區":"新莊區"
    }
  },
  {
    "type": "Feature",
    "geometry": {
       "type": "Point",
       "coordinates":  [ 121.4483854,25.0397752 ]
    },
    "properties": {
    "場所名稱":"新北市新莊國民運動中心",
    "場所地址":"新北市新莊區公園路11號",
    "場所分類":"學校、大型集會場所",
    "AED放置地點":"中心游泳館",
    "行政區":"新莊區"
    }
  },
  {
    "type": "Feature",
    "geometry": {
       "type": "Point",
       "coordinates":  [ 121.463663,25.0611379 ]
    },
    "properties": {
    "場所名稱":"鴻源汽車股份有限公司新莊分公司",
    "場所地址":"新北市新莊區新北大道2段318號",
    "場所分類":"其他",
    "AED放置地點":"新莊區新北大道2段318號",
    "行政區":"新莊區"
    }
  },
  {
    "type": "Feature",
    "geometry": {
       "type": "Point",
       "coordinates":  [ 121.4547274,25.0542208 ]
    },
    "properties": {
    "場所名稱":"鐵木真健身館有限公司",
    "場所地址":"新北市新莊區中原路137號B1",
    "場所分類":"學校、大型集會場所",
    "AED放置地點":"入口場館接待區",
    "行政區":"新莊區"
    }
  },
  {
    "type": "Feature",
    "geometry": {
       "type": "Point",
       "coordinates":  [ 121.4120828,25.0135671 ]
    },
    "properties": {
    "場所名稱":"輔仁大學",
    "場所地址":"新北市新莊區中正路510號",
    "場所分類":"學校、大型集會場所",
    "AED放置地點":"輔仁大學格物立言學苑",
    "行政區":"新莊區"
    }
  },
  {
    "type": "Feature",
    "geometry": {
       "type": "Point",
       "coordinates":  [ 121.4246515,25.0181531 ]
    },
    "properties": {
    "場所名稱":"新北市新莊區光華國民小學",
    "場所地址":"新北市新莊區龍安路452號",
    "場所分類":"學校、大型集會場所",
    "AED放置地點":"光華國小健康中心旁",
    "行政區":"新莊區"
    }
  },
  {
    "type": "Feature",
    "geometry": {
       "type": "Point",
       "coordinates":  [ 121.4439352,25.0472506 ]
    },
    "properties": {
    "場所名稱":"新莊文化藝術中心",
    "場所地址":"新北市新莊區新北市新莊區中平路133號",
    "場所分類":"大型休閒場所",
    "AED放置地點":"大廳服務台前方，進門口左方明顯處",
    "行政區":"新莊區"
    }
  },
  {
    "type": "Feature",
    "geometry": {
       "type": "Point",
       "coordinates":  [ 121.4467321,25.0524622 ]
    },
    "properties": {
    "場所名稱":"新北市新莊區榮富國民小學",
    "場所地址":"新北市新莊區中和街193號",
    "場所分類":"學校、大型集會場所",
    "AED放置地點":"游泳池門口",
    "行政區":"新莊區"
    }
  },
  {
    "type": "Feature",
    "geometry": {
       "type": "Point",
       "coordinates":  [ 121.4416885,25.0342271 ]
    },
    "properties": {
    "場所名稱":"新北市新莊區國泰國民小學",
    "場所地址":"新北市新莊區中正路386號",
    "場所分類":"學校、大型集會場所",
    "AED放置地點":"莊敬樓1樓",
    "行政區":"新莊區"
    }
  },
  {
    "type": "Feature",
    "geometry": {
       "type": "Point",
       "coordinates":  [ 121.4176608,25.0218871 ]
    },
    "properties": {
    "場所名稱":"新北市立圖書館新莊裕民分館",
    "場所地址":"新北市新莊區裕民街136號4樓",
    "場所分類":"大型休閒場所",
    "AED放置地點":"4樓大門入口處右側",
    "行政區":"新莊區"
    }
  },
  {
    "type": "Feature",
    "geometry": {
       "type": "Point",
       "coordinates":  [ 121.4275805,25.022073 ]
    },
    "properties": {
    "場所名稱":"新北市新莊區民安國民小學",
    "場所地址":"新北市新莊區民安路261號",
    "場所分類":"學校、大型集會場所",
    "AED放置地點":"忠孝樓一樓樓梯旁",
    "行政區":"新莊區"
    }
  },
  {
    "type": "Feature",
    "geometry": {
       "type": "Point",
       "coordinates":  [ 121.451867,25.0350605 ]
    },
    "properties": {
    "場所名稱":"新北市立新莊國民中學",
    "場所地址":"新北市新莊區中正路211號",
    "場所分類":"學校、大型集會場所",
    "AED放置地點":"學生活動中心與操場交接處開放空間",
    "行政區":"新莊區"
    }
  },
  {
    "type": "Feature",
    "geometry": {
       "type": "Point",
       "coordinates":  [ 121.423463,25.0278553 ]
    },
    "properties": {
    "場所名稱":"新北市政府警察局交通警察大隊新莊分隊",
    "場所地址":"新北市新莊區福營路282號",
    "場所分類":"其他",
    "AED放置地點":"一樓值班大廳左側",
    "行政區":"新莊區"
    }
  },
  {
    "type": "Feature",
    "geometry": {
       "type": "Point",
       "coordinates":  [ 121.4585994,25.0638243 ]
    },
    "properties": {
    "場所名稱":"晶冠開發股份有限公司",
    "場所地址":"新北市新莊區五工路66號",
    "場所分類":"大型購物場所",
    "AED放置地點":"1樓大廳服務台右側",
    "行政區":"新莊區"
    }
  },
  {
    "type": "Feature",
    "geometry": {
       "type": "Point",
       "coordinates":  [ 121.4560357,25.0479189 ]
    },
    "properties": {
    "場所名稱":"新北市立圖書館新莊聯合分館",
    "場所地址":"新北市新莊區自由街1號3樓",
    "場所分類":"大型休閒場所",
    "AED放置地點":"新北市新莊區自由街1號3樓",
    "行政區":"新莊區"
    }
  },
  {
    "type": "Feature",
    "geometry": {
       "type": "Point",
       "coordinates":  [ 121.4278956,25.0172953 ]
    },
    "properties": {
    "場所名稱":"新北市立圖書館新莊西盛分館",
    "場所地址":"新北市新莊區西盛街216號",
    "場所分類":"大型休閒場所",
    "AED放置地點":"新莊西盛分館一樓",
    "行政區":"新莊區"
    }
  },
  {
    "type": "Feature",
    "geometry": {
       "type": "Point",
       "coordinates":  [ 121.4420279,25.044992 ]
    },
    "properties": {
    "場所名稱":"新北市新莊區中環市民活動中心",
    "場所地址":"新北市新莊區中環路二段392號之一",
    "場所分類":"其他",
    "AED放置地點":"大廳",
    "行政區":"新莊區"
    }
  },
  {
    "type": "Feature",
    "geometry": {
       "type": "Point",
       "coordinates":  [ 121.458866,25.0642583 ]
    },
    "properties": {
    "場所名稱":"新北市新莊區興化市民活動中心",
    "場所地址":"新北市新莊區五工路68巷2號4樓",
    "場所分類":"其他",
    "AED放置地點":"4樓",
    "行政區":"新莊區"
    }
  },
  {
    "type": "Feature",
    "geometry": {
       "type": "Point",
       "coordinates":  [ 121.4178347,25.0265985 ]
    },
    "properties": {
    "場所名稱":"新莊西盛環保河濱公園",
    "場所地址":"新北市新莊區停車場票亭",
    "場所分類":"其他",
    "AED放置地點":"停車場票亭",
    "行政區":"新莊區"
    }
  },
  {
    "type": "Feature",
    "geometry": {
       "type": "Point",
       "coordinates":  [ 121.4283045,25.0257061 ]
    },
    "properties": {
    "場所名稱":"新北市新莊區後港市民活動中心",
    "場所地址":"新北市新莊區建安街26巷4號",
    "場所分類":"其他",
    "AED放置地點":"1樓",
    "行政區":"新莊區"
    }
  },
  {
    "type": "Feature",
    "geometry": {
       "type": "Point",
       "coordinates":  [ 121.4483854,25.0397752 ]
    },
    "properties": {
    "場所名稱":"新北市新莊國民運動中心",
    "場所地址":"新北市新莊區公園路11號",
    "場所分類":"學校、大型集會場所",
    "AED放置地點":"中心1樓大廳",
    "行政區":"新莊區"
    }
  },
  {
    "type": "Feature",
    "geometry": {
       "type": "Point",
       "coordinates":  [ 121.4483854,25.0397752 ]
    },
    "properties": {
    "場所名稱":"新北市新莊國民運動中心",
    "場所地址":"新北市新莊區公園路11號",
    "場所分類":"學校、大型集會場所",
    "AED放置地點":"運動中心景觀喽",
    "行政區":"新莊區"
    }
  },
  {
    "type": "Feature",
    "geometry": {
       "type": "Point",
       "coordinates":  [ 121.4483854,25.0397752 ]
    },
    "properties": {
    "場所名稱":"新北市新莊國民運動中心",
    "場所地址":"新北市新莊區公園路11號",
    "場所分類":"學校、大型集會場所",
    "AED放置地點":"中心2樓大廳",
    "行政區":"新莊區"
    }
  },
  {
    "type": "Feature",
    "geometry": {
       "type": "Point",
       "coordinates":  [ 121.4483854,25.0397752 ]
    },
    "properties": {
    "場所名稱":"新北市新莊國民運動中心",
    "場所地址":"新北市新莊區公園路11號",
    "場所分類":"學校、大型集會場所",
    "AED放置地點":"中心3樓高階教室",
    "行政區":"新莊區"
    }
  },
  {
    "type": "Feature",
    "geometry": {
       "type": "Point",
       "coordinates":  [ 121.4120828,25.0135671 ]
    },
    "properties": {
    "場所名稱":"輔仁大學",
    "場所地址":"新北市新莊區中正路510號",
    "場所分類":"學校、大型集會場所",
    "AED放置地點":"淨心堂一樓",
    "行政區":"新莊區"
    }
  },
  {
    "type": "Feature",
    "geometry": {
       "type": "Point",
       "coordinates":  [ 121.4120828,25.0135671 ]
    },
    "properties": {
    "場所名稱":"輔仁大學",
    "場所地址":"新北市新莊區中正路510號",
    "場所分類":"學校、大型集會場所",
    "AED放置地點":"田徑場與籃球場管理室",
    "行政區":"新莊區"
    }
  },
  {
    "type": "Feature",
    "geometry": {
       "type": "Point",
       "coordinates":  [ 121.4120828,25.0135671 ]
    },
    "properties": {
    "場所名稱":"輔仁大學",
    "場所地址":"新北市新莊區中正路510號",
    "場所分類":"學校、大型集會場所",
    "AED放置地點":"舒德樓1樓",
    "行政區":"新莊區"
    }
  },
  {
    "type": "Feature",
    "geometry": {
       "type": "Point",
       "coordinates":  [ 121.4120828,25.0135671 ]
    },
    "properties": {
    "場所名稱":"輔仁大學",
    "場所地址":"新北市新莊區中正路510號",
    "場所分類":"學校、大型集會場所",
    "AED放置地點":"輔仁大學濟時樓2樓圖書館服務台",
    "行政區":"新莊區"
    }
  },
  {
    "type": "Feature",
    "geometry": {
       "type": "Point",
       "coordinates":  [ 121.4120828,25.0135671 ]
    },
    "properties": {
    "場所名稱":"輔仁大學",
    "場所地址":"新北市新莊區中正路510號",
    "場所分類":"學校、大型集會場所",
    "AED放置地點":"宜真宜善學苑",
    "行政區":"新莊區"
    }
  },
  {
    "type": "Feature",
    "geometry": {
       "type": "Point",
       "coordinates":  [ 121.4120828,25.0135671 ]
    },
    "properties": {
    "場所名稱":"輔仁大學",
    "場所地址":"新北市新莊區中正路510號",
    "場所分類":"學校、大型集會場所",
    "AED放置地點":"文舍學苑",
    "行政區":"新莊區"
    }
  },
  {
    "type": "Feature",
    "geometry": {
       "type": "Point",
       "coordinates":  [ 121.4171376,25.0227223 ]
    },
    "properties": {
    "場所名稱":"新北市新莊區裕民公共托育中心",
    "場所地址":"新北市新莊區中正路新生巷66號",
    "場所分類":"其他",
    "AED放置地點":"新北市新莊區裕民公共托育中心",
    "行政區":"新莊區"
    }
  },
  {
    "type": "Feature",
    "geometry": {
       "type": "Point",
       "coordinates":  [ 121.4322059,25.0284658 ]
    },
    "properties": {
    "場所名稱":"驛德世紀酒店",
    "場所地址":"新北市新莊區後港一路169號",
    "場所分類":"旅宿場所",
    "AED放置地點":"1樓大廳",
    "行政區":"新莊區"
    }
  },
  {
    "type": "Feature",
    "geometry": {
       "type": "Point",
       "coordinates":  [ 121.4247951,25.0230568 ]
    },
    "properties": {
    "場所名稱":"香港商世界健身事業有限公司新莊分公司",
    "場所地址":"新北市新莊區民安路188巷5號",
    "場所分類":"學校、大型集會場所",
    "AED放置地點":"World gym-3樓有氧教室",
    "行政區":"新莊區"
    }
  },
  {
    "type": "Feature",
    "geometry": {
       "type": "Point",
       "coordinates":  [ 121.4213552,25.0252371 ]
    },
    "properties": {
    "場所名稱":"CURVES女性30分鐘環狀運動新莊富國店",
    "場所地址":"新北市新莊區富國路100號4樓",
    "場所分類":"學校、大型集會場所",
    "AED放置地點":"健身區更衣室旁",
    "行政區":"新莊區"
    }
  },
  {
    "type": "Feature",
    "geometry": {
       "type": "Point",
       "coordinates":  [ 121.4596695,25.0614031 ]
    },
    "properties": {
    "場所名稱":"捷運環狀線新北產業園區站Y20",
    "場所地址":"新北市新莊區五工路35號",
    "場所分類":"交通要衝",
    "AED放置地點":"捷運環狀線新北產業園區站詢問處旁",
    "行政區":"新莊區"
    }
  },
  {
    "type": "Feature",
    "geometry": {
       "type": "Point",
       "coordinates":  [ 121.460209,25.0499725 ]
    },
    "properties": {
    "場所名稱":"捷運環狀線幸福站Y19",
    "場所地址":"新北市新莊區思源路292號",
    "場所分類":"交通要衝",
    "AED放置地點":"捷運環狀線幸福站詢問處旁",
    "行政區":"新莊區"
    }
  },
  {
    "type": "Feature",
    "geometry": {
       "type": "Point",
       "coordinates":  [ 121.4605218,25.0398528 ]
    },
    "properties": {
    "場所名稱":"捷運環狀線頭前庄站Y18",
    "場所地址":"新北市新莊區思源路20號",
    "場所分類":"交通要衝",
    "AED放置地點":"捷運環狀線頭前庄站詢問處旁",
    "行政區":"新莊區"
    }
  },
  {
    "type": "Feature",
    "geometry": {
       "type": "Point",
       "coordinates":  [ 121.4279992,24.9987648 ]
    },
    "properties": {
    "場所名稱":"宜家家居股份有限公司 新莊分公司",
    "場所地址":"新北市新莊區中正路1 號",
    "場所分類":"大型購物場所",
    "AED放置地點":"1F出口處",
    "行政區":"新莊區"
    }
  },
  {
    "type": "Feature",
    "geometry": {
       "type": "Point",
       "coordinates":  [ 121.4279992,24.9987648 ]
    },
    "properties": {
    "場所名稱":"宜家家居股份有限公司 新莊分公司",
    "場所地址":"新北市新莊區中正路1 號",
    "場所分類":"大型購物場所",
    "AED放置地點":"3F餐廳入口",
    "行政區":"新莊區"
    }
  },
  {
    "type": "Feature",
    "geometry": {
       "type": "Point",
       "coordinates":  [ 121.4279992,24.9987648 ]
    },
    "properties": {
    "場所名稱":"宜家家居股份有限公司 新莊分公司",
    "場所地址":"新北市新莊區中正路1 號",
    "場所分類":"大型購物場所",
    "AED放置地點":"4F餐桌椅區",
    "行政區":"新莊區"
    }
  },
  {
    "type": "Feature",
    "geometry": {
       "type": "Point",
       "coordinates":  [ 121.4490252,25.1719805 ]
    },
    "properties": {
    "場所名稱":"新北市淡水區鄧公國民小學",
    "場所地址":"新北市淡水區學府路99號",
    "場所分類":"學校、大型集會場所",
    "AED放置地點":"新北市淡水區鄧公國小警衛室",
    "行政區":"淡水區"
    }
  },
  {
    "type": "Feature",
    "geometry": {
       "type": "Point",
       "coordinates":  [ 121.4217782,25.1824642 ]
    },
    "properties": {
    "場所名稱":"新北市淡水區淡海市民活動中心",
    "場所地址":"新北市淡水區淡海路111號",
    "場所分類":"其他",
    "AED放置地點":"市民活動中心1樓銀髮族俱樂部",
    "行政區":"淡水區"
    }
  },
  {
    "type": "Feature",
    "geometry": {
       "type": "Point",
       "coordinates":  [ 121.4442216,25.1780828 ]
    },
    "properties": {
    "場所名稱":"新北市淡水區水碓市民活動中心",
    "場所地址":"新北市淡水區中山北路一段158號",
    "場所分類":"其他",
    "AED放置地點":"1樓銀髮族俱樂部",
    "行政區":"淡水區"
    }
  },
  {
    "type": "Feature",
    "geometry": {
       "type": "Point",
       "coordinates":  [ 121.4546774,25.2335454 ]
    },
    "properties": {
    "場所名稱":"新北市政府警察局淡水分局賢孝派出所",
    "場所地址":"新北市淡水區淡金路5段72號",
    "場所分類":"公眾服務單位設施",
    "AED放置地點":"淡水分局賢孝派出所",
    "行政區":"淡水區"
    }
  },
  {
    "type": "Feature",
    "geometry": {
       "type": "Point",
       "coordinates":  [ 121.4480443,25.2266876 ]
    },
    "properties": {
    "場所名稱":"聖約翰科技大學",
    "場所地址":"新北市淡水區新北市淡水區淡金路4段499號",
    "場所分類":"學校、大型集會場所",
    "AED放置地點":"電資大樓一樓",
    "行政區":"淡水區"
    }
  },
  {
    "type": "Feature",
    "geometry": {
       "type": "Point",
       "coordinates":  [ 121.4761463,25.1859005 ]
    },
    "properties": {
    "場所名稱":"新北市淡水區水源國民小學",
    "場所地址":"新北市淡水區北新路2段15號",
    "場所分類":"學校、大型集會場所",
    "AED放置地點":"警衛室(從北新路2段17巷進入)",
    "行政區":"淡水區"
    }
  },
  {
    "type": "Feature",
    "geometry": {
       "type": "Point",
       "coordinates":  [ 121.4761463,25.1859005 ]
    },
    "properties": {
    "場所名稱":"新北市淡水區水源國民小學",
    "場所地址":"新北市淡水區北新路2段15號",
    "場所分類":"學校、大型集會場所",
    "AED放置地點":"走道",
    "行政區":"淡水區"
    }
  },
  {
    "type": "Feature",
    "geometry": {
       "type": "Point",
       "coordinates":  [ 121.4415111,25.1731664 ]
    },
    "properties": {
    "場所名稱":"新北市淡水區淡水國民小學",
    "場所地址":"新北市淡水區中山路160號",
    "場所分類":"學校、大型集會場所",
    "AED放置地點":"淡水國小警衛室",
    "行政區":"淡水區"
    }
  },
  {
    "type": "Feature",
    "geometry": {
       "type": "Point",
       "coordinates":  [ 121.4446946,25.1866192 ]
    },
    "properties": {
    "場所名稱":"新北市淡水區新市國民小學",
    "場所地址":"新北市淡水區中山北路二段200號",
    "場所分類":"學校、大型集會場所",
    "AED放置地點":"學校川堂",
    "行政區":"淡水區"
    }
  },
  {
    "type": "Feature",
    "geometry": {
       "type": "Point",
       "coordinates":  [ 121.4291947,25.1952287 ]
    },
    "properties": {
    "場所名稱":"新北市淡海國小",
    "場所地址":"新北市淡水區新市二路二段81號",
    "場所分類":"學校、大型集會場所",
    "AED放置地點":"本校操場旁走廊",
    "行政區":"淡水區"
    }
  },
  {
    "type": "Feature",
    "geometry": {
       "type": "Point",
       "coordinates":  [ 121.4257526,25.1929495 ]
    },
    "properties": {
    "場所名稱":"台北海洋科技大學(淡水校本部)",
    "場所地址":"新北市淡水區濱海路3段150號",
    "場所分類":"學校、大型集會場所",
    "AED放置地點":"圖資大樓(福環樓)入口處",
    "行政區":"淡水區"
    }
  },
  {
    "type": "Feature",
    "geometry": {
       "type": "Point",
       "coordinates":  [ 121.4458912,25.1678474 ]
    },
    "properties": {
    "場所名稱":"國都汽車股份有限公司淡水營業所",
    "場所地址":"新北市淡水區中正東路2段91號",
    "場所分類":"其他",
    "AED放置地點":"營業所展間",
    "行政區":"淡水區"
    }
  },
  {
    "type": "Feature",
    "geometry": {
       "type": "Point",
       "coordinates":  [ 121.4627878,25.1461957 ]
    },
    "properties": {
    "場所名稱":"新北市立竹圍高級中學",
    "場所地址":"新北市淡水區竹林路35號",
    "場所分類":"學校、大型集會場所",
    "AED放置地點":"新北市立竹圍高中",
    "行政區":"淡水區"
    }
  },
  {
    "type": "Feature",
    "geometry": {
       "type": "Point",
       "coordinates":  [ 121.4436934,25.1870643 ]
    },
    "properties": {
    "場所名稱":"新北市淡水區公所",
    "場所地址":"新北市淡水區中山北路2段375號1樓",
    "場所分類":"其他",
    "AED放置地點":"新北市淡水區市民聯合服務中心正門入口處左側",
    "行政區":"淡水區"
    }
  },
  {
    "type": "Feature",
    "geometry": {
       "type": "Point",
       "coordinates":  [ 121.4385576,25.1987743 ]
    },
    "properties": {
    "場所名稱":"美麗新淡海影城",
    "場所地址":"新北市淡水區義山路二段303號2樓",
    "場所分類":"大型休閒場所",
    "AED放置地點":"2樓入口大門旁",
    "行政區":"淡水區"
    }
  },
  {
    "type": "Feature",
    "geometry": {
       "type": "Point",
       "coordinates":  [ 121.4436338,25.1879709 ]
    },
    "properties": {
    "場所名稱":"家樂福淡新店",
    "場所地址":"新北市淡水區中山北路二段383號",
    "場所分類":"大型購物場所",
    "AED放置地點":"二樓收銀線出口",
    "行政區":"淡水區"
    }
  },
  {
    "type": "Feature",
    "geometry": {
       "type": "Point",
       "coordinates":  [ 121.459274,25.1662505 ]
    },
    "properties": {
    "場所名稱":"淡海輕軌淡金北新站(V05站)",
    "場所地址":"新北市淡水區淡金路",
    "場所分類":"交通要衝",
    "AED放置地點":"售票加值機旁",
    "行政區":"淡水區"
    }
  },
  {
    "type": "Feature",
    "geometry": {
       "type": "Point",
       "coordinates":  [ 121.459274,25.1662505 ]
    },
    "properties": {
    "場所名稱":"淡海輕軌新市一路站(V06站)",
    "場所地址":"新北市淡水區淡金路",
    "場所分類":"交通要衝",
    "AED放置地點":"售票加值機旁",
    "行政區":"淡水區"
    }
  },
  {
    "type": "Feature",
    "geometry": {
       "type": "Point",
       "coordinates":  [ 121.4424005,25.1891602 ]
    },
    "properties": {
    "場所名稱":"淡海輕軌行政中心站(V07站)",
    "場所地址":"新北市淡水區濱海路一段",
    "場所分類":"交通要衝",
    "AED放置地點":"售票加值機旁",
    "行政區":"淡水區"
    }
  },
  {
    "type": "Feature",
    "geometry": {
       "type": "Point",
       "coordinates":  [ 121.4424005,25.1891602 ]
    },
    "properties": {
    "場所名稱":"淡海輕軌濱海沙崙站(V09站)",
    "場所地址":"新北市淡水區濱海路一段",
    "場所分類":"交通要衝",
    "AED放置地點":"月台中間，售票加值機旁",
    "行政區":"淡水區"
    }
  },
  {
    "type": "Feature",
    "geometry": {
       "type": "Point",
       "coordinates":  [ 121.4332874,25.1977426 ]
    },
    "properties": {
    "場所名稱":"淡海輕軌新市鎮站(V10站)",
    "場所地址":"新北市淡水區沙崙路二段",
    "場所分類":"交通要衝",
    "AED放置地點":"月台中間，售票加值機旁",
    "行政區":"淡水區"
    }
  },
  {
    "type": "Feature",
    "geometry": {
       "type": "Point",
       "coordinates":  [ 121.4511697,25.1649472 ]
    },
    "properties": {
    "場所名稱":"新北市淡水區竿蓁市民活動中心",
    "場所地址":"新北市淡水區中正東路一段3巷6號",
    "場所分類":"其他",
    "AED放置地點":"竿蓁市民活動中心",
    "行政區":"淡水區"
    }
  },
  {
    "type": "Feature",
    "geometry": {
       "type": "Point",
       "coordinates":  [ 121.4151708,25.1824319 ]
    },
    "properties": {
    "場所名稱":"福容大飯店股份有限公司淡水漁人碼頭分公司",
    "場所地址":"新北市淡水區觀海路83號",
    "場所分類":"旅宿場所",
    "AED放置地點":"門廳，大廳櫃檯旁",
    "行政區":"淡水區"
    }
  },
  {
    "type": "Feature",
    "geometry": {
       "type": "Point",
       "coordinates":  [ 121.4332874,25.1977426 ]
    },
    "properties": {
    "場所名稱":"淡海輕軌崁頂站(V11站)",
    "場所地址":"新北市淡水區沙崙路二段",
    "場所分類":"交通要衝",
    "AED放置地點":"月台中間，售票加值機旁",
    "行政區":"淡水區"
    }
  },
  {
    "type": "Feature",
    "geometry": {
       "type": "Point",
       "coordinates":  [ 121.4424005,25.1891602 ]
    },
    "properties": {
    "場所名稱":"淡海輕軌濱海義山站(V08站)",
    "場所地址":"新北市淡水區濱海路一段",
    "場所分類":"交通要衝",
    "AED放置地點":"月台中間，售票加值機旁",
    "行政區":"淡水區"
    }
  },
  {
    "type": "Feature",
    "geometry": {
       "type": "Point",
       "coordinates":  [ 121.4844726,25.2240497 ]
    },
    "properties": {
    "場所名稱":"新北市淡水區中泰國民小學",
    "場所地址":"新北市淡水區中和里北勢子5號",
    "場所分類":"學校、大型集會場所",
    "AED放置地點":"晨曦樓一樓穿堂",
    "行政區":"淡水區"
    }
  },
  {
    "type": "Feature",
    "geometry": {
       "type": "Point",
       "coordinates":  [ 121.4614203,25.1312699 ]
    },
    "properties": {
    "場所名稱":"臺北基督學院",
    "場所地址":"新北市淡水區自強路51號",
    "場所分類":"學校、大型集會場所",
    "AED放置地點":"行政大樓1F，保健中心外。",
    "行政區":"淡水區"
    }
  },
  {
    "type": "Feature",
    "geometry": {
       "type": "Point",
       "coordinates":  [ 121.4207707,25.1833035 ]
    },
    "properties": {
    "場所名稱":"淡海輕軌沙崙站(V27站)",
    "場所地址":"新北市淡水區淡海路",
    "場所分類":"交通要衝",
    "AED放置地點":"月台中間位置",
    "行政區":"淡水區"
    }
  },
  {
    "type": "Feature",
    "geometry": {
       "type": "Point",
       "coordinates":  [ 121.421685,25.1977186 ]
    },
    "properties": {
    "場所名稱":"淡海輕軌台北海洋大學站(V28站)",
    "場所地址":"新北市淡水區濱海路三段",
    "場所分類":"交通要衝",
    "AED放置地點":"月台中間位置",
    "行政區":"淡水區"
    }
  },
  {
    "type": "Feature",
    "geometry": {
       "type": "Point",
       "coordinates":  [ 121.4348748,25.202433 ]
    },
    "properties": {
    "場所名稱":"淡海輕軌機廠",
    "場所地址":"新北市淡水區新市六路一段161號",
    "場所分類":"其他",
    "AED放置地點":"駐車廠1樓消防箱旁",
    "行政區":"淡水區"
    }
  },
  {
    "type": "Feature",
    "geometry": {
       "type": "Point",
       "coordinates":  [ 121.4348748,25.202433 ]
    },
    "properties": {
    "場所名稱":"淡海輕軌機廠",
    "場所地址":"新北市淡水區新市六路一段161號",
    "場所分類":"其他",
    "AED放置地點":"主維修工廠1樓醫務室門口旁",
    "行政區":"淡水區"
    }
  },
  {
    "type": "Feature",
    "geometry": {
       "type": "Point",
       "coordinates":  [ 121.4212758,25.1872548 ]
    },
    "properties": {
    "場所名稱":"淡海輕軌漁人碼頭站(V26站)",
    "場所地址":"新北市淡水區中正路二段",
    "場所分類":"交通要衝",
    "AED放置地點":"放置月台中間位置",
    "行政區":"淡水區"
    }
  },
  {
    "type": "Feature",
    "geometry": {
       "type": "Point",
       "coordinates":  [ 121.459274,25.1662505 ]
    },
    "properties": {
    "場所名稱":"淡海輕軌淡江大學站(V04站)",
    "場所地址":"新北市淡水區淡金路",
    "場所分類":"交通要衝",
    "AED放置地點":"售票加值機旁",
    "行政區":"淡水區"
    }
  },
  {
    "type": "Feature",
    "geometry": {
       "type": "Point",
       "coordinates":  [ 121.4521231,25.1811525 ]
    },
    "properties": {
    "場所名稱":"淡海輕軌淡金鄧公站(V03站)",
    "場所地址":"新北市淡水區淡金公路",
    "場所分類":"交通要衝",
    "AED放置地點":"月台層售票加值機旁",
    "行政區":"淡水區"
    }
  },
  {
    "type": "Feature",
    "geometry": {
       "type": "Point",
       "coordinates":  [ 121.459274,25.1662505 ]
    },
    "properties": {
    "場所名稱":"淡海輕軌竿蓁林站(V02站)",
    "場所地址":"新北市淡水區淡金路",
    "場所分類":"交通要衝",
    "AED放置地點":"售票加值機旁",
    "行政區":"淡水區"
    }
  },
  {
    "type": "Feature",
    "geometry": {
       "type": "Point",
       "coordinates":  [ 121.4521231,25.1811525 ]
    },
    "properties": {
    "場所名稱":"淡海輕軌紅樹林站(V01站)",
    "場所地址":"新北市淡水區淡金公路",
    "場所分類":"交通要衝",
    "AED放置地點":"月台層，中間位置",
    "行政區":"淡水區"
    }
  },
  {
    "type": "Feature",
    "geometry": {
       "type": "Point",
       "coordinates":  [ 121.4513559,25.2157543 ]
    },
    "properties": {
    "場所名稱":"安心食品-安心學院",
    "場所地址":"新北市淡水區淡水區興仁路9號（安心學院）",
    "場所分類":"其他",
    "AED放置地點":"辦公室洗手台旁",
    "行政區":"淡水區"
    }
  },
  {
    "type": "Feature",
    "geometry": {
       "type": "Point",
       "coordinates":  [ 121.4434853,25.185414 ]
    },
    "properties": {
    "場所名稱":"公園居管理委員會",
    "場所地址":"新北市淡水區中山北路二段189巷30號",
    "場所分類":"其他",
    "AED放置地點":"大廳管理中心旁",
    "行政區":"淡水區"
    }
  },
  {
    "type": "Feature",
    "geometry": {
       "type": "Point",
       "coordinates":  [ 121.4803112,25.2004985 ]
    },
    "properties": {
    "場所名稱":"新北市立忠山實驗小學",
    "場所地址":"新北市淡水區行忠路899號",
    "場所分類":"學校、大型集會場所",
    "AED放置地點":"一樓三甲教室前的走廊中央",
    "行政區":"淡水區"
    }
  },
  {
    "type": "Feature",
    "geometry": {
       "type": "Point",
       "coordinates":  [ 121.448457,25.1731907 ]
    },
    "properties": {
    "場所名稱":"淡江大學",
    "場所地址":"新北市淡水區英專路151號",
    "場所分類":"學校、大型集會場所",
    "AED放置地點":"水源街警衛室",
    "行政區":"淡水區"
    }
  },
  {
    "type": "Feature",
    "geometry": {
       "type": "Point",
       "coordinates":  [ 121.448457,25.1731907 ]
    },
    "properties": {
    "場所名稱":"淡江大學",
    "場所地址":"新北市淡水區英專路151號",
    "場所分類":"學校、大型集會場所",
    "AED放置地點":"松濤二館2樓",
    "行政區":"淡水區"
    }
  },
  {
    "type": "Feature",
    "geometry": {
       "type": "Point",
       "coordinates":  [ 121.448457,25.1731907 ]
    },
    "properties": {
    "場所名稱":"淡江大學",
    "場所地址":"新北市淡水區英專路151號",
    "場所分類":"學校、大型集會場所",
    "AED放置地點":"商管大樓4樓",
    "行政區":"淡水區"
    }
  },
  {
    "type": "Feature",
    "geometry": {
       "type": "Point",
       "coordinates":  [ 121.448457,25.1731907 ]
    },
    "properties": {
    "場所名稱":"淡江大學",
    "場所地址":"新北市淡水區英專路151號",
    "場所分類":"學校、大型集會場所",
    "AED放置地點":"工學大樓3樓",
    "行政區":"淡水區"
    }
  },
  {
    "type": "Feature",
    "geometry": {
       "type": "Point",
       "coordinates":  [ 121.4612388,25.1380129 ]
    },
    "properties": {
    "場所名稱":"新北市淡水區民生市民活動中心",
    "場所地址":"新北市淡水區民生路27號",
    "場所分類":"其他",
    "AED放置地點":"1樓入口處",
    "行政區":"淡水區"
    }
  },
  {
    "type": "Feature",
    "geometry": {
       "type": "Point",
       "coordinates":  [ 121.4596249,25.1550463 ]
    },
    "properties": {
    "場所名稱":"國都汽車股份有限公司淡水服務廠",
    "場所地址":"新北市淡水區中正東路二段59號",
    "場所分類":"其他",
    "AED放置地點":"顧客休息區",
    "行政區":"淡水區"
    }
  },
  {
    "type": "Feature",
    "geometry": {
       "type": "Point",
       "coordinates":  [ 121.4597677,25.1374262 ]
    },
    "properties": {
    "場所名稱":"新北市政府警察局淡水分局竹圍派出所",
    "場所地址":"新北市淡水區竹圍里民權路32號",
    "場所分類":"公眾服務單位設施",
    "AED放置地點":"派出所1樓",
    "行政區":"淡水區"
    }
  },
  {
    "type": "Feature",
    "geometry": {
       "type": "Point",
       "coordinates":  [ 121.4600724,25.1408206 ]
    },
    "properties": {
    "場所名稱":"誠隆汽車股份有限公司淡水分公司",
    "場所地址":"新北市淡水區民權路39號",
    "場所分類":"其他",
    "AED放置地點":"服務廠客休室",
    "行政區":"淡水區"
    }
  },
  {
    "type": "Feature",
    "geometry": {
       "type": "Point",
       "coordinates":  [ 121.4612922,25.1362872 ]
    },
    "properties": {
    "場所名稱":"Curves竹圍捷運店",
    "場所地址":"新北市淡水區民族路30巷7號2樓",
    "場所分類":"其他",
    "AED放置地點":"新北市淡水區民族路30巷7號2樓",
    "行政區":"淡水區"
    }
  },
  {
    "type": "Feature",
    "geometry": {
       "type": "Point",
       "coordinates":  [ 121.4321304,25.1886497 ]
    },
    "properties": {
    "場所名稱":"蒙德里安社區管理委員會",
    "場所地址":"新北市淡水區沙崙路一段126巷61之133號",
    "場所分類":"其他",
    "AED放置地點":"進入大門右側門旁",
    "行政區":"淡水區"
    }
  },
  {
    "type": "Feature",
    "geometry": {
       "type": "Point",
       "coordinates":  [ 121.4428503,25.1873619 ]
    },
    "properties": {
    "場所名稱":"新北市淡水國民運動中心",
    "場所地址":"新北市淡水區中山北路二段381巷2號",
    "場所分類":"學校、大型集會場所",
    "AED放置地點":"1F大廳(客梯旁)",
    "行政區":"淡水區"
    }
  },
  {
    "type": "Feature",
    "geometry": {
       "type": "Point",
       "coordinates":  [ 121.4428503,25.1873619 ]
    },
    "properties": {
    "場所名稱":"新北市淡水國民運動中心",
    "場所地址":"新北市淡水區中山北路二段381巷2號",
    "場所分類":"學校、大型集會場所",
    "AED放置地點":"3樓(客梯旁)",
    "行政區":"淡水區"
    }
  },
  {
    "type": "Feature",
    "geometry": {
       "type": "Point",
       "coordinates":  [ 121.430772,25.178206 ]
    },
    "properties": {
    "場所名稱":"一滴水紀念館旅客服務中心",
    "場所地址":"新北市淡水區中正路一段6巷30號",
    "場所分類":"觀光旅遊地區",
    "AED放置地點":"一滴水紀念館旅客服務中心",
    "行政區":"淡水區"
    }
  },
  {
    "type": "Feature",
    "geometry": {
       "type": "Point",
       "coordinates":  [ 121.4297257,25.1766032 ]
    },
    "properties": {
    "場所名稱":"新北市滬尾藝文休閒園區 禮萊廣場",
    "場所地址":"新北市淡水區中正路一段2號1樓",
    "場所分類":"大型購物場所",
    "AED放置地點":"商場1樓大廳出入口",
    "行政區":"淡水區"
    }
  },
  {
    "type": "Feature",
    "geometry": {
       "type": "Point",
       "coordinates":  [ 121.4358159,25.1753045 ]
    },
    "properties": {
    "場所名稱":"新北市私立淡江高級中學",
    "場所地址":"新北市淡水區真理街26號",
    "場所分類":"學校、大型集會場所",
    "AED放置地點":"保健室走廊",
    "行政區":"淡水區"
    }
  },
  {
    "type": "Feature",
    "geometry": {
       "type": "Point",
       "coordinates":  [ 121.4358159,25.1753045 ]
    },
    "properties": {
    "場所名稱":"新北市私立淡江高級中學",
    "場所地址":"新北市淡水區真理街26號",
    "場所分類":"學校、大型集會場所",
    "AED放置地點":"小學部一樓辦公室門口",
    "行政區":"淡水區"
    }
  },
  {
    "type": "Feature",
    "geometry": {
       "type": "Point",
       "coordinates":  [ 121.4490459,25.1779953 ]
    },
    "properties": {
    "場所名稱":"健身工廠淡水廠",
    "場所地址":"新北市淡水區北新路182巷16號B1",
    "場所分類":"學校、大型集會場所",
    "AED放置地點":"重訓區",
    "行政區":"淡水區"
    }
  },
  {
    "type": "Feature",
    "geometry": {
       "type": "Point",
       "coordinates":  [ 121.4475819,25.1790341 ]
    },
    "properties": {
    "場所名稱":"新北市立正德國民中學",
    "場所地址":"新北市淡水區北新路109號",
    "場所分類":"學校、大型集會場所",
    "AED放置地點":"健康中心外",
    "行政區":"淡水區"
    }
  },
  {
    "type": "Feature",
    "geometry": {
       "type": "Point",
       "coordinates":  [ 121.4327391,25.1748783 ]
    },
    "properties": {
    "場所名稱":"新北市滬尾藝文休閒園區 將捷金鬱金香酒店",
    "場所地址":"新北市淡水區中正路1段2號",
    "場所分類":"旅宿場所",
    "AED放置地點":"酒店大門出入口旁",
    "行政區":"淡水區"
    }
  },
  {
    "type": "Feature",
    "geometry": {
       "type": "Point",
       "coordinates":  [ 121.4378969,25.1733346 ]
    },
    "properties": {
    "場所名稱":"新北市淡水區文化國民小學",
    "場所地址":"新北市淡水區真理街6號",
    "場所分類":"學校、大型集會場所",
    "AED放置地點":"文化國小校園內",
    "行政區":"淡水區"
    }
  },
  {
    "type": "Feature",
    "geometry": {
       "type": "Point",
       "coordinates":  [ 121.5226127,25.0526041 ]
    },
    "properties": {
    "場所名稱":"新北市政府警察局淡水分局水碓派出所",
    "場所地址":"新北市淡水區中山北路1段160號",
    "場所分類":"公眾服務單位設施",
    "AED放置地點":"淡水分局水碓派出所",
    "行政區":"淡水區"
    }
  },
  {
    "type": "Feature",
    "geometry": {
       "type": "Point",
       "coordinates":  [ 121.4480443,25.2266876 ]
    },
    "properties": {
    "場所名稱":"聖約翰科技大學",
    "場所地址":"新北市淡水區新北市淡水區淡金路4段499號",
    "場所分類":"學校、大型集會場所",
    "AED放置地點":"百齡堂一樓衛保組前中庭",
    "行政區":"淡水區"
    }
  },
  {
    "type": "Feature",
    "geometry": {
       "type": "Point",
       "coordinates":  [ 121.4480443,25.2266876 ]
    },
    "properties": {
    "場所名稱":"聖約翰科技大學",
    "場所地址":"新北市淡水區新北市淡水區淡金路4段499號",
    "場所分類":"學校、大型集會場所",
    "AED放置地點":"聖公樓一樓",
    "行政區":"淡水區"
    }
  },
  {
    "type": "Feature",
    "geometry": {
       "type": "Point",
       "coordinates":  [ 121.4243299,25.1814742 ]
    },
    "properties": {
    "場所名稱":"新北市淡水區天生國民小學",
    "場所地址":"新北市淡水區淡海路72巷26號",
    "場所分類":"學校、大型集會場所",
    "AED放置地點":"行政大樓一樓穿堂",
    "行政區":"淡水區"
    }
  },
  {
    "type": "Feature",
    "geometry": {
       "type": "Point",
       "coordinates":  [ 121.4277064,25.1869792 ]
    },
    "properties": {
    "場所名稱":"新北市政府社會局委託辦理淡水沙崙身心障礙者日間照顧中心",
    "場所地址":"新北市淡水區沙崙路300號1樓",
    "場所分類":"其他",
    "AED放置地點":"新北市政府社會局委託辦理淡水沙崙身心障礙者日間照顧中心",
    "行政區":"淡水區"
    }
  },
  {
    "type": "Feature",
    "geometry": {
       "type": "Point",
       "coordinates":  [ 121.4780766,25.1858207 ]
    },
    "properties": {
    "場所名稱":"新北市政府警察局淡水分局水源派出所",
    "場所地址":"新北市淡水區北新路2段19號",
    "場所分類":"公眾服務單位設施",
    "AED放置地點":"淡水分局水源派出所內",
    "行政區":"淡水區"
    }
  },
  {
    "type": "Feature",
    "geometry": {
       "type": "Point",
       "coordinates":  [ 121.4497468,25.1651957 ]
    },
    "properties": {
    "場所名稱":"新北市政府警察局淡水分局中山路派出所",
    "場所地址":"新北市淡水區中正東路40號",
    "場所分類":"公眾服務單位設施",
    "AED放置地點":"淡水分局中山路派出所",
    "行政區":"淡水區"
    }
  },
  {
    "type": "Feature",
    "geometry": {
       "type": "Point",
       "coordinates":  [ 121.4367021,25.1729334 ]
    },
    "properties": {
    "場所名稱":"新北市政府警察局淡水分局中正路派出所",
    "場所地址":"新北市淡水區中正路320號",
    "場所分類":"其他",
    "AED放置地點":"一樓大門右手邊",
    "行政區":"淡水區"
    }
  },
  {
    "type": "Feature",
    "geometry": {
       "type": "Point",
       "coordinates":  [ 121.4367021,25.1729334 ]
    },
    "properties": {
    "場所名稱":"新北市政府警察局淡水分局中正路派出所",
    "場所地址":"新北市淡水區中正路320號",
    "場所分類":"其他",
    "AED放置地點":"ㄧ樓值班臺前",
    "行政區":"淡水區"
    }
  },
  {
    "type": "Feature",
    "geometry": {
       "type": "Point",
       "coordinates":  [ 121.4464034,25.1839134 ]
    },
    "properties": {
    "場所名稱":"豐悅產後護理之家",
    "場所地址":"新北市淡水區新市一路3段101巷16弄3號5樓",
    "場所分類":"其他",
    "AED放置地點":"豐悅產後護理之家",
    "行政區":"淡水區"
    }
  },
  {
    "type": "Feature",
    "geometry": {
       "type": "Point",
       "coordinates":  [ 121.4428503,25.1873619 ]
    },
    "properties": {
    "場所名稱":"新北市淡水國民運動中心",
    "場所地址":"新北市淡水區中山北路二段381巷2號",
    "場所分類":"學校、大型集會場所",
    "AED放置地點":"B1游泳池櫃台前",
    "行政區":"淡水區"
    }
  },
  {
    "type": "Feature",
    "geometry": {
       "type": "Point",
       "coordinates":  [ 121.4518135,25.2177148 ]
    },
    "properties": {
    "場所名稱":"新北市政府警察局淡水分局興仁派出所",
    "場所地址":"新北市淡水區興仁路93號",
    "場所分類":"公眾服務單位設施",
    "AED放置地點":"淡水分局興仁派出所內",
    "行政區":"淡水區"
    }
  },
  {
    "type": "Feature",
    "geometry": {
       "type": "Point",
       "coordinates":  [ 121.4402853,25.180031 ]
    },
    "properties": {
    "場所名稱":"新北市淡水區新興國民小學",
    "場所地址":"新北市淡水區新興街123號",
    "場所分類":"學校、大型集會場所",
    "AED放置地點":"警衛室",
    "行政區":"淡水區"
    }
  },
  {
    "type": "Feature",
    "geometry": {
       "type": "Point",
       "coordinates":  [ 121.4436934,25.1870643 ]
    },
    "properties": {
    "場所名稱":"新北市淡水地政事務所",
    "場所地址":"新北市淡水區中山北路二段375號5樓",
    "場所分類":"其他",
    "AED放置地點":"新北市淡水地政事務所5樓大廳",
    "行政區":"淡水區"
    }
  },
  {
    "type": "Feature",
    "geometry": {
       "type": "Point",
       "coordinates":  [ 121.4507958,25.2174106 ]
    },
    "properties": {
    "場所名稱":"新北市淡水區興仁國民小學",
    "場所地址":"新北市淡水區興仁路101巷10號",
    "場所分類":"學校、大型集會場所",
    "AED放置地點":"穿堂",
    "行政區":"淡水區"
    }
  },
  {
    "type": "Feature",
    "geometry": {
       "type": "Point",
       "coordinates":  [ 121.4366934,25.1747567 ]
    },
    "properties": {
    "場所名稱":"新北市立淡水國民中學",
    "場所地址":"新北市淡水區真理街10號",
    "場所分類":"學校、大型集會場所",
    "AED放置地點":"幼兒園",
    "行政區":"淡水區"
    }
  },
  {
    "type": "Feature",
    "geometry": {
       "type": "Point",
       "coordinates":  [ 121.4431949,25.1723331 ]
    },
    "properties": {
    "場所名稱":"新北市淡水區中興市民活動中心",
    "場所地址":"新北市淡水區水源街一段29號",
    "場所分類":"其他",
    "AED放置地點":"市民活動中心1樓銀髮族俱樂部",
    "行政區":"淡水區"
    }
  },
  {
    "type": "Feature",
    "geometry": {
       "type": "Point",
       "coordinates":  [ 121.4428883,25.1785031 ]
    },
    "properties": {
    "場所名稱":"新興市民活動中心",
    "場所地址":"新北市淡水區大義街18號",
    "場所分類":"其他",
    "AED放置地點":"活動中心5樓",
    "行政區":"淡水區"
    }
  },
  {
    "type": "Feature",
    "geometry": {
       "type": "Point",
       "coordinates":  [ 121.4327391,25.1748783 ]
    },
    "properties": {
    "場所名稱":"臺北捷運淡水站R28",
    "場所地址":"新北市淡水區中正路1號",
    "場所分類":"交通要衝",
    "AED放置地點":"捷運淡水站1號出口大廳",
    "行政區":"淡水區"
    }
  },
  {
    "type": "Feature",
    "geometry": {
       "type": "Point",
       "coordinates":  [ 121.4458912,25.1678474 ]
    },
    "properties": {
    "場所名稱":"臺北捷運紅樹林站R27",
    "場所地址":"新北市淡水區中正東路2段68號",
    "場所分類":"交通要衝",
    "AED放置地點":"捷運紅樹林站1月台大廳樓梯旁",
    "行政區":"淡水區"
    }
  },
  {
    "type": "Feature",
    "geometry": {
       "type": "Point",
       "coordinates":  [ 121.459479,25.13694 ]
    },
    "properties": {
    "場所名稱":"臺北捷運竹圍站R26",
    "場所地址":"新北市淡水區民權路50號",
    "場所分類":"交通要衝",
    "AED放置地點":"捷運竹圍站1月台樓梯旁",
    "行政區":"淡水區"
    }
  },
  {
    "type": "Feature",
    "geometry": {
       "type": "Point",
       "coordinates":  [ 121.4497468,25.1651957 ]
    },
    "properties": {
    "場所名稱":"新北市政府警察局淡水分局交通分隊",
    "場所地址":"新北市淡水區中正東路40號",
    "場所分類":"公眾服務單位設施",
    "AED放置地點":"淡水分局交通分隊",
    "行政區":"淡水區"
    }
  },
  {
    "type": "Feature",
    "geometry": {
       "type": "Point",
       "coordinates":  [ 121.4379157,25.1727794 ]
    },
    "properties": {
    "場所名稱":"新北市立圖書館淡水分館",
    "場所地址":"新北市淡水區文化路65號",
    "場所分類":"大型休閒場所",
    "AED放置地點":"淡水分館3樓閱覽室大門外，出電梯口左手處，公佈欄旁",
    "行政區":"淡水區"
    }
  },
  {
    "type": "Feature",
    "geometry": {
       "type": "Point",
       "coordinates":  [ 121.436635,25.1725004 ]
    },
    "properties": {
    "場所名稱":"新北市政府警察局淡水分局警備隊",
    "場所地址":"新北市淡水區中正路229號",
    "場所分類":"公眾服務單位設施",
    "AED放置地點":"淡水分局警備隊",
    "行政區":"淡水區"
    }
  },
  {
    "type": "Feature",
    "geometry": {
       "type": "Point",
       "coordinates":  [ 121.4618868,25.1993314 ]
    },
    "properties": {
    "場所名稱":"春保森拉天時鎢鋼股份有限公司淡水廠",
    "場所地址":"新北市淡水區行忠路332號",
    "場所分類":"其他",
    "AED放置地點":"進入車道左側",
    "行政區":"淡水區"
    }
  },
  {
    "type": "Feature",
    "geometry": {
       "type": "Point",
       "coordinates":  [ 121.4441972,25.1693252 ]
    },
    "properties": {
    "場所名稱":"新北市立淡水古蹟博物館-淡水紅毛城",
    "場所地址":"新北市淡水區中正路28巷1號",
    "場所分類":"大型休閒場所",
    "AED放置地點":"遊客服務中心入口左側",
    "行政區":"淡水區"
    }
  },
  {
    "type": "Feature",
    "geometry": {
       "type": "Point",
       "coordinates":  [ 121.4397925,25.1700261 ]
    },
    "properties": {
    "場所名稱":"新北市淡水區中正美食廣場",
    "場所地址":"新北市淡水區中正路115號",
    "場所分類":"其他",
    "AED放置地點":"市場1樓大門旁",
    "行政區":"淡水區"
    }
  },
  {
    "type": "Feature",
    "geometry": {
       "type": "Point",
       "coordinates":  [ 121.4426546,25.170338 ]
    },
    "properties": {
    "場所名稱":"新北市淡水區中山公有零售市場",
    "場所地址":"新北市淡水區中山路77號",
    "場所分類":"其他",
    "AED放置地點":"市場1樓管理室",
    "行政區":"淡水區"
    }
  },
  {
    "type": "Feature",
    "geometry": {
       "type": "Point",
       "coordinates":  [ 121.4369293,25.172622 ]
    },
    "properties": {
    "場所名稱":"新北市立淡水古蹟博物館-得忌利士洋行",
    "場所地址":"新北市淡水區中正路316號",
    "場所分類":"大型休閒場所",
    "AED放置地點":"得忌利士洋行驛站(遊客服務中心)",
    "行政區":"淡水區"
    }
  },
  {
    "type": "Feature",
    "geometry": {
       "type": "Point",
       "coordinates":  [ 121.4748744,25.1935574 ]
    },
    "properties": {
    "場所名稱":"北新醫療社團法人北新醫院",
    "場所地址":"新北市淡水區忠寮里演戲埔腳1-2號",
    "場所分類":"其他",
    "AED放置地點":"一樓大廳門診旁邊",
    "行政區":"淡水區"
    }
  },
  {
    "type": "Feature",
    "geometry": {
       "type": "Point",
       "coordinates":  [ 121.4558077,25.1867039 ]
    },
    "properties": {
    "場所名稱":"新北市立淡水高級商工職業學校",
    "場所地址":"新北市淡水區商工路307號",
    "場所分類":"學校、大型集會場所",
    "AED放置地點":"圖書館健康中心外",
    "行政區":"淡水區"
    }
  },
  {
    "type": "Feature",
    "geometry": {
       "type": "Point",
       "coordinates":  [ 121.4558077,25.1867039 ]
    },
    "properties": {
    "場所名稱":"新北市立淡水高級商工職業學校",
    "場所地址":"新北市淡水區商工路307號",
    "場所分類":"學校、大型集會場所",
    "AED放置地點":"校門口警衛室內",
    "行政區":"淡水區"
    }
  },
  {
    "type": "Feature",
    "geometry": {
       "type": "Point",
       "coordinates":  [ 121.448457,25.1731907 ]
    },
    "properties": {
    "場所名稱":"淡江大學",
    "場所地址":"新北市淡水區英專路151號",
    "場所分類":"學校、大型集會場所",
    "AED放置地點":"紹模紀念體育館 3F",
    "行政區":"淡水區"
    }
  },
  {
    "type": "Feature",
    "geometry": {
       "type": "Point",
       "coordinates":  [ 121.448457,25.1731907 ]
    },
    "properties": {
    "場所名稱":"淡江大學",
    "場所地址":"新北市淡水區英專路151號",
    "場所分類":"學校、大型集會場所",
    "AED放置地點":"紹謨紀念游泳館",
    "行政區":"淡水區"
    }
  },
  {
    "type": "Feature",
    "geometry": {
       "type": "Point",
       "coordinates":  [ 121.448457,25.1731907 ]
    },
    "properties": {
    "場所名稱":"淡江大學",
    "場所地址":"新北市淡水區英專路151號",
    "場所分類":"學校、大型集會場所",
    "AED放置地點":"衛保組",
    "行政區":"淡水區"
    }
  },
  {
    "type": "Feature",
    "geometry": {
       "type": "Point",
       "coordinates":  [ 121.4409754,25.1727381 ]
    },
    "properties": {
    "場所名稱":"新北市淡水區衛生所",
    "場所地址":"新北市淡水區中山路158號",
    "場所分類":"其他",
    "AED放置地點":"新北市淡水區衛生所服務台",
    "行政區":"淡水區"
    }
  },
  {
    "type": "Feature",
    "geometry": {
       "type": "Point",
       "coordinates":  [ 121.4454297,25.1976241 ]
    },
    "properties": {
    "場所名稱":"新北市淡水區育英國民小學",
    "場所地址":"新北市淡水區埤島里14號",
    "場所分類":"學校、大型集會場所",
    "AED放置地點":"育英國小健康中心門口",
    "行政區":"淡水區"
    }
  },
  {
    "type": "Feature",
    "geometry": {
       "type": "Point",
       "coordinates":  [ 121.432731,25.199358 ]
    },
    "properties": {
    "場所名稱":"新北市政府警察局交通警察大隊淡海捷運分隊",
    "場所地址":"新北市淡水區淡海段第59地號",
    "場所分類":"其他",
    "AED放置地點":"值班臺右前方",
    "行政區":"淡水區"
    }
  },
  {
    "type": "Feature",
    "geometry": {
       "type": "Point",
       "coordinates":  [ 121.4204546,25.181214 ]
    },
    "properties": {
    "場所名稱":"新北市政府環境保護局淡水區清潔隊",
    "場所地址":"新北市淡水區中正路2段18號對面",
    "場所分類":"其他",
    "AED放置地點":"淡水區清潔隊(停車場)",
    "行政區":"淡水區"
    }
  },
  {
    "type": "Feature",
    "geometry": {
       "type": "Point",
       "coordinates":  [ 121.4279124,25.1905382 ]
    },
    "properties": {
    "場所名稱":"亞東科技大學淡水校區警衛室內",
    "場所地址":"新北市淡水區新北市淡水區濱海路三段25號",
    "場所分類":"學校、大型集會場所",
    "AED放置地點":"新北市淡水區濱海路三段25號",
    "行政區":"淡水區"
    }
  },
  {
    "type": "Feature",
    "geometry": {
       "type": "Point",
       "coordinates":  [ 121.4561416,25.2372177 ]
    },
    "properties": {
    "場所名稱":"新北市淡水區屯山國民小學",
    "場所地址":"新北市淡水區淡金路5段111號",
    "場所分類":"學校、大型集會場所",
    "AED放置地點":"幼兒園走廊",
    "行政區":"淡水區"
    }
  },
  {
    "type": "Feature",
    "geometry": {
       "type": "Point",
       "coordinates":  [ 121.443547,25.1695096 ]
    },
    "properties": {
    "場所名稱":"新北市淡水區農會",
    "場所地址":"新北市淡水區中正路42-1號",
    "場所分類":"其他",
    "AED放置地點":"1樓大廳(進大門右測)",
    "行政區":"淡水區"
    }
  },
  {
    "type": "Feature",
    "geometry": {
       "type": "Point",
       "coordinates":  [ 121.4463823,25.1776963 ]
    },
    "properties": {
    "場所名稱":"香港商世界健身事業有限公司淡水分公司",
    "場所地址":"新北市淡水區大忠街89號2樓",
    "場所分類":"學校、大型集會場所",
    "AED放置地點":"2F客服櫃台旁",
    "行政區":"淡水區"
    }
  },
  {
    "type": "Feature",
    "geometry": {
       "type": "Point",
       "coordinates":  [ 121.4833736,25.1578112 ]
    },
    "properties": {
    "場所名稱":"新北市淡水區坪頂國民小學",
    "場所地址":"新北市淡水區坪頂里坪頂路757號",
    "場所分類":"學校、大型集會場所",
    "AED放置地點":"東側門走廊",
    "行政區":"淡水區"
    }
  },
  {
    "type": "Feature",
    "geometry": {
       "type": "Point",
       "coordinates":  [ 121.4600797,25.1472378 ]
    },
    "properties": {
    "場所名稱":"新北市淡水區竹圍國民小學",
    "場所地址":"新北市淡水區中正東路二段145號",
    "場所分類":"學校、大型集會場所",
    "AED放置地點":"新北市淡水區竹圍國小",
    "行政區":"淡水區"
    }
  },
  {
    "type": "Feature",
    "geometry": {
       "type": "Point",
       "coordinates":  [ 121.627775,25.0689017 ]
    },
    "properties": {
    "場所名稱":"新北市汐止區金龍國民小學",
    "場所地址":"新北市汐止區明峰街201號",
    "場所分類":"學校、大型集會場所",
    "AED放置地點":"前穿堂",
    "行政區":"汐止區"
    }
  },
  {
    "type": "Feature",
    "geometry": {
       "type": "Point",
       "coordinates":  [ 121.6338214,25.068668 ]
    },
    "properties": {
    "場所名稱":"汐止區湖光市民活動中心",
    "場所地址":"新北市汐止區康寧街520號之1",
    "場所分類":"其他",
    "AED放置地點":"汐止區湖光市民活動中心",
    "行政區":"汐止區"
    }
  },
  {
    "type": "Feature",
    "geometry": {
       "type": "Point",
       "coordinates":  [ 121.6375426,25.0666377 ]
    },
    "properties": {
    "場所名稱":"汐止區興福市民活動中心",
    "場所地址":"新北市汐止區福德一路141巷50、52號",
    "場所分類":"其他",
    "AED放置地點":"汐止區興福市民活動中心",
    "行政區":"汐止區"
    }
  },
  {
    "type": "Feature",
    "geometry": {
       "type": "Point",
       "coordinates":  [ 121.624499,25.0395693 ]
    },
    "properties": {
    "場所名稱":"汐止區宜興東勢市民活動中心",
    "場所地址":"新北市汐止區東勢街15號之1",
    "場所分類":"其他",
    "AED放置地點":"汐止區宜興東勢市民活動中心",
    "行政區":"汐止區"
    }
  },
  {
    "type": "Feature",
    "geometry": {
       "type": "Point",
       "coordinates":  [ 121.6545121,25.0672166 ]
    },
    "properties": {
    "場所名稱":"新北市汐止區汐止國民小學",
    "場所地址":"新北市汐止區大同路二段313號",
    "場所分類":"學校、大型集會場所",
    "AED放置地點":"本校警衛室",
    "行政區":"汐止區"
    }
  },
  {
    "type": "Feature",
    "geometry": {
       "type": "Point",
       "coordinates":  [ 121.65415,25.06274 ]
    },
    "properties": {
    "場所名稱":"緯創軟體股份有限公司(汐止總部)",
    "場所地址":"新北市汐止區新台五1段93號32樓",
    "場所分類":"其他",
    "AED放置地點":"緯創軟體汐止總部",
    "行政區":"汐止區"
    }
  },
  {
    "type": "Feature",
    "geometry": {
       "type": "Point",
       "coordinates":  [ 121.6325448,25.0643877 ]
    },
    "properties": {
    "場所名稱":"Curves女性30分鐘環狀運動汐止中興店",
    "場所地址":"新北市汐止區中興路89號2樓",
    "場所分類":"學校、大型集會場所",
    "AED放置地點":"服務櫃台旁",
    "行政區":"汐止區"
    }
  },
  {
    "type": "Feature",
    "geometry": {
       "type": "Point",
       "coordinates":  [ 121.6640368,25.0680305 ]
    },
    "properties": {
    "場所名稱":"萬達一品社區管理委員會",
    "場所地址":"新北市汐止區仁愛路329-339號",
    "場所分類":"其他",
    "AED放置地點":"1F大廳",
    "行政區":"汐止區"
    }
  },
  {
    "type": "Feature",
    "geometry": {
       "type": "Point",
       "coordinates":  [ 121.6631762,25.0729131 ]
    },
    "properties": {
    "場所名稱":"新北市汐止區農會大同辦事處",
    "場所地址":"新北市汐止區建成路78號",
    "場所分類":"其他",
    "AED放置地點":"進門營業廳左手邊牆面上",
    "行政區":"汐止區"
    }
  },
  {
    "type": "Feature",
    "geometry": {
       "type": "Point",
       "coordinates":  [ 121.6566775,25.0611624 ]
    },
    "properties": {
    "場所名稱":"新北市立青山國民中小學",
    "場所地址":"新北市汐止區莊敬街33號",
    "場所分類":"學校、大型集會場所",
    "AED放置地點":"1樓斜坡上(右前方柱子)",
    "行政區":"汐止區"
    }
  },
  {
    "type": "Feature",
    "geometry": {
       "type": "Point",
       "coordinates":  [ 121.633188,25.0645641 ]
    },
    "properties": {
    "場所名稱":"新北市汐止區農會中興辦事處",
    "場所地址":"新北市汐止區福德一路258號",
    "場所分類":"其他",
    "AED放置地點":"進門營業廳左手邊牆面上",
    "行政區":"汐止區"
    }
  },
  {
    "type": "Feature",
    "geometry": {
       "type": "Point",
       "coordinates":  [ 121.6712641,25.0791492 ]
    },
    "properties": {
    "場所名稱":"新北市汐止區長安國民小學",
    "場所地址":"新北市汐止區長興街一段80號",
    "場所分類":"學校、大型集會場所",
    "AED放置地點":"校門口警衛室",
    "行政區":"汐止區"
    }
  },
  {
    "type": "Feature",
    "geometry": {
       "type": "Point",
       "coordinates":  [ 121.6712641,25.0791492 ]
    },
    "properties": {
    "場所名稱":"新北市汐止區長安國民小學",
    "場所地址":"新北市汐止區長興街一段80號",
    "場所分類":"學校、大型集會場所",
    "AED放置地點":"健康中心",
    "行政區":"汐止區"
    }
  },
  {
    "type": "Feature",
    "geometry": {
       "type": "Point",
       "coordinates":  [ 121.6584601,25.0690631 ]
    },
    "properties": {
    "場所名稱":"新北市汐止區中正市場",
    "場所地址":"新北市汐止區中正路206號",
    "場所分類":"其他",
    "AED放置地點":"市場2樓管理室神龕旁",
    "行政區":"汐止區"
    }
  },
  {
    "type": "Feature",
    "geometry": {
       "type": "Point",
       "coordinates":  [ 121.661734,25.068315 ]
    },
    "properties": {
    "場所名稱":"新北市汐止區秀豐市場",
    "場所地址":"新北市汐止區汐止火車站旁台鐵橋下",
    "場所分類":"其他",
    "AED放置地點":"市場辦公室",
    "行政區":"汐止區"
    }
  },
  {
    "type": "Feature",
    "geometry": {
       "type": "Point",
       "coordinates":  [ 121.6559726,25.0623574 ]
    },
    "properties": {
    "場所名稱":"新北市汐止區觀光夜市",
    "場所地址":"新北市汐止區水源路一段至新興路之台鐵橋下",
    "場所分類":"其他",
    "AED放置地點":"市場管理室",
    "行政區":"汐止區"
    }
  },
  {
    "type": "Feature",
    "geometry": {
       "type": "Point",
       "coordinates":  [ 121.6395401,25.065789 ]
    },
    "properties": {
    "場所名稱":"新北市立樟樹國際實創高級中等學校",
    "場所地址":"新北市汐止區樟樹二路135號",
    "場所分類":"學校、大型集會場所",
    "AED放置地點":"樟樹實中會客室",
    "行政區":"汐止區"
    }
  },
  {
    "type": "Feature",
    "geometry": {
       "type": "Point",
       "coordinates":  [ 121.6585693,25.0641183 ]
    },
    "properties": {
    "場所名稱":"新北市汐止區公所",
    "場所地址":"新北市汐止區新台五路一段268號",
    "場所分類":"其他",
    "AED放置地點":"1樓哺乳室門口",
    "行政區":"汐止區"
    }
  },
  {
    "type": "Feature",
    "geometry": {
       "type": "Point",
       "coordinates":  [ 121.6302937,25.0679582 ]
    },
    "properties": {
    "場所名稱":"新北市汐止區農會社后辦事處",
    "場所地址":"新北市汐止區康寧街412號",
    "場所分類":"其他",
    "AED放置地點":"進門營業廳左手邊牆面上",
    "行政區":"汐止區"
    }
  },
  {
    "type": "Feature",
    "geometry": {
       "type": "Point",
       "coordinates":  [ 121.6215801,25.04166 ]
    },
    "properties": {
    "場所名稱":"新北市汐止區農會橫科辦事處",
    "場所地址":"新北市汐止區宜興街26號",
    "場所分類":"其他",
    "AED放置地點":"進門營業廳左手邊牆面上",
    "行政區":"汐止區"
    }
  },
  {
    "type": "Feature",
    "geometry": {
       "type": "Point",
       "coordinates":  [ 121.6545629,25.0630302 ]
    },
    "properties": {
    "場所名稱":"品傳房屋仲介有限公司",
    "場所地址":"新北市汐止區連興街69號",
    "場所分類":"其他",
    "AED放置地點":"店左側玻璃騎樓下",
    "行政區":"汐止區"
    }
  },
  {
    "type": "Feature",
    "geometry": {
       "type": "Point",
       "coordinates":  [ 121.6545406,25.0700758 ]
    },
    "properties": {
    "場所名稱":"新北市立圖書館汐止江北分館",
    "場所地址":"新北市汐止區汐萬路一段81號2樓",
    "場所分類":"大型休閒場所",
    "AED放置地點":"入門口左上方",
    "行政區":"汐止區"
    }
  },
  {
    "type": "Feature",
    "geometry": {
       "type": "Point",
       "coordinates":  [ 121.6583363,25.0637313 ]
    },
    "properties": {
    "場所名稱":"新北市汐止地政事務所",
    "場所地址":"新北市汐止區新台五路一段262號",
    "場所分類":"其他",
    "AED放置地點":"本所一樓大廳",
    "行政區":"汐止區"
    }
  },
  {
    "type": "Feature",
    "geometry": {
       "type": "Point",
       "coordinates":  [ 121.640863,25.0659879 ]
    },
    "properties": {
    "場所名稱":"新北市汐止忠厚公共托育中心",
    "場所地址":"新北市汐止區樟樹一路137巷26號2樓",
    "場所分類":"其他",
    "AED放置地點":"門口",
    "行政區":"汐止區"
    }
  },
  {
    "type": "Feature",
    "geometry": {
       "type": "Point",
       "coordinates":  [ 121.617295,25.051124 ]
    },
    "properties": {
    "場所名稱":"新北市汐止區農會白雲辦事處",
    "場所地址":"新北市汐止區力行街5號",
    "場所分類":"其他",
    "AED放置地點":"進門營業廳左手邊牆面上",
    "行政區":"汐止區"
    }
  },
  {
    "type": "Feature",
    "geometry": {
       "type": "Point",
       "coordinates":  [ 121.629517,25.0683778 ]
    },
    "properties": {
    "場所名稱":"新北市汐止區金龍公有零售市場",
    "場所地址":"新北市汐止區中興路250號",
    "場所分類":"其他",
    "AED放置地點":"市場1樓管理室",
    "行政區":"汐止區"
    }
  },
  {
    "type": "Feature",
    "geometry": {
       "type": "Point",
       "coordinates":  [ 121.6478659,25.0603727 ]
    },
    "properties": {
    "場所名稱":"東科大樓管理委員會",
    "場所地址":"新北市汐止區新台五路一段90-116號",
    "場所分類":"其他",
    "AED放置地點":"一樓服務台",
    "行政區":"汐止區"
    }
  },
  {
    "type": "Feature",
    "geometry": {
       "type": "Point",
       "coordinates":  [ 121.6361766,25.0581434 ]
    },
    "properties": {
    "場所名稱":"臺灣土地銀行汐止分行",
    "場所地址":"新北市汐止區大同路一段306之3號",
    "場所分類":"其他",
    "AED放置地點":"1樓營業廳",
    "行政區":"汐止區"
    }
  },
  {
    "type": "Feature",
    "geometry": {
       "type": "Point",
       "coordinates":  [ 121.6523574,25.069509 ]
    },
    "properties": {
    "場所名稱":"宏正自動科技股份有限公司(汐萬廠)",
    "場所地址":"新北市汐止區新江北路30巷20號",
    "場所分類":"其他",
    "AED放置地點":"1樓大廳",
    "行政區":"汐止區"
    }
  },
  {
    "type": "Feature",
    "geometry": {
       "type": "Point",
       "coordinates":  [ 121.6989063,25.0607022 ]
    },
    "properties": {
    "場所名稱":"新北市政府警察局汐止分局東山派出所",
    "場所地址":"新北市汐止區汐平路二段68號",
    "場所分類":"其他",
    "AED放置地點":"汐止分局東山派出所",
    "行政區":"汐止區"
    }
  },
  {
    "type": "Feature",
    "geometry": {
       "type": "Point",
       "coordinates":  [ 121.6585986,25.0641143 ]
    },
    "properties": {
    "場所名稱":"新北市立圖書館汐止分館",
    "場所地址":"新北市汐止區新台五路一段268號5樓",
    "場所分類":"大型休閒場所",
    "AED放置地點":"新北市立圖書館汐止分館",
    "行政區":"汐止區"
    }
  },
  {
    "type": "Feature",
    "geometry": {
       "type": "Point",
       "coordinates":  [ 121.6627051,25.0690976 ]
    },
    "properties": {
    "場所名稱":"交通部臺灣鐵路管理局臺北運務段汐止站",
    "場所地址":"新北市汐止區信望里信義路1號",
    "場所分類":"交通要衝",
    "AED放置地點":"汐止站2樓售票處",
    "行政區":"汐止區"
    }
  },
  {
    "type": "Feature",
    "geometry": {
       "type": "Point",
       "coordinates":  [ 121.6601917,25.0684722 ]
    },
    "properties": {
    "場所名稱":"新北市政府警察局汐止分局汐止派出所",
    "場所地址":"新北市汐止區民生街1號",
    "場所分類":"其他",
    "AED放置地點":"汐止分局汐止派出所",
    "行政區":"汐止區"
    }
  },
  {
    "type": "Feature",
    "geometry": {
       "type": "Point",
       "coordinates":  [ 121.6586581,25.0636194 ]
    },
    "properties": {
    "場所名稱":"新北市汐止區衛生所",
    "場所地址":"新北市汐止區新台五路一段266號",
    "場所分類":"其他",
    "AED放置地點":"一樓入口處右邊",
    "行政區":"汐止區"
    }
  },
  {
    "type": "Feature",
    "geometry": {
       "type": "Point",
       "coordinates":  [ 121.6586112,25.0654186 ]
    },
    "properties": {
    "場所名稱":"新北市汐止區綜合運動場",
    "場所地址":"新北市汐止區忠孝東路9號",
    "場所分類":"學校、大型集會場所",
    "AED放置地點":"新北市汐止運動場主建物看台棟",
    "行政區":"汐止區"
    }
  },
  {
    "type": "Feature",
    "geometry": {
       "type": "Point",
       "coordinates":  [ 121.6183341,25.0473099 ]
    },
    "properties": {
    "場所名稱":"新北市汐止區白雲國民小學",
    "場所地址":"新北市汐止區民權街2段90號",
    "場所分類":"學校、大型集會場所",
    "AED放置地點":"新北市白雲國民小學警衛室",
    "行政區":"汐止區"
    }
  },
  {
    "type": "Feature",
    "geometry": {
       "type": "Point",
       "coordinates":  [ 121.6191064,25.0476124 ]
    },
    "properties": {
    "場所名稱":"新北市政府警察局汐止分局橫科派出所",
    "場所地址":"新北市汐止區民權街2段87號",
    "場所分類":"其他",
    "AED放置地點":"新北市政府警察局汐止分局橫科派出所",
    "行政區":"汐止區"
    }
  },
  {
    "type": "Feature",
    "geometry": {
       "type": "Point",
       "coordinates":  [ 121.65723,25.0652071 ]
    },
    "properties": {
    "場所名稱":"新北市汐止國民運動中心",
    "場所地址":"新北市汐止區汐科路321號",
    "場所分類":"學校、大型集會場所",
    "AED放置地點":"泳池救生員室",
    "行政區":"汐止區"
    }
  },
  {
    "type": "Feature",
    "geometry": {
       "type": "Point",
       "coordinates":  [ 121.65723,25.0652071 ]
    },
    "properties": {
    "場所名稱":"新北市汐止國民運動中心",
    "場所地址":"新北市汐止區汐科路321號",
    "場所分類":"學校、大型集會場所",
    "AED放置地點":"5F體適能中心",
    "行政區":"汐止區"
    }
  },
  {
    "type": "Feature",
    "geometry": {
       "type": "Point",
       "coordinates":  [ 121.6407433,25.0661257 ]
    },
    "properties": {
    "場所名稱":"新北市汐止區忠厚公有零售市場",
    "場所地址":"新北市汐止區樟樹一路137巷26號",
    "場所分類":"其他",
    "AED放置地點":"市場1樓共食區旁",
    "行政區":"汐止區"
    }
  },
  {
    "type": "Feature",
    "geometry": {
       "type": "Point",
       "coordinates":  [ 121.6685335,25.0818163 ]
    },
    "properties": {
    "場所名稱":"新北市汐止區林森攤集場",
    "場所地址":"新北市汐止區汐止國道高速公路高架橋下（15K+265至15K+397處）",
    "場所分類":"其他",
    "AED放置地點":"市場管理室",
    "行政區":"汐止區"
    }
  },
  {
    "type": "Feature",
    "geometry": {
       "type": "Point",
       "coordinates":  [ 121.6227339,25.0700474 ]
    },
    "properties": {
    "場所名稱":"財團法人生物技術開發中心",
    "場所地址":"新北市汐止區康寧街169巷101號",
    "場所分類":"其他",
    "AED放置地點":"一樓大廳",
    "行政區":"汐止區"
    }
  },
  {
    "type": "Feature",
    "geometry": {
       "type": "Point",
       "coordinates":  [ 121.6298842,25.0601535 ]
    },
    "properties": {
    "場所名稱":"艾訊股份有限公司",
    "場所地址":"新北市汐止區環河街100號",
    "場所分類":"其他",
    "AED放置地點":"一樓茶水間",
    "行政區":"汐止區"
    }
  },
  {
    "type": "Feature",
    "geometry": {
       "type": "Point",
       "coordinates":  [ 121.6335463,25.0638311 ]
    },
    "properties": {
    "場所名稱":"新北市政府警察局汐止分局社后派出所",
    "場所地址":"新北市汐止區中興路108號",
    "場所分類":"其他",
    "AED放置地點":"新北市政府警察局汐止分局社后派出所",
    "行政區":"汐止區"
    }
  },
  {
    "type": "Feature",
    "geometry": {
       "type": "Point",
       "coordinates":  [ 121.6316634,25.0624437 ]
    },
    "properties": {
    "場所名稱":"新北市汐止區北峰國民小學",
    "場所地址":"新北市汐止區環河街1號",
    "場所分類":"學校、大型集會場所",
    "AED放置地點":"健康中心辦公室內",
    "行政區":"汐止區"
    }
  },
  {
    "type": "Feature",
    "geometry": {
       "type": "Point",
       "coordinates":  [ 121.632174,25.0652979 ]
    },
    "properties": {
    "場所名稱":"香港商世界健身事業有限公司汐止分公司",
    "場所地址":"新北市汐止區中興路168號2樓",
    "場所分類":"學校、大型集會場所",
    "AED放置地點":"客服櫃檯前方二樓往三樓手扶梯旁",
    "行政區":"汐止區"
    }
  },
  {
    "type": "Feature",
    "geometry": {
       "type": "Point",
       "coordinates":  [ 121.6621756,25.0625877 ]
    },
    "properties": {
    "場所名稱":"新北市汐止區秀峰國民小學",
    "場所地址":"新北市汐止區仁愛路90號",
    "場所分類":"學校、大型集會場所",
    "AED放置地點":"穿堂",
    "行政區":"汐止區"
    }
  },
  {
    "type": "Feature",
    "geometry": {
       "type": "Point",
       "coordinates":  [ 121.6397184,25.0616059 ]
    },
    "properties": {
    "場所名稱":"裕信汽車股份有限公司 汐止展示間",
    "場所地址":"新北市汐止區大同區一段199號",
    "場所分類":"其他",
    "AED放置地點":"展示間",
    "行政區":"汐止區"
    }
  },
  {
    "type": "Feature",
    "geometry": {
       "type": "Point",
       "coordinates":  [ 121.6345997,25.05744 ]
    },
    "properties": {
    "場所名稱":"第一商業銀行汐止分行",
    "場所地址":"新北市汐止區大同路一段280號",
    "場所分類":"其他",
    "AED放置地點":"大門進入左側靠牆壁",
    "行政區":"汐止區"
    }
  },
  {
    "type": "Feature",
    "geometry": {
       "type": "Point",
       "coordinates":  [ 121.6492172,25.0824174 ]
    },
    "properties": {
    "場所名稱":"明園山莊公寓大廈管理委員會",
    "場所地址":"新北市汐止區汐萬路二段66巷1號",
    "場所分類":"其他",
    "AED放置地點":"警衛室",
    "行政區":"汐止區"
    }
  },
  {
    "type": "Feature",
    "geometry": {
       "type": "Point",
       "coordinates":  [ 121.6467432,25.0883989 ]
    },
    "properties": {
    "場所名稱":"新北市政府警察局汐止分局烘內派出所",
    "場所地址":"新北市汐止區汐萬路2段230號",
    "場所分類":"其他",
    "AED放置地點":"汐止分局烘內派出所",
    "行政區":"汐止區"
    }
  },
  {
    "type": "Feature",
    "geometry": {
       "type": "Point",
       "coordinates":  [ 121.645244,25.0892842 ]
    },
    "properties": {
    "場所名稱":"新北市汐止區北港國民小學",
    "場所地址":"新北市汐止區汐萬路2段279號",
    "場所分類":"學校、大型集會場所",
    "AED放置地點":"211藝文教室",
    "行政區":"汐止區"
    }
  },
  {
    "type": "Feature",
    "geometry": {
       "type": "Point",
       "coordinates":  [ 121.6054405,25.1110055 ]
    },
    "properties": {
    "場所名稱":"新北市政府警察局汐止分局長青派出所",
    "場所地址":"新北市汐止區長青路188巷1之1號",
    "場所分類":"其他",
    "AED放置地點":"新北市政府警察局汐止分局長青派出所",
    "行政區":"汐止區"
    }
  },
  {
    "type": "Feature",
    "geometry": {
       "type": "Point",
       "coordinates":  [ 121.6545406,25.0700758 ]
    },
    "properties": {
    "場所名稱":"新北市立圖書館汐止江北分館",
    "場所地址":"新北市汐止區汐萬路一段81號2樓",
    "場所分類":"大型休閒場所",
    "AED放置地點":"新北市立圖書館汐止江北分館",
    "行政區":"汐止區"
    }
  },
  {
    "type": "Feature",
    "geometry": {
       "type": "Point",
       "coordinates":  [ 121.6512902,25.0750905 ]
    },
    "properties": {
    "場所名稱":"新北市政府環境保護局汐止區清潔隊",
    "場所地址":"新北市汐止區康寧街901號",
    "場所分類":"其他",
    "AED放置地點":"新北市政府環境保護局汐止區清潔隊",
    "行政區":"汐止區"
    }
  },
  {
    "type": "Feature",
    "geometry": {
       "type": "Point",
       "coordinates":  [ 121.6591327,25.0677763 ]
    },
    "properties": {
    "場所名稱":"新北市立圖書館汐止大同分館",
    "場所地址":"新北市汐止區大同路2段451號1樓",
    "場所分類":"大型休閒場所",
    "AED放置地點":"1樓櫃台前",
    "行政區":"汐止區"
    }
  },
  {
    "type": "Feature",
    "geometry": {
       "type": "Point",
       "coordinates":  [ 121.6313235,25.0549244 ]
    },
    "properties": {
    "場所名稱":"富士大飯店股份有限公司",
    "場所地址":"新北市汐止區大同路一段128號",
    "場所分類":"旅宿場所",
    "AED放置地點":"一樓大廳",
    "行政區":"汐止區"
    }
  },
  {
    "type": "Feature",
    "geometry": {
       "type": "Point",
       "coordinates":  [ 121.65723,25.0652071 ]
    },
    "properties": {
    "場所名稱":"新北市汐止國民運動中心",
    "場所地址":"新北市汐止區汐科路321號",
    "場所分類":"學校、大型集會場所",
    "AED放置地點":"2樓大門口",
    "行政區":"汐止區"
    }
  },
  {
    "type": "Feature",
    "geometry": {
       "type": "Point",
       "coordinates":  [ 121.6504901,25.0639687 ]
    },
    "properties": {
    "場所名稱":"宏正自動科技股份有限公司",
    "場所地址":"新北市汐止區大同路二段125號3樓",
    "場所分類":"其他",
    "AED放置地點":"3樓大廳",
    "行政區":"汐止區"
    }
  },
  {
    "type": "Feature",
    "geometry": {
       "type": "Point",
       "coordinates":  [ 121.6344153,25.0572691 ]
    },
    "properties": {
    "場所名稱":"鮮享股份有限公司",
    "場所地址":"新北市汐止區大同路一段276號6樓",
    "場所分類":"其他",
    "AED放置地點":"大門左前方",
    "行政區":"汐止區"
    }
  },
  {
    "type": "Feature",
    "geometry": {
       "type": "Point",
       "coordinates":  [ 121.6710193,25.0770855 ]
    },
    "properties": {
    "場所名稱":"北都汽車股份有限公司汐止服務廠",
    "場所地址":"新北市汐止區大同路3段110號",
    "場所分類":"其他",
    "AED放置地點":"1樓客休室",
    "行政區":"汐止區"
    }
  },
  {
    "type": "Feature",
    "geometry": {
       "type": "Point",
       "coordinates":  [ 121.6681601,25.0776202 ]
    },
    "properties": {
    "場所名稱":"新北市政府警察局汐止分局長安派出所",
    "場所地址":"新北市汐止區大同路3段99號",
    "場所分類":"其他",
    "AED放置地點":"1樓入口處右方(於值班台前側)",
    "行政區":"汐止區"
    }
  },
  {
    "type": "Feature",
    "geometry": {
       "type": "Point",
       "coordinates":  [ 121.6798174,25.0718244 ]
    },
    "properties": {
    "場所名稱":"新北市汐止區保長國民小學",
    "場所地址":"新北市汐止區大同路三段553號",
    "場所分類":"學校、大型集會場所",
    "AED放置地點":"木棉樓一樓廣場",
    "行政區":"汐止區"
    }
  },
  {
    "type": "Feature",
    "geometry": {
       "type": "Point",
       "coordinates":  [ 121.6699493,25.0773605 ]
    },
    "properties": {
    "場所名稱":"新北市私立崇義高級中學",
    "場所地址":"新北市汐止區大同路三段68號",
    "場所分類":"學校、大型集會場所",
    "AED放置地點":"學校川堂會議室",
    "行政區":"汐止區"
    }
  },
  {
    "type": "Feature",
    "geometry": {
       "type": "Point",
       "coordinates":  [ 121.6691257,25.0690573 ]
    },
    "properties": {
    "場所名稱":"新北市汐止區崇德國民小學",
    "場所地址":"新北市汐止區茄苳路158號",
    "場所分類":"學校、大型集會場所",
    "AED放置地點":"崇德國小穿堂",
    "行政區":"汐止區"
    }
  },
  {
    "type": "Feature",
    "geometry": {
       "type": "Point",
       "coordinates":  [ 121.6328127,25.0551372 ]
    },
    "properties": {
    "場所名稱":"裕信汽車股份有限公司 汐止分公司",
    "場所地址":"新北市汐止區大同路一段154-5號",
    "場所分類":"其他",
    "AED放置地點":"客戶休息區",
    "行政區":"汐止區"
    }
  },
  {
    "type": "Feature",
    "geometry": {
       "type": "Point",
       "coordinates":  [ 121.6599477,25.0680178 ]
    },
    "properties": {
    "場所名稱":"新北市政府警察局汐止分局(含交通分隊)",
    "場所地址":"新北市汐止區大同路2段459號",
    "場所分類":"其他",
    "AED放置地點":"一樓正門入口",
    "行政區":"汐止區"
    }
  },
  {
    "type": "Feature",
    "geometry": {
       "type": "Point",
       "coordinates":  [ 121.6479622,25.0617688 ]
    },
    "properties": {
    "場所名稱":"全真概念健康事業股份有限公司-汐止分公司",
    "場所地址":"新北市汐止區新台五路一段93號4樓",
    "場所分類":"學校、大型集會場所",
    "AED放置地點":"瑜珈教室旁",
    "行政區":"汐止區"
    }
  },
  {
    "type": "Feature",
    "geometry": {
       "type": "Point",
       "coordinates":  [ 121.6335611,25.0562271 ]
    },
    "properties": {
    "場所名稱":"好市多股份有限公司汐止分公司",
    "場所地址":"新北市汐止區大同路一段158號",
    "場所分類":"大型購物場所",
    "AED放置地點":"1樓員休室樓梯口(育嬰室旁)",
    "行政區":"汐止區"
    }
  },
  {
    "type": "Feature",
    "geometry": {
       "type": "Point",
       "coordinates":  [ 121.634344,25.0587339 ]
    },
    "properties": {
    "場所名稱":"宜鼎國際股份有限公司",
    "場所地址":"新北市汐止區大同路一段237號5F",
    "場所分類":"其他",
    "AED放置地點":"5樓櫃台旁",
    "行政區":"汐止區"
    }
  },
  {
    "type": "Feature",
    "geometry": {
       "type": "Point",
       "coordinates":  [ 121.6490496,25.0621773 ]
    },
    "properties": {
    "場所名稱":"iFG遠雄購物中心",
    "場所地址":"新北市汐止區新台五路一段99號",
    "場所分類":"大型購物場所",
    "AED放置地點":"3樓服務台",
    "行政區":"汐止區"
    }
  },
  {
    "type": "Feature",
    "geometry": {
       "type": "Point",
       "coordinates":  [ 121.6493654,25.0620717 ]
    },
    "properties": {
    "場所名稱":"家福股份有限公司汐科分公司",
    "場所地址":"新北市汐止區新台五路一段99號B1(家樂福)",
    "場所分類":"大型購物場所",
    "AED放置地點":"B1收銀線",
    "行政區":"汐止區"
    }
  },
  {
    "type": "Feature",
    "geometry": {
       "type": "Point",
       "coordinates":  [ 121.6483007,25.0607986 ]
    },
    "properties": {
    "場所名稱":"家樂福汐止店",
    "場所地址":"新北市汐止區新台五路一段108號B1",
    "場所分類":"大型購物場所",
    "AED放置地點":"B1收銀20號機檯旁",
    "行政區":"汐止區"
    }
  },
  {
    "type": "Feature",
    "geometry": {
       "type": "Point",
       "coordinates":  [ 121.6423262,25.0656283 ]
    },
    "properties": {
    "場所名稱":"新北市汐止區農會樟樹辦事處",
    "場所地址":"新北市汐止區樟樹一路156號",
    "場所分類":"其他",
    "AED放置地點":"進大門右手邊牆面上",
    "行政區":"汐止區"
    }
  },
  {
    "type": "Feature",
    "geometry": {
       "type": "Point",
       "coordinates":  [ 121.642402,25.097422 ]
    },
    "properties": {
    "場所名稱":"新北市汐止區農會休閒中心",
    "場所地址":"新北市汐止區汐萬路三段246號",
    "場所分類":"其他",
    "AED放置地點":"進門營業廳右手邊牆面上",
    "行政區":"汐止區"
    }
  },
  {
    "type": "Feature",
    "geometry": {
       "type": "Point",
       "coordinates":  [ 121.6626583,25.0670442 ]
    },
    "properties": {
    "場所名稱":"新北市汐止區農會大新辦事處",
    "場所地址":"新北市汐止區忠孝東路240號",
    "場所分類":"其他",
    "AED放置地點":"進門營業廳左手邊牆面上",
    "行政區":"汐止區"
    }
  },
  {
    "type": "Feature",
    "geometry": {
       "type": "Point",
       "coordinates":  [ 121.6417674,25.0664982 ]
    },
    "properties": {
    "場所名稱":"新北市汐止區樟樹國民小學",
    "場所地址":"新北市汐止區樟樹一路141巷2號",
    "場所分類":"學校、大型集會場所",
    "AED放置地點":"健康中心",
    "行政區":"汐止區"
    }
  },
  {
    "type": "Feature",
    "geometry": {
       "type": "Point",
       "coordinates":  [ 121.6567136,25.0637253 ]
    },
    "properties": {
    "場所名稱":"新北市汐止區農會信用部",
    "場所地址":"新北市汐止區新台五路一段207號",
    "場所分類":"其他",
    "AED放置地點":"營業廳左手邊牆面上",
    "行政區":"汐止區"
    }
  },
  {
    "type": "Feature",
    "geometry": {
       "type": "Point",
       "coordinates":  [ 121.6610343,25.0695413 ]
    },
    "properties": {
    "場所名稱":"新北市汐止區農會中正辦事處",
    "場所地址":"新北市汐止區中正路106號2樓",
    "場所分類":"其他",
    "AED放置地點":"二樓進門營業廳左手邊牆面上",
    "行政區":"汐止區"
    }
  },
  {
    "type": "Feature",
    "geometry": {
       "type": "Point",
       "coordinates":  [ 121.6605716,25.0664452 ]
    },
    "properties": {
    "場所名稱":"新北市立秀峰高級中學",
    "場所地址":"新北市汐止區忠孝東路201號",
    "場所分類":"學校、大型集會場所",
    "AED放置地點":"健康中心外",
    "行政區":"汐止區"
    }
  },
  {
    "type": "Feature",
    "geometry": {
       "type": "Point",
       "coordinates":  [ 121.658433,25.06662 ]
    },
    "properties": {
    "場所名稱":"新北市立汐止國民中學",
    "場所地址":"新北市汐止區大同路2段394號",
    "場所分類":"學校、大型集會場所",
    "AED放置地點":"健康中心",
    "行政區":"汐止區"
    }
  },
  {
    "type": "Feature",
    "geometry": {
       "type": "Point",
       "coordinates":  [ 121.655324,25.072369 ]
    },
    "properties": {
    "場所名稱":"新北市汐止區農會附設幼兒園",
    "場所地址":"新北市汐止區長江街39巷26號",
    "場所分類":"其他",
    "AED放置地點":"入園後右手邊牆面上",
    "行政區":"汐止區"
    }
  },
  {
    "type": "Feature",
    "geometry": {
       "type": "Point",
       "coordinates":  [ 121.4600351,25.0238145 ]
    },
    "properties": {
    "場所名稱":"新北市政府警察局海山分局新海派出所",
    "場所地址":"新北市板橋區英士路151號",
    "場所分類":"其他",
    "AED放置地點":"派出所1樓(受理民眾報案區)",
    "行政區":"板橋區"
    }
  },
  {
    "type": "Feature",
    "geometry": {
       "type": "Point",
       "coordinates":  [ 121.4647214,25.0094874 ]
    },
    "properties": {
    "場所名稱":"新北市政府警察局交通警察大隊海山分隊",
    "場所地址":"新北市板橋區民族路57號後棟1-3樓",
    "場所分類":"其他",
    "AED放置地點":"交通分隊1樓車處辦公室",
    "行政區":"板橋區"
    }
  },
  {
    "type": "Feature",
    "geometry": {
       "type": "Point",
       "coordinates":  [ 121.4699336,25.0301407 ]
    },
    "properties": {
    "場所名稱":"新北市政府警察局海山分局江翠派出所",
    "場所地址":"新北市板橋區吳鳳路50巷36號",
    "場所分類":"其他",
    "AED放置地點":"派出所1樓(值班台旁)",
    "行政區":"板橋區"
    }
  },
  {
    "type": "Feature",
    "geometry": {
       "type": "Point",
       "coordinates":  [ 121.4795899,25.0186663 ]
    },
    "properties": {
    "場所名稱":"新北市政府警察局海山分局埔墘派出所",
    "場所地址":"新北市板橋區中山路2段286號",
    "場所分類":"其他",
    "AED放置地點":"派出所1樓(值班台正後方)",
    "行政區":"板橋區"
    }
  },
  {
    "type": "Feature",
    "geometry": {
       "type": "Point",
       "coordinates":  [ 121.4639869,25.0143744 ]
    },
    "properties": {
    "場所名稱":"環球健身中心",
    "場所地址":"新北市板橋區縣民大道二段7號24樓",
    "場所分類":"學校、大型集會場所",
    "AED放置地點":"環球健身中心24樓",
    "行政區":"板橋區"
    }
  },
  {
    "type": "Feature",
    "geometry": {
       "type": "Point",
       "coordinates":  [ 121.4637592,25.0141259 ]
    },
    "properties": {
    "場所名稱":"環球購物中心板橋店",
    "場所地址":"新北市板橋區縣民大道二段7號2樓",
    "場所分類":"大型購物場所",
    "AED放置地點":"環球購物中心板橋店2樓服務台旁",
    "行政區":"板橋區"
    }
  },
  {
    "type": "Feature",
    "geometry": {
       "type": "Point",
       "coordinates":  [ 121.4530821,25.0194107 ]
    },
    "properties": {
    "場所名稱":"新北市板橋區國光國民小學",
    "場所地址":"新北市板橋區中正路325巷30號",
    "場所分類":"學校、大型集會場所",
    "AED放置地點":"川堂",
    "行政區":"板橋區"
    }
  },
  {
    "type": "Feature",
    "geometry": {
       "type": "Point",
       "coordinates":  [ 121.4531168,25.0249806 ]
    },
    "properties": {
    "場所名稱":"新北市立板橋國民中學",
    "場所地址":"新北市板橋區中正路437號",
    "場所分類":"學校、大型集會場所",
    "AED放置地點":"體育館",
    "行政區":"板橋區"
    }
  },
  {
    "type": "Feature",
    "geometry": {
       "type": "Point",
       "coordinates":  [ 121.4531168,25.0249806 ]
    },
    "properties": {
    "場所名稱":"新北市立板橋國民中學",
    "場所地址":"新北市板橋區中正路437號",
    "場所分類":"學校、大型集會場所",
    "AED放置地點":"警衛室",
    "行政區":"板橋區"
    }
  },
  {
    "type": "Feature",
    "geometry": {
       "type": "Point",
       "coordinates":  [ 121.4567738,25.013213 ]
    },
    "properties": {
    "場所名稱":"板橋體育館",
    "場所地址":"新北市板橋區中正路8號",
    "場所分類":"大型休閒場所",
    "AED放置地點":"板橋體育館後門入口(靠中正路8號)",
    "行政區":"板橋區"
    }
  },
  {
    "type": "Feature",
    "geometry": {
       "type": "Point",
       "coordinates":  [ 121.4582189,25.0137914 ]
    },
    "properties": {
    "場所名稱":"板橋第二運動場 志工室前",
    "場所地址":"新北市板橋區民權路117號",
    "場所分類":"大型休閒場所",
    "AED放置地點":"板橋第二運動場-志工室前",
    "行政區":"板橋區"
    }
  },
  {
    "type": "Feature",
    "geometry": {
       "type": "Point",
       "coordinates":  [ 121.543397,24.9799722 ]
    },
    "properties": {
    "場所名稱":"新北市立圖書館板橋分館",
    "場所地址":"新北市板橋區文化路23號",
    "場所分類":"大型休閒場所",
    "AED放置地點":"新北市立圖書館板橋分館一樓後方中間位置",
    "行政區":"板橋區"
    }
  },
  {
    "type": "Feature",
    "geometry": {
       "type": "Point",
       "coordinates":  [ 121.4794499,25.0177483 ]
    },
    "properties": {
    "場所名稱":"家福有限公司台北板橋分公司",
    "場所地址":"新北市板橋區三民路二段31號B1",
    "場所分類":"大型購物場所",
    "AED放置地點":"收銀結帳機18號機",
    "行政區":"板橋區"
    }
  },
  {
    "type": "Feature",
    "geometry": {
       "type": "Point",
       "coordinates":  [ 121.4700483,25.0114015 ]
    },
    "properties": {
    "場所名稱":"新北市政府警察局海山分局偵查隊",
    "場所地址":"新北市板橋區漢生東路195號4樓",
    "場所分類":"其他",
    "AED放置地點":"分局4樓偵查隊",
    "行政區":"板橋區"
    }
  },
  {
    "type": "Feature",
    "geometry": {
       "type": "Point",
       "coordinates":  [ 121.4773102,25.0268405 ]
    },
    "properties": {
    "場所名稱":"新北市政府警察局海山分局文聖派出所",
    "場所地址":"新北市板橋區大同街14號",
    "場所分類":"其他",
    "AED放置地點":"派出所1樓(大門左側)",
    "行政區":"板橋區"
    }
  },
  {
    "type": "Feature",
    "geometry": {
       "type": "Point",
       "coordinates":  [ 121.4683966,25.0289268 ]
    },
    "properties": {
    "場所名稱":"新北市立江翠國民中學",
    "場所地址":"新北市板橋區松江街63號",
    "場所分類":"學校、大型集會場所",
    "AED放置地點":"江翠國中",
    "行政區":"板橋區"
    }
  },
  {
    "type": "Feature",
    "geometry": {
       "type": "Point",
       "coordinates":  [ 121.4608422,25.0047851 ]
    },
    "properties": {
    "場所名稱":"新北市政府警察局板橋分局後埔派出所",
    "場所地址":"新北市板橋區成都街22號",
    "場所分類":"其他",
    "AED放置地點":"一樓",
    "行政區":"板橋區"
    }
  },
  {
    "type": "Feature",
    "geometry": {
       "type": "Point",
       "coordinates":  [ 121.4762544,25.0184272 ]
    },
    "properties": {
    "場所名稱":"天主教光仁學校財團法人新北市光仁高級中學",
    "場所地址":"新北市板橋區中山路二段255巷18號",
    "場所分類":"學校、大型集會場所",
    "AED放置地點":"健康中心走廊",
    "行政區":"板橋區"
    }
  },
  {
    "type": "Feature",
    "geometry": {
       "type": "Point",
       "coordinates":  [ 121.461783,24.9912758 ]
    },
    "properties": {
    "場所名稱":"新北市政府警察局板橋分局信義派出所",
    "場所地址":"新北市板橋區廣權路28號",
    "場所分類":"其他",
    "AED放置地點":"駐地內民眾協調服務區",
    "行政區":"板橋區"
    }
  },
  {
    "type": "Feature",
    "geometry": {
       "type": "Point",
       "coordinates":  [ 121.4821372,25.0166289 ]
    },
    "properties": {
    "場所名稱":"新北市立光復高級中學",
    "場所地址":"新北市板橋區光環路一段7號",
    "場所分類":"學校、大型集會場所",
    "AED放置地點":"新北市立光復高級中學-化育樓一樓健康中心走廊",
    "行政區":"板橋區"
    }
  },
  {
    "type": "Feature",
    "geometry": {
       "type": "Point",
       "coordinates":  [ 121.4821372,25.0166289 ]
    },
    "properties": {
    "場所名稱":"新北市立光復高級中學",
    "場所地址":"新北市板橋區光環路一段7號",
    "場所分類":"學校、大型集會場所",
    "AED放置地點":"光復高中校門口警衛室內",
    "行政區":"板橋區"
    }
  },
  {
    "type": "Feature",
    "geometry": {
       "type": "Point",
       "coordinates":  [ 121.4551245,25.0014396 ]
    },
    "properties": {
    "場所名稱":"新北市立圖書館總館",
    "場所地址":"新北市板橋區貴興路139號1樓",
    "場所分類":"大型休閒場所",
    "AED放置地點":"5樓服務櫃台",
    "行政區":"板橋區"
    }
  },
  {
    "type": "Feature",
    "geometry": {
       "type": "Point",
       "coordinates":  [ 121.4618415,25.0114095 ]
    },
    "properties": {
    "場所名稱":"新北市政府警察局交通警察大隊板橋分隊",
    "場所地址":"新北市板橋區區運路一號",
    "場所分類":"其他",
    "AED放置地點":"值班台旁",
    "行政區":"板橋區"
    }
  },
  {
    "type": "Feature",
    "geometry": {
       "type": "Point",
       "coordinates":  [ 121.4485866,25.0014964 ]
    },
    "properties": {
    "場所名稱":"新北市板橋區中山國民小學",
    "場所地址":"新北市板橋區大觀路二段59巷31號",
    "場所分類":"學校、大型集會場所",
    "AED放置地點":"警衛室後方左側柱子",
    "行政區":"板橋區"
    }
  },
  {
    "type": "Feature",
    "geometry": {
       "type": "Point",
       "coordinates":  [ 121.4485866,25.0014964 ]
    },
    "properties": {
    "場所名稱":"新北市板橋區中山國民小學",
    "場所地址":"新北市板橋區大觀路二段59巷31號",
    "場所分類":"學校、大型集會場所",
    "AED放置地點":"行健樓一樓",
    "行政區":"板橋區"
    }
  },
  {
    "type": "Feature",
    "geometry": {
       "type": "Point",
       "coordinates":  [ 121.4459549,25.0012245 ]
    },
    "properties": {
    "場所名稱":"新北市政府警察局板橋分局大觀派出所",
    "場所地址":"新北市板橋區大觀路2段127號",
    "場所分類":"其他",
    "AED放置地點":"一樓值班台旁",
    "行政區":"板橋區"
    }
  },
  {
    "type": "Feature",
    "geometry": {
       "type": "Point",
       "coordinates":  [ 121.4639869,25.0143744 ]
    },
    "properties": {
    "場所名稱":"智慧財產及商業法院",
    "場所地址":"新北市板橋區縣民大道2段7號3樓",
    "場所分類":"學校、大型集會場所",
    "AED放置地點":"東側三樓訴訟輔導科，北1A門口進入上電梯至三樓",
    "行政區":"板橋區"
    }
  },
  {
    "type": "Feature",
    "geometry": {
       "type": "Point",
       "coordinates":  [ 121.4639869,25.0143744 ]
    },
    "properties": {
    "場所名稱":"智慧財產及商業法院",
    "場所地址":"新北市板橋區縣民大道2段7號3樓",
    "場所分類":"學校、大型集會場所",
    "AED放置地點":"西側3樓第4、5法庭區，北2A門口進入上電梯至三",
    "行政區":"板橋區"
    }
  },
  {
    "type": "Feature",
    "geometry": {
       "type": "Point",
       "coordinates":  [ 121.4639242,25.0216141 ]
    },
    "properties": {
    "場所名稱":"致理科技大學",
    "場所地址":"新北市板橋區文化路一段313號",
    "場所分類":"學校、大型集會場所",
    "AED放置地點":"人文大樓近左側1樓處",
    "行政區":"板橋區"
    }
  },
  {
    "type": "Feature",
    "geometry": {
       "type": "Point",
       "coordinates":  [ 121.4625791,25.0265768 ]
    },
    "properties": {
    "場所名稱":"新北市板橋區新埔國民小學",
    "場所地址":"新北市板橋區陽明街206號",
    "場所分類":"學校、大型集會場所",
    "AED放置地點":"新北市新埔國小警衛室",
    "行政區":"板橋區"
    }
  },
  {
    "type": "Feature",
    "geometry": {
       "type": "Point",
       "coordinates":  [ 121.4715387,25.0256921 ]
    },
    "properties": {
    "場所名稱":"新北市藝文中心",
    "場所地址":"新北市板橋區莊敬路62號",
    "場所分類":"大型休閒場所",
    "AED放置地點":"藝文中心B1第三展覽室門口",
    "行政區":"板橋區"
    }
  },
  {
    "type": "Feature",
    "geometry": {
       "type": "Point",
       "coordinates":  [ 121.4715387,25.0256921 ]
    },
    "properties": {
    "場所名稱":"新北市立圖書館江子翠分館",
    "場所地址":"新北市板橋區莊敬路62號",
    "場所分類":"大型休閒場所",
    "AED放置地點":"2樓入口右側",
    "行政區":"板橋區"
    }
  },
  {
    "type": "Feature",
    "geometry": {
       "type": "Point",
       "coordinates":  [ 121.4636106,25.01466 ]
    },
    "properties": {
    "場所名稱":"國營臺灣鐵路股份有限公司北區營運處臺北運務段板橋站",
    "場所地址":"新北市板橋區縣民大道2段7號1樓",
    "場所分類":"交通要衝",
    "AED放置地點":"B2第2月台5車位置",
    "行政區":"板橋區"
    }
  },
  {
    "type": "Feature",
    "geometry": {
       "type": "Point",
       "coordinates":  [ 121.4636106,25.01466 ]
    },
    "properties": {
    "場所名稱":"國營臺灣鐵路股份有限公司北區營運處臺北運務段板橋站",
    "場所地址":"新北市板橋區縣民大道2段7號1樓",
    "場所分類":"交通要衝",
    "AED放置地點":"B1臺鐵東剪票口",
    "行政區":"板橋區"
    }
  },
  {
    "type": "Feature",
    "geometry": {
       "type": "Point",
       "coordinates":  [ 121.4484992,24.9951473 ]
    },
    "properties": {
    "場所名稱":"新北市政府環境保護局板橋區清潔隊",
    "場所地址":"新北市板橋區華東街1-7號",
    "場所分類":"其他",
    "AED放置地點":"會議室飲水機旁",
    "行政區":"板橋區"
    }
  },
  {
    "type": "Feature",
    "geometry": {
       "type": "Point",
       "coordinates":  [ 121.4546774,25.0029997 ]
    },
    "properties": {
    "場所名稱":"新北市私立光華高級商業職業進修學校",
    "場所地址":"新北市板橋區南雅南路二段1號",
    "場所分類":"學校、大型集會場所",
    "AED放置地點":"圖書室",
    "行政區":"板橋區"
    }
  },
  {
    "type": "Feature",
    "geometry": {
       "type": "Point",
       "coordinates":  [ 121.4569866,25.0281253 ]
    },
    "properties": {
    "場所名稱":"新北市政府殯葬管理處板橋殯儀館",
    "場所地址":"新北市板橋區中正路560號",
    "場所分類":"學校、大型集會場所",
    "AED放置地點":"殯儀館",
    "行政區":"板橋區"
    }
  },
  {
    "type": "Feature",
    "geometry": {
       "type": "Point",
       "coordinates":  [ 121.4797285,25.0257707 ]
    },
    "properties": {
    "場所名稱":"新北市溪南計程車服務中心",
    "場所地址":"新北市板橋區萬板路466號之1",
    "場所分類":"其他",
    "AED放置地點":"大門口旁",
    "行政區":"板橋區"
    }
  },
  {
    "type": "Feature",
    "geometry": {
       "type": "Point",
       "coordinates":  [ 121.4542122,25.0240328 ]
    },
    "properties": {
    "場所名稱":"板橋國中地下停車場",
    "場所地址":"新北市板橋區中正路437號.B1",
    "場所分類":"學校、大型集會場所",
    "AED放置地點":"停車場管理室",
    "行政區":"板橋區"
    }
  },
  {
    "type": "Feature",
    "geometry": {
       "type": "Point",
       "coordinates":  [ 121.4574246,25.0232911 ]
    },
    "properties": {
    "場所名稱":"新北市立聯合醫院板橋院區",
    "場所地址":"新北市板橋區英士路198號",
    "場所分類":"其他",
    "AED放置地點":"9樓陽光學堂",
    "行政區":"板橋區"
    }
  },
  {
    "type": "Feature",
    "geometry": {
       "type": "Point",
       "coordinates":  [ 121.4521125,25.0250294 ]
    },
    "properties": {
    "場所名稱":"板橋435藝文特區",
    "場所地址":"新北市板橋區中正路435號",
    "場所分類":"觀光旅遊地區",
    "AED放置地點":"服務臺",
    "行政區":"板橋區"
    }
  },
  {
    "type": "Feature",
    "geometry": {
       "type": "Point",
       "coordinates":  [ 121.4586094,25.0107815 ]
    },
    "properties": {
    "場所名稱":"新北市板橋區調解委員會",
    "場所地址":"新北市板橋區文化路一段18號3樓",
    "場所分類":"其他",
    "AED放置地點":"入口處左側",
    "行政區":"板橋區"
    }
  },
  {
    "type": "Feature",
    "geometry": {
       "type": "Point",
       "coordinates":  [ 121.4591083,25.0097408 ]
    },
    "properties": {
    "場所名稱":"新北市板橋區公所",
    "場所地址":"新北市板橋區府中路30號",
    "場所分類":"其他",
    "AED放置地點":"1樓正門進入右側警衛桌旁",
    "行政區":"板橋區"
    }
  },
  {
    "type": "Feature",
    "geometry": {
       "type": "Point",
       "coordinates":  [ 121.4469212,25.0051815 ]
    },
    "properties": {
    "場所名稱":"國立華僑高級中等學校",
    "場所地址":"新北市板橋區大觀路一段32號",
    "場所分類":"學校、大型集會場所",
    "AED放置地點":"學校排球館門口",
    "行政區":"板橋區"
    }
  },
  {
    "type": "Feature",
    "geometry": {
       "type": "Point",
       "coordinates":  [ 121.4596142,25.0093886 ]
    },
    "properties": {
    "場所名稱":"府中15場館",
    "場所地址":"新北市板橋區府中路15號",
    "場所分類":"大型休閒場所",
    "AED放置地點":"館舍4樓電梯口",
    "行政區":"板橋區"
    }
  },
  {
    "type": "Feature",
    "geometry": {
       "type": "Point",
       "coordinates":  [ 121.4556158,25.0075829 ]
    },
    "properties": {
    "場所名稱":"新北市板橋區湳興公有零售市場",
    "場所地址":"新北市板橋區中興路63號",
    "場所分類":"其他",
    "AED放置地點":"市場1樓樓梯旁",
    "行政區":"板橋區"
    }
  },
  {
    "type": "Feature",
    "geometry": {
       "type": "Point",
       "coordinates":  [ 121.4570245,25.0106871 ]
    },
    "properties": {
    "場所名稱":"新北市板橋區黃石公有零售市場",
    "場所地址":"新北市板橋區宮口街37號",
    "場所分類":"其他",
    "AED放置地點":"市場公告欄旁",
    "行政區":"板橋區"
    }
  },
  {
    "type": "Feature",
    "geometry": {
       "type": "Point",
       "coordinates":  [ 121.4545392,25.0218351 ]
    },
    "properties": {
    "場所名稱":"合作金庫商業銀行-板橋分行",
    "場所地址":"新北市板橋區中正路330號",
    "場所分類":"其他",
    "AED放置地點":"1樓大廳",
    "行政區":"板橋區"
    }
  },
  {
    "type": "Feature",
    "geometry": {
       "type": "Point",
       "coordinates":  [ 121.4672692,25.0339349 ]
    },
    "properties": {
    "場所名稱":"展揚營造有限公司江翠工務所",
    "場所地址":"新北市板橋區華江八路(停車場對面工地)",
    "場所分類":"其他",
    "AED放置地點":"工務所1樓辦公室",
    "行政區":"板橋區"
    }
  },
  {
    "type": "Feature",
    "geometry": {
       "type": "Point",
       "coordinates":  [ 121.4669241,25.026011 ]
    },
    "properties": {
    "場所名稱":"捷運環狀線新埔民生站Y17",
    "場所地址":"新北市板橋區民生路3段70號",
    "場所分類":"交通要衝",
    "AED放置地點":"捷運環狀線新埔民生站詢問處旁",
    "行政區":"板橋區"
    }
  },
  {
    "type": "Feature",
    "geometry": {
       "type": "Point",
       "coordinates":  [ 121.4724172,25.0144861 ]
    },
    "properties": {
    "場所名稱":"捷運環狀線板新站Y15",
    "場所地址":"新北市板橋區板新路109號",
    "場所分類":"交通要衝",
    "AED放置地點":"捷運環狀線板新站詢問處旁",
    "行政區":"板橋區"
    }
  },
  {
    "type": "Feature",
    "geometry": {
       "type": "Point",
       "coordinates":  [ 121.4648828,25.0153598 ]
    },
    "properties": {
    "場所名稱":"捷運環狀線板橋站Y16",
    "場所地址":"新北市板橋區新站路66號",
    "場所分類":"交通要衝",
    "AED放置地點":"捷運環狀線板橋站詢問處旁",
    "行政區":"板橋區"
    }
  },
  {
    "type": "Feature",
    "geometry": {
       "type": "Point",
       "coordinates":  [ 121.463561,25.0143209 ]
    },
    "properties": {
    "場所名稱":"臺北捷運板橋站BL07",
    "場所地址":"新北市板橋區站前路5號",
    "場所分類":"交通要衝",
    "AED放置地點":"B1通道層靠近桌球區",
    "行政區":"板橋區"
    }
  },
  {
    "type": "Feature",
    "geometry": {
       "type": "Point",
       "coordinates":  [ 121.4484992,24.9951473 ]
    },
    "properties": {
    "場所名稱":"板橋區清潔隊廚餘一二班",
    "場所地址":"新北市板橋區華東街1-7號",
    "場所分類":"其他",
    "AED放置地點":"辦公室門口側",
    "行政區":"板橋區"
    }
  },
  {
    "type": "Feature",
    "geometry": {
       "type": "Point",
       "coordinates":  [ 121.4485321,24.9943777 ]
    },
    "properties": {
    "場所名稱":"板橋區清潔隊南區組",
    "場所地址":"新北市板橋區華東街1-8號",
    "場所分類":"其他",
    "AED放置地點":"辦公室門口側",
    "行政區":"板橋區"
    }
  },
  {
    "type": "Feature",
    "geometry": {
       "type": "Point",
       "coordinates":  [ 121.4485747,24.9943316 ]
    },
    "properties": {
    "場所名稱":"板橋區清潔隊廚餘三班",
    "場所地址":"新北市板橋區華東街1-11號",
    "場所分類":"其他",
    "AED放置地點":"辦公室門側",
    "行政區":"板橋區"
    }
  },
  {
    "type": "Feature",
    "geometry": {
       "type": "Point",
       "coordinates":  [ 121.4637119,25.0082482 ]
    },
    "properties": {
    "場所名稱":"板橋區清潔隊隊本部",
    "場所地址":"新北市板橋區實踐路3號1樓",
    "場所分類":"其他",
    "AED放置地點":"辦公室門口",
    "行政區":"板橋區"
    }
  },
  {
    "type": "Feature",
    "geometry": {
       "type": "Point",
       "coordinates":  [ 121.4669037,25.0136061 ]
    },
    "properties": {
    "場所名稱":"遠東百貨股份有限公司板橋新站分公司(板橋大遠百)",
    "場所地址":"新北市板橋區新站路28號",
    "場所分類":"大型購物場所",
    "AED放置地點":"板橋大遠百7樓贈品中心",
    "行政區":"板橋區"
    }
  },
  {
    "type": "Feature",
    "geometry": {
       "type": "Point",
       "coordinates":  [ 121.4669037,25.0136061 ]
    },
    "properties": {
    "場所名稱":"遠東百貨股份有限公司板橋新站分公司(板橋大遠百)",
    "場所地址":"新北市板橋區新站路28號",
    "場所分類":"大型購物場所",
    "AED放置地點":"板橋大遠百B3停車場管理室內",
    "行政區":"板橋區"
    }
  },
  {
    "type": "Feature",
    "geometry": {
       "type": "Point",
       "coordinates":  [ 121.4669037,25.0136061 ]
    },
    "properties": {
    "場所名稱":"遠東百貨股份有限公司板橋新站分公司(板橋大遠百)",
    "場所地址":"新北市板橋區新站路28號",
    "場所分類":"大型購物場所",
    "AED放置地點":"板橋大遠百1樓服務台旁",
    "行政區":"板橋區"
    }
  },
  {
    "type": "Feature",
    "geometry": {
       "type": "Point",
       "coordinates":  [ 121.4721892,25.0179331 ]
    },
    "properties": {
    "場所名稱":"板橋區清潔隊巡查組",
    "場所地址":"新北市板橋區民生路二段56號之5",
    "場所分類":"其他",
    "AED放置地點":"門口左側",
    "行政區":"板橋區"
    }
  },
  {
    "type": "Feature",
    "geometry": {
       "type": "Point",
       "coordinates":  [ 121.4725506,25.0174249 ]
    },
    "properties": {
    "場所名稱":"板橋區清潔隊北區組",
    "場所地址":"新北市板橋區民生路二段36號-1",
    "場所分類":"其他",
    "AED放置地點":"正門建物左側",
    "行政區":"板橋區"
    }
  },
  {
    "type": "Feature",
    "geometry": {
       "type": "Point",
       "coordinates":  [ 121.427672,24.9812514 ]
    },
    "properties": {
    "場所名稱":"板橋區清潔隊保養班",
    "場所地址":"新北市板橋區溪城路90-2號(城林橋下)",
    "場所分類":"其他",
    "AED放置地點":"辦公室對斜對面",
    "行政區":"板橋區"
    }
  },
  {
    "type": "Feature",
    "geometry": {
       "type": "Point",
       "coordinates":  [ 121.4717136,25.0301492 ]
    },
    "properties": {
    "場所名稱":"好時光江翠樂園",
    "場所地址":"新北市板橋區雙十路三段9號",
    "場所分類":"學校、大型集會場所",
    "AED放置地點":"櫃台內",
    "行政區":"板橋區"
    }
  },
  {
    "type": "Feature",
    "geometry": {
       "type": "Point",
       "coordinates":  [ 121.4577278,25.022699 ]
    },
    "properties": {
    "場所名稱":"新北市板橋國民運動中心",
    "場所地址":"新北市板橋區智樂路6號",
    "場所分類":"學校、大型集會場所",
    "AED放置地點":"三樓體適能中心外",
    "行政區":"板橋區"
    }
  },
  {
    "type": "Feature",
    "geometry": {
       "type": "Point",
       "coordinates":  [ 121.4639242,25.0216141 ]
    },
    "properties": {
    "場所名稱":"致理科技大學",
    "場所地址":"新北市板橋區文化路一段313號",
    "場所分類":"學校、大型集會場所",
    "AED放置地點":"致理綜合教學大樓1樓靠左側",
    "行政區":"板橋區"
    }
  },
  {
    "type": "Feature",
    "geometry": {
       "type": "Point",
       "coordinates":  [ 121.4639242,25.0216141 ]
    },
    "properties": {
    "場所名稱":"致理科技大學",
    "場所地址":"新北市板橋區文化路一段313號",
    "場所分類":"學校、大型集會場所",
    "AED放置地點":"誠信館4樓",
    "行政區":"板橋區"
    }
  },
  {
    "type": "Feature",
    "geometry": {
       "type": "Point",
       "coordinates":  [ 121.4639242,25.0216141 ]
    },
    "properties": {
    "場所名稱":"致理科技大學",
    "場所地址":"新北市板橋區文化路一段313號",
    "場所分類":"學校、大型集會場所",
    "AED放置地點":"健康中心",
    "行政區":"板橋區"
    }
  },
  {
    "type": "Feature",
    "geometry": {
       "type": "Point",
       "coordinates":  [ 121.4589005,25.0233902 ]
    },
    "properties": {
    "場所名稱":"新北市板橋區文德國民小學",
    "場所地址":"新北市板橋區英士路179號",
    "場所分類":"學校、大型集會場所",
    "AED放置地點":"學校大門口警衛室",
    "行政區":"板橋區"
    }
  },
  {
    "type": "Feature",
    "geometry": {
       "type": "Point",
       "coordinates":  [ 121.4580659,25.023157 ]
    },
    "properties": {
    "場所名稱":"新北市政府衛生局",
    "場所地址":"新北市板橋區英士路192-1號",
    "場所分類":"其他",
    "AED放置地點":"本局第一行政大樓1樓大廳",
    "行政區":"板橋區"
    }
  },
  {
    "type": "Feature",
    "geometry": {
       "type": "Point",
       "coordinates":  [ 121.4639242,25.0216141 ]
    },
    "properties": {
    "場所名稱":"致理科技大學",
    "場所地址":"新北市板橋區文化路一段313號",
    "場所分類":"學校、大型集會場所",
    "AED放置地點":"行政(忠孝)大樓1樓軍訓室對面",
    "行政區":"板橋區"
    }
  },
  {
    "type": "Feature",
    "geometry": {
       "type": "Point",
       "coordinates":  [ 121.4639242,25.0216141 ]
    },
    "properties": {
    "場所名稱":"致理科技大學",
    "場所地址":"新北市板橋區文化路一段313號",
    "場所分類":"學校、大型集會場所",
    "AED放置地點":"學生宿舍左側門口",
    "行政區":"板橋區"
    }
  },
  {
    "type": "Feature",
    "geometry": {
       "type": "Point",
       "coordinates":  [ 121.469725,25.0204341 ]
    },
    "properties": {
    "場所名稱":"板橋區清潔隊車北班",
    "場所地址":"新北市板橋區民生路二段89-8號",
    "場所分類":"交通要衝",
    "AED放置地點":"板橋區清潔隊車北班",
    "行政區":"板橋區"
    }
  },
  {
    "type": "Feature",
    "geometry": {
       "type": "Point",
       "coordinates":  [ 121.4714758,25.0293283 ]
    },
    "properties": {
    "場所名稱":"揚生六○館-板橋館",
    "場所地址":"新北市板橋區文化路二段285號31樓",
    "場所分類":"其他",
    "AED放置地點":"六○館內",
    "行政區":"板橋區"
    }
  },
  {
    "type": "Feature",
    "geometry": {
       "type": "Point",
       "coordinates":  [ 121.4746955,25.0280316 ]
    },
    "properties": {
    "場所名稱":"香港商世界健身事業有限公司板橋雙十分公司",
    "場所地址":"新北市板橋區雙十路二段143號B1",
    "場所分類":"學校、大型集會場所",
    "AED放置地點":"B1飲料販賣機旁",
    "行政區":"板橋區"
    }
  },
  {
    "type": "Feature",
    "geometry": {
       "type": "Point",
       "coordinates":  [ 121.4715387,25.0256921 ]
    },
    "properties": {
    "場所名稱":"新北市藝文中心",
    "場所地址":"新北市板橋區莊敬路62號",
    "場所分類":"大型休閒場所",
    "AED放置地點":"演藝廳大廳男廁旁",
    "行政區":"板橋區"
    }
  },
  {
    "type": "Feature",
    "geometry": {
       "type": "Point",
       "coordinates":  [ 121.4774588,25.0292385 ]
    },
    "properties": {
    "場所名稱":"新北市板橋區文聖國民小學",
    "場所地址":"新北市板橋區文聖街86號",
    "場所分類":"學校、大型集會場所",
    "AED放置地點":"守衛室右側牆上",
    "行政區":"板橋區"
    }
  },
  {
    "type": "Feature",
    "geometry": {
       "type": "Point",
       "coordinates":  [ 121.4736089,25.0352417 ]
    },
    "properties": {
    "場所名稱":"新北市政府勞動檢查處",
    "場所地址":"新北市板橋區華江一路216號1樓",
    "場所分類":"其他",
    "AED放置地點":"新北市政府勞動檢查處1樓大門入口右側",
    "行政區":"板橋區"
    }
  },
  {
    "type": "Feature",
    "geometry": {
       "type": "Point",
       "coordinates":  [ 121.463299,25.025085 ]
    },
    "properties": {
    "場所名稱":"新北市立圖書館板橋四維分館",
    "場所地址":"新北市板橋區陽明街168號",
    "場所分類":"大型休閒場所",
    "AED放置地點":"本館一樓大廳",
    "行政區":"板橋區"
    }
  },
  {
    "type": "Feature",
    "geometry": {
       "type": "Point",
       "coordinates":  [ 121.4735628,25.026039 ]
    },
    "properties": {
    "場所名稱":"新北市板橋區莒光國民小學",
    "場所地址":"新北市板橋區莒光路163號",
    "場所分類":"學校、大型集會場所",
    "AED放置地點":"莒光國小學務處外廣播室門口",
    "行政區":"板橋區"
    }
  },
  {
    "type": "Feature",
    "geometry": {
       "type": "Point",
       "coordinates":  [ 121.4296348,24.9927847 ]
    },
    "properties": {
    "場所名稱":"私立康達老人長期照顧中心(養護型)",
    "場所地址":"新北市板橋區大觀路三段220巷22號2樓",
    "場所分類":"其他",
    "AED放置地點":"機構2樓辦公室",
    "行政區":"板橋區"
    }
  },
  {
    "type": "Feature",
    "geometry": {
       "type": "Point",
       "coordinates":  [ 121.4627141,24.9936212 ]
    },
    "properties": {
    "場所名稱":"新北市板橋區重慶國民小學",
    "場所地址":"新北市板橋區廣和街31號",
    "場所分類":"學校、大型集會場所",
    "AED放置地點":"重慶國小1樓川堂",
    "行政區":"板橋區"
    }
  },
  {
    "type": "Feature",
    "geometry": {
       "type": "Point",
       "coordinates":  [ 121.467015,25.01472 ]
    },
    "properties": {
    "場所名稱":"新板藝廊",
    "場所地址":"新北市板橋區漢生東路166號3樓",
    "場所分類":"大型休閒場所",
    "AED放置地點":"新板藝廊3樓",
    "行政區":"板橋區"
    }
  },
  {
    "type": "Feature",
    "geometry": {
       "type": "Point",
       "coordinates":  [ 121.432248,24.9961713 ]
    },
    "properties": {
    "場所名稱":"新北市立溪崑國民中學",
    "場所地址":"新北市板橋區大觀路三段50巷30號",
    "場所分類":"學校、大型集會場所",
    "AED放置地點":"健康中心",
    "行政區":"板橋區"
    }
  },
  {
    "type": "Feature",
    "geometry": {
       "type": "Point",
       "coordinates":  [ 121.4305516,24.9885628 ]
    },
    "properties": {
    "場所名稱":"新北市政府警察局板橋分局沙崙派出所",
    "場所地址":"新北市板橋區溪北路111號",
    "場所分類":"其他",
    "AED放置地點":"值班台旁",
    "行政區":"板橋區"
    }
  },
  {
    "type": "Feature",
    "geometry": {
       "type": "Point",
       "coordinates":  [ 121.4623894,25.0193748 ]
    },
    "properties": {
    "場所名稱":"臺灣新北地方法院板橋院區",
    "場所地址":"新北市板橋區民生路1段30巷1號",
    "場所分類":"學校、大型集會場所",
    "AED放置地點":"前棟一樓",
    "行政區":"板橋區"
    }
  },
  {
    "type": "Feature",
    "geometry": {
       "type": "Point",
       "coordinates":  [ 121.4672212,25.0221074 ]
    },
    "properties": {
    "場所名稱":"板橋文化路郵局",
    "場所地址":"新北市板橋區文化路一段395號1樓",
    "場所分類":"其他",
    "AED放置地點":"1樓郵務營業廳",
    "行政區":"板橋區"
    }
  },
  {
    "type": "Feature",
    "geometry": {
       "type": "Point",
       "coordinates":  [ 121.4728368,25.0294516 ]
    },
    "properties": {
    "場所名稱":"AnytimeFitness板橋店",
    "場所地址":"新北市板橋區雙十路二段235號1樓",
    "場所分類":"學校、大型集會場所",
    "AED放置地點":"AnytimeFitness板橋店2F",
    "行政區":"板橋區"
    }
  },
  {
    "type": "Feature",
    "geometry": {
       "type": "Point",
       "coordinates":  [ 121.4694521,25.0132712 ]
    },
    "properties": {
    "場所名稱":"雄獅鉛筆廠股份有限公司",
    "場所地址":"新北市板橋區中山路一段186號",
    "場所分類":"其他",
    "AED放置地點":"守衛室",
    "行政區":"板橋區"
    }
  },
  {
    "type": "Feature",
    "geometry": {
       "type": "Point",
       "coordinates":  [ 121.4810399,25.0199787 ]
    },
    "properties": {
    "場所名稱":"國都汽車股份有限公司北板橋服務廠",
    "場所地址":"新北市板橋區中山路2段427號",
    "場所分類":"其他",
    "AED放置地點":"服務廠客休室",
    "行政區":"板橋區"
    }
  },
  {
    "type": "Feature",
    "geometry": {
       "type": "Point",
       "coordinates":  [ 121.4690951,25.0103693 ]
    },
    "properties": {
    "場所名稱":"板橋第一運動場",
    "場所地址":"新北市板橋區新北市板橋區漢生東路278號1樓",
    "場所分類":"大型休閒場所",
    "AED放置地點":"1 樓運動設施科辦公室前",
    "行政區":"板橋區"
    }
  },
  {
    "type": "Feature",
    "geometry": {
       "type": "Point",
       "coordinates":  [ 121.4743612,25.0185053 ]
    },
    "properties": {
    "場所名稱":"新北市板橋區埔墘國民小學",
    "場所地址":"新北市板橋區永豐街42-8號",
    "場所分類":"學校、大型集會場所",
    "AED放置地點":"警衛室",
    "行政區":"板橋區"
    }
  },
  {
    "type": "Feature",
    "geometry": {
       "type": "Point",
       "coordinates":  [ 121.4662524,25.0207355 ]
    },
    "properties": {
    "場所名稱":"第一商業銀行板橋分行",
    "場所地址":"新北市板橋區文化路一段329號",
    "場所分類":"其他",
    "AED放置地點":"大門進入左側",
    "行政區":"板橋區"
    }
  },
  {
    "type": "Feature",
    "geometry": {
       "type": "Point",
       "coordinates":  [ 121.4811534,25.0196221 ]
    },
    "properties": {
    "場所名稱":"香港商世界健身事業有限公司板橋中山分公司",
    "場所地址":"新北市板橋區中山路二段326號1樓",
    "場所分類":"學校、大型集會場所",
    "AED放置地點":"1樓大廳飲料機旁",
    "行政區":"板橋區"
    }
  },
  {
    "type": "Feature",
    "geometry": {
       "type": "Point",
       "coordinates":  [ 121.4618415,25.0114095 ]
    },
    "properties": {
    "場所名稱":"新北市政府",
    "場所地址":"新北市板橋區中山路1段161號",
    "場所分類":"其他",
    "AED放置地點":"3樓多功能集會堂外通廊",
    "行政區":"板橋區"
    }
  },
  {
    "type": "Feature",
    "geometry": {
       "type": "Point",
       "coordinates":  [ 121.4618415,25.0114095 ]
    },
    "properties": {
    "場所名稱":"新北市政府",
    "場所地址":"新北市板橋區中山路1段161號",
    "場所分類":"其他",
    "AED放置地點":"8樓員工餐廳東側梯廳",
    "行政區":"板橋區"
    }
  },
  {
    "type": "Feature",
    "geometry": {
       "type": "Point",
       "coordinates":  [ 121.4607384,25.0087551 ]
    },
    "properties": {
    "場所名稱":"誠品生活板橋店",
    "場所地址":"新北市板橋區中山路一段46號5樓",
    "場所分類":"大型購物場所",
    "AED放置地點":"新北市板橋區中山路一段46號5樓",
    "行政區":"板橋區"
    }
  },
  {
    "type": "Feature",
    "geometry": {
       "type": "Point",
       "coordinates":  [ 121.4624905,25.0113936 ]
    },
    "properties": {
    "場所名稱":"台北新板希爾頓酒店",
    "場所地址":"新北市板橋區民權路88號",
    "場所分類":"旅宿場所",
    "AED放置地點":"1F大廳櫃台右後方",
    "行政區":"板橋區"
    }
  },
  {
    "type": "Feature",
    "geometry": {
       "type": "Point",
       "coordinates":  [ 121.4624905,25.0113936 ]
    },
    "properties": {
    "場所名稱":"台北新板希爾頓酒店",
    "場所地址":"新北市板橋區民權路88號",
    "場所分類":"旅宿場所",
    "AED放置地點":"R樓健身房外",
    "行政區":"板橋區"
    }
  },
  {
    "type": "Feature",
    "geometry": {
       "type": "Point",
       "coordinates":  [ 121.4624905,25.0113936 ]
    },
    "properties": {
    "場所名稱":"台北新板希爾頓酒店",
    "場所地址":"新北市板橋區民權路88號",
    "場所分類":"旅宿場所",
    "AED放置地點":"二樓如意廳外",
    "行政區":"板橋區"
    }
  },
  {
    "type": "Feature",
    "geometry": {
       "type": "Point",
       "coordinates":  [ 121.4624905,25.0113936 ]
    },
    "properties": {
    "場所名稱":"台北新板希爾頓酒店",
    "場所地址":"新北市板橋區民權路88號",
    "場所分類":"旅宿場所",
    "AED放置地點":"三樓圓滿廳外",
    "行政區":"板橋區"
    }
  },
  {
    "type": "Feature",
    "geometry": {
       "type": "Point",
       "coordinates":  [ 121.4694784,25.0125203 ]
    },
    "properties": {
    "場所名稱":"海山護理之家",
    "場所地址":"新北市板橋區漢生東路163號4樓",
    "場所分類":"其他",
    "AED放置地點":"入口大廳",
    "行政區":"板橋區"
    }
  },
  {
    "type": "Feature",
    "geometry": {
       "type": "Point",
       "coordinates":  [ 121.4636022,25.0004507 ]
    },
    "properties": {
    "場所名稱":"香港商世界健身事業有限公司板橋重慶分公司",
    "場所地址":"新北市板橋區重慶路247號B1",
    "場所分類":"學校、大型集會場所",
    "AED放置地點":"教練櫃台旁",
    "行政區":"板橋區"
    }
  },
  {
    "type": "Feature",
    "geometry": {
       "type": "Point",
       "coordinates":  [ 121.4628467,24.9981349 ]
    },
    "properties": {
    "場所名稱":"新北市立重慶國民中學",
    "場所地址":"新北市板橋區國慶路221號",
    "場所分類":"學校、大型集會場所",
    "AED放置地點":"中央川堂",
    "行政區":"板橋區"
    }
  },
  {
    "type": "Feature",
    "geometry": {
       "type": "Point",
       "coordinates":  [ 121.4599863,24.9974564 ]
    },
    "properties": {
    "場所名稱":"新北市立圖書館板橋忠孝分館",
    "場所地址":"新北市板橋區國慶路149巷21弄16號3樓",
    "場所分類":"大型休閒場所",
    "AED放置地點":"板橋區國慶路149巷21弄16號3樓",
    "行政區":"板橋區"
    }
  },
  {
    "type": "Feature",
    "geometry": {
       "type": "Point",
       "coordinates":  [ 121.4551245,25.0014396 ]
    },
    "properties": {
    "場所名稱":"新北市立圖書館總館",
    "場所地址":"新北市板橋區貴興路139號1樓",
    "場所分類":"大型休閒場所",
    "AED放置地點":"1樓大廳",
    "行政區":"板橋區"
    }
  },
  {
    "type": "Feature",
    "geometry": {
       "type": "Point",
       "coordinates":  [ 121.463678,25.0113195 ]
    },
    "properties": {
    "場所名稱":"新光人壽保險股份有限公司",
    "場所地址":"新北市板橋區中山路一段141號",
    "場所分類":"其他",
    "AED放置地點":"新板金融大樓9樓健康中心",
    "行政區":"板橋區"
    }
  },
  {
    "type": "Feature",
    "geometry": {
       "type": "Point",
       "coordinates":  [ 121.463678,25.0113195 ]
    },
    "properties": {
    "場所名稱":"新光人壽保險股份有限公司",
    "場所地址":"新北市板橋區中山路一段141號",
    "場所分類":"其他",
    "AED放置地點":"新板金融大樓8樓",
    "行政區":"板橋區"
    }
  },
  {
    "type": "Feature",
    "geometry": {
       "type": "Point",
       "coordinates":  [ 121.4669799,25.0054862 ]
    },
    "properties": {
    "場所名稱":"新北市板橋區實踐國民小學",
    "場所地址":"新北市板橋區實踐路93巷51號",
    "場所分類":"學校、大型集會場所",
    "AED放置地點":"健康中心外牆",
    "行政區":"板橋區"
    }
  },
  {
    "type": "Feature",
    "geometry": {
       "type": "Point",
       "coordinates":  [ 121.4590085,24.9972245 ]
    },
    "properties": {
    "場所名稱":"新北市私立豫章高級工商職業學校",
    "場所地址":"新北市板橋區四川路一段391號",
    "場所分類":"學校、大型集會場所",
    "AED放置地點":"禮堂內製版室外",
    "行政區":"板橋區"
    }
  },
  {
    "type": "Feature",
    "geometry": {
       "type": "Point",
       "coordinates":  [ 121.4794289,25.0174524 ]
    },
    "properties": {
    "場所名稱":"星翔游泳培訓有限公司",
    "場所地址":"新北市板橋區三民路2段35巷27號一樓游泳池",
    "場所分類":"其他",
    "AED放置地點":"進游泳池入口左手邊",
    "行政區":"板橋區"
    }
  },
  {
    "type": "Feature",
    "geometry": {
       "type": "Point",
       "coordinates":  [ 121.4464629,25.0012122 ]
    },
    "properties": {
    "場所名稱":"板橋榮譽國民之家",
    "場所地址":"新北市板橋區大觀路2段32號",
    "場所分類":"其他",
    "AED放置地點":"長樂樓1樓大門進入右側",
    "行政區":"板橋區"
    }
  },
  {
    "type": "Feature",
    "geometry": {
       "type": "Point",
       "coordinates":  [ 121.4506646,25.008636 ]
    },
    "properties": {
    "場所名稱":"慈濟板橋園區",
    "場所地址":"新北市板橋區大觀路2段2650巷15號",
    "場所分類":"其他",
    "AED放置地點":"靜思堂門廳東面",
    "行政區":"板橋區"
    }
  },
  {
    "type": "Feature",
    "geometry": {
       "type": "Point",
       "coordinates":  [ 121.4586094,25.0107815 ]
    },
    "properties": {
    "場所名稱":"新北市政府環境保護局直屬區清潔隊",
    "場所地址":"新北市板橋區文化路一段18號",
    "場所分類":"其他",
    "AED放置地點":"新北市政府環境保護局直屬隊大樓1樓",
    "行政區":"板橋區"
    }
  },
  {
    "type": "Feature",
    "geometry": {
       "type": "Point",
       "coordinates":  [ 121.4475927,25.005238 ]
    },
    "properties": {
    "場所名稱":"國立臺灣藝術大學",
    "場所地址":"新北市板橋區大觀路一段59號",
    "場所分類":"學校、大型集會場所",
    "AED放置地點":"古蹟系辦公室前",
    "行政區":"板橋區"
    }
  },
  {
    "type": "Feature",
    "geometry": {
       "type": "Point",
       "coordinates":  [ 121.4475927,25.005238 ]
    },
    "properties": {
    "場所名稱":"國立臺灣藝術大學",
    "場所地址":"新北市板橋區大觀路一段59號",
    "場所分類":"學校、大型集會場所",
    "AED放置地點":"音樂系長廊",
    "行政區":"板橋區"
    }
  },
  {
    "type": "Feature",
    "geometry": {
       "type": "Point",
       "coordinates":  [ 121.4577278,25.022699 ]
    },
    "properties": {
    "場所名稱":"新北市板橋國民運動中心",
    "場所地址":"新北市板橋區智樂路6號",
    "場所分類":"學校、大型集會場所",
    "AED放置地點":"一樓泳池外",
    "行政區":"板橋區"
    }
  },
  {
    "type": "Feature",
    "geometry": {
       "type": "Point",
       "coordinates":  [ 121.4535186,25.0202003 ]
    },
    "properties": {
    "場所名稱":"新北市立圖書館板橋國光圖書閱覽室",
    "場所地址":"新北市板橋區中正路375巷48號3樓",
    "場所分類":"大型休閒場所",
    "AED放置地點":"3樓",
    "行政區":"板橋區"
    }
  },
  {
    "type": "Feature",
    "geometry": {
       "type": "Point",
       "coordinates":  [ 121.4296291,24.9922026 ]
    },
    "properties": {
    "場所名稱":"祥寶尊榮護理之家",
    "場所地址":"新北市板橋區大觀路三段236號6樓",
    "場所分類":"其他",
    "AED放置地點":"新北市板橋區大觀路三段236號6F",
    "行政區":"板橋區"
    }
  },
  {
    "type": "Feature",
    "geometry": {
       "type": "Point",
       "coordinates":  [ 121.4265435,24.9819044 ]
    },
    "properties": {
    "場所名稱":"新北市板樹體育館",
    "場所地址":"新北市板橋區溪城路90號",
    "場所分類":"大型休閒場所",
    "AED放置地點":"大門口入口左側",
    "行政區":"板橋區"
    }
  },
  {
    "type": "Feature",
    "geometry": {
       "type": "Point",
       "coordinates":  [ 121.4309087,24.9873876 ]
    },
    "properties": {
    "場所名稱":"新北市板橋區溪洲國民小學",
    "場所地址":"新北市板橋區金門街289號",
    "場所分類":"學校、大型集會場所",
    "AED放置地點":"校門內前庭處",
    "行政區":"板橋區"
    }
  },
  {
    "type": "Feature",
    "geometry": {
       "type": "Point",
       "coordinates":  [ 121.452409,24.9974706 ]
    },
    "properties": {
    "場所名稱":"臺北捷運亞東醫院站BL05",
    "場所地址":"新北市板橋區南雅南路二段17號",
    "場所分類":"交通要衝",
    "AED放置地點":"捷運亞東醫院站B1層",
    "行政區":"板橋區"
    }
  },
  {
    "type": "Feature",
    "geometry": {
       "type": "Point",
       "coordinates":  [ 121.4722383,25.0295097 ]
    },
    "properties": {
    "場所名稱":"臺北捷運江子翠站BL09",
    "場所地址":"新北市板橋區忠翠里9鄰文化路二段296號",
    "場所分類":"交通要衝",
    "AED放置地點":"江子翠站B1層",
    "行政區":"板橋區"
    }
  },
  {
    "type": "Feature",
    "geometry": {
       "type": "Point",
       "coordinates":  [ 121.4682137,25.0241665 ]
    },
    "properties": {
    "場所名稱":"臺北捷運新埔站BL08",
    "場所地址":"新北市板橋區民生路三段2號",
    "場所分類":"交通要衝",
    "AED放置地點":"新埔站B1層",
    "行政區":"板橋區"
    }
  },
  {
    "type": "Feature",
    "geometry": {
       "type": "Point",
       "coordinates":  [ 121.463561,25.0143209 ]
    },
    "properties": {
    "場所名稱":"臺北捷運板橋站BL07",
    "場所地址":"新北市板橋區站前路5號",
    "場所分類":"交通要衝",
    "AED放置地點":"板橋站B2層付費區靠近無線上網桌",
    "行政區":"板橋區"
    }
  },
  {
    "type": "Feature",
    "geometry": {
       "type": "Point",
       "coordinates":  [ 121.4616901,25.0120155 ]
    },
    "properties": {
    "場所名稱":"臺北捷運府中站BL06",
    "場所地址":"新北市板橋區縣民大道1段193號",
    "場所分類":"交通要衝",
    "AED放置地點":"捷運府中站B1層",
    "行政區":"板橋區"
    }
  },
  {
    "type": "Feature",
    "geometry": {
       "type": "Point",
       "coordinates":  [ 121.4706314,25.0315629 ]
    },
    "properties": {
    "場所名稱":"More Fit 江子翠店",
    "場所地址":"新北市板橋區雙十路三段31號3樓",
    "場所分類":"學校、大型集會場所",
    "AED放置地點":"訓練區",
    "行政區":"板橋區"
    }
  },
  {
    "type": "Feature",
    "geometry": {
       "type": "Point",
       "coordinates":  [ 121.52374,25.0075176 ]
    },
    "properties": {
    "場所名稱":"臺北市私立南華高中",
    "場所地址":"新北市板橋區國中路132巷11號3樓",
    "場所分類":"學校、大型集會場所",
    "AED放置地點":"南華高中",
    "行政區":"板橋區"
    }
  },
  {
    "type": "Feature",
    "geometry": {
       "type": "Point",
       "coordinates":  [ 121.45627,24.997261 ]
    },
    "properties": {
    "場所名稱":"財團法人創世社會福利基金會附設新北市私立板橋創世清寒植物人安養院",
    "場所地址":"新北市板橋區板橋區四川路2段16巷10號3樓",
    "場所分類":"其他",
    "AED放置地點":"新北市板橋區四川路2段16巷10號3樓",
    "行政區":"板橋區"
    }
  },
  {
    "type": "Feature",
    "geometry": {
       "type": "Point",
       "coordinates":  [ 121.4531391,24.992763 ]
    },
    "properties": {
    "場所名稱":"財團法人台灣兒童暨家庭扶助基金會附設新北市私立家扶發展學園",
    "場所地址":"新北市板橋區四川路二段245巷119號",
    "場所分類":"學校、大型集會場所",
    "AED放置地點":"園所大廳",
    "行政區":"板橋區"
    }
  },
  {
    "type": "Feature",
    "geometry": {
       "type": "Point",
       "coordinates":  [ 121.4535186,25.0202003 ]
    },
    "properties": {
    "場所名稱":"新北市立圖書館板橋國光圖書閱覽室",
    "場所地址":"新北市板橋區中正路375巷48號3樓",
    "場所分類":"大型休閒場所",
    "AED放置地點":"右方花圃儲藏室門口旁",
    "行政區":"板橋區"
    }
  },
  {
    "type": "Feature",
    "geometry": {
       "type": "Point",
       "coordinates":  [ 121.4643891,25.0108347 ]
    },
    "properties": {
    "場所名稱":"遠東百貨板橋中山分公司",
    "場所地址":"新北市板橋區中山路一段152號",
    "場所分類":"大型購物場所",
    "AED放置地點":"9樓客服中心",
    "行政區":"板橋區"
    }
  },
  {
    "type": "Feature",
    "geometry": {
       "type": "Point",
       "coordinates":  [ 121.4608556,25.01382 ]
    },
    "properties": {
    "場所名稱":"瓦城板橋店",
    "場所地址":"新北市板橋區文化路一段65號",
    "場所分類":"其他",
    "AED放置地點":"瓦城板橋店",
    "行政區":"板橋區"
    }
  },
  {
    "type": "Feature",
    "geometry": {
       "type": "Point",
       "coordinates":  [ 121.460188,25.0078573 ]
    },
    "properties": {
    "場所名稱":"香港商世界健身事業有限公司板橋府中分公司",
    "場所地址":"新北市板橋區中山路一段10號",
    "場所分類":"學校、大型集會場所",
    "AED放置地點":"1樓櫃檯走道",
    "行政區":"板橋區"
    }
  },
  {
    "type": "Feature",
    "geometry": {
       "type": "Point",
       "coordinates":  [ 121.4706023,25.0144029 ]
    },
    "properties": {
    "場所名稱":"新北市建築師公會",
    "場所地址":"新北市板橋區中山路一段293-1號E-6樓",
    "場所分類":"其他",
    "AED放置地點":"E-6樓辦公室內",
    "行政區":"板橋區"
    }
  },
  {
    "type": "Feature",
    "geometry": {
       "type": "Point",
       "coordinates":  [ 121.4618415,25.0114095 ]
    },
    "properties": {
    "場所名稱":"新北市政府稅捐稽徵處",
    "場所地址":"新北市板橋區中山路1段143號",
    "場所分類":"其他",
    "AED放置地點":"正門直走1樓總收文處",
    "行政區":"板橋區"
    }
  },
  {
    "type": "Feature",
    "geometry": {
       "type": "Point",
       "coordinates":  [ 121.4618415,25.0114095 ]
    },
    "properties": {
    "場所名稱":"新北市政府稅捐稽徵處",
    "場所地址":"新北市板橋區中山路1段143號",
    "場所分類":"其他",
    "AED放置地點":"本處7樓電梯左側",
    "行政區":"板橋區"
    }
  },
  {
    "type": "Feature",
    "geometry": {
       "type": "Point",
       "coordinates":  [ 121.4541434,25.0009771 ]
    },
    "properties": {
    "場所名稱":"新北市政府消防局",
    "場所地址":"新北市板橋區南雅南路二段15號",
    "場所分類":"其他",
    "AED放置地點":"新北市政府消防局",
    "行政區":"板橋區"
    }
  },
  {
    "type": "Feature",
    "geometry": {
       "type": "Point",
       "coordinates":  [ 121.4541434,25.0009771 ]
    },
    "properties": {
    "場所名稱":"新北市政府消防局",
    "場所地址":"新北市板橋區南雅南路二段15號",
    "場所分類":"其他",
    "AED放置地點":"收發室前",
    "行政區":"板橋區"
    }
  },
  {
    "type": "Feature",
    "geometry": {
       "type": "Point",
       "coordinates":  [ 121.4627243,25.0117403 ]
    },
    "properties": {
    "場所名稱":"板橋凱撒大飯店",
    "場所地址":"新北市板橋區縣民大道二段8號",
    "場所分類":"旅宿場所",
    "AED放置地點":"健身房",
    "行政區":"板橋區"
    }
  },
  {
    "type": "Feature",
    "geometry": {
       "type": "Point",
       "coordinates":  [ 121.4627243,25.0117403 ]
    },
    "properties": {
    "場所名稱":"板橋凱撒大飯店",
    "場所地址":"新北市板橋區縣民大道二段8號",
    "場所分類":"旅宿場所",
    "AED放置地點":"A棟1F大廳",
    "行政區":"板橋區"
    }
  },
  {
    "type": "Feature",
    "geometry": {
       "type": "Point",
       "coordinates":  [ 121.4453161,25.0004535 ]
    },
    "properties": {
    "場所名稱":"新北市立圖書館板橋浮洲圖書閱覽室",
    "場所地址":"新北市板橋區大觀路2段163號2樓",
    "場所分類":"大型休閒場所",
    "AED放置地點":"板橋浮洲圖書閱覽室",
    "行政區":"板橋區"
    }
  },
  {
    "type": "Feature",
    "geometry": {
       "type": "Point",
       "coordinates":  [ 121.4717059,25.0288516 ]
    },
    "properties": {
    "場所名稱":"裕信汽車股份有限公司 板橋分公司",
    "場所地址":"新北市板橋區文化路2段266號",
    "場所分類":"其他",
    "AED放置地點":"客戶休息區",
    "行政區":"板橋區"
    }
  },
  {
    "type": "Feature",
    "geometry": {
       "type": "Point",
       "coordinates":  [ 121.4700483,25.0114015 ]
    },
    "properties": {
    "場所名稱":"新北市政府警察局海山分局海山派出所",
    "場所地址":"新北市板橋區漢生東路195號",
    "場所分類":"其他",
    "AED放置地點":"一樓入口",
    "行政區":"板橋區"
    }
  },
  {
    "type": "Feature",
    "geometry": {
       "type": "Point",
       "coordinates":  [ 121.4589005,25.0233902 ]
    },
    "properties": {
    "場所名稱":"新北市板橋區文德國民小學",
    "場所地址":"新北市板橋區英士路179號",
    "場所分類":"學校、大型集會場所",
    "AED放置地點":"健康中心外走廊",
    "行政區":"板橋區"
    }
  },
  {
    "type": "Feature",
    "geometry": {
       "type": "Point",
       "coordinates":  [ 121.4574246,25.0232911 ]
    },
    "properties": {
    "場所名稱":"新北市立聯合醫院附設護理之家",
    "場所地址":"新北市板橋區英士路198號5樓",
    "場所分類":"其他",
    "AED放置地點":"新北市立聯合醫院附設護理之家",
    "行政區":"板橋區"
    }
  },
  {
    "type": "Feature",
    "geometry": {
       "type": "Point",
       "coordinates":  [ 121.45883,25.024968 ]
    },
    "properties": {
    "場所名稱":"新北市立新埔國民中學",
    "場所地址":"新北市板橋區新海路181號",
    "場所分類":"學校、大型集會場所",
    "AED放置地點":"新埔國中學務處",
    "行政區":"板橋區"
    }
  },
  {
    "type": "Feature",
    "geometry": {
       "type": "Point",
       "coordinates":  [ 121.4732596,25.0322229 ]
    },
    "properties": {
    "場所名稱":"新北市板橋區江翠國民小學",
    "場所地址":"新北市板橋區文化路二段413號",
    "場所分類":"學校、大型集會場所",
    "AED放置地點":"警衛室外牆",
    "行政區":"板橋區"
    }
  },
  {
    "type": "Feature",
    "geometry": {
       "type": "Point",
       "coordinates":  [ 121.4706348,25.0272371 ]
    },
    "properties": {
    "場所名稱":"新北市議會",
    "場所地址":"新北市板橋區文化路2段166號",
    "場所分類":"學校、大型集會場所",
    "AED放置地點":"新北市議會議事廳議場入口旁",
    "行政區":"板橋區"
    }
  },
  {
    "type": "Feature",
    "geometry": {
       "type": "Point",
       "coordinates":  [ 121.4643891,25.0108347 ]
    },
    "properties": {
    "場所名稱":"遠東百貨板橋中山分公司",
    "場所地址":"新北市板橋區中山路一段152號",
    "場所分類":"大型購物場所",
    "AED放置地點":"一樓服務台",
    "行政區":"板橋區"
    }
  },
  {
    "type": "Feature",
    "geometry": {
       "type": "Point",
       "coordinates":  [ 121.4616794,25.0040418 ]
    },
    "properties": {
    "場所名稱":"新北市立忠孝國民中學",
    "場所地址":"新北市板橋區重慶路168號",
    "場所分類":"學校、大型集會場所",
    "AED放置地點":"新北市立忠孝國中",
    "行政區":"板橋區"
    }
  },
  {
    "type": "Feature",
    "geometry": {
       "type": "Point",
       "coordinates":  [ 121.4632932,25.003519 ]
    },
    "properties": {
    "場所名稱":"新北市板橋區後埔國民小學",
    "場所地址":"新北市板橋區重慶路157號",
    "場所分類":"學校、大型集會場所",
    "AED放置地點":"健康中心",
    "行政區":"板橋區"
    }
  },
  {
    "type": "Feature",
    "geometry": {
       "type": "Point",
       "coordinates":  [ 121.4639869,25.0143744 ]
    },
    "properties": {
    "場所名稱":"台灣高速鐵路(股)公司",
    "場所地址":"新北市板橋區縣民大道二段7號",
    "場所分類":"交通要衝",
    "AED放置地點":"台灣高速鐵路-板橋車站",
    "行政區":"板橋區"
    }
  },
  {
    "type": "Feature",
    "geometry": {
       "type": "Point",
       "coordinates":  [ 121.4639869,25.0143744 ]
    },
    "properties": {
    "場所名稱":"台灣高速鐵路(股)公司",
    "場所地址":"新北市板橋區縣民大道二段7號",
    "場所分類":"交通要衝",
    "AED放置地點":"台灣高速鐵路-板橋車站",
    "行政區":"板橋區"
    }
  },
  {
    "type": "Feature",
    "geometry": {
       "type": "Point",
       "coordinates":  [ 121.4596175,25.0072513 ]
    },
    "properties": {
    "場所名稱":"魔力夢工廠親子健身房",
    "場所地址":"新北市板橋區中山路一段一號23樓之一",
    "場所分類":"其他",
    "AED放置地點":"魔力夢工廠親子健身房",
    "行政區":"板橋區"
    }
  },
  {
    "type": "Feature",
    "geometry": {
       "type": "Point",
       "coordinates":  [ 121.4676112,25.0185026 ]
    },
    "properties": {
    "場所名稱":"新北市立中山國民中學",
    "場所地址":"新北市板橋區文化路一段188巷56號",
    "場所分類":"學校、大型集會場所",
    "AED放置地點":"親職中心外",
    "行政區":"板橋區"
    }
  },
  {
    "type": "Feature",
    "geometry": {
       "type": "Point",
       "coordinates":  [ 121.4709846,25.011929 ]
    },
    "properties": {
    "場所名稱":"法務部調查局新北市調查處",
    "場所地址":"新北市板橋區漢生東路193巷2號",
    "場所分類":"其他",
    "AED放置地點":"新北市調查處",
    "行政區":"板橋區"
    }
  },
  {
    "type": "Feature",
    "geometry": {
       "type": "Point",
       "coordinates":  [ 121.4641858,25.0116332 ]
    },
    "properties": {
    "場所名稱":"新北市政府交通事件裁決處(服務中心)",
    "場所地址":"新北市板橋區中山路一段143號二樓",
    "場所分類":"其他",
    "AED放置地點":"新北市政府稅捐處二樓門口右邊",
    "行政區":"板橋區"
    }
  },
  {
    "type": "Feature",
    "geometry": {
       "type": "Point",
       "coordinates":  [ 121.4675889,25.0131758 ]
    },
    "properties": {
    "場所名稱":"新北市政府交通事件裁決處",
    "場所地址":"新北市板橋區中山路一段181號2樓",
    "場所分類":"其他",
    "AED放置地點":"領御大樓A1二樓電梯出口右手邊",
    "行政區":"板橋區"
    }
  },
  {
    "type": "Feature",
    "geometry": {
       "type": "Point",
       "coordinates":  [ 121.4619601,25.0123547 ]
    },
    "properties": {
    "場所名稱":"麗寶百貨廣場",
    "場所地址":"新北市板橋區縣民大道二段3號",
    "場所分類":"大型購物場所",
    "AED放置地點":"一樓服務台",
    "行政區":"板橋區"
    }
  },
  {
    "type": "Feature",
    "geometry": {
       "type": "Point",
       "coordinates":  [ 121.4569554,25.0017697 ]
    },
    "properties": {
    "場所名稱":"遠百愛買南雅分公司",
    "場所地址":"新北市板橋區貴興路101號",
    "場所分類":"大型購物場所",
    "AED放置地點":"客服中心",
    "行政區":"板橋區"
    }
  },
  {
    "type": "Feature",
    "geometry": {
       "type": "Point",
       "coordinates":  [ 121.4619601,25.0123547 ]
    },
    "properties": {
    "場所名稱":"板橋秀泰影城",
    "場所地址":"新北市板橋區縣民大道 二段 3號",
    "場所分類":"大型休閒場所",
    "AED放置地點":"3樓電扶梯旁",
    "行政區":"板橋區"
    }
  },
  {
    "type": "Feature",
    "geometry": {
       "type": "Point",
       "coordinates":  [ 121.4700483,25.0114015 ]
    },
    "properties": {
    "場所名稱":"新北市板橋戶政事務所海山辦事處",
    "場所地址":"新北市板橋區漢生東路195之1號",
    "場所分類":"其他",
    "AED放置地點":"大門旁",
    "行政區":"板橋區"
    }
  },
  {
    "type": "Feature",
    "geometry": {
       "type": "Point",
       "coordinates":  [ 121.4708245,25.0094765 ]
    },
    "properties": {
    "場所名稱":"新北市板橋區海山國民小學",
    "場所地址":"新北市板橋區漢生東路280號",
    "場所分類":"學校、大型集會場所",
    "AED放置地點":"穿堂",
    "行政區":"板橋區"
    }
  },
  {
    "type": "Feature",
    "geometry": {
       "type": "Point",
       "coordinates":  [ 121.4718833,25.0095208 ]
    },
    "properties": {
    "場所名稱":"新北市立海山高級中學",
    "場所地址":"新北市板橋區漢生東路215號",
    "場所分類":"學校、大型集會場所",
    "AED放置地點":"國中部一樓健康中心旁",
    "行政區":"板橋區"
    }
  },
  {
    "type": "Feature",
    "geometry": {
       "type": "Point",
       "coordinates":  [ 121.4304958,24.989644 ]
    },
    "properties": {
    "場所名稱":"新北市板橋區沙崙國民小學",
    "場所地址":"新北市板橋區篤行路二段132號",
    "場所分類":"學校、大型集會場所",
    "AED放置地點":"健康中心中心前門外柱子上",
    "行政區":"板橋區"
    }
  },
  {
    "type": "Feature",
    "geometry": {
       "type": "Point",
       "coordinates":  [ 121.4482954,25.0111215 ]
    },
    "properties": {
    "場所名稱":"新北市立大觀國民中學",
    "場所地址":"新北市板橋區僑中一街1號",
    "場所分類":"學校、大型集會場所",
    "AED放置地點":"校門口旁警衛室",
    "行政區":"板橋區"
    }
  },
  {
    "type": "Feature",
    "geometry": {
       "type": "Point",
       "coordinates":  [ 121.4482954,25.0111215 ]
    },
    "properties": {
    "場所名稱":"新北市立大觀國民中學",
    "場所地址":"新北市板橋區僑中一街1號",
    "場所分類":"學校、大型集會場所",
    "AED放置地點":"健康中心門口右側牆上",
    "行政區":"板橋區"
    }
  },
  {
    "type": "Feature",
    "geometry": {
       "type": "Point",
       "coordinates":  [ 121.4639242,25.0216141 ]
    },
    "properties": {
    "場所名稱":"致理科技大學",
    "場所地址":"新北市板橋區文化路一段313號",
    "場所分類":"學校、大型集會場所",
    "AED放置地點":"誠信館1樓",
    "行政區":"板橋區"
    }
  },
  {
    "type": "Feature",
    "geometry": {
       "type": "Point",
       "coordinates":  [ 121.4553133,25.0276864 ]
    },
    "properties": {
    "場所名稱":"板橋新海抽水站停車場",
    "場所地址":"新北市板橋區中正路511號",
    "場所分類":"其他",
    "AED放置地點":"板橋新海抽水站停車場",
    "行政區":"板橋區"
    }
  },
  {
    "type": "Feature",
    "geometry": {
       "type": "Point",
       "coordinates":  [ 121.4551245,25.0014396 ]
    },
    "properties": {
    "場所名稱":"板橋圖書館停車場",
    "場所地址":"新北市板橋區貴興路139號B1管理室",
    "場所分類":"其他",
    "AED放置地點":"停車場B1管理室",
    "行政區":"板橋區"
    }
  },
  {
    "type": "Feature",
    "geometry": {
       "type": "Point",
       "coordinates":  [ 121.4582051,25.023207 ]
    },
    "properties": {
    "場所名稱":"新北市板橋區衛生所",
    "場所地址":"新北市板橋區英士路192號",
    "場所分類":"其他",
    "AED放置地點":"1樓大廳1號全功能服務台旁",
    "行政區":"板橋區"
    }
  },
  {
    "type": "Feature",
    "geometry": {
       "type": "Point",
       "coordinates":  [ 121.4621263,25.0156356 ]
    },
    "properties": {
    "場所名稱":"華新花園",
    "場所地址":"新北市板橋區文化路一段141-147號",
    "場所分類":"其他",
    "AED放置地點":"花新花園",
    "行政區":"板橋區"
    }
  },
  {
    "type": "Feature",
    "geometry": {
       "type": "Point",
       "coordinates":  [ 121.4821138,25.035488 ]
    },
    "properties": {
    "場所名稱":"大漢溪濕地生態廊道服務中心",
    "場所地址":"新北市板橋區華江橋自行車教育園區(華江橋正下方，堤防外)",
    "場所分類":"其他",
    "AED放置地點":"大漢溪濕地生態廊道服務中心內",
    "行政區":"板橋區"
    }
  },
  {
    "type": "Feature",
    "geometry": {
       "type": "Point",
       "coordinates":  [ 121.4647214,25.0094874 ]
    },
    "properties": {
    "場所名稱":"新北市政府環境保護局(民族大樓一樓大廳)",
    "場所地址":"新北市板橋區民族路57號",
    "場所分類":"其他",
    "AED放置地點":"本局大廳",
    "行政區":"板橋區"
    }
  },
  {
    "type": "Feature",
    "geometry": {
       "type": "Point",
       "coordinates":  [ 121.4648828,25.0153592 ]
    },
    "properties": {
    "場所名稱":"板橋客運站",
    "場所地址":"新北市板橋區新站路66-1號",
    "場所分類":"交通要衝",
    "AED放置地點":"板橋轉運站1樓無障礙斜坡旁",
    "行政區":"板橋區"
    }
  },
  {
    "type": "Feature",
    "geometry": {
       "type": "Point",
       "coordinates":  [ 121.4485748,24.9943317 ]
    },
    "properties": {
    "場所名稱":"板橋區清潔隊資收組",
    "場所地址":"新北市板橋區華東街1-10號",
    "場所分類":"其他",
    "AED放置地點":"板橋區清潔隊資收組",
    "行政區":"板橋區"
    }
  },
  {
    "type": "Feature",
    "geometry": {
       "type": "Point",
       "coordinates":  [ 121.4639869,25.0143744 ]
    },
    "properties": {
    "場所名稱":"台灣高速鐵路(股)公司",
    "場所地址":"新北市板橋區縣民大道二段7號",
    "場所分類":"交通要衝",
    "AED放置地點":"台灣高速鐵路-板橋車站",
    "行政區":"板橋區"
    }
  },
  {
    "type": "Feature",
    "geometry": {
       "type": "Point",
       "coordinates":  [ 121.4520602,24.9914842 ]
    },
    "properties": {
    "場所名稱":"新北市板橋區信義國民小學",
    "場所地址":"新北市板橋區四川路二段 245 巷 60 號",
    "場所分類":"學校、大型集會場所",
    "AED放置地點":"行政大樓學務處外走廊",
    "行政區":"板橋區"
    }
  },
  {
    "type": "Feature",
    "geometry": {
       "type": "Point",
       "coordinates":  [ 121.4491481,25.0202342 ]
    },
    "properties": {
    "場所名稱":"新北市果菜運銷股份有限公司板橋果菜批發市場",
    "場所地址":"新北市板橋區板城路1000號",
    "場所分類":"其他",
    "AED放置地點":"ATM門口旁",
    "行政區":"板橋區"
    }
  },
  {
    "type": "Feature",
    "geometry": {
       "type": "Point",
       "coordinates":  [ 121.4491481,25.0202342 ]
    },
    "properties": {
    "場所名稱":"新北市果菜運銷股份有限公司板橋果菜批發市場",
    "場所地址":"新北市板橋區板城路1000號",
    "場所分類":"其他",
    "AED放置地點":"出口斜坡下",
    "行政區":"板橋區"
    }
  },
  {
    "type": "Feature",
    "geometry": {
       "type": "Point",
       "coordinates":  [ 121.4524027,24.9959521 ]
    },
    "properties": {
    "場所名稱":"亞東科技大學",
    "場所地址":"新北市板橋區四川路二段58號",
    "場所分類":"學校、大型集會場所",
    "AED放置地點":"亞東科技大學有庠大樓圖書館2樓",
    "行政區":"板橋區"
    }
  },
  {
    "type": "Feature",
    "geometry": {
       "type": "Point",
       "coordinates":  [ 121.4732596,25.0322229 ]
    },
    "properties": {
    "場所名稱":"江翠國小地下停車場",
    "場所地址":"新北市板橋區文化路二段413號B1",
    "場所分類":"其他",
    "AED放置地點":"停車場B1管理室旁",
    "行政區":"板橋區"
    }
  },
  {
    "type": "Feature",
    "geometry": {
       "type": "Point",
       "coordinates":  [ 121.4475927,25.005238 ]
    },
    "properties": {
    "場所名稱":"國立臺灣藝術大學",
    "場所地址":"新北市板橋區大觀路一段59號",
    "場所分類":"學校、大型集會場所",
    "AED放置地點":"學生第一女宿舍",
    "行政區":"板橋區"
    }
  },
  {
    "type": "Feature",
    "geometry": {
       "type": "Point",
       "coordinates":  [ 121.4565942,25.0127073 ]
    },
    "properties": {
    "場所名稱":"新北市板橋戶政事務所",
    "場所地址":"新北市板橋區中正路6號",
    "場所分類":"其他",
    "AED放置地點":"服務臺旁",
    "行政區":"板橋區"
    }
  },
  {
    "type": "Feature",
    "geometry": {
       "type": "Point",
       "coordinates":  [ 121.4551749,25.0107186 ]
    },
    "properties": {
    "場所名稱":"新北市文化局林本源園邸",
    "場所地址":"新北市板橋區新北市板橋區西門街9號",
    "場所分類":"觀光旅遊地區",
    "AED放置地點":"定靜堂",
    "行政區":"板橋區"
    }
  },
  {
    "type": "Feature",
    "geometry": {
       "type": "Point",
       "coordinates":  [ 121.4636352,25.0086191 ]
    },
    "properties": {
    "場所名稱":"新北市板橋地政事務所",
    "場所地址":"新北市板橋區實踐路1號",
    "場所分類":"其他",
    "AED放置地點":"一樓大門入口右側",
    "行政區":"板橋區"
    }
  },
  {
    "type": "Feature",
    "geometry": {
       "type": "Point",
       "coordinates":  [ 121.4494217,25.0085816 ]
    },
    "properties": {
    "場所名稱":"新北市板橋區大觀國民小學",
    "場所地址":"新北市板橋區大觀路一段30號",
    "場所分類":"學校、大型集會場所",
    "AED放置地點":"健康中心門口",
    "行政區":"板橋區"
    }
  },
  {
    "type": "Feature",
    "geometry": {
       "type": "Point",
       "coordinates":  [ 121.4580067,25.0111002 ]
    },
    "properties": {
    "場所名稱":"新北市板橋區板橋國民小學",
    "場所地址":"新北市板橋區文化路一段23號",
    "場所分類":"學校、大型集會場所",
    "AED放置地點":"健康中心前",
    "行政區":"板橋區"
    }
  },
  {
    "type": "Feature",
    "geometry": {
       "type": "Point",
       "coordinates":  [ 121.4469212,25.0051815 ]
    },
    "properties": {
    "場所名稱":"國立華僑高級中等學校",
    "場所地址":"新北市板橋區大觀路一段32號",
    "場所分類":"學校、大型集會場所",
    "AED放置地點":"國立華僑高中健康中心",
    "行政區":"板橋區"
    }
  },
  {
    "type": "Feature",
    "geometry": {
       "type": "Point",
       "coordinates":  [ 121.4601896,25.0118301 ]
    },
    "properties": {
    "場所名稱":"財政部北區國稅局板橋分局",
    "場所地址":"新北市板橋區文化路一段48號",
    "場所分類":"其他",
    "AED放置地點":"一樓",
    "行政區":"板橋區"
    }
  },
  {
    "type": "Feature",
    "geometry": {
       "type": "Point",
       "coordinates":  [ 121.4535186,25.0202003 ]
    },
    "properties": {
    "場所名稱":"新北市立板橋幼兒園本園",
    "場所地址":"新北市板橋區中正路375巷48號",
    "場所分類":"其他",
    "AED放置地點":"公共活動區域走廊",
    "行政區":"板橋區"
    }
  },
  {
    "type": "Feature",
    "geometry": {
       "type": "Point",
       "coordinates":  [ 121.4601612,25.0123195 ]
    },
    "properties": {
    "場所名稱":"新北市政府警察局刑事警察大隊板橋偵查隊",
    "場所地址":"新北市板橋區文化路一段52號",
    "場所分類":"其他",
    "AED放置地點":"二樓樓梯口",
    "行政區":"板橋區"
    }
  },
  {
    "type": "Feature",
    "geometry": {
       "type": "Point",
       "coordinates":  [ 121.4530821,25.0194107 ]
    },
    "properties": {
    "場所名稱":"新北市板橋區國光國民小學",
    "場所地址":"新北市板橋區中正路325巷30號",
    "場所分類":"學校、大型集會場所",
    "AED放置地點":"健康中心",
    "行政區":"板橋區"
    }
  },
  {
    "type": "Feature",
    "geometry": {
       "type": "Point",
       "coordinates":  [ 121.4618415,25.0114095 ]
    },
    "properties": {
    "場所名稱":"新北市政府",
    "場所地址":"新北市板橋區中山路1段161號",
    "場所分類":"其他",
    "AED放置地點":"13樓西側梯廳",
    "行政區":"板橋區"
    }
  },
  {
    "type": "Feature",
    "geometry": {
       "type": "Point",
       "coordinates":  [ 121.4618415,25.0114095 ]
    },
    "properties": {
    "場所名稱":"新北市政府",
    "場所地址":"新北市板橋區中山路1段161號",
    "場所分類":"其他",
    "AED放置地點":"24樓西側梯廳",
    "行政區":"板橋區"
    }
  },
  {
    "type": "Feature",
    "geometry": {
       "type": "Point",
       "coordinates":  [ 121.4618415,25.0114095 ]
    },
    "properties": {
    "場所名稱":"新北市政府",
    "場所地址":"新北市板橋區中山路1段161號",
    "場所分類":"其他",
    "AED放置地點":"18樓東側梯廳",
    "行政區":"板橋區"
    }
  },
  {
    "type": "Feature",
    "geometry": {
       "type": "Point",
       "coordinates":  [ 121.4618415,25.0114095 ]
    },
    "properties": {
    "場所名稱":"新北市政府",
    "場所地址":"新北市板橋區中山路1段161號",
    "場所分類":"其他",
    "AED放置地點":"29樓東側梯廳",
    "行政區":"板橋區"
    }
  },
  {
    "type": "Feature",
    "geometry": {
       "type": "Point",
       "coordinates":  [ 121.4618415,25.0114095 ]
    },
    "properties": {
    "場所名稱":"新北市政府",
    "場所地址":"新北市板橋區中山路1段161號",
    "場所分類":"其他",
    "AED放置地點":"6樓大禮堂外通廊",
    "行政區":"板橋區"
    }
  },
  {
    "type": "Feature",
    "geometry": {
       "type": "Point",
       "coordinates":  [ 121.4618415,25.0114095 ]
    },
    "properties": {
    "場所名稱":"新北市政府",
    "場所地址":"新北市板橋區中山路1段161號",
    "場所分類":"其他",
    "AED放置地點":"1樓大廳西側服務台",
    "行政區":"板橋區"
    }
  },
  {
    "type": "Feature",
    "geometry": {
       "type": "Point",
       "coordinates":  [ 121.4494217,25.0085816 ]
    },
    "properties": {
    "場所名稱":"新北市板橋區大觀國民小學",
    "場所地址":"新北市板橋區大觀路一段30號",
    "場所分類":"學校、大型集會場所",
    "AED放置地點":"活力樓三樓平台電梯門口",
    "行政區":"板橋區"
    }
  },
  {
    "type": "Feature",
    "geometry": {
       "type": "Point",
       "coordinates":  [ 121.4586374,25.0122628 ]
    },
    "properties": {
    "場所名稱":"新北市立板橋高級中學",
    "場所地址":"新北市板橋區文化路一段25號",
    "場所分類":"學校、大型集會場所",
    "AED放置地點":"本校智樓川堂",
    "行政區":"板橋區"
    }
  },
  {
    "type": "Feature",
    "geometry": {
       "type": "Point",
       "coordinates":  [ 121.4580067,25.0111002 ]
    },
    "properties": {
    "場所名稱":"新北市板橋區板橋國民小學",
    "場所地址":"新北市板橋區文化路一段23號",
    "場所分類":"學校、大型集會場所",
    "AED放置地點":"活動中心1樓",
    "行政區":"板橋區"
    }
  },
  {
    "type": "Feature",
    "geometry": {
       "type": "Point",
       "coordinates":  [ 121.4567522,25.011049 ]
    },
    "properties": {
    "場所名稱":"新北市政府警察局板橋分局板橋派出所",
    "場所地址":"新北市板橋區北門街17號",
    "場所分類":"其他",
    "AED放置地點":"派出所1樓志工服務台旁",
    "行政區":"板橋區"
    }
  },
  {
    "type": "Feature",
    "geometry": {
       "type": "Point",
       "coordinates":  [ 121.4624905,25.0113936 ]
    },
    "properties": {
    "場所名稱":"台北新板希爾頓酒店",
    "場所地址":"新北市板橋區民權路88號",
    "場所分類":"旅宿場所",
    "AED放置地點":"1F員工通道口電梯前",
    "行政區":"板橋區"
    }
  },
  {
    "type": "Feature",
    "geometry": {
       "type": "Point",
       "coordinates":  [ 121.4630925,25.012243 ]
    },
    "properties": {
    "場所名稱":"誠品生活新板店",
    "場所地址":"新北市板橋區縣民大道二段66號1樓",
    "場所分類":"大型購物場所",
    "AED放置地點":"新北市板橋區縣民大道二段66號1樓",
    "行政區":"板橋區"
    }
  },
  {
    "type": "Feature",
    "geometry": {
       "type": "Point",
       "coordinates":  [ 121.4524027,24.9959521 ]
    },
    "properties": {
    "場所名稱":"亞東科技大學",
    "場所地址":"新北市板橋區四川路二段58號",
    "場所分類":"學校、大型集會場所",
    "AED放置地點":"前門警衛室",
    "行政區":"板橋區"
    }
  },
  {
    "type": "Feature",
    "geometry": {
       "type": "Point",
       "coordinates":  [ 121.466765,25.013651 ]
    },
    "properties": {
    "場所名稱":"板橋大遠百威秀影城",
    "場所地址":"新北市板橋區新站路28號10F",
    "場所分類":"大型休閒場所",
    "AED放置地點":"10F大廳販賣部對面,消防栓旁",
    "行政區":"板橋區"
    }
  },
  {
    "type": "Feature",
    "geometry": {
       "type": "Point",
       "coordinates":  [ 121.4584339,25.0098947 ]
    },
    "properties": {
    "場所名稱":"新北市政府警察局",
    "場所地址":"新北市板橋區府中路32號",
    "場所分類":"其他",
    "AED放置地點":"一樓大廳",
    "行政區":"板橋區"
    }
  },
  {
    "type": "Feature",
    "geometry": {
       "type": "Point",
       "coordinates":  [ 121.4794181,25.0175993 ]
    },
    "properties": {
    "場所名稱":"板橋潤泰游泳池",
    "場所地址":"新北市板橋區三民路二段35巷31號",
    "場所分類":"其他",
    "AED放置地點":"游泳池入口門邊",
    "行政區":"板橋區"
    }
  },
  {
    "type": "Feature",
    "geometry": {
       "type": "Point",
       "coordinates":  [ 121.487597,25.083629 ]
    },
    "properties": {
    "場所名稱":"新北市立圖書館三重東區分館",
    "場所地址":"新北市三重區溪尾街303號",
    "場所分類":"大型休閒場所",
    "AED放置地點":"1樓雜誌報紙閱覽區",
    "行政區":"三重區"
    }
  },
  {
    "type": "Feature",
    "geometry": {
       "type": "Point",
       "coordinates":  [ 121.4842535,25.087883 ]
    },
    "properties": {
    "場所名稱":"裕信汽車股份有限公司 集賢分公司",
    "場所地址":"新北市三重區集賢路195號",
    "場所分類":"其他",
    "AED放置地點":"客戶休息室",
    "行政區":"三重區"
    }
  },
  {
    "type": "Feature",
    "geometry": {
       "type": "Point",
       "coordinates":  [ 121.489273,25.0877478 ]
    },
    "properties": {
    "場所名稱":"新北市立新北高級中學",
    "場所地址":"新北市三重區三信路1號",
    "場所分類":"學校、大型集會場所",
    "AED放置地點":"學務處前走廊",
    "行政區":"三重區"
    }
  },
  {
    "type": "Feature",
    "geometry": {
       "type": "Point",
       "coordinates":  [ 121.4923891,25.0874025 ]
    },
    "properties": {
    "場所名稱":"新北市三重區五華國民小學",
    "場所地址":"新北市三重區集賢路89號",
    "場所分類":"學校、大型集會場所",
    "AED放置地點":"本校集賢路大門警衛室內",
    "行政區":"三重區"
    }
  },
  {
    "type": "Feature",
    "geometry": {
       "type": "Point",
       "coordinates":  [ 121.4920312,25.0735014 ]
    },
    "properties": {
    "場所名稱":"三重分局厚德派出所",
    "場所地址":"新北市三重區三和路三段186號",
    "場所分類":"其他",
    "AED放置地點":"三重分局厚德派出所",
    "行政區":"三重區"
    }
  },
  {
    "type": "Feature",
    "geometry": {
       "type": "Point",
       "coordinates":  [ 121.4710911,25.0692228 ]
    },
    "properties": {
    "場所名稱":"穀保學校財團法人新北市穀保高級家事商業職業學校",
    "場所地址":"新北市三重區中正北路560巷38號",
    "場所分類":"學校、大型集會場所",
    "AED放置地點":"健康中心",
    "行政區":"三重區"
    }
  },
  {
    "type": "Feature",
    "geometry": {
       "type": "Point",
       "coordinates":  [ 121.4947081,25.0713682 ]
    },
    "properties": {
    "場所名稱":"健身工廠三重廠",
    "場所地址":"新北市三重區龍門路6號2-3F",
    "場所分類":"學校、大型集會場所",
    "AED放置地點":"新北市三重區龍門路6號2-3F",
    "行政區":"三重區"
    }
  },
  {
    "type": "Feature",
    "geometry": {
       "type": "Point",
       "coordinates":  [ 121.4808542,25.0689104 ]
    },
    "properties": {
    "場所名稱":"新北市立三重高級商工職業學校",
    "場所地址":"新北市三重區中正北路163號",
    "場所分類":"學校、大型集會場所",
    "AED放置地點":"弘道樓1樓總務處旁側門(事務倉庫前)",
    "行政區":"三重區"
    }
  },
  {
    "type": "Feature",
    "geometry": {
       "type": "Point",
       "coordinates":  [ 121.4808542,25.0689104 ]
    },
    "properties": {
    "場所名稱":"新北市立三重高級商工職業學校",
    "場所地址":"新北市三重區中正北路163號",
    "場所分類":"學校、大型集會場所",
    "AED放置地點":"商科大樓4樓國貿科辦公室",
    "行政區":"三重區"
    }
  },
  {
    "type": "Feature",
    "geometry": {
       "type": "Point",
       "coordinates":  [ 121.4808542,25.0689104 ]
    },
    "properties": {
    "場所名稱":"新北市立三重高級商工職業學校",
    "場所地址":"新北市三重區中正北路163號",
    "場所分類":"學校、大型集會場所",
    "AED放置地點":"警衛室",
    "行政區":"三重區"
    }
  },
  {
    "type": "Feature",
    "geometry": {
       "type": "Point",
       "coordinates":  [ 121.5000634,25.071172 ]
    },
    "properties": {
    "場所名稱":"新北市立光榮國民中學",
    "場所地址":"新北市三重區介壽路26號",
    "場所分類":"學校、大型集會場所",
    "AED放置地點":"本校大門口警衛室",
    "行政區":"三重區"
    }
  },
  {
    "type": "Feature",
    "geometry": {
       "type": "Point",
       "coordinates":  [ 121.4965624,25.0566991 ]
    },
    "properties": {
    "場所名稱":"新北市政府警察局三重分局大同派出所",
    "場所地址":"新北市三重區大同南路155號",
    "場所分類":"其他",
    "AED放置地點":"派出所1樓",
    "行政區":"三重區"
    }
  },
  {
    "type": "Feature",
    "geometry": {
       "type": "Point",
       "coordinates":  [ 121.4974781,25.0617709 ]
    },
    "properties": {
    "場所名稱":"香港商世界健身事業有限公司三重分公司",
    "場所地址":"新北市三重區重新路二段78號1樓",
    "場所分類":"學校、大型集會場所",
    "AED放置地點":"1樓客服櫃台旁",
    "行政區":"三重區"
    }
  },
  {
    "type": "Feature",
    "geometry": {
       "type": "Point",
       "coordinates":  [ 121.5005789,25.063045 ]
    },
    "properties": {
    "場所名稱":"冠德美麗台北社區",
    "場所地址":"新北市三重區重新路一段108號",
    "場所分類":"其他",
    "AED放置地點":"一樓大門左側",
    "行政區":"三重區"
    }
  },
  {
    "type": "Feature",
    "geometry": {
       "type": "Point",
       "coordinates":  [ 121.4972509,25.0708628 ]
    },
    "properties": {
    "場所名稱":"新北市政府警察局三重分局長泰派出所",
    "場所地址":"新北市三重區仁愛街15號",
    "場所分類":"其他",
    "AED放置地點":"新北市政府警察局三重分局長泰派出所一樓",
    "行政區":"三重區"
    }
  },
  {
    "type": "Feature",
    "geometry": {
       "type": "Point",
       "coordinates":  [ 121.497257,25.0746292 ]
    },
    "properties": {
    "場所名稱":"新北市立圖書館三重崇德分館",
    "場所地址":"新北市三重區仁孝街62號2樓",
    "場所分類":"大型休閒場所",
    "AED放置地點":"2樓參考書區旁",
    "行政區":"三重區"
    }
  },
  {
    "type": "Feature",
    "geometry": {
       "type": "Point",
       "coordinates":  [ 121.4921812,25.0506181 ]
    },
    "properties": {
    "場所名稱":"新北市政府警察局三重分局中興橋派出所",
    "場所地址":"新北市三重區成功路21號",
    "場所分類":"其他",
    "AED放置地點":"派出所一樓",
    "行政區":"三重區"
    }
  },
  {
    "type": "Feature",
    "geometry": {
       "type": "Point",
       "coordinates":  [ 121.4887337,25.0576383 ]
    },
    "properties": {
    "場所名稱":"一起健身有限公司",
    "場所地址":"新北市三重區重新路4段12號B1",
    "場所分類":"其他",
    "AED放置地點":"場館",
    "行政區":"三重區"
    }
  },
  {
    "type": "Feature",
    "geometry": {
       "type": "Point",
       "coordinates":  [ 121.4889598,25.0822025 ]
    },
    "properties": {
    "場所名稱":"Forge打鐵健身三重店",
    "場所地址":"新北市三重區仁愛街479號2樓",
    "場所分類":"學校、大型集會場所",
    "AED放置地點":"2F健身區",
    "行政區":"三重區"
    }
  },
  {
    "type": "Feature",
    "geometry": {
       "type": "Point",
       "coordinates":  [ 121.4960469,25.0660582 ]
    },
    "properties": {
    "場所名稱":"新北市立圖書館三重分館",
    "場所地址":"新北市三重區自強路一段158號",
    "場所分類":"大型休閒場所",
    "AED放置地點":"一樓櫃台",
    "行政區":"三重區"
    }
  },
  {
    "type": "Feature",
    "geometry": {
       "type": "Point",
       "coordinates":  [ 121.4967735,25.0706425 ]
    },
    "properties": {
    "場所名稱":"臺北捷運三重國小站O50",
    "場所地址":"新北市三重區三和路三段5號",
    "場所分類":"交通要衝",
    "AED放置地點":"車站大廳詢問處旁",
    "行政區":"三重區"
    }
  },
  {
    "type": "Feature",
    "geometry": {
       "type": "Point",
       "coordinates":  [ 121.4862174,25.0769767 ]
    },
    "properties": {
    "場所名稱":"臺北捷運三和國中站O51",
    "場所地址":"新北市三重區三和路四段107號",
    "場所分類":"交通要衝",
    "AED放置地點":"車站大廳詢問處旁",
    "行政區":"三重區"
    }
  },
  {
    "type": "Feature",
    "geometry": {
       "type": "Point",
       "coordinates":  [ 121.4710019,25.0586855 ]
    },
    "properties": {
    "場所名稱":"愛悅養護中心",
    "場所地址":"新北市三重區光復路二段126巷6號",
    "場所分類":"其他",
    "AED放置地點":"一樓大廳",
    "行政區":"三重區"
    }
  },
  {
    "type": "Feature",
    "geometry": {
       "type": "Point",
       "coordinates":  [ 121.491184,25.0757306 ]
    },
    "properties": {
    "場所名稱":"國都汽車股份有限公司三重服務廠",
    "場所地址":"新北市三重區溪尾街22號",
    "場所分類":"其他",
    "AED放置地點":"2樓客戶休息室",
    "行政區":"三重區"
    }
  },
  {
    "type": "Feature",
    "geometry": {
       "type": "Point",
       "coordinates":  [ 121.4813569,25.0765646 ]
    },
    "properties": {
    "場所名稱":"新北市政府警察局三重分局永福派出所",
    "場所地址":"新北市三重區力行路二段162巷53號",
    "場所分類":"其他",
    "AED放置地點":"1樓進大門右側志工服務台前",
    "行政區":"三重區"
    }
  },
  {
    "type": "Feature",
    "geometry": {
       "type": "Point",
       "coordinates":  [ 121.4869018,25.0768498 ]
    },
    "properties": {
    "場所名稱":"三和護理之家",
    "場所地址":"新北市三重區三和路4段103-2號6樓",
    "場所分類":"其他",
    "AED放置地點":"新北市三重區三和路4段103-2號6樓",
    "行政區":"三重區"
    }
  },
  {
    "type": "Feature",
    "geometry": {
       "type": "Point",
       "coordinates":  [ 121.4800733,25.0768673 ]
    },
    "properties": {
    "場所名稱":"新北市三重區永福國民小學",
    "場所地址":"新北市三重區永福街66號",
    "場所分類":"學校、大型集會場所",
    "AED放置地點":"學校大門警衛室",
    "行政區":"三重區"
    }
  },
  {
    "type": "Feature",
    "geometry": {
       "type": "Point",
       "coordinates":  [ 121.4867838,25.0763987 ]
    },
    "properties": {
    "場所名稱":"新北市立三和國民中學",
    "場所地址":"新北市三重區三和路四段216號",
    "場所分類":"學校、大型集會場所",
    "AED放置地點":"音樂廳大門入口處",
    "行政區":"三重區"
    }
  },
  {
    "type": "Feature",
    "geometry": {
       "type": "Point",
       "coordinates":  [ 121.4867838,25.0763987 ]
    },
    "properties": {
    "場所名稱":"新北市立三和國民中學",
    "場所地址":"新北市三重區三和路四段216號",
    "場所分類":"學校、大型集會場所",
    "AED放置地點":"警衛室門口",
    "行政區":"三重區"
    }
  },
  {
    "type": "Feature",
    "geometry": {
       "type": "Point",
       "coordinates":  [ 121.4865522,25.0879576 ]
    },
    "properties": {
    "場所名稱":"香港商世界健身事業有限公司三重五華分公司",
    "場所地址":"新北市三重區五華街282號4樓(世界健身)",
    "場所分類":"學校、大型集會場所",
    "AED放置地點":"洽談區",
    "行政區":"三重區"
    }
  },
  {
    "type": "Feature",
    "geometry": {
       "type": "Point",
       "coordinates":  [ 121.4960469,25.0660582 ]
    },
    "properties": {
    "場所名稱":"新北市立圖書館三重分館",
    "場所地址":"新北市三重區自強路一段158號",
    "場所分類":"大型休閒場所",
    "AED放置地點":"三樓自修室",
    "行政區":"三重區"
    }
  },
  {
    "type": "Feature",
    "geometry": {
       "type": "Point",
       "coordinates":  [ 121.4872658,25.0822766 ]
    },
    "properties": {
    "場所名稱":"新北市政府警察局三重分局慈福派出所",
    "場所地址":"新北市三重區仁愛街519號",
    "場所分類":"其他",
    "AED放置地點":"派出所一樓",
    "行政區":"三重區"
    }
  },
  {
    "type": "Feature",
    "geometry": {
       "type": "Point",
       "coordinates":  [ 121.4787122,25.064729 ]
    },
    "properties": {
    "場所名稱":"東海中學學校財團法人新北市東海高級中學",
    "場所地址":"新北市三重區忠孝路三段93巷12號",
    "場所分類":"學校、大型集會場所",
    "AED放置地點":"健康中心前",
    "行政區":"三重區"
    }
  },
  {
    "type": "Feature",
    "geometry": {
       "type": "Point",
       "coordinates":  [ 121.4844464,25.0671334 ]
    },
    "properties": {
    "場所名稱":"新北市三重區重陽國民小學",
    "場所地址":"新北市三重區中正北路113號",
    "場所分類":"學校、大型集會場所",
    "AED放置地點":"校內穿堂",
    "行政區":"三重區"
    }
  },
  {
    "type": "Feature",
    "geometry": {
       "type": "Point",
       "coordinates":  [ 121.4838873,25.0470319 ]
    },
    "properties": {
    "場所名稱":"新北市立聯合醫院",
    "場所地址":"新北市三重區新北市三重區新北大道1段3號",
    "場所分類":"其他",
    "AED放置地點":"新北市立聯合醫院5樓健檢中心大門左側",
    "行政區":"三重區"
    }
  },
  {
    "type": "Feature",
    "geometry": {
       "type": "Point",
       "coordinates":  [ 121.4858938,25.0715396 ]
    },
    "properties": {
    "場所名稱":"新北市立圖書館三重培德分館",
    "場所地址":"新北市三重區新北市三重區忠孝路2段35號",
    "場所分類":"大型休閒場所",
    "AED放置地點":"新北市立圖書館三重培德分館",
    "行政區":"三重區"
    }
  },
  {
    "type": "Feature",
    "geometry": {
       "type": "Point",
       "coordinates":  [ 121.4889516,25.087378 ]
    },
    "properties": {
    "場所名稱":"新北市立碧華國民中學",
    "場所地址":"新北市三重區三信路166號",
    "場所分類":"學校、大型集會場所",
    "AED放置地點":"警衛室",
    "行政區":"三重區"
    }
  },
  {
    "type": "Feature",
    "geometry": {
       "type": "Point",
       "coordinates":  [ 121.4961371,25.0651314 ]
    },
    "properties": {
    "場所名稱":"新北市三重區正義國民小學",
    "場所地址":"新北市三重區信義西街31號",
    "場所分類":"學校、大型集會場所",
    "AED放置地點":"一樓川堂",
    "行政區":"三重區"
    }
  },
  {
    "type": "Feature",
    "geometry": {
       "type": "Point",
       "coordinates":  [ 121.4871769,25.0607781 ]
    },
    "properties": {
    "場所名稱":"新北市政府警察局三重分局光明派出所",
    "場所地址":"新北市三重區過圳街46號",
    "場所分類":"其他",
    "AED放置地點":"派出所一樓",
    "行政區":"三重區"
    }
  },
  {
    "type": "Feature",
    "geometry": {
       "type": "Point",
       "coordinates":  [ 121.4914074,25.0618491 ]
    },
    "properties": {
    "場所名稱":"三愛停車場有限公司三重小巨蛋營業所",
    "場所地址":"新北市三重區新北大道一段2號",
    "場所分類":"其他",
    "AED放置地點":"綜合體育館B1",
    "行政區":"三重區"
    }
  },
  {
    "type": "Feature",
    "geometry": {
       "type": "Point",
       "coordinates":  [ 121.4887595,25.0716267 ]
    },
    "properties": {
    "場所名稱":"新北市三重區厚德國民小學",
    "場所地址":"新北市三重區忠孝路一段70號",
    "場所分類":"學校、大型集會場所",
    "AED放置地點":"厚德國小",
    "行政區":"三重區"
    }
  },
  {
    "type": "Feature",
    "geometry": {
       "type": "Point",
       "coordinates":  [ 121.4867114,25.0614534 ]
    },
    "properties": {
    "場所名稱":"中華郵政股份有限公司三重郵局",
    "場所地址":"新北市三重區新北大道1段17號",
    "場所分類":"其他",
    "AED放置地點":"新北市三重區新北大道一段17號1樓 (後門警衛室內)",
    "行政區":"三重區"
    }
  },
  {
    "type": "Feature",
    "geometry": {
       "type": "Point",
       "coordinates":  [ 121.483024,25.065531 ]
    },
    "properties": {
    "場所名稱":"新北市立圖書館三重田中分館",
    "場所地址":"新北市三重區忠孝路3段40巷51號2樓",
    "場所分類":"大型休閒場所",
    "AED放置地點":"新北市立圖書館三重田中分館",
    "行政區":"三重區"
    }
  },
  {
    "type": "Feature",
    "geometry": {
       "type": "Point",
       "coordinates":  [ 121.4962682,25.080785 ]
    },
    "properties": {
    "場所名稱":"新北市立圖書館三重五常分館",
    "場所地址":"新北市三重區五華街7巷30號2樓",
    "場所分類":"大型休閒場所",
    "AED放置地點":"新北市三重區五華街7巷30號2樓",
    "行政區":"三重區"
    }
  },
  {
    "type": "Feature",
    "geometry": {
       "type": "Point",
       "coordinates":  [ 121.4971591,25.0652523 ]
    },
    "properties": {
    "場所名稱":"瓦城三重店",
    "場所地址":"新北市三重區正義北路95號1-2F",
    "場所分類":"其他",
    "AED放置地點":"瓦城三重店",
    "行政區":"三重區"
    }
  },
  {
    "type": "Feature",
    "geometry": {
       "type": "Point",
       "coordinates":  [ 121.4853918,25.0659487 ]
    },
    "properties": {
    "場所名稱":"新北市果菜運銷股份有限公司",
    "場所地址":"新北市三重區中正北路111號",
    "場所分類":"其他",
    "AED放置地點":"行政辦公室旁",
    "行政區":"三重區"
    }
  },
  {
    "type": "Feature",
    "geometry": {
       "type": "Point",
       "coordinates":  [ 121.491432,25.0594539 ]
    },
    "properties": {
    "場所名稱":"臺北捷運菜寮站O14",
    "場所地址":"新北市三重區重新路三段150號B1",
    "場所分類":"交通要衝",
    "AED放置地點":"詢問處右後方通道靠牆面",
    "行政區":"三重區"
    }
  },
  {
    "type": "Feature",
    "geometry": {
       "type": "Point",
       "coordinates":  [ 121.4832314,25.05521 ]
    },
    "properties": {
    "場所名稱":"臺北捷運三重站O15",
    "場所地址":"新北市三重區捷運路36號B1",
    "場所分類":"交通要衝",
    "AED放置地點":"詢問處左後方通道靠牆轉角處",
    "行政區":"三重區"
    }
  },
  {
    "type": "Feature",
    "geometry": {
       "type": "Point",
       "coordinates":  [ 121.4713167,25.0465775 ]
    },
    "properties": {
    "場所名稱":"臺北捷運先嗇宮站O16",
    "場所地址":"新北市三重區重新路五段515號B1",
    "場所分類":"交通要衝",
    "AED放置地點":"詢問處右後方通道靠牆面",
    "行政區":"三重區"
    }
  },
  {
    "type": "Feature",
    "geometry": {
       "type": "Point",
       "coordinates":  [ 121.4987559,25.0742853 ]
    },
    "properties": {
    "場所名稱":"龍門公園地下停車場",
    "場所地址":"新北市三重區公園街32號",
    "場所分類":"其他",
    "AED放置地點":"停車場管理室",
    "行政區":"三重區"
    }
  },
  {
    "type": "Feature",
    "geometry": {
       "type": "Point",
       "coordinates":  [ 121.496469,25.066275 ]
    },
    "properties": {
    "場所名稱":"300壯士跨時代健身中心(三重店)",
    "場所地址":"新北市三重區正義北路154號B1",
    "場所分類":"學校、大型集會場所",
    "AED放置地點":"健身房入口處",
    "行政區":"三重區"
    }
  },
  {
    "type": "Feature",
    "geometry": {
       "type": "Point",
       "coordinates":  [ 121.4885294,25.0734906 ]
    },
    "properties": {
    "場所名稱":"新北市私立格致高級中學",
    "場所地址":"新北市三重區大智街260號",
    "場所分類":"學校、大型集會場所",
    "AED放置地點":"教官室外",
    "行政區":"三重區"
    }
  },
  {
    "type": "Feature",
    "geometry": {
       "type": "Point",
       "coordinates":  [ 121.488284,25.061008 ]
    },
    "properties": {
    "場所名稱":"新北市三重區公所",
    "場所地址":"新北市三重區新北大道一段11號",
    "場所分類":"其他",
    "AED放置地點":"三重區公所10樓",
    "行政區":"三重區"
    }
  },
  {
    "type": "Feature",
    "geometry": {
       "type": "Point",
       "coordinates":  [ 121.488284,25.061008 ]
    },
    "properties": {
    "場所名稱":"新北市三重區公所",
    "場所地址":"新北市三重區新北大道一段11號",
    "場所分類":"其他",
    "AED放置地點":"三重區公所1樓",
    "行政區":"三重區"
    }
  },
  {
    "type": "Feature",
    "geometry": {
       "type": "Point",
       "coordinates":  [ 121.488284,25.061008 ]
    },
    "properties": {
    "場所名稱":"新北市三重地政事務所",
    "場所地址":"新北市三重區新北大道一段11號8樓",
    "場所分類":"其他",
    "AED放置地點":"行政大樓8樓",
    "行政區":"三重區"
    }
  },
  {
    "type": "Feature",
    "geometry": {
       "type": "Point",
       "coordinates":  [ 121.4742801,25.0504964 ]
    },
    "properties": {
    "場所名稱":"新北市三重區興穀國民小學",
    "場所地址":"新北市三重區神農街 101號",
    "場所分類":"學校、大型集會場所",
    "AED放置地點":"大門警衛室",
    "行政區":"三重區"
    }
  },
  {
    "type": "Feature",
    "geometry": {
       "type": "Point",
       "coordinates":  [ 121.4868335,25.0881076 ]
    },
    "properties": {
    "場所名稱":"家福股份有限公司蘆洲分公司",
    "場所地址":"新北市三重區五華街282號3樓",
    "場所分類":"大型購物場所",
    "AED放置地點":"3樓上4樓手扶梯前",
    "行政區":"三重區"
    }
  },
  {
    "type": "Feature",
    "geometry": {
       "type": "Point",
       "coordinates":  [ 121.4879933,25.0564706 ]
    },
    "properties": {
    "場所名稱":"新北市三重區集美國民小學",
    "場所地址":"新北市三重區集美街10號",
    "場所分類":"學校、大型集會場所",
    "AED放置地點":"健康中心門口走廊邊",
    "行政區":"三重區"
    }
  },
  {
    "type": "Feature",
    "geometry": {
       "type": "Point",
       "coordinates":  [ 121.4831524,25.0552076 ]
    },
    "properties": {
    "場所名稱":"桃園捷運A2三重站",
    "場所地址":"新北市三重區捷運路36號",
    "場所分類":"交通要衝",
    "AED放置地點":"穿堂層詢問處附近(非付費區)",
    "行政區":"三重區"
    }
  },
  {
    "type": "Feature",
    "geometry": {
       "type": "Point",
       "coordinates":  [ 121.501212,25.063706 ]
    },
    "properties": {
    "場所名稱":"新北市三重區重新公有零售市場",
    "場所地址":"新北市三重區重新路一段87-6號",
    "場所分類":"其他",
    "AED放置地點":"市場1樓後門旁",
    "行政區":"三重區"
    }
  },
  {
    "type": "Feature",
    "geometry": {
       "type": "Point",
       "coordinates":  [ 121.46898,25.0498487 ]
    },
    "properties": {
    "場所名稱":"玉山商業銀行股份有限公司(希望大樓)",
    "場所地址":"新北市三重區中興北街42巷17弄10號",
    "場所分類":"其他",
    "AED放置地點":"進大門後右手邊。",
    "行政區":"三重區"
    }
  },
  {
    "type": "Feature",
    "geometry": {
       "type": "Point",
       "coordinates":  [ 121.5004678,25.0631227 ]
    },
    "properties": {
    "場所名稱":"臺北捷運台北橋站O13",
    "場所地址":"新北市三重區重新路一段108號B1",
    "場所分類":"交通要衝",
    "AED放置地點":"詢問處右方樑柱旁",
    "行政區":"三重區"
    }
  },
  {
    "type": "Feature",
    "geometry": {
       "type": "Point",
       "coordinates":  [ 121.4724048,25.061379 ]
    },
    "properties": {
    "場所名稱":"新北市政府警察局交通警察大隊三重分隊",
    "場所地址":"新北市三重區光復路二段175號",
    "場所分類":"其他",
    "AED放置地點":"一樓進大門左側",
    "行政區":"三重區"
    }
  },
  {
    "type": "Feature",
    "geometry": {
       "type": "Point",
       "coordinates":  [ 121.4672207,25.0424057 ]
    },
    "properties": {
    "場所名稱":"新北市金陵女子高級中學",
    "場所地址":"新北市三重區重新路五段656號",
    "場所分類":"學校、大型集會場所",
    "AED放置地點":"厚生樓一樓川堂",
    "行政區":"三重區"
    }
  },
  {
    "type": "Feature",
    "geometry": {
       "type": "Point",
       "coordinates":  [ 121.4759565,25.0474851 ]
    },
    "properties": {
    "場所名稱":"新北市政府警察局三重分局二重派出所",
    "場所地址":"新北市三重區重新路五段406號",
    "場所分類":"其他",
    "AED放置地點":"所長辦公室外面",
    "行政區":"三重區"
    }
  },
  {
    "type": "Feature",
    "geometry": {
       "type": "Point",
       "coordinates":  [ 121.4719886,25.0610842 ]
    },
    "properties": {
    "場所名稱":"社團法人台灣全民計程車司機協會",
    "場所地址":"新北市三重區光復路二段168之2號",
    "場所分類":"其他",
    "AED放置地點":"服務中心內部",
    "行政區":"三重區"
    }
  },
  {
    "type": "Feature",
    "geometry": {
       "type": "Point",
       "coordinates":  [ 121.4678328,25.0432523 ]
    },
    "properties": {
    "場所名稱":"家福股份有限公司重新分公司",
    "場所地址":"新北市三重區重新路5段654號",
    "場所分類":"大型購物場所",
    "AED放置地點":"1F星巴克旁",
    "行政區":"三重區"
    }
  },
  {
    "type": "Feature",
    "geometry": {
       "type": "Point",
       "coordinates":  [ 121.4697152,25.0625709 ]
    },
    "properties": {
    "場所名稱":"翌朔股份有限公司",
    "場所地址":"新北市三重區光復路二段196巷8號之一",
    "場所分類":"其他",
    "AED放置地點":"廠房",
    "行政區":"三重區"
    }
  },
  {
    "type": "Feature",
    "geometry": {
       "type": "Point",
       "coordinates":  [ 121.4697152,25.0625709 ]
    },
    "properties": {
    "場所名稱":"翌朔股份有限公司",
    "場所地址":"新北市三重區光復路二段196巷8號之一",
    "場所分類":"其他",
    "AED放置地點":"1樓",
    "行政區":"三重區"
    }
  },
  {
    "type": "Feature",
    "geometry": {
       "type": "Point",
       "coordinates":  [ 121.467707,25.046116 ]
    },
    "properties": {
    "場所名稱":"全虹企業股份有限公司(北區維修中心)",
    "場所地址":"新北市三重區重新路五段609巷14號10樓之11",
    "場所分類":"其他",
    "AED放置地點":"全虹大門入口處",
    "行政區":"三重區"
    }
  },
  {
    "type": "Feature",
    "geometry": {
       "type": "Point",
       "coordinates":  [ 121.4867114,25.0614534 ]
    },
    "properties": {
    "場所名稱":"新北市政府警察局三重分局三重派出所",
    "場所地址":"新北市三重區重新路1段43號",
    "場所分類":"其他",
    "AED放置地點":"派出所一樓",
    "行政區":"三重區"
    }
  },
  {
    "type": "Feature",
    "geometry": {
       "type": "Point",
       "coordinates":  [ 121.4800733,25.0768673 ]
    },
    "properties": {
    "場所名稱":"三愛停車場有限公司永福營業所",
    "場所地址":"新北市三重區永福街66號地下1、2層",
    "場所分類":"其他",
    "AED放置地點":"永福國小地下停車場B1",
    "行政區":"三重區"
    }
  },
  {
    "type": "Feature",
    "geometry": {
       "type": "Point",
       "coordinates":  [ 121.488027,25.0892286 ]
    },
    "properties": {
    "場所名稱":"新北市政府警察局三重分局重陽派出所",
    "場所地址":"新北市三重區集賢路163號",
    "場所分類":"其他",
    "AED放置地點":"派出所一樓",
    "行政區":"三重區"
    }
  },
  {
    "type": "Feature",
    "geometry": {
       "type": "Point",
       "coordinates":  [ 121.4711991,25.0534763 ]
    },
    "properties": {
    "場所名稱":"融程電訊股份有限公司",
    "場所地址":"新北市三重區興德路111-6號",
    "場所分類":"其他",
    "AED放置地點":"贏翼大樓9樓(女廁門口右邊)",
    "行政區":"三重區"
    }
  },
  {
    "type": "Feature",
    "geometry": {
       "type": "Point",
       "coordinates":  [ 121.4869948,25.0601351 ]
    },
    "properties": {
    "場所名稱":"新北市政府稅捐稽徵處三重分處",
    "場所地址":"新北市三重區重陽路一段115號",
    "場所分類":"其他",
    "AED放置地點":"本分處大門入口左側",
    "行政區":"三重區"
    }
  },
  {
    "type": "Feature",
    "geometry": {
       "type": "Point",
       "coordinates":  [ 121.4879779,25.0545693 ]
    },
    "properties": {
    "場所名稱":"新北市三重國民運動中心",
    "場所地址":"新北市三重區集美街55號",
    "場所分類":"學校、大型集會場所",
    "AED放置地點":"一樓大廳電梯廳旁",
    "行政區":"三重區"
    }
  },
  {
    "type": "Feature",
    "geometry": {
       "type": "Point",
       "coordinates":  [ 121.4879779,25.0545693 ]
    },
    "properties": {
    "場所名稱":"新北市三重國民運動中心",
    "場所地址":"新北市三重區集美街55號",
    "場所分類":"學校、大型集會場所",
    "AED放置地點":"一樓泳池置物櫃旁",
    "行政區":"三重區"
    }
  },
  {
    "type": "Feature",
    "geometry": {
       "type": "Point",
       "coordinates":  [ 121.4879779,25.0545693 ]
    },
    "properties": {
    "場所名稱":"新北市三重國民運動中心",
    "場所地址":"新北市三重區集美街55號",
    "場所分類":"學校、大型集會場所",
    "AED放置地點":"二樓大廳充電站旁",
    "行政區":"三重區"
    }
  },
  {
    "type": "Feature",
    "geometry": {
       "type": "Point",
       "coordinates":  [ 121.4888355,25.0722578 ]
    },
    "properties": {
    "場所名稱":"維德文理語文短期補習班國小部",
    "場所地址":"新北市三重區忠孝路一段119號",
    "場所分類":"學校、大型集會場所",
    "AED放置地點":"補習班場所大廳",
    "行政區":"三重區"
    }
  },
  {
    "type": "Feature",
    "geometry": {
       "type": "Point",
       "coordinates":  [ 121.4863508,25.0555274 ]
    },
    "properties": {
    "場所名稱":"新北市環境保護局 三重區清潔隊 重新橋下保養場",
    "場所地址":"新北市三重區重新路四段臨121號",
    "場所分類":"其他",
    "AED放置地點":"保養場-警衛室",
    "行政區":"三重區"
    }
  },
  {
    "type": "Feature",
    "geometry": {
       "type": "Point",
       "coordinates":  [ 121.4916519,25.0569573 ]
    },
    "properties": {
    "場所名稱":"新北市立圖書館三重南區分館",
    "場所地址":"新北市三重區重安街70號三樓",
    "場所分類":"大型休閒場所",
    "AED放置地點":"三重南區分館",
    "行政區":"三重區"
    }
  },
  {
    "type": "Feature",
    "geometry": {
       "type": "Point",
       "coordinates":  [ 121.4736796,25.071415 ]
    },
    "properties": {
    "場所名稱":"慈濟三重園區靜思堂",
    "場所地址":"新北市三重區中正北路450號",
    "場所分類":"其他",
    "AED放置地點":"大門進入後，左邊諮詢台後方",
    "行政區":"三重區"
    }
  },
  {
    "type": "Feature",
    "geometry": {
       "type": "Point",
       "coordinates":  [ 121.489854,25.071906 ]
    },
    "properties": {
    "場所名稱":"厚德國民小學地下停車場",
    "場所地址":"新北市三重區忠孝路一段70號B1",
    "場所分類":"學校、大型集會場所",
    "AED放置地點":"停車場管理室",
    "行政區":"三重區"
    }
  },
  {
    "type": "Feature",
    "geometry": {
       "type": "Point",
       "coordinates":  [ 121.4964544,25.0563197 ]
    },
    "properties": {
    "場所名稱":"新北市三重區三光國民小學",
    "場所地址":"新北市三重區大同南路157號",
    "場所分類":"學校、大型集會場所",
    "AED放置地點":"警衛室",
    "行政區":"三重區"
    }
  },
  {
    "type": "Feature",
    "geometry": {
       "type": "Point",
       "coordinates":  [ 121.4993224,25.059475 ]
    },
    "properties": {
    "場所名稱":"新北市三重區光興國民小學",
    "場所地址":"新北市三重區正義南路62號",
    "場所分類":"學校、大型集會場所",
    "AED放置地點":"光興國小",
    "行政區":"三重區"
    }
  },
  {
    "type": "Feature",
    "geometry": {
       "type": "Point",
       "coordinates":  [ 121.4894608,25.0548349 ]
    },
    "properties": {
    "場所名稱":"新北市三重區社教館",
    "場所地址":"新北市三重區集美街60號",
    "場所分類":"其他",
    "AED放置地點":"社教館一樓展覽廳",
    "行政區":"三重區"
    }
  },
  {
    "type": "Feature",
    "geometry": {
       "type": "Point",
       "coordinates":  [ 121.4974781,25.0617709 ]
    },
    "properties": {
    "場所名稱":"天台戲院股份有限公司",
    "場所地址":"新北市三重區重新路2段78號4樓",
    "場所分類":"大型休閒場所",
    "AED放置地點":"4樓售票處前方",
    "行政區":"三重區"
    }
  },
  {
    "type": "Feature",
    "geometry": {
       "type": "Point",
       "coordinates":  [ 121.479664,25.0657241 ]
    },
    "properties": {
    "場所名稱":"新北市立二重國民中學",
    "場所地址":"新北市三重區忠孝路三段89號",
    "場所分類":"學校、大型集會場所",
    "AED放置地點":"警衛室",
    "行政區":"三重區"
    }
  },
  {
    "type": "Feature",
    "geometry": {
       "type": "Point",
       "coordinates":  [ 121.4897286,25.0658348 ]
    },
    "properties": {
    "場所名稱":"新北市三重區修德國民小學",
    "場所地址":"新北市三重區重陽路三段3號",
    "場所分類":"學校、大型集會場所",
    "AED放置地點":"警衛室",
    "行政區":"三重區"
    }
  },
  {
    "type": "Feature",
    "geometry": {
       "type": "Point",
       "coordinates":  [ 121.4891993,25.0609824 ]
    },
    "properties": {
    "場所名稱":"新北市三重戶政事務所",
    "場所地址":"新北市三重區新北大道一段9號5樓",
    "場所分類":"其他",
    "AED放置地點":"5樓",
    "行政區":"三重區"
    }
  },
  {
    "type": "Feature",
    "geometry": {
       "type": "Point",
       "coordinates":  [ 121.4915413,25.06103 ]
    },
    "properties": {
    "場所名稱":"新北市三重區衛生所",
    "場所地址":"新北市三重區新北大道一段1號",
    "場所分類":"其他",
    "AED放置地點":"1樓寫字台旁",
    "行政區":"三重區"
    }
  },
  {
    "type": "Feature",
    "geometry": {
       "type": "Point",
       "coordinates":  [ 121.474811,25.0661299 ]
    },
    "properties": {
    "場所名稱":"新北市三重區二重國民小學",
    "場所地址":"新北市三重區大有街10號",
    "場所分類":"學校、大型集會場所",
    "AED放置地點":"健康中心走廊",
    "行政區":"三重區"
    }
  },
  {
    "type": "Feature",
    "geometry": {
       "type": "Point",
       "coordinates":  [ 121.4891317,25.0611074 ]
    },
    "properties": {
    "場所名稱":"新北市立三重幼兒園",
    "場所地址":"新北市三重區新北大道一段9號2樓",
    "場所分類":"其他",
    "AED放置地點":"幼兒園辦公室2樓",
    "行政區":"三重區"
    }
  },
  {
    "type": "Feature",
    "geometry": {
       "type": "Point",
       "coordinates":  [ 121.4943812,25.0870977 ]
    },
    "properties": {
    "場所名稱":"捷運環狀線Y22施工站",
    "場所地址":"新北市三重區集賢路",
    "場所分類":"交通要衝",
    "AED放置地點":"捷運環狀線Y22施工站",
    "行政區":"三重區"
    }
  },
  {
    "type": "Feature",
    "geometry": {
       "type": "Point",
       "coordinates":  [ 121.4943812,25.0870977 ]
    },
    "properties": {
    "場所名稱":"捷運環狀線Y23施工站",
    "場所地址":"新北市三重區集賢路",
    "場所分類":"交通要衝",
    "AED放置地點":"捷運環狀線Y23施工站",
    "行政區":"三重區"
    }
  },
  {
    "type": "Feature",
    "geometry": {
       "type": "Point",
       "coordinates":  [ 121.4885557,25.0721649 ]
    },
    "properties": {
    "場所名稱":"維德文理語文短期補習班國中部",
    "場所地址":"新北市三重區忠孝路一段131號",
    "場所分類":"學校、大型集會場所",
    "AED放置地點":"維德補習班國中部門口",
    "行政區":"三重區"
    }
  },
  {
    "type": "Feature",
    "geometry": {
       "type": "Point",
       "coordinates":  [ 121.4891954,25.0664833 ]
    },
    "properties": {
    "場所名稱":"弘聖車業",
    "場所地址":"新北市三重區重陽路三段7-1號",
    "場所分類":"其他",
    "AED放置地點":"老闆辦公桌旁牆上",
    "行政區":"三重區"
    }
  },
  {
    "type": "Feature",
    "geometry": {
       "type": "Point",
       "coordinates":  [ 121.4901058,25.0591941 ]
    },
    "properties": {
    "場所名稱":"新北市政府警察局三重分局",
    "場所地址":"新北市三重區重新路三段147號",
    "場所分類":"其他",
    "AED放置地點":"一樓大廳入門口左側",
    "行政區":"三重區"
    }
  },
  {
    "type": "Feature",
    "geometry": {
       "type": "Point",
       "coordinates":  [ 121.4755908,25.0703816 ]
    },
    "properties": {
    "場所名稱":"新北市政府警察局三重分局大有派出所",
    "場所地址":"新北市三重區中正北路402號",
    "場所分類":"其他",
    "AED放置地點":"進大門左側",
    "行政區":"三重區"
    }
  },
  {
    "type": "Feature",
    "geometry": {
       "type": "Point",
       "coordinates":  [ 121.4885294,25.0734906 ]
    },
    "properties": {
    "場所名稱":"新北市私立格致高級中學",
    "場所地址":"新北市三重區大智街260號",
    "場所分類":"學校、大型集會場所",
    "AED放置地點":"操場化學實驗室前走廊",
    "行政區":"三重區"
    }
  },
  {
    "type": "Feature",
    "geometry": {
       "type": "Point",
       "coordinates":  [ 121.4885294,25.0734906 ]
    },
    "properties": {
    "場所名稱":"新北市私立格致高級中學",
    "場所地址":"新北市三重區大智街260號",
    "場所分類":"學校、大型集會場所",
    "AED放置地點":"保健中心",
    "行政區":"三重區"
    }
  },
  {
    "type": "Feature",
    "geometry": {
       "type": "Point",
       "coordinates":  [ 121.4808961,25.0597318 ]
    },
    "properties": {
    "場所名稱":"三重球場",
    "場所地址":"新北市三重區水樣路一段300號",
    "場所分類":"其他",
    "AED放置地點":"醫務室",
    "行政區":"三重區"
    }
  },
  {
    "type": "Feature",
    "geometry": {
       "type": "Point",
       "coordinates":  [ 121.500557,25.072308 ]
    },
    "properties": {
    "場所名稱":"新北市三重區光榮國民小學",
    "場所地址":"新北市三重區介壽路32號",
    "場所分類":"學校、大型集會場所",
    "AED放置地點":"光榮國小健康中心",
    "行政區":"三重區"
    }
  },
  {
    "type": "Feature",
    "geometry": {
       "type": "Point",
       "coordinates":  [ 121.4822743,25.0508122 ]
    },
    "properties": {
    "場所名稱":"新北市三重區重新橋下計程車司機休息中心",
    "場所地址":"新北市三重區疏洪十六路3-1號",
    "場所分類":"其他",
    "AED放置地點":"司機休息中心辦公室",
    "行政區":"三重區"
    }
  },
  {
    "type": "Feature",
    "geometry": {
       "type": "Point",
       "coordinates":  [ 121.491051,25.057678 ]
    },
    "properties": {
    "場所名稱":"活力健身工作室",
    "場所地址":"新北市三重區重安街56號",
    "場所分類":"其他",
    "AED放置地點":"置物櫃",
    "行政區":"三重區"
    }
  },
  {
    "type": "Feature",
    "geometry": {
       "type": "Point",
       "coordinates":  [ 121.485717,25.0563854 ]
    },
    "properties": {
    "場所名稱":"成吉思汗健身俱樂部三重旗艦館",
    "場所地址":"新北市三重區捷運路11號",
    "場所分類":"學校、大型集會場所",
    "AED放置地點":"B1多功能訓練區旁",
    "行政區":"三重區"
    }
  },
  {
    "type": "Feature",
    "geometry": {
       "type": "Point",
       "coordinates":  [ 121.485717,25.0563854 ]
    },
    "properties": {
    "場所名稱":"成吉思汗健身俱樂部三重旗艦館",
    "場所地址":"新北市三重區捷運路11號",
    "場所分類":"學校、大型集會場所",
    "AED放置地點":"1樓教室前走廊",
    "行政區":"三重區"
    }
  },
  {
    "type": "Feature",
    "geometry": {
       "type": "Point",
       "coordinates":  [ 121.487007,25.052864 ]
    },
    "properties": {
    "場所名稱":"福德里辦公處",
    "場所地址":"新北市三重區重新路四段244巷7弄20號",
    "場所分類":"其他",
    "AED放置地點":"福德里辦公處",
    "行政區":"三重區"
    }
  },
  {
    "type": "Feature",
    "geometry": {
       "type": "Point",
       "coordinates":  [ 121.4873114,25.051533 ]
    },
    "properties": {
    "場所名稱":"7-11便利商店",
    "場所地址":"新北市三重區成功路106-2號1樓",
    "場所分類":"大型購物場所",
    "AED放置地點":"7-11便利商店門口",
    "行政區":"三重區"
    }
  },
  {
    "type": "Feature",
    "geometry": {
       "type": "Point",
       "coordinates":  [ 121.4903811,25.0594787 ]
    },
    "properties": {
    "場所名稱":"臺灣新北地方法院三重院區",
    "場所地址":"新北市三重區重新路3段145號",
    "場所分類":"學校、大型集會場所",
    "AED放置地點":"一樓大廳",
    "行政區":"三重區"
    }
  },
  {
    "type": "Feature",
    "geometry": {
       "type": "Point",
       "coordinates":  [ 121.4880546,25.0535185 ]
    },
    "properties": {
    "場所名稱":"全家便利商店",
    "場所地址":"新北市三重區成功路145巷47號1樓",
    "場所分類":"大型購物場所",
    "AED放置地點":"全家便利商店門口",
    "行政區":"三重區"
    }
  },
  {
    "type": "Feature",
    "geometry": {
       "type": "Point",
       "coordinates":  [ 121.498827,25.0789279 ]
    },
    "properties": {
    "場所名稱":"元信開發工程有限公司",
    "場所地址":"新北市三重區仁義街91號",
    "場所分類":"其他",
    "AED放置地點":"辦公室內",
    "行政區":"三重區"
    }
  },
  {
    "type": "Feature",
    "geometry": {
       "type": "Point",
       "coordinates":  [ 121.4867114,25.0614534 ]
    },
    "properties": {
    "場所名稱":"三重淡水河畔停車場",
    "場所地址":"新北市三重區停車場票亭",
    "場所分類":"其他",
    "AED放置地點":"停車場票亭",
    "行政區":"三重區"
    }
  },
  {
    "type": "Feature",
    "geometry": {
       "type": "Point",
       "coordinates":  [ 121.4838873,25.0470319 ]
    },
    "properties": {
    "場所名稱":"新北市立聯合醫院",
    "場所地址":"新北市三重區新北市三重區新北大道1段3號",
    "場所分類":"其他",
    "AED放置地點":"新北大道1段3號後棟2樓牙科門診對面",
    "行政區":"三重區"
    }
  },
  {
    "type": "Feature",
    "geometry": {
       "type": "Point",
       "coordinates":  [ 121.4703395,25.0533833 ]
    },
    "properties": {
    "場所名稱":"藍天大樓",
    "場所地址":"新北市三重區興德路129號",
    "場所分類":"其他",
    "AED放置地點":"藍天大樓一樓接待櫃檯旁",
    "行政區":"三重區"
    }
  },
  {
    "type": "Feature",
    "geometry": {
       "type": "Point",
       "coordinates":  [ 121.4867838,25.0763987 ]
    },
    "properties": {
    "場所名稱":"新北市立三和國民中學",
    "場所地址":"新北市三重區三和路四段216號",
    "場所分類":"學校、大型集會場所",
    "AED放置地點":"自強樓1樓教師辦公室門口之牆邊",
    "行政區":"三重區"
    }
  },
  {
    "type": "Feature",
    "geometry": {
       "type": "Point",
       "coordinates":  [ 121.4683266,25.0455622 ]
    },
    "properties": {
    "場所名稱":"湯城園區2號大樓",
    "場所地址":"新北市三重區重新路5段609巷2號8樓之2",
    "場所分類":"其他",
    "AED放置地點":"1樓大廳",
    "行政區":"三重區"
    }
  },
  {
    "type": "Feature",
    "geometry": {
       "type": "Point",
       "coordinates":  [ 121.4906566,25.0844077 ]
    },
    "properties": {
    "場所名稱":"新北市三重區碧華國民小學",
    "場所地址":"新北市三重區五華街160號",
    "場所分類":"學校、大型集會場所",
    "AED放置地點":"警衛室",
    "行政區":"三重區"
    }
  },
  {
    "type": "Feature",
    "geometry": {
       "type": "Point",
       "coordinates":  [ 121.4887986,25.0545755 ]
    },
    "properties": {
    "場所名稱":"新北市三重區玫瑰平面停車場",
    "場所地址":"新北市三重區集美街57號對面",
    "場所分類":"其他",
    "AED放置地點":"自動繳費機旁",
    "行政區":"三重區"
    }
  },
  {
    "type": "Feature",
    "geometry": {
       "type": "Point",
       "coordinates":  [ 121.4979218,25.0706809 ]
    },
    "properties": {
    "場所名稱":"新北市三重區三重國民小學",
    "場所地址":"新北市三重區三和路三段1號",
    "場所分類":"學校、大型集會場所",
    "AED放置地點":"三重國小穿堂",
    "行政區":"三重區"
    }
  },
  {
    "type": "Feature",
    "geometry": {
       "type": "Point",
       "coordinates":  [ 121.5006347,25.0644304 ]
    },
    "properties": {
    "場所名稱":"新北市三重區中央公有零售市場",
    "場所地址":"新北市三重區中央北路26號",
    "場所分類":"其他",
    "AED放置地點":"市場1樓後門佈告欄旁",
    "行政區":"三重區"
    }
  },
  {
    "type": "Feature",
    "geometry": {
       "type": "Point",
       "coordinates":  [ 121.4916519,25.0569573 ]
    },
    "properties": {
    "場所名稱":"新北市三重區光明公有零售市場",
    "場所地址":"新北市三重區重安街70號",
    "場所分類":"大型購物場所",
    "AED放置地點":"市場1樓前側出入口左側柱",
    "行政區":"三重區"
    }
  },
  {
    "type": "Feature",
    "geometry": {
       "type": "Point",
       "coordinates":  [ 121.491492,25.0547509 ]
    },
    "properties": {
    "場所名稱":"新北市立三重高級中學",
    "場所地址":"新北市三重區集美街212號",
    "場所分類":"學校、大型集會場所",
    "AED放置地點":"警衛室門口",
    "行政區":"三重區"
    }
  },
  {
    "type": "Feature",
    "geometry": {
       "type": "Point",
       "coordinates":  [ 121.491492,25.0547509 ]
    },
    "properties": {
    "場所名稱":"新北市立三重高級中學",
    "場所地址":"新北市三重區集美街212號",
    "場所分類":"學校、大型集會場所",
    "AED放置地點":"行健館",
    "行政區":"三重區"
    }
  },
  {
    "type": "Feature",
    "geometry": {
       "type": "Point",
       "coordinates":  [ 121.4913632,25.0807925 ]
    },
    "properties": {
    "場所名稱":"新北市三重區農會慈福分部",
    "場所地址":"新北市三重區仁愛街389號",
    "場所分類":"其他",
    "AED放置地點":"營業廳",
    "行政區":"三重區"
    }
  },
  {
    "type": "Feature",
    "geometry": {
       "type": "Point",
       "coordinates":  [ 121.4914074,25.0618491 ]
    },
    "properties": {
    "場所名稱":"新北市三重區綜合體育館",
    "場所地址":"新北市三重區新北大道一段2號",
    "場所分類":"其他",
    "AED放置地點":"1樓大廳",
    "行政區":"三重區"
    }
  },
  {
    "type": "Feature",
    "geometry": {
       "type": "Point",
       "coordinates":  [ 121.4844464,25.0671334 ]
    },
    "properties": {
    "場所名稱":"新北市三重區重陽國民小學",
    "場所地址":"新北市三重區中正北路113號",
    "場所分類":"學校、大型集會場所",
    "AED放置地點":"4樓藝文中心",
    "行政區":"三重區"
    }
  },
  {
    "type": "Feature",
    "geometry": {
       "type": "Point",
       "coordinates":  [ 121.4888194,25.0643644 ]
    },
    "properties": {
    "場所名稱":"新北市立明志國民中學",
    "場所地址":"新北市三重區中正北路107號",
    "場所分類":"學校、大型集會場所",
    "AED放置地點":"警衛室",
    "行政區":"三重區"
    }
  },
  {
    "type": "Feature",
    "geometry": {
       "type": "Point",
       "coordinates":  [ 121.483396,25.060222 ]
    },
    "properties": {
    "場所名稱":"新北市三重區興華市民活動中心",
    "場所地址":"新北市三重區中華路5號",
    "場所分類":"其他",
    "AED放置地點":"興華活動中心側門旁",
    "行政區":"三重區"
    }
  },
  {
    "type": "Feature",
    "geometry": {
       "type": "Point",
       "coordinates":  [ 121.4883955,25.0601734 ]
    },
    "properties": {
    "場所名稱":"新北市三重區過圳市民活動中心",
    "場所地址":"新北市三重區過圳街19號",
    "場所分類":"其他",
    "AED放置地點":"1樓活動場所",
    "行政區":"三重區"
    }
  },
  {
    "type": "Feature",
    "geometry": {
       "type": "Point",
       "coordinates":  [ 121.4864958,25.0576073 ]
    },
    "properties": {
    "場所名稱":"國都汽車股份有限公司三重營業所",
    "場所地址":"新北市三重區三重區重陽路一段10號",
    "場所分類":"其他",
    "AED放置地點":"營業所展示間",
    "行政區":"三重區"
    }
  },
  {
    "type": "Feature",
    "geometry": {
       "type": "Point",
       "coordinates":  [ 121.4773536,25.0514434 ]
    },
    "properties": {
    "場所名稱":"清傳學校財團法人新北市清傳高級商業職業學校",
    "場所地址":"新北市三重區五谷王北街141巷1號",
    "場所分類":"學校、大型集會場所",
    "AED放置地點":"學校教學大樓1樓中廊",
    "行政區":"三重區"
    }
  },
  {
    "type": "Feature",
    "geometry": {
       "type": "Point",
       "coordinates":  [ 121.4259474,24.9843311 ]
    },
    "properties": {
    "場所名稱":"新北市立樹林高級中學",
    "場所地址":"新北市樹林區中華路8號",
    "場所分類":"學校、大型集會場所",
    "AED放置地點":"至善樓",
    "行政區":"樹林區"
    }
  },
  {
    "type": "Feature",
    "geometry": {
       "type": "Point",
       "coordinates":  [ 121.4181288,24.9897165 ]
    },
    "properties": {
    "場所名稱":"新北市樹林區樹林國民小學",
    "場所地址":"新北市樹林區育英街176號",
    "場所分類":"學校、大型集會場所",
    "AED放置地點":"新北市樹林國小正門入口左手邊健康中心外面",
    "行政區":"樹林區"
    }
  },
  {
    "type": "Feature",
    "geometry": {
       "type": "Point",
       "coordinates":  [ 121.3800491,24.9672754 ]
    },
    "properties": {
    "場所名稱":"新北市政府環境保護局樹林垃圾焚化廠",
    "場所地址":"新北市樹林區中山路三段212號",
    "場所分類":"其他",
    "AED放置地點":"行政大樓1F",
    "行政區":"樹林區"
    }
  },
  {
    "type": "Feature",
    "geometry": {
       "type": "Point",
       "coordinates":  [ 121.4185418,25.0175252 ]
    },
    "properties": {
    "場所名稱":"新日興股份有限公司/俊興廠",
    "場所地址":"新北市樹林區俊興街291號",
    "場所分類":"其他",
    "AED放置地點":"一樓辦公室外",
    "行政區":"樹林區"
    }
  },
  {
    "type": "Feature",
    "geometry": {
       "type": "Point",
       "coordinates":  [ 121.4329114,25.0095601 ]
    },
    "properties": {
    "場所名稱":"新日興股份有限公司/新樹廠A棟",
    "場所地址":"新北市樹林區新樹路529號A棟",
    "場所分類":"其他",
    "AED放置地點":"A棟一樓電梯旁",
    "行政區":"樹林區"
    }
  },
  {
    "type": "Feature",
    "geometry": {
       "type": "Point",
       "coordinates":  [ 121.4262776,25.0079026 ]
    },
    "properties": {
    "場所名稱":"新日興股份有限公司/俊英廠",
    "場所地址":"新北市樹林區俊英街174號",
    "場所分類":"其他",
    "AED放置地點":"H棟1樓通廊靠近乙梯",
    "行政區":"樹林區"
    }
  },
  {
    "type": "Feature",
    "geometry": {
       "type": "Point",
       "coordinates":  [ 121.4262776,25.0079026 ]
    },
    "properties": {
    "場所名稱":"新日興股份有限公司/俊英廠",
    "場所地址":"新北市樹林區俊英街174號",
    "場所分類":"其他",
    "AED放置地點":"E棟1樓碼頭下貨處",
    "行政區":"樹林區"
    }
  },
  {
    "type": "Feature",
    "geometry": {
       "type": "Point",
       "coordinates":  [ 121.4262776,25.0079026 ]
    },
    "properties": {
    "場所名稱":"新日興股份有限公司/俊英廠",
    "場所地址":"新北市樹林區俊英街174號",
    "場所分類":"其他",
    "AED放置地點":"A棟2樓大廳前",
    "行政區":"樹林區"
    }
  },
  {
    "type": "Feature",
    "geometry": {
       "type": "Point",
       "coordinates":  [ 121.4154134,25.0016717 ]
    },
    "properties": {
    "場所名稱":"新北市樹林區武林國民小學",
    "場所地址":"新北市樹林區保安街二段151號",
    "場所分類":"學校、大型集會場所",
    "AED放置地點":"武林國小千禧樓1樓",
    "行政區":"樹林區"
    }
  },
  {
    "type": "Feature",
    "geometry": {
       "type": "Point",
       "coordinates":  [ 121.4154134,25.0016717 ]
    },
    "properties": {
    "場所名稱":"新北市樹林區武林國民小學",
    "場所地址":"新北市樹林區保安街二段151號",
    "場所分類":"學校、大型集會場所",
    "AED放置地點":"健康中心",
    "行政區":"樹林區"
    }
  },
  {
    "type": "Feature",
    "geometry": {
       "type": "Point",
       "coordinates":  [ 121.4255444,24.991918 ]
    },
    "properties": {
    "場所名稱":"新北市政府警察局樹林分局樹林派出所",
    "場所地址":"新北市樹林區鎮前街35號",
    "場所分類":"其他",
    "AED放置地點":"1樓入口",
    "行政區":"樹林區"
    }
  },
  {
    "type": "Feature",
    "geometry": {
       "type": "Point",
       "coordinates":  [ 121.4214216,24.9973154 ]
    },
    "properties": {
    "場所名稱":"家福股份有限公司台北樹林分公司",
    "場所地址":"新北市樹林區大安路118號",
    "場所分類":"大型購物場所",
    "AED放置地點":"3F結帳出口處",
    "行政區":"樹林區"
    }
  },
  {
    "type": "Feature",
    "geometry": {
       "type": "Point",
       "coordinates":  [ 121.391917,24.9725052 ]
    },
    "properties": {
    "場所名稱":"交通部臺灣鐵路管理局臺北運務段山佳站",
    "場所地址":"新北市樹林區中山路三段108號",
    "場所分類":"交通要衝",
    "AED放置地點":"2樓大廳剪收票旁",
    "行政區":"樹林區"
    }
  },
  {
    "type": "Feature",
    "geometry": {
       "type": "Point",
       "coordinates":  [ 121.3946979,24.9715947 ]
    },
    "properties": {
    "場所名稱":"新北市樹林地政事務所",
    "場所地址":"新北市樹林區地政街12號",
    "場所分類":"其他",
    "AED放置地點":"本所1樓樓梯旁",
    "行政區":"樹林區"
    }
  },
  {
    "type": "Feature",
    "geometry": {
       "type": "Point",
       "coordinates":  [ 121.3852641,24.9471591 ]
    },
    "properties": {
    "場所名稱":"尖點科技股份有限公司",
    "場所地址":"新北市樹林區佳園路三段203號",
    "場所分類":"其他",
    "AED放置地點":"一樓大廳",
    "行政區":"樹林區"
    }
  },
  {
    "type": "Feature",
    "geometry": {
       "type": "Point",
       "coordinates":  [ 121.3925044,24.9708726 ]
    },
    "properties": {
    "場所名稱":"新北市樹林區育德國民小學",
    "場所地址":"新北市樹林區佳園路一段34號",
    "場所分類":"學校、大型集會場所",
    "AED放置地點":"育德國小警衛室內",
    "行政區":"樹林區"
    }
  },
  {
    "type": "Feature",
    "geometry": {
       "type": "Point",
       "coordinates":  [ 121.3843583,24.9539473 ]
    },
    "properties": {
    "場所名稱":"新北市立柑園國民中學",
    "場所地址":"新北市樹林區柑園街二段125號",
    "場所分類":"學校、大型集會場所",
    "AED放置地點":"本校健康中心前走廊",
    "行政區":"樹林區"
    }
  },
  {
    "type": "Feature",
    "geometry": {
       "type": "Point",
       "coordinates":  [ 121.3878277,24.9542886 ]
    },
    "properties": {
    "場所名稱":"新北市政府警察局樹林分局柑園派出所",
    "場所地址":"新北市樹林區佳園路三段20號",
    "場所分類":"其他",
    "AED放置地點":"一樓入口",
    "行政區":"樹林區"
    }
  },
  {
    "type": "Feature",
    "geometry": {
       "type": "Point",
       "coordinates":  [ 121.3905563,24.9600762 ]
    },
    "properties": {
    "場所名稱":"大智通文化行銷股份有限公司",
    "場所地址":"新北市樹林區佳園路二段70-1號",
    "場所分類":"其他",
    "AED放置地點":"三期1樓ES物流二辦公室旁",
    "行政區":"樹林區"
    }
  },
  {
    "type": "Feature",
    "geometry": {
       "type": "Point",
       "coordinates":  [ 121.4235758,25.0034382 ]
    },
    "properties": {
    "場所名稱":"新北市樹林國民運動中心",
    "場所地址":"新北市樹林區中正路188-6號",
    "場所分類":"學校、大型集會場所",
    "AED放置地點":"2樓球場櫃台",
    "行政區":"樹林區"
    }
  },
  {
    "type": "Feature",
    "geometry": {
       "type": "Point",
       "coordinates":  [ 121.4249152,24.9845408 ]
    },
    "properties": {
    "場所名稱":"億光電子工業股份有限公司",
    "場所地址":"新北市樹林區中華路6之8號",
    "場所分類":"其他",
    "AED放置地點":"1F側門大廳入口處",
    "行政區":"樹林區"
    }
  },
  {
    "type": "Feature",
    "geometry": {
       "type": "Point",
       "coordinates":  [ 121.4281727,24.9957211 ]
    },
    "properties": {
    "場所名稱":"樹林藝文中心",
    "場所地址":"新北市樹林區樹新路40-8號",
    "場所分類":"大型休閒場所",
    "AED放置地點":"1樓前台大廳",
    "行政區":"樹林區"
    }
  },
  {
    "type": "Feature",
    "geometry": {
       "type": "Point",
       "coordinates":  [ 121.4135108,24.9861403 ]
    },
    "properties": {
    "場所名稱":"新北市私立嘉恩長期老人照顧中心",
    "場所地址":"新北市樹林區大安路516號3樓",
    "場所分類":"交通要衝",
    "AED放置地點":"機構大廳",
    "行政區":"樹林區"
    }
  },
  {
    "type": "Feature",
    "geometry": {
       "type": "Point",
       "coordinates":  [ 121.4230307,24.9911467 ]
    },
    "properties": {
    "場所名稱":"CURVES女性30分鐘環狀運動樹林店",
    "場所地址":"新北市樹林區中山路一段98號2樓",
    "場所分類":"學校、大型集會場所",
    "AED放置地點":"進門正右方牆面上(環狀運動圈旁邊)",
    "行政區":"樹林區"
    }
  },
  {
    "type": "Feature",
    "geometry": {
       "type": "Point",
       "coordinates":  [ 121.4198606,24.9815605 ]
    },
    "properties": {
    "場所名稱":"第一商業銀行樹林分行",
    "場所地址":"新北市樹林區中山路1段27-7號1樓、27-8號1樓",
    "場所分類":"其他",
    "AED放置地點":"大門進入左側",
    "行政區":"樹林區"
    }
  },
  {
    "type": "Feature",
    "geometry": {
       "type": "Point",
       "coordinates":  [ 121.4198606,24.9815605 ]
    },
    "properties": {
    "場所名稱":"新北市政府警察局樹林分局",
    "場所地址":"新北市樹林區保安街1段283號",
    "場所分類":"其他",
    "AED放置地點":"一樓入口",
    "行政區":"樹林區"
    }
  },
  {
    "type": "Feature",
    "geometry": {
       "type": "Point",
       "coordinates":  [ 121.4113876,24.9833683 ]
    },
    "properties": {
    "場所名稱":"泉世界社區",
    "場所地址":"新北市樹林區大安路612號1樓",
    "場所分類":"其他",
    "AED放置地點":"社區大廳",
    "行政區":"樹林區"
    }
  },
  {
    "type": "Feature",
    "geometry": {
       "type": "Point",
       "coordinates":  [ 121.4258557,24.9809759 ]
    },
    "properties": {
    "場所名稱":"樹林體育園區 省民公園(漆彈場警衛室口)",
    "場所地址":"新北市樹林區水源街81號",
    "場所分類":"大型休閒場所",
    "AED放置地點":"省民公園 漆彈場門口 警衛室旁",
    "行政區":"樹林區"
    }
  },
  {
    "type": "Feature",
    "geometry": {
       "type": "Point",
       "coordinates":  [ 121.4078361,24.9769708 ]
    },
    "properties": {
    "場所名稱":"中國砂輪企業股份有限公司樹林廠",
    "場所地址":"新北市樹林區中山路二段151巷16號",
    "場所分類":"其他",
    "AED放置地點":"1樓大廳門口右手邊",
    "行政區":"樹林區"
    }
  },
  {
    "type": "Feature",
    "geometry": {
       "type": "Point",
       "coordinates":  [ 121.4170684,24.9909705 ]
    },
    "properties": {
    "場所名稱":"新北市私立慈嘉老人長期照顧中心",
    "場所地址":"新北市樹林區大安路323巷10弄18號",
    "場所分類":"其他",
    "AED放置地點":"機構大廳",
    "行政區":"樹林區"
    }
  },
  {
    "type": "Feature",
    "geometry": {
       "type": "Point",
       "coordinates":  [ 121.4046915,25.0163191 ]
    },
    "properties": {
    "場所名稱":"新北市政府警察局樹林分局三多派出所",
    "場所地址":"新北市樹林區三福街72號",
    "場所分類":"其他",
    "AED放置地點":"1樓入口",
    "行政區":"樹林區"
    }
  },
  {
    "type": "Feature",
    "geometry": {
       "type": "Point",
       "coordinates":  [ 121.4102927,25.0165645 ]
    },
    "properties": {
    "場所名稱":"新北市私立慈泰老人長期照顧中心",
    "場所地址":"新北市樹林區中正路632巷1號",
    "場所分類":"交通要衝",
    "AED放置地點":"機構大廳",
    "行政區":"樹林區"
    }
  },
  {
    "type": "Feature",
    "geometry": {
       "type": "Point",
       "coordinates":  [ 121.4246427,24.9899295 ]
    },
    "properties": {
    "場所名稱":"新北市樹林區公所",
    "場所地址":"新北市樹林區鎮前街93號",
    "場所分類":"其他",
    "AED放置地點":"一樓服務大廳",
    "行政區":"樹林區"
    }
  },
  {
    "type": "Feature",
    "geometry": {
       "type": "Point",
       "coordinates":  [ 121.3861024,24.9508465 ]
    },
    "properties": {
    "場所名稱":"新北市立圖書館樹林柑園圖書閱覽室",
    "場所地址":"新北市樹林區佳園路三段128號2樓",
    "場所分類":"大型休閒場所",
    "AED放置地點":"閱報區",
    "行政區":"樹林區"
    }
  },
  {
    "type": "Feature",
    "geometry": {
       "type": "Point",
       "coordinates":  [ 121.4151194,24.9840297 ]
    },
    "properties": {
    "場所名稱":"新北市立圖書館樹林東昇分館",
    "場所地址":"新北市樹林區中山路二段80號三樓",
    "場所分類":"大型休閒場所",
    "AED放置地點":"三樓閱覽室",
    "行政區":"樹林區"
    }
  },
  {
    "type": "Feature",
    "geometry": {
       "type": "Point",
       "coordinates":  [ 121.3905563,24.9600762 ]
    },
    "properties": {
    "場所名稱":"大智通文化行銷股份有限公司",
    "場所地址":"新北市樹林區佳園路二段70-1號",
    "場所分類":"其他",
    "AED放置地點":"三期2樓AGV辦公室旁",
    "行政區":"樹林區"
    }
  },
  {
    "type": "Feature",
    "geometry": {
       "type": "Point",
       "coordinates":  [ 121.4244453,24.9913202 ]
    },
    "properties": {
    "場所名稱":"交通部臺灣鐵路管理局臺北運務段樹林站",
    "場所地址":"新北市樹林區鎮前街112號",
    "場所分類":"交通要衝",
    "AED放置地點":"第一月臺第5車位置",
    "行政區":"樹林區"
    }
  },
  {
    "type": "Feature",
    "geometry": {
       "type": "Point",
       "coordinates":  [ 121.3905563,24.9600762 ]
    },
    "properties": {
    "場所名稱":"大智通文化行銷股份有限公司",
    "場所地址":"新北市樹林區佳園路二段70-1號",
    "場所分類":"其他",
    "AED放置地點":"三期3樓辦公室旁",
    "行政區":"樹林區"
    }
  },
  {
    "type": "Feature",
    "geometry": {
       "type": "Point",
       "coordinates":  [ 121.3905563,24.9600762 ]
    },
    "properties": {
    "場所名稱":"大智通文化行銷股份有限公司",
    "場所地址":"新北市樹林區佳園路二段70-1號",
    "場所分類":"其他",
    "AED放置地點":"三期4樓辦公區旁",
    "行政區":"樹林區"
    }
  },
  {
    "type": "Feature",
    "geometry": {
       "type": "Point",
       "coordinates":  [ 121.3905563,24.9600762 ]
    },
    "properties": {
    "場所名稱":"大智通文化行銷股份有限公司",
    "場所地址":"新北市樹林區佳園路二段70-1號",
    "場所分類":"其他",
    "AED放置地點":"玻璃門玄關處",
    "行政區":"樹林區"
    }
  },
  {
    "type": "Feature",
    "geometry": {
       "type": "Point",
       "coordinates":  [ 121.428854,24.9963198 ]
    },
    "properties": {
    "場所名稱":"新北市樹林區衛生所",
    "場所地址":"新北市樹林區樹新路40-7號",
    "場所分類":"其他",
    "AED放置地點":"門診走道",
    "行政區":"樹林區"
    }
  },
  {
    "type": "Feature",
    "geometry": {
       "type": "Point",
       "coordinates":  [ 121.4244453,24.9913202 ]
    },
    "properties": {
    "場所名稱":"交通部臺灣鐵路管理局臺北運務段樹林站",
    "場所地址":"新北市樹林區鎮前街112號",
    "場所分類":"交通要衝",
    "AED放置地點":"剪收票口",
    "行政區":"樹林區"
    }
  },
  {
    "type": "Feature",
    "geometry": {
       "type": "Point",
       "coordinates":  [ 121.4244453,24.9913202 ]
    },
    "properties": {
    "場所名稱":"交通部臺灣鐵路管理局臺北運務段樹林站",
    "場所地址":"新北市樹林區鎮前街112號",
    "場所分類":"交通要衝",
    "AED放置地點":"第二月臺第5車位置",
    "行政區":"樹林區"
    }
  },
  {
    "type": "Feature",
    "geometry": {
       "type": "Point",
       "coordinates":  [ 121.4154443,24.9849749 ]
    },
    "properties": {
    "場所名稱":"新北市立育林國民中學",
    "場所地址":"新北市樹林區復興路395號",
    "場所分類":"學校、大型集會場所",
    "AED放置地點":"圖書館大樓一樓",
    "行政區":"樹林區"
    }
  },
  {
    "type": "Feature",
    "geometry": {
       "type": "Point",
       "coordinates":  [ 121.4284421,24.9954547 ]
    },
    "properties": {
    "場所名稱":"樹林秀泰影城股份有限公司",
    "場所地址":"新北市樹林區樹新路40-6號8樓",
    "場所分類":"大型休閒場所",
    "AED放置地點":"8樓販賣部前方",
    "行政區":"樹林區"
    }
  },
  {
    "type": "Feature",
    "geometry": {
       "type": "Point",
       "coordinates":  [ 121.4244453,24.9913202 ]
    },
    "properties": {
    "場所名稱":"交通部臺灣鐵路管理局臺北運務段樹林站",
    "場所地址":"新北市樹林區鎮前街112號",
    "場所分類":"交通要衝",
    "AED放置地點":"第三月臺第7車位置",
    "行政區":"樹林區"
    }
  },
  {
    "type": "Feature",
    "geometry": {
       "type": "Point",
       "coordinates":  [ 121.4138605,25.0058239 ]
    },
    "properties": {
    "場所名稱":"新北市立三多國民中學",
    "場所地址":"新北市樹林區三多路101號",
    "場所分類":"學校、大型集會場所",
    "AED放置地點":"警衛室",
    "行政區":"樹林區"
    }
  },
  {
    "type": "Feature",
    "geometry": {
       "type": "Point",
       "coordinates":  [ 121.3829584,24.9489786 ]
    },
    "properties": {
    "場所名稱":"新北市立桃子腳國民中小學",
    "場所地址":"新北市樹林區學勤路555號",
    "場所分類":"學校、大型集會場所",
    "AED放置地點":"k棟圓庭",
    "行政區":"樹林區"
    }
  },
  {
    "type": "Feature",
    "geometry": {
       "type": "Point",
       "coordinates":  [ 121.3829584,24.9489786 ]
    },
    "properties": {
    "場所名稱":"新北市立桃子腳國民中小學",
    "場所地址":"新北市樹林區學勤路555號",
    "場所分類":"學校、大型集會場所",
    "AED放置地點":"健康中心內",
    "行政區":"樹林區"
    }
  },
  {
    "type": "Feature",
    "geometry": {
       "type": "Point",
       "coordinates":  [ 121.3829584,24.9489786 ]
    },
    "properties": {
    "場所名稱":"新北市立桃子腳國民中小學",
    "場所地址":"新北市樹林區學勤路555號",
    "場所分類":"學校、大型集會場所",
    "AED放置地點":"輔導室內",
    "行政區":"樹林區"
    }
  },
  {
    "type": "Feature",
    "geometry": {
       "type": "Point",
       "coordinates":  [ 121.3829584,24.9489786 ]
    },
    "properties": {
    "場所名稱":"新北市立桃子腳國民中小學",
    "場所地址":"新北市樹林區學勤路555號",
    "場所分類":"學校、大型集會場所",
    "AED放置地點":"警衛室門口",
    "行政區":"樹林區"
    }
  },
  {
    "type": "Feature",
    "geometry": {
       "type": "Point",
       "coordinates":  [ 121.4057828,25.0163752 ]
    },
    "properties": {
    "場所名稱":"新北市樹林區三多國民小學",
    "場所地址":"新北市樹林區三福街52號",
    "場所分類":"學校、大型集會場所",
    "AED放置地點":"忠孝樓一樓川堂",
    "行政區":"樹林區"
    }
  },
  {
    "type": "Feature",
    "geometry": {
       "type": "Point",
       "coordinates":  [ 121.3899522,24.9557365 ]
    },
    "properties": {
    "場所名稱":"新北市樹林區柑園國民小學",
    "場所地址":"新北市樹林區柑園街一段353號一樓",
    "場所分類":"學校、大型集會場所",
    "AED放置地點":"川堂",
    "行政區":"樹林區"
    }
  },
  {
    "type": "Feature",
    "geometry": {
       "type": "Point",
       "coordinates":  [ 121.4258557,24.9809759 ]
    },
    "properties": {
    "場所名稱":"樹林體育園區網球場",
    "場所地址":"新北市樹林區水源街81號",
    "場所分類":"大型休閒場所",
    "AED放置地點":"樹林體育園區網球場",
    "行政區":"樹林區"
    }
  },
  {
    "type": "Feature",
    "geometry": {
       "type": "Point",
       "coordinates":  [ 121.4192267,24.9943874 ]
    },
    "properties": {
    "場所名稱":"新北市私立樹人高級家事商業職業學校",
    "場所地址":"新北市樹林區大安路216號",
    "場所分類":"學校、大型集會場所",
    "AED放置地點":"健康中心外",
    "行政區":"樹林區"
    }
  },
  {
    "type": "Feature",
    "geometry": {
       "type": "Point",
       "coordinates":  [ 121.3948441,24.9727687 ]
    },
    "properties": {
    "場所名稱":"新北市政府警察局樹林分局山佳派出所",
    "場所地址":"新北市樹林區中山路三段38號",
    "場所分類":"其他",
    "AED放置地點":"1樓入口",
    "行政區":"樹林區"
    }
  },
  {
    "type": "Feature",
    "geometry": {
       "type": "Point",
       "coordinates":  [ 121.4018486,24.9753553 ]
    },
    "properties": {
    "場所名稱":"新北市樹林區山佳國民小學",
    "場所地址":"新北市樹林區中山路3段5號",
    "場所分類":"學校、大型集會場所",
    "AED放置地點":"健康中心外走廊",
    "行政區":"樹林區"
    }
  },
  {
    "type": "Feature",
    "geometry": {
       "type": "Point",
       "coordinates":  [ 121.4154443,24.9849749 ]
    },
    "properties": {
    "場所名稱":"新北市樹林區育林國民小學",
    "場所地址":"新北市樹林區復興路395號",
    "場所分類":"學校、大型集會場所",
    "AED放置地點":"警衛室",
    "行政區":"樹林區"
    }
  },
  {
    "type": "Feature",
    "geometry": {
       "type": "Point",
       "coordinates":  [ 121.4270148,25.0027146 ]
    },
    "properties": {
    "場所名稱":"國都汽車股份有限公司樹林服務廠",
    "場所地址":"新北市樹林區大安路40號",
    "場所分類":"其他",
    "AED放置地點":"客休室",
    "行政區":"樹林區"
    }
  },
  {
    "type": "Feature",
    "geometry": {
       "type": "Point",
       "coordinates":  [ 121.4189102,25.0091559 ]
    },
    "properties": {
    "場所名稱":"交通部公路總局臺北區監理所",
    "場所地址":"新北市樹林區中正路248巷7號",
    "場所分類":"其他",
    "AED放置地點":"進大門右側動保辦公室旁",
    "行政區":"樹林區"
    }
  },
  {
    "type": "Feature",
    "geometry": {
       "type": "Point",
       "coordinates":  [ 121.4243462,24.9976792 ]
    },
    "properties": {
    "場所名稱":"新北市樹林區文林國民小學",
    "場所地址":"新北市樹林區千歲街59號",
    "場所分類":"學校、大型集會場所",
    "AED放置地點":"警衛室",
    "行政區":"樹林區"
    }
  },
  {
    "type": "Feature",
    "geometry": {
       "type": "Point",
       "coordinates":  [ 121.4142842,25.015702 ]
    },
    "properties": {
    "場所名稱":"新日興股份有限公司/三俊廠",
    "場所地址":"新北市樹林區三俊街69號",
    "場所分類":"其他",
    "AED放置地點":"A棟一樓打卡處",
    "行政區":"樹林區"
    }
  },
  {
    "type": "Feature",
    "geometry": {
       "type": "Point",
       "coordinates":  [ 121.4235758,25.0034382 ]
    },
    "properties": {
    "場所名稱":"新北市樹林國民運動中心",
    "場所地址":"新北市樹林區中正路188-6號",
    "場所分類":"學校、大型集會場所",
    "AED放置地點":"1樓游泳池",
    "行政區":"樹林區"
    }
  },
  {
    "type": "Feature",
    "geometry": {
       "type": "Point",
       "coordinates":  [ 121.4235758,25.0034382 ]
    },
    "properties": {
    "場所名稱":"新北市樹林國民運動中心",
    "場所地址":"新北市樹林區中正路188-6號",
    "場所分類":"學校、大型集會場所",
    "AED放置地點":"一樓棋藝閱覽區",
    "行政區":"樹林區"
    }
  },
  {
    "type": "Feature",
    "geometry": {
       "type": "Point",
       "coordinates":  [ 121.4199705,24.9744033 ]
    },
    "properties": {
    "場所名稱":"新北市政府環境保護局樹林區清潔隊",
    "場所地址":"新北市樹林區八德街339號",
    "場所分類":"其他",
    "AED放置地點":"樹林區清潔隊",
    "行政區":"樹林區"
    }
  },
  {
    "type": "Feature",
    "geometry": {
       "type": "Point",
       "coordinates":  [ 121.4174515,24.9813365 ]
    },
    "properties": {
    "場所名稱":"新北市樹林區大同國民小學",
    "場所地址":"新北市樹林區大同街43號",
    "場所分類":"學校、大型集會場所",
    "AED放置地點":"警衛室",
    "行政區":"樹林區"
    }
  },
  {
    "type": "Feature",
    "geometry": {
       "type": "Point",
       "coordinates":  [ 121.4239614,24.9815208 ]
    },
    "properties": {
    "場所名稱":"新北市樹林區彭福國民小學",
    "場所地址":"新北市樹林區忠孝街30號",
    "場所分類":"學校、大型集會場所",
    "AED放置地點":"學校穿堂內走廊右側",
    "行政區":"樹林區"
    }
  },
  {
    "type": "Feature",
    "geometry": {
       "type": "Point",
       "coordinates":  [ 121.4239614,24.9815208 ]
    },
    "properties": {
    "場所名稱":"新北市樹林區彭福國民小學",
    "場所地址":"新北市樹林區忠孝街30號",
    "場所分類":"學校、大型集會場所",
    "AED放置地點":"仁愛樓一樓健康中心內",
    "行政區":"樹林區"
    }
  },
  {
    "type": "Feature",
    "geometry": {
       "type": "Point",
       "coordinates":  [ 121.429016,24.9949523 ]
    },
    "properties": {
    "場所名稱":"新北市樹林區保安攤集場",
    "場所地址":"新北市樹林區保安街一段14巷",
    "場所分類":"其他",
    "AED放置地點":"管理室",
    "行政區":"樹林區"
    }
  },
  {
    "type": "Feature",
    "geometry": {
       "type": "Point",
       "coordinates":  [ 121.4220804,24.9799977 ]
    },
    "properties": {
    "場所名稱":"新北市政府警察局樹林分局彭厝派出所",
    "場所地址":"新北市樹林區國凱街65號",
    "場所分類":"其他",
    "AED放置地點":"1樓入口",
    "行政區":"樹林區"
    }
  },
  {
    "type": "Feature",
    "geometry": {
       "type": "Point",
       "coordinates":  [ 121.4491123,24.9871074 ]
    },
    "properties": {
    "場所名稱":"臺北捷運海山站BL04",
    "場所地址":"新北市土城區海山路39號",
    "場所分類":"交通要衝",
    "AED放置地點":"捷運海山站B1層",
    "行政區":"土城區"
    }
  },
  {
    "type": "Feature",
    "geometry": {
       "type": "Point",
       "coordinates":  [ 121.4436896,24.972736 ]
    },
    "properties": {
    "場所名稱":"臺北捷運土城站BL03",
    "場所地址":"新北市土城區金城路一段105號",
    "場所分類":"交通要衝",
    "AED放置地點":"捷運土城站B1層",
    "行政區":"土城區"
    }
  },
  {
    "type": "Feature",
    "geometry": {
       "type": "Point",
       "coordinates":  [ 121.4536827,24.9842961 ]
    },
    "properties": {
    "場所名稱":"新北市土城區綜合體育場",
    "場所地址":"新北市土城區裕民路193-1號",
    "場所分類":"大型休閒場所",
    "AED放置地點":"新北市土城區綜合體育場",
    "行政區":"土城區"
    }
  },
  {
    "type": "Feature",
    "geometry": {
       "type": "Point",
       "coordinates":  [ 121.4207239,24.9603141 ]
    },
    "properties": {
    "場所名稱":"大瓏企業股份有限公司",
    "場所地址":"新北市土城區中央路四段51號9~12樓",
    "場所分類":"其他",
    "AED放置地點":"大瓏企業12樓梯廳",
    "行政區":"土城區"
    }
  },
  {
    "type": "Feature",
    "geometry": {
       "type": "Point",
       "coordinates":  [ 121.438034,24.968371 ]
    },
    "properties": {
    "場所名稱":"土城火焰山(亞洲形上觀音山揹水隊捐贈)",
    "場所地址":"新北市土城區 ",
    "場所分類":"其他",
    "AED放置地點":"土城火焰山(亞洲形上觀音山揹水隊捐贈)",
    "行政區":"土城區"
    }
  },
  {
    "type": "Feature",
    "geometry": {
       "type": "Point",
       "coordinates":  [ 121.445079,24.9788137 ]
    },
    "properties": {
    "場所名稱":"日月光廣場",
    "場所地址":"新北市土城區學府路二段210號",
    "場所分類":"大型購物場所",
    "AED放置地點":"日月光廣場",
    "行政區":"土城區"
    }
  },
  {
    "type": "Feature",
    "geometry": {
       "type": "Point",
       "coordinates":  [ 121.4404582,24.973322 ]
    },
    "properties": {
    "場所名稱":"滿福產後護理之家",
    "場所地址":"新北市土城區中央路二段304號4樓",
    "場所分類":"其他",
    "AED放置地點":"嬰兒室門口",
    "行政區":"土城區"
    }
  },
  {
    "type": "Feature",
    "geometry": {
       "type": "Point",
       "coordinates":  [ 121.4588729,24.981271 ]
    },
    "properties": {
    "場所名稱":"新北市政府警察局土城分局清水分駐所",
    "場所地址":"新北市土城區青雲路220號",
    "場所分類":"其他",
    "AED放置地點":"一樓入口",
    "行政區":"土城區"
    }
  },
  {
    "type": "Feature",
    "geometry": {
       "type": "Point",
       "coordinates":  [ 121.4647214,24.9892506 ]
    },
    "properties": {
    "場所名稱":"新北市土城區安和國民小學",
    "場所地址":"新北市土城區延和路23號",
    "場所分類":"學校、大型集會場所",
    "AED放置地點":"警衛室門外",
    "行政區":"土城區"
    }
  },
  {
    "type": "Feature",
    "geometry": {
       "type": "Point",
       "coordinates":  [ 121.443014,24.974946 ]
    },
    "properties": {
    "場所名稱":"新北市立圖書館土城分館",
    "場所地址":"新北市土城區中正路18號7樓",
    "場所分類":"大型休閒場所",
    "AED放置地點":"本館7樓入口處",
    "行政區":"土城區"
    }
  },
  {
    "type": "Feature",
    "geometry": {
       "type": "Point",
       "coordinates":  [ 121.445079,24.9788137 ]
    },
    "properties": {
    "場所名稱":"土城秀泰影城股份有限公司",
    "場所地址":"新北市土城區學府路2段210號",
    "場所分類":"大型休閒場所",
    "AED放置地點":"1樓驗票口後方",
    "行政區":"土城區"
    }
  },
  {
    "type": "Feature",
    "geometry": {
       "type": "Point",
       "coordinates":  [ 121.4615801,24.9833572 ]
    },
    "properties": {
    "場所名稱":"新北市立圖書館土城清水圖書閱覽室",
    "場所地址":"新北市土城區清水路243號2樓",
    "場所分類":"大型休閒場所",
    "AED放置地點":"新北市立圖書館土城清水圖書閱覽室",
    "行政區":"土城區"
    }
  },
  {
    "type": "Feature",
    "geometry": {
       "type": "Point",
       "coordinates":  [ 121.4501067,24.9826994 ]
    },
    "properties": {
    "場所名稱":"新北市立新北高級工業職業學校",
    "場所地址":"新北市土城區學府路一段241號",
    "場所分類":"學校、大型集會場所",
    "AED放置地點":"進修部走廊",
    "行政區":"土城區"
    }
  },
  {
    "type": "Feature",
    "geometry": {
       "type": "Point",
       "coordinates":  [ 121.4560276,24.9877053 ]
    },
    "properties": {
    "場所名稱":"新北市政府警察局土城分局廣福派出所",
    "場所地址":"新北市土城區學府路一段103號",
    "場所分類":"公眾服務單位設施",
    "AED放置地點":"新北市土城區學府路一段103號進入大門左側底邊角落",
    "行政區":"土城區"
    }
  },
  {
    "type": "Feature",
    "geometry": {
       "type": "Point",
       "coordinates":  [ 121.4163592,24.9596624 ]
    },
    "properties": {
    "場所名稱":"振樺電子股份有限公司",
    "場所地址":"新北市土城區大同街23號",
    "場所分類":"其他",
    "AED放置地點":"一樓大廳",
    "行政區":"土城區"
    }
  },
  {
    "type": "Feature",
    "geometry": {
       "type": "Point",
       "coordinates":  [ 121.4152587,24.9591432 ]
    },
    "properties": {
    "場所名稱":"富智康國際股份有限公司",
    "場所地址":"新北市土城區民生街4號",
    "場所分類":"其他",
    "AED放置地點":"1樓大廳",
    "行政區":"土城區"
    }
  },
  {
    "type": "Feature",
    "geometry": {
       "type": "Point",
       "coordinates":  [ 121.442932,24.973286 ]
    },
    "properties": {
    "場所名稱":"新北市政府警察局少年警察隊",
    "場所地址":"新北市土城區和平路22號5樓",
    "場所分類":"其他",
    "AED放置地點":"少年警察隊",
    "行政區":"土城區"
    }
  },
  {
    "type": "Feature",
    "geometry": {
       "type": "Point",
       "coordinates":  [ 121.4585622,24.9831458 ]
    },
    "properties": {
    "場所名稱":"香港商世界健身事業有限公司土城分公司",
    "場所地址":"新北市土城區青雲路152號5樓",
    "場所分類":"學校、大型集會場所",
    "AED放置地點":"迪斯尼購物廣場5樓",
    "行政區":"土城區"
    }
  },
  {
    "type": "Feature",
    "geometry": {
       "type": "Point",
       "coordinates":  [ 121.4501067,24.9826994 ]
    },
    "properties": {
    "場所名稱":"新北市立新北高級工業職業學校",
    "場所地址":"新北市土城區學府路一段241號",
    "場所分類":"學校、大型集會場所",
    "AED放置地點":"健康中心走廊",
    "行政區":"土城區"
    }
  },
  {
    "type": "Feature",
    "geometry": {
       "type": "Point",
       "coordinates":  [ 121.44227,24.9753886 ]
    },
    "properties": {
    "場所名稱":"香港商世界健身事業有限公司土城中央分公司",
    "場所地址":"新北市土城區中央路二段191號",
    "場所分類":"學校、大型集會場所",
    "AED放置地點":"一樓大廳",
    "行政區":"土城區"
    }
  },
  {
    "type": "Feature",
    "geometry": {
       "type": "Point",
       "coordinates":  [ 121.4567102,24.9835823 ]
    },
    "properties": {
    "場所名稱":"新北市土城國民運動中心",
    "場所地址":"新北市土城區金城路二段247之1號",
    "場所分類":"學校、大型集會場所",
    "AED放置地點":"中心一樓大廳側門出入口邊",
    "行政區":"土城區"
    }
  },
  {
    "type": "Feature",
    "geometry": {
       "type": "Point",
       "coordinates":  [ 121.4567102,24.9835823 ]
    },
    "properties": {
    "場所名稱":"新北市土城國民運動中心",
    "場所地址":"新北市土城區金城路二段247之1號",
    "場所分類":"學校、大型集會場所",
    "AED放置地點":"3樓綜合球場，進門右手邊角落處",
    "行政區":"土城區"
    }
  },
  {
    "type": "Feature",
    "geometry": {
       "type": "Point",
       "coordinates":  [ 121.4484579,24.9831786 ]
    },
    "properties": {
    "場所名稱":"香港商世界健身事業有限公司土城海山分公司",
    "場所地址":"新北市土城區明德路二段62號B1",
    "場所分類":"學校、大型集會場所",
    "AED放置地點":"客服櫃台前方",
    "行政區":"土城區"
    }
  },
  {
    "type": "Feature",
    "geometry": {
       "type": "Point",
       "coordinates":  [ 121.4566653,24.9837353 ]
    },
    "properties": {
    "場所名稱":"新北市立中正國民中學",
    "場所地址":"新北市土城區金城路二段247號",
    "場所分類":"學校、大型集會場所",
    "AED放置地點":"本校中央穿堂",
    "行政區":"土城區"
    }
  },
  {
    "type": "Feature",
    "geometry": {
       "type": "Point",
       "coordinates":  [ 121.4566653,24.9837353 ]
    },
    "properties": {
    "場所名稱":"新北市立中正國民中學",
    "場所地址":"新北市土城區金城路二段247號",
    "場所分類":"學校、大型集會場所",
    "AED放置地點":"本校警衛室",
    "行政區":"土城區"
    }
  },
  {
    "type": "Feature",
    "geometry": {
       "type": "Point",
       "coordinates":  [ 121.47442,24.9912116 ]
    },
    "properties": {
    "場所名稱":"萬大中和施工處",
    "場所地址":"新北市土城區金城路三段299號1樓",
    "場所分類":"其他",
    "AED放置地點":"辦公室一樓",
    "行政區":"土城區"
    }
  },
  {
    "type": "Feature",
    "geometry": {
       "type": "Point",
       "coordinates":  [ 121.4118191,24.9527305 ]
    },
    "properties": {
    "場所名稱":"新北市土城區頂新市民活動中心",
    "場所地址":"新北市土城區中央路四段283之1號",
    "場所分類":"其他",
    "AED放置地點":"大門入口左側牆壁",
    "行政區":"土城區"
    }
  },
  {
    "type": "Feature",
    "geometry": {
       "type": "Point",
       "coordinates":  [ 121.4292985,24.961463 ]
    },
    "properties": {
    "場所名稱":"新北市土城區永寧市民活動中心",
    "場所地址":"新北市土城區永寧路32巷10弄10號2樓",
    "場所分類":"其他",
    "AED放置地點":"大門入口門邊",
    "行政區":"土城區"
    }
  },
  {
    "type": "Feature",
    "geometry": {
       "type": "Point",
       "coordinates":  [ 121.4671808,24.9808779 ]
    },
    "properties": {
    "場所名稱":"新北市土城區廷寮市民活動中心",
    "場所地址":"新北市土城區永豐路240之1號",
    "場所分類":"其他",
    "AED放置地點":"大門入口左側",
    "行政區":"土城區"
    }
  },
  {
    "type": "Feature",
    "geometry": {
       "type": "Point",
       "coordinates":  [ 121.4429393,24.9781815 ]
    },
    "properties": {
    "場所名稱":"新北市土城區員林市民活動中心",
    "場所地址":"新北市土城區員林街15號",
    "場所分類":"其他",
    "AED放置地點":"大門入口右側牆壁",
    "行政區":"土城區"
    }
  },
  {
    "type": "Feature",
    "geometry": {
       "type": "Point",
       "coordinates":  [ 121.4176039,24.9583307 ]
    },
    "properties": {
    "場所名稱":"新北市土城區頂埔市民活動中心",
    "場所地址":"新北市土城區中央路4段55-12號",
    "場所分類":"其他",
    "AED放置地點":"大門入口右側柱子邊",
    "行政區":"土城區"
    }
  },
  {
    "type": "Feature",
    "geometry": {
       "type": "Point",
       "coordinates":  [ 121.4547795,24.9868416 ]
    },
    "properties": {
    "場所名稱":"新北市土城區廣福國民小學",
    "場所地址":"新北市土城區學府路一段127號",
    "場所分類":"學校、大型集會場所",
    "AED放置地點":"中央川堂",
    "行政區":"土城區"
    }
  },
  {
    "type": "Feature",
    "geometry": {
       "type": "Point",
       "coordinates":  [ 121.4578636,24.9847126 ]
    },
    "properties": {
    "場所名稱":"臺灣新北地方法院",
    "場所地址":"新北市土城區金城路二段249號",
    "場所分類":"其他",
    "AED放置地點":"法警室",
    "行政區":"土城區"
    }
  },
  {
    "type": "Feature",
    "geometry": {
       "type": "Point",
       "coordinates":  [ 121.4578636,24.9847126 ]
    },
    "properties": {
    "場所名稱":"臺灣新北地方法院",
    "場所地址":"新北市土城區金城路二段249號",
    "場所分類":"其他",
    "AED放置地點":"法庭大樓一樓",
    "行政區":"土城區"
    }
  },
  {
    "type": "Feature",
    "geometry": {
       "type": "Point",
       "coordinates":  [ 121.4364758,24.9667782 ]
    },
    "properties": {
    "場所名稱":"臺北捷運永寧站BL02",
    "場所地址":"新北市土城區中央路3段105號",
    "場所分類":"交通要衝",
    "AED放置地點":"捷運永寧站B1層",
    "行政區":"土城區"
    }
  },
  {
    "type": "Feature",
    "geometry": {
       "type": "Point",
       "coordinates":  [ 121.4212311,24.9596575 ]
    },
    "properties": {
    "場所名稱":"臺北捷運頂埔站BL01",
    "場所地址":"新北市土城區中央路四段51-6號地下三層",
    "場所分類":"交通要衝",
    "AED放置地點":"捷運頂埔站B3層",
    "行政區":"土城區"
    }
  },
  {
    "type": "Feature",
    "geometry": {
       "type": "Point",
       "coordinates":  [ 121.4584665,24.9730643 ]
    },
    "properties": {
    "場所名稱":"宏國德霖科技大學",
    "場所地址":"新北市土城區青雲路380巷1號",
    "場所分類":"學校、大型集會場所",
    "AED放置地點":"衛生保健組",
    "行政區":"土城區"
    }
  },
  {
    "type": "Feature",
    "geometry": {
       "type": "Point",
       "coordinates":  [ 121.4290506,24.9599759 ]
    },
    "properties": {
    "場所名稱":"新北市政府環境保護局土城區清潔隊",
    "場所地址":"新北市土城區永寧路高速公路橋下旁",
    "場所分類":"其他",
    "AED放置地點":"永寧場休息室",
    "行政區":"土城區"
    }
  },
  {
    "type": "Feature",
    "geometry": {
       "type": "Point",
       "coordinates":  [ 121.4638033,24.986072 ]
    },
    "properties": {
    "場所名稱":"土城區公所",
    "場所地址":"新北市土城區金城路1段101號",
    "場所分類":"其他",
    "AED放置地點":"土城區公所1樓",
    "行政區":"土城區"
    }
  },
  {
    "type": "Feature",
    "geometry": {
       "type": "Point",
       "coordinates":  [ 121.4647214,24.9892506 ]
    },
    "properties": {
    "場所名稱":"新北市土城區安和國民小學",
    "場所地址":"新北市土城區延和路23號",
    "場所分類":"學校、大型集會場所",
    "AED放置地點":"健康中心",
    "行政區":"土城區"
    }
  },
  {
    "type": "Feature",
    "geometry": {
       "type": "Point",
       "coordinates":  [ 121.4402181,24.982633 ]
    },
    "properties": {
    "場所名稱":"新北市裕德高級中等學校",
    "場所地址":"新北市土城區擺接堡路1號",
    "場所分類":"學校、大型集會場所",
    "AED放置地點":"健康中心",
    "行政區":"土城區"
    }
  },
  {
    "type": "Feature",
    "geometry": {
       "type": "Point",
       "coordinates":  [ 121.4431739,24.9728567 ]
    },
    "properties": {
    "場所名稱":"新北市土城區衛生所",
    "場所地址":"新北市土城區和平路26號",
    "場所分類":"其他",
    "AED放置地點":"衛生所內一樓",
    "行政區":"土城區"
    }
  },
  {
    "type": "Feature",
    "geometry": {
       "type": "Point",
       "coordinates":  [ 121.438756,24.970159 ]
    },
    "properties": {
    "場所名稱":"國都汽車股份有限公司土城服務廠",
    "場所地址":"新北市土城區中央路三段4號",
    "場所分類":"其他",
    "AED放置地點":"國都豐田土城所廠一樓展示間",
    "行政區":"土城區"
    }
  },
  {
    "type": "Feature",
    "geometry": {
       "type": "Point",
       "coordinates":  [ 121.4331329,24.9703606 ]
    },
    "properties": {
    "場所名稱":"圓展科技股份有限公司",
    "場所地址":"新北市土城區大安路157號",
    "場所分類":"其他",
    "AED放置地點":"圓展科技股份有限公司1F大廳",
    "行政區":"土城區"
    }
  },
  {
    "type": "Feature",
    "geometry": {
       "type": "Point",
       "coordinates":  [ 121.4424151,24.9712795 ]
    },
    "properties": {
    "場所名稱":"新北市土城區土城國民小學",
    "場所地址":"新北市土城區興城路17號",
    "場所分類":"學校、大型集會場所",
    "AED放置地點":"健康中心",
    "行政區":"土城區"
    }
  },
  {
    "type": "Feature",
    "geometry": {
       "type": "Point",
       "coordinates":  [ 121.4300718,24.9623542 ]
    },
    "properties": {
    "場所名稱":"新北市立土城國民中學",
    "場所地址":"新北市土城區新北市土城區永寧路18號",
    "場所分類":"學校、大型集會場所",
    "AED放置地點":"新北市土城國中健康中心",
    "行政區":"土城區"
    }
  },
  {
    "type": "Feature",
    "geometry": {
       "type": "Point",
       "coordinates":  [ 121.4372312,24.9755774 ]
    },
    "properties": {
    "場所名稱":"中華中學學校財團法人新北市中華高級中學",
    "場所地址":"新北市土城區城林路2號",
    "場所分類":"學校、大型集會場所",
    "AED放置地點":"學務處走廊",
    "行政區":"土城區"
    }
  },
  {
    "type": "Feature",
    "geometry": {
       "type": "Point",
       "coordinates":  [ 121.4654014,24.98245 ]
    },
    "properties": {
    "場所名稱":"新北市立清水高級中學",
    "場所地址":"新北市土城區明德路一段72號",
    "場所分類":"學校、大型集會場所",
    "AED放置地點":"健康中心前走廊、警衛室、游泳池",
    "行政區":"土城區"
    }
  },
  {
    "type": "Feature",
    "geometry": {
       "type": "Point",
       "coordinates":  [ 121.4475809,24.9855378 ]
    },
    "properties": {
    "場所名稱":"新北市土城區樂利國民小學",
    "場所地址":"新北市土城區裕生路65號",
    "場所分類":"學校、大型集會場所",
    "AED放置地點":"1樓警衛室",
    "行政區":"土城區"
    }
  },
  {
    "type": "Feature",
    "geometry": {
       "type": "Point",
       "coordinates":  [ 121.4615079,24.9843635 ]
    },
    "properties": {
    "場所名稱":"新北市土城區清水國民小學",
    "場所地址":"新北市土城區金城路2段356號",
    "場所分類":"學校、大型集會場所",
    "AED放置地點":"健康中心",
    "行政區":"土城區"
    }
  },
  {
    "type": "Feature",
    "geometry": {
       "type": "Point",
       "coordinates":  [ 121.4519813,24.9870367 ]
    },
    "properties": {
    "場所名稱":"新北市立圖書館土城柑林埤圖書閱覽室",
    "場所地址":"新北市土城區學享街55號3、4樓",
    "場所分類":"大型休閒場所",
    "AED放置地點":"新北市土城區學享街55號3樓",
    "行政區":"土城區"
    }
  },
  {
    "type": "Feature",
    "geometry": {
       "type": "Point",
       "coordinates":  [ 121.4429303,24.9732888 ]
    },
    "properties": {
    "場所名稱":"新北市政府警察局土城分局土城派出所",
    "場所地址":"新北市土城區和平路22號1樓",
    "場所分類":"其他",
    "AED放置地點":"1樓正門右前方",
    "行政區":"土城區"
    }
  },
  {
    "type": "Feature",
    "geometry": {
       "type": "Point",
       "coordinates":  [ 121.4482282,24.9891038 ]
    },
    "properties": {
    "場所名稱":"新北市私立北極星幼兒園",
    "場所地址":"新北市土城區學成路165號1樓",
    "場所分類":"其他",
    "AED放置地點":"本園所辦公室",
    "行政區":"土城區"
    }
  },
  {
    "type": "Feature",
    "geometry": {
       "type": "Point",
       "coordinates":  [ 121.4147093,24.9580658 ]
    },
    "properties": {
    "場所名稱":"新北市立圖書館土城親子分館",
    "場所地址":"新北市土城區中州路28巷30號4樓",
    "場所分類":"大型休閒場所",
    "AED放置地點":"土城親子分館視聽資料區",
    "行政區":"土城區"
    }
  },
  {
    "type": "Feature",
    "geometry": {
       "type": "Point",
       "coordinates":  [ 121.4327729,24.9679365 ]
    },
    "properties": {
    "場所名稱":"裕信汽車股份有限公司 土城分公司",
    "場所地址":"新北市土城區大安路85號",
    "場所分類":"其他",
    "AED放置地點":"客戶休息區",
    "行政區":"土城區"
    }
  },
  {
    "type": "Feature",
    "geometry": {
       "type": "Point",
       "coordinates":  [ 121.4276388,24.9662909 ]
    },
    "properties": {
    "場所名稱":"中工雲宇宙產業園區新建工程",
    "場所地址":"新北市土城區中山路75號",
    "場所分類":"其他",
    "AED放置地點":"勞工休息區",
    "行政區":"土城區"
    }
  },
  {
    "type": "Feature",
    "geometry": {
       "type": "Point",
       "coordinates":  [ 121.4150815,24.9554044 ]
    },
    "properties": {
    "場所名稱":"新北市土城區頂埔國民小學",
    "場所地址":"新北市土城區中央路四段205號",
    "場所分類":"學校、大型集會場所",
    "AED放置地點":"麗日樓1樓健康中心走廊",
    "行政區":"土城區"
    }
  },
  {
    "type": "Feature",
    "geometry": {
       "type": "Point",
       "coordinates":  [ 121.4150815,24.9554044 ]
    },
    "properties": {
    "場所名稱":"新北市土城區頂埔國民小學",
    "場所地址":"新北市土城區中央路四段205號",
    "場所分類":"學校、大型集會場所",
    "AED放置地點":"學校大門-警衛室門口",
    "行政區":"土城區"
    }
  },
  {
    "type": "Feature",
    "geometry": {
       "type": "Point",
       "coordinates":  [ 121.3416972,24.9457379 ]
    },
    "properties": {
    "場所名稱":"金鶯花園社區",
    "場所地址":"新北市鶯歌區尖山路266號",
    "場所分類":"其他",
    "AED放置地點":"社區大廳",
    "行政區":"鶯歌區"
    }
  },
  {
    "type": "Feature",
    "geometry": {
       "type": "Point",
       "coordinates":  [ 121.3317462,24.967988 ]
    },
    "properties": {
    "場所名稱":"新北市立鳳鳴國民中學",
    "場所地址":"新北市鶯歌區永和街33號",
    "場所分類":"學校、大型集會場所",
    "AED放置地點":"本校入口中庭處",
    "行政區":"鶯歌區"
    }
  },
  {
    "type": "Feature",
    "geometry": {
       "type": "Point",
       "coordinates":  [ 121.3389245,24.9423283 ]
    },
    "properties": {
    "場所名稱":"新北市政府警察局三峽分局二橋派出所",
    "場所地址":"新北市鶯歌區中正三路6號",
    "場所分類":"其他",
    "AED放置地點":"派出所一樓",
    "行政區":"鶯歌區"
    }
  },
  {
    "type": "Feature",
    "geometry": {
       "type": "Point",
       "coordinates":  [ 121.3421352,24.9452881 ]
    },
    "properties": {
    "場所名稱":"新北市立尖山國民中學",
    "場所地址":"新北市鶯歌區國中街1號",
    "場所分類":"學校、大型集會場所",
    "AED放置地點":"尖山國中健康中心",
    "行政區":"鶯歌區"
    }
  },
  {
    "type": "Feature",
    "geometry": {
       "type": "Point",
       "coordinates":  [ 121.3375994,24.9407834 ]
    },
    "properties": {
    "場所名稱":"新北市鶯歌區二橋國民小學",
    "場所地址":"新北市鶯歌區中正三路106號",
    "場所分類":"學校、大型集會場所",
    "AED放置地點":"學務處外",
    "行政區":"鶯歌區"
    }
  },
  {
    "type": "Feature",
    "geometry": {
       "type": "Point",
       "coordinates":  [ 121.355247,24.9540419 ]
    },
    "properties": {
    "場所名稱":"國營臺灣鐵路股份有限公司臺北運務段鶯歌站",
    "場所地址":"新北市鶯歌區東鶯里文化路68之1號",
    "場所分類":"交通要衝",
    "AED放置地點":"2樓大廳",
    "行政區":"鶯歌區"
    }
  },
  {
    "type": "Feature",
    "geometry": {
       "type": "Point",
       "coordinates":  [ 121.3461709,24.9510282 ]
    },
    "properties": {
    "場所名稱":"新北市鶯歌區鶯歌國民小學",
    "場所地址":"新北市鶯歌區尖山埔路106號",
    "場所分類":"學校、大型集會場所",
    "AED放置地點":"健康中心門口外",
    "行政區":"鶯歌區"
    }
  },
  {
    "type": "Feature",
    "geometry": {
       "type": "Point",
       "coordinates":  [ 121.349591,24.9574289 ]
    },
    "properties": {
    "場所名稱":"新北市立圖書館鶯歌分館",
    "場所地址":"新北市鶯歌區中山路150號",
    "場所分類":"大型休閒場所",
    "AED放置地點":"裝置1樓櫃檯前方靠牆",
    "行政區":"鶯歌區"
    }
  },
  {
    "type": "Feature",
    "geometry": {
       "type": "Point",
       "coordinates":  [ 121.3533157,24.9571731 ]
    },
    "properties": {
    "場所名稱":"新北市政府警察局三峽分局鶯歌分駐所",
    "場所地址":"新北市鶯歌區中正一路195號",
    "場所分類":"其他",
    "AED放置地點":"派出所一樓",
    "行政區":"鶯歌區"
    }
  },
  {
    "type": "Feature",
    "geometry": {
       "type": "Point",
       "coordinates":  [ 121.3448253,24.9504335 ]
    },
    "properties": {
    "場所名稱":"新北市立鶯歌國民中學",
    "場所地址":"新北市鶯歌區尖山埔路108號",
    "場所分類":"學校、大型集會場所",
    "AED放置地點":"健康中心",
    "行政區":"鶯歌區"
    }
  },
  {
    "type": "Feature",
    "geometry": {
       "type": "Point",
       "coordinates":  [ 121.332523,24.9661934 ]
    },
    "properties": {
    "場所名稱":"新北市政府警察局三峽分局鳳鳴派出所",
    "場所地址":"新北市鶯歌區莒光街20號",
    "場所分類":"其他",
    "AED放置地點":"派出所一樓",
    "行政區":"鶯歌區"
    }
  },
  {
    "type": "Feature",
    "geometry": {
       "type": "Point",
       "coordinates":  [ 121.3461709,24.9510282 ]
    },
    "properties": {
    "場所名稱":"新北市鶯歌區鶯歌國民小學",
    "場所地址":"新北市鶯歌區尖山埔路106號",
    "場所分類":"學校、大型集會場所",
    "AED放置地點":"校門口警衛室外牆",
    "行政區":"鶯歌區"
    }
  },
  {
    "type": "Feature",
    "geometry": {
       "type": "Point",
       "coordinates":  [ 121.3307632,24.9784496 ]
    },
    "properties": {
    "場所名稱":"新北市政府警察局三峽分局湖山派出所",
    "場所地址":"新北市鶯歌區大湖路371號",
    "場所分類":"其他",
    "AED放置地點":"派出所一樓",
    "行政區":"鶯歌區"
    }
  },
  {
    "type": "Feature",
    "geometry": {
       "type": "Point",
       "coordinates":  [ 121.3396287,24.9550457 ]
    },
    "properties": {
    "場所名稱":"新北市鶯歌區昌福國民小學",
    "場所地址":"新北市鶯歌區永明街22號",
    "場所分類":"學校、大型集會場所",
    "AED放置地點":"學校大廳健康中心旁",
    "行政區":"鶯歌區"
    }
  },
  {
    "type": "Feature",
    "geometry": {
       "type": "Point",
       "coordinates":  [ 121.3363984,24.9688691 ]
    },
    "properties": {
    "場所名稱":"新北市鶯歌區鳳鳴國民小學",
    "場所地址":"新北市鶯歌區永和街120號",
    "場所分類":"學校、大型集會場所",
    "AED放置地點":"學校川堂",
    "行政區":"鶯歌區"
    }
  },
  {
    "type": "Feature",
    "geometry": {
       "type": "Point",
       "coordinates":  [ 121.3531831,24.9543091 ]
    },
    "properties": {
    "場所名稱":"新北市鶯歌區公有零售市場",
    "場所地址":"新北市鶯歌區建國路108號",
    "場所分類":"其他",
    "AED放置地點":"休息室旁邊",
    "行政區":"鶯歌區"
    }
  },
  {
    "type": "Feature",
    "geometry": {
       "type": "Point",
       "coordinates":  [ 121.355247,24.9540419 ]
    },
    "properties": {
    "場所名稱":"國營臺灣鐵路股份有限公司臺北運務段鶯歌站",
    "場所地址":"新北市鶯歌區東鶯里文化路68之1號",
    "場所分類":"交通要衝",
    "AED放置地點":"第一月台值班站長室門前",
    "行政區":"鶯歌區"
    }
  },
  {
    "type": "Feature",
    "geometry": {
       "type": "Point",
       "coordinates":  [ 121.3520503,24.9507674 ]
    },
    "properties": {
    "場所名稱":"國都汽車股份有限公司鶯歌服務廠",
    "場所地址":"新北市鶯歌區文化路146號",
    "場所分類":"其他",
    "AED放置地點":"服務廠客休室",
    "行政區":"鶯歌區"
    }
  },
  {
    "type": "Feature",
    "geometry": {
       "type": "Point",
       "coordinates":  [ 121.3544312,24.9560294 ]
    },
    "properties": {
    "場所名稱":"新北市鶯歌區公所",
    "場所地址":"新北市鶯歌區仁愛路55號",
    "場所分類":"其他",
    "AED放置地點":"一樓大門口旁",
    "行政區":"鶯歌區"
    }
  },
  {
    "type": "Feature",
    "geometry": {
       "type": "Point",
       "coordinates":  [ 121.3346405,24.9390971 ]
    },
    "properties": {
    "場所名稱":"新北市立鶯歌高級工商職業學校",
    "場所地址":"新北市鶯歌區中正三路154號",
    "場所分類":"學校、大型集會場所",
    "AED放置地點":"鶯歌工商健康中心外面",
    "行政區":"鶯歌區"
    }
  },
  {
    "type": "Feature",
    "geometry": {
       "type": "Point",
       "coordinates":  [ 121.345943,24.9551019 ]
    },
    "properties": {
    "場所名稱":"新北市鶯歌區建國國民小學",
    "場所地址":"新北市鶯歌區育英街2號",
    "場所分類":"學校、大型集會場所",
    "AED放置地點":"校園警衛室內",
    "行政區":"鶯歌區"
    }
  },
  {
    "type": "Feature",
    "geometry": {
       "type": "Point",
       "coordinates":  [ 121.3539753,24.953104 ]
    },
    "properties": {
    "場所名稱":"成發居社區管理委員會",
    "場所地址":"新北市鶯歌區文化路233號",
    "場所分類":"其他",
    "AED放置地點":"出入口右前方",
    "行政區":"鶯歌區"
    }
  },
  {
    "type": "Feature",
    "geometry": {
       "type": "Point",
       "coordinates":  [ 121.3353104,24.9672381 ]
    },
    "properties": {
    "場所名稱":"國立臺灣工藝研究發展中心鶯歌多媒材研發分館",
    "場所地址":"新北市鶯歌區鳳鳴路160號",
    "場所分類":"其他",
    "AED放置地點":"1樓穿堂",
    "行政區":"鶯歌區"
    }
  },
  {
    "type": "Feature",
    "geometry": {
       "type": "Point",
       "coordinates":  [ 121.3448253,24.9504335 ]
    },
    "properties": {
    "場所名稱":"新北市立鶯歌國民中學",
    "場所地址":"新北市鶯歌區尖山埔路108號",
    "場所分類":"學校、大型集會場所",
    "AED放置地點":"警衛室",
    "行政區":"鶯歌區"
    }
  },
  {
    "type": "Feature",
    "geometry": {
       "type": "Point",
       "coordinates":  [ 121.352032,24.949251 ]
    },
    "properties": {
    "場所名稱":"新北市立鶯歌陶瓷博物館",
    "場所地址":"新北市鶯歌區文化路200號",
    "場所分類":"大型休閒場所",
    "AED放置地點":"1樓大廳諮詢服務臺旁",
    "行政區":"鶯歌區"
    }
  },
  {
    "type": "Feature",
    "geometry": {
       "type": "Point",
       "coordinates":  [ 121.3575267,24.9536784 ]
    },
    "properties": {
    "場所名稱":"新北市鶯歌國民運動中心",
    "場所地址":"新北市鶯歌區館前路250號",
    "場所分類":"學校、大型集會場所",
    "AED放置地點":"大門入口處右手邊",
    "行政區":"鶯歌區"
    }
  },
  {
    "type": "Feature",
    "geometry": {
       "type": "Point",
       "coordinates":  [ 121.3329473,24.9592694 ]
    },
    "properties": {
    "場所名稱":"新北市鶯歌區永吉國民小學",
    "場所地址":"新北市鶯歌區德昌二街2號",
    "場所分類":"學校、大型集會場所",
    "AED放置地點":"健康中心",
    "行政區":"鶯歌區"
    }
  },
  {
    "type": "Feature",
    "geometry": {
       "type": "Point",
       "coordinates":  [ 121.3472368,24.9516313 ]
    },
    "properties": {
    "場所名稱":"新北市鶯歌區同慶里巡守隊",
    "場所地址":"新北市鶯歌區育英街200號",
    "場所分類":"觀光旅遊地區",
    "AED放置地點":"大門口旁",
    "行政區":"鶯歌區"
    }
  },
  {
    "type": "Feature",
    "geometry": {
       "type": "Point",
       "coordinates":  [ 121.3514834,24.957209 ]
    },
    "properties": {
    "場所名稱":"中國砂輪企業(股)有限公司-鶯歌廠",
    "場所地址":"新北市鶯歌區中山路64號",
    "場所分類":"其他",
    "AED放置地點":"警衛室後方",
    "行政區":"鶯歌區"
    }
  },
  {
    "type": "Feature",
    "geometry": {
       "type": "Point",
       "coordinates":  [ 121.3524958,24.9504204 ]
    },
    "properties": {
    "場所名稱":"新北市鶯歌區衛生所",
    "場所地址":"新北市鶯歌區文化路389號",
    "場所分類":"其他",
    "AED放置地點":"新北市鶯歌區衛生所填寫區",
    "行政區":"鶯歌區"
    }
  },
  {
    "type": "Feature",
    "geometry": {
       "type": "Point",
       "coordinates":  [ 121.3459318,24.9355846 ]
    },
    "properties": {
    "場所名稱":"新北市政府環境保護局鶯歌區清潔隊",
    "場所地址":"新北市鶯歌區新北市鶯歌區環河路175-18號",
    "場所分類":"其他",
    "AED放置地點":"停車場(國道3號高架橋下)",
    "行政區":"鶯歌區"
    }
  },
  {
    "type": "Feature",
    "geometry": {
       "type": "Point",
       "coordinates":  [ 121.3482661,24.973322 ]
    },
    "properties": {
    "場所名稱":"新北市鶯歌區中湖國民小學",
    "場所地址":"新北市鶯歌區中湖街25號",
    "場所分類":"學校、大型集會場所",
    "AED放置地點":"中湖國小-親師中心",
    "行政區":"鶯歌區"
    }
  },
  {
    "type": "Feature",
    "geometry": {
       "type": "Point",
       "coordinates":  [ 121.4815353,24.9990514 ]
    },
    "properties": {
    "場所名稱":"新北市中和區積穗國民小學",
    "場所地址":"新北市中和區員山路154號",
    "場所分類":"學校、大型集會場所",
    "AED放置地點":"會客室旁",
    "行政區":"中和區"
    }
  },
  {
    "type": "Feature",
    "geometry": {
       "type": "Point",
       "coordinates":  [ 121.4862491,25.0037701 ]
    },
    "properties": {
    "場所名稱":"及成企業股份有限公司",
    "場所地址":"新北市中和區建二路111號",
    "場所分類":"其他",
    "AED放置地點":"警衛室",
    "行政區":"中和區"
    }
  },
  {
    "type": "Feature",
    "geometry": {
       "type": "Point",
       "coordinates":  [ 121.4882409,25.0103495 ]
    },
    "properties": {
    "場所名稱":"遠雄百富接待中心",
    "場所地址":"新北市中和區中原二街30號4樓",
    "場所分類":"其他",
    "AED放置地點":"4F員工辦公室",
    "行政區":"中和區"
    }
  },
  {
    "type": "Feature",
    "geometry": {
       "type": "Point",
       "coordinates":  [ 121.4915177,25.0058788 ]
    },
    "properties": {
    "場所名稱":"財團法人陽光社會福利基金會附設陽光醫材中心",
    "場所地址":"新北市中和區橋和路117號10樓",
    "場所分類":"其他",
    "AED放置地點":"大門後方",
    "行政區":"中和區"
    }
  },
  {
    "type": "Feature",
    "geometry": {
       "type": "Point",
       "coordinates":  [ 121.4915413,25.0080474 ]
    },
    "properties": {
    "場所名稱":"遠雄豐河接待中心",
    "場所地址":"新北市中和區中原街18號",
    "場所分類":"大型購物場所",
    "AED放置地點":"大門入口右側",
    "行政區":"中和區"
    }
  },
  {
    "type": "Feature",
    "geometry": {
       "type": "Point",
       "coordinates":  [ 121.4936518,24.9931046 ]
    },
    "properties": {
    "場所名稱":"美德耐雙和醫院商場",
    "場所地址":"新北市中和區中正路291號B1",
    "場所分類":"大型購物場所",
    "AED放置地點":"雙和醫院B1美食街(葡吉包子專櫃旁)",
    "行政區":"中和區"
    }
  },
  {
    "type": "Feature",
    "geometry": {
       "type": "Point",
       "coordinates":  [ 121.4869157,24.9965897 ]
    },
    "properties": {
    "場所名稱":"第一商業銀行連城分行",
    "場所地址":"新北市中和區連城路258號",
    "場所分類":"其他",
    "AED放置地點":"大門進入左側書報架旁",
    "行政區":"中和區"
    }
  },
  {
    "type": "Feature",
    "geometry": {
       "type": "Point",
       "coordinates":  [ 121.4878555,24.996706 ]
    },
    "properties": {
    "場所名稱":"貿聯國際股份有限公司",
    "場所地址":"新北市中和區建一路186號3樓",
    "場所分類":"其他",
    "AED放置地點":"展示區",
    "行政區":"中和區"
    }
  },
  {
    "type": "Feature",
    "geometry": {
       "type": "Point",
       "coordinates":  [ 121.4792566,25.0081036 ]
    },
    "properties": {
    "場所名稱":"台灣松下電腦股份有限公司",
    "場所地址":"新北市中和區員山路579號3棟3樓",
    "場所分類":"其他",
    "AED放置地點":"實裝製造工區走廊",
    "行政區":"中和區"
    }
  },
  {
    "type": "Feature",
    "geometry": {
       "type": "Point",
       "coordinates":  [ 121.4792566,25.0081036 ]
    },
    "properties": {
    "場所名稱":"台灣松下電腦股份有限公司",
    "場所地址":"新北市中和區員山路579號3棟3樓",
    "場所分類":"其他",
    "AED放置地點":"製造區快樂廣場",
    "行政區":"中和區"
    }
  },
  {
    "type": "Feature",
    "geometry": {
       "type": "Point",
       "coordinates":  [ 121.4985247,25.0018899 ]
    },
    "properties": {
    "場所名稱":"怡和醫院",
    "場所地址":"新北市中和區連城路49號",
    "場所分類":"其他",
    "AED放置地點":"進入門口右前方",
    "行政區":"中和區"
    }
  },
  {
    "type": "Feature",
    "geometry": {
       "type": "Point",
       "coordinates":  [ 121.4957431,25.0018849 ]
    },
    "properties": {
    "場所名稱":"全真概念健康事業股份有限公司中和分館",
    "場所地址":"新北市中和區中山路二段291號8-9樓",
    "場所分類":"學校、大型集會場所",
    "AED放置地點":"9樓樓梯口右手邊",
    "行政區":"中和區"
    }
  },
  {
    "type": "Feature",
    "geometry": {
       "type": "Point",
       "coordinates":  [ 121.4838217,25.0151245 ]
    },
    "properties": {
    "場所名稱":"新北市中和區光復國民小學",
    "場所地址":"新北市中和區光環路二段1號",
    "場所分類":"學校、大型集會場所",
    "AED放置地點":"司令台後方",
    "行政區":"中和區"
    }
  },
  {
    "type": "Feature",
    "geometry": {
       "type": "Point",
       "coordinates":  [ 121.4838217,25.0151245 ]
    },
    "properties": {
    "場所名稱":"新北市中和區光復國民小學",
    "場所地址":"新北市中和區光環路二段1號",
    "場所分類":"學校、大型集會場所",
    "AED放置地點":"學務處前",
    "行政區":"中和區"
    }
  },
  {
    "type": "Feature",
    "geometry": {
       "type": "Point",
       "coordinates":  [ 121.4799841,25.0076495 ]
    },
    "properties": {
    "場所名稱":"埔墘行有限公司",
    "場所地址":"新北市中和區員山路502號4樓之1",
    "場所分類":"其他",
    "AED放置地點":"女廁前",
    "行政區":"中和區"
    }
  },
  {
    "type": "Feature",
    "geometry": {
       "type": "Point",
       "coordinates":  [ 121.4725313,24.9996904 ]
    },
    "properties": {
    "場所名稱":"新北市政府警察局中和分局國光派出所",
    "場所地址":"新北市中和區莒光路168號",
    "場所分類":"其他",
    "AED放置地點":"派出所一樓",
    "行政區":"中和區"
    }
  },
  {
    "type": "Feature",
    "geometry": {
       "type": "Point",
       "coordinates":  [ 121.470791,24.9987757 ]
    },
    "properties": {
    "場所名稱":"新北市中和區自強國民小學",
    "場所地址":"新北市中和區莒光路200號",
    "場所分類":"學校、大型集會場所",
    "AED放置地點":"國小部健康中心外面",
    "行政區":"中和區"
    }
  },
  {
    "type": "Feature",
    "geometry": {
       "type": "Point",
       "coordinates":  [ 121.525987,24.990494 ]
    },
    "properties": {
    "場所名稱":"新北市政府警察局中和分局秀山派出所",
    "場所地址":"新北市中和區成功路139號",
    "場所分類":"其他",
    "AED放置地點":"派出所一樓",
    "行政區":"中和區"
    }
  },
  {
    "type": "Feature",
    "geometry": {
       "type": "Point",
       "coordinates":  [ 121.4870424,24.9925766 ]
    },
    "properties": {
    "場所名稱":"新北市中和國民運動中心",
    "場所地址":"新北市中和區錦和路350之1號",
    "場所分類":"學校、大型集會場所",
    "AED放置地點":"主場館2樓",
    "行政區":"中和區"
    }
  },
  {
    "type": "Feature",
    "geometry": {
       "type": "Point",
       "coordinates":  [ 121.4870424,24.9925766 ]
    },
    "properties": {
    "場所名稱":"新北市中和國民運動中心",
    "場所地址":"新北市中和區錦和路350之1號",
    "場所分類":"學校、大型集會場所",
    "AED放置地點":"游泳館1樓",
    "行政區":"中和區"
    }
  },
  {
    "type": "Feature",
    "geometry": {
       "type": "Point",
       "coordinates":  [ 121.4923048,25.0004027 ]
    },
    "properties": {
    "場所名稱":"國都汽車股份有限公司中和服務廠",
    "場所地址":"新北市中和區健康路70號",
    "場所分類":"其他",
    "AED放置地點":"服務廠客休室",
    "行政區":"中和區"
    }
  },
  {
    "type": "Feature",
    "geometry": {
       "type": "Point",
       "coordinates":  [ 121.4726542,24.9988883 ]
    },
    "properties": {
    "場所名稱":"新北市立自強國民中學",
    "場所地址":"新北市中和區莒光路191號",
    "場所分類":"學校、大型集會場所",
    "AED放置地點":"警衛室",
    "行政區":"中和區"
    }
  },
  {
    "type": "Feature",
    "geometry": {
       "type": "Point",
       "coordinates":  [ 121.5165815,24.9923771 ]
    },
    "properties": {
    "場所名稱":"健身工廠中和廠",
    "場所地址":"新北市中和區景平路188號4樓",
    "場所分類":"學校、大型集會場所",
    "AED放置地點":"健身房入口處牆面上方",
    "行政區":"中和區"
    }
  },
  {
    "type": "Feature",
    "geometry": {
       "type": "Point",
       "coordinates":  [ 121.4852535,24.9929069 ]
    },
    "properties": {
    "場所名稱":"新北市政府環境保護局中和區清潔隊停車場",
    "場所地址":"新北市中和區和城路一段271巷1號",
    "場所分類":"其他",
    "AED放置地點":"員工休息室內",
    "行政區":"中和區"
    }
  },
  {
    "type": "Feature",
    "geometry": {
       "type": "Point",
       "coordinates":  [ 121.4864589,24.9877048 ]
    },
    "properties": {
    "場所名稱":"新北市政府環境保護局中和區清潔隊資源回收場",
    "場所地址":"新北市中和區圓通路435號之1",
    "場所分類":"其他",
    "AED放置地點":"辦公室內",
    "行政區":"中和區"
    }
  },
  {
    "type": "Feature",
    "geometry": {
       "type": "Point",
       "coordinates":  [ 121.478544,25.005635 ]
    },
    "properties": {
    "場所名稱":"香港商世界健身事業有限公司中和分公司",
    "場所地址":"新北市中和區中山路三段35-3號一樓",
    "場所分類":"學校、大型集會場所",
    "AED放置地點":"1樓大廳門口櫃檯左前方",
    "行政區":"中和區"
    }
  },
  {
    "type": "Feature",
    "geometry": {
       "type": "Point",
       "coordinates":  [ 121.5126447,25.0014761 ]
    },
    "properties": {
    "場所名稱":"國立臺灣圖書館",
    "場所地址":"新北市中和區中安街85號",
    "場所分類":"大型休閒場所",
    "AED放置地點":"國立臺灣圖書館",
    "行政區":"中和區"
    }
  },
  {
    "type": "Feature",
    "geometry": {
       "type": "Point",
       "coordinates":  [ 121.4800318,24.994032 ]
    },
    "properties": {
    "場所名稱":"根基營造股份有限公司-中和LG08案",
    "場所地址":"新北市中和區員山路77巷13號對面根基工地",
    "場所分類":"其他",
    "AED放置地點":"本棟大樓，三樓工務所內",
    "行政區":"中和區"
    }
  },
  {
    "type": "Feature",
    "geometry": {
       "type": "Point",
       "coordinates":  [ 121.5075787,24.9812401 ]
    },
    "properties": {
    "場所名稱":"華夏科技大學",
    "場所地址":"新北市中和區工專路111號",
    "場所分類":"學校、大型集會場所",
    "AED放置地點":"華夏科技大學",
    "行政區":"中和區"
    }
  },
  {
    "type": "Feature",
    "geometry": {
       "type": "Point",
       "coordinates":  [ 121.5135735,24.9872755 ]
    },
    "properties": {
    "場所名稱":"双捷晶華社區",
    "場所地址":"新北市中和區景新街468號",
    "場所分類":"其他",
    "AED放置地點":"一樓健身房",
    "行政區":"中和區"
    }
  },
  {
    "type": "Feature",
    "geometry": {
       "type": "Point",
       "coordinates":  [ 121.4989253,25.0029163 ]
    },
    "properties": {
    "場所名稱":"迪卡儂中和店",
    "場所地址":"新北市中和區中山路二段228號1-3樓",
    "場所分類":"大型購物場所",
    "AED放置地點":"2樓服務台前",
    "行政區":"中和區"
    }
  },
  {
    "type": "Feature",
    "geometry": {
       "type": "Point",
       "coordinates":  [ 121.4988381,25.0028437 ]
    },
    "properties": {
    "場所名稱":"潤泰全球股份有限公司中和分公司",
    "場所地址":"新北市中和區中山路二段228號B1",
    "場所分類":"大型購物場所",
    "AED放置地點":"1F美商街殘障廁所旁壁面上",
    "行政區":"中和區"
    }
  },
  {
    "type": "Feature",
    "geometry": {
       "type": "Point",
       "coordinates":  [ 121.4878555,24.996706 ]
    },
    "properties": {
    "場所名稱":"瑞竣科技股份有限公司",
    "場所地址":"新北市中和區建一路186號11樓-4",
    "場所分類":"其他",
    "AED放置地點":"員工休息區",
    "行政區":"中和區"
    }
  },
  {
    "type": "Feature",
    "geometry": {
       "type": "Point",
       "coordinates":  [ 121.4883472,24.9986781 ]
    },
    "properties": {
    "場所名稱":"瓦城泰國料理 - 中和建一店",
    "場所地址":"新北市中和區建一路179號",
    "場所分類":"其他",
    "AED放置地點":"瓦城中和建一店",
    "行政區":"中和區"
    }
  },
  {
    "type": "Feature",
    "geometry": {
       "type": "Point",
       "coordinates":  [ 121.4771621,25.0051428 ]
    },
    "properties": {
    "場所名稱":"慈濟雙和聯絡處",
    "場所地址":"新北市中和區中山路三段41號",
    "場所分類":"其他",
    "AED放置地點":"值班櫃臺旁",
    "行政區":"中和區"
    }
  },
  {
    "type": "Feature",
    "geometry": {
       "type": "Point",
       "coordinates":  [ 121.4849388,25.0051463 ]
    },
    "properties": {
    "場所名稱":"國都L中和廠",
    "場所地址":"新北市中和區中山路2段546號",
    "場所分類":"其他",
    "AED放置地點":"服務廠客休室",
    "行政區":"中和區"
    }
  },
  {
    "type": "Feature",
    "geometry": {
       "type": "Point",
       "coordinates":  [ 121.4940905,24.9908276 ]
    },
    "properties": {
    "場所名稱":"臺北醫學大學雙和校區",
    "場所地址":"新北市中和區圓通路301號",
    "場所分類":"學校、大型集會場所",
    "AED放置地點":"生醫大樓9樓電梯廳",
    "行政區":"中和區"
    }
  },
  {
    "type": "Feature",
    "geometry": {
       "type": "Point",
       "coordinates":  [ 121.4940905,24.9908276 ]
    },
    "properties": {
    "場所名稱":"臺北醫學大學雙和校區",
    "場所地址":"新北市中和區圓通路301號",
    "場所分類":"學校、大型集會場所",
    "AED放置地點":"教學研究大樓四樓大廳",
    "行政區":"中和區"
    }
  },
  {
    "type": "Feature",
    "geometry": {
       "type": "Point",
       "coordinates":  [ 121.480174,25.005674 ]
    },
    "properties": {
    "場所名稱":"CURVES女性30分鐘環狀運動中和員山店",
    "場所地址":"新北市中和區新北市中和區中山路二段585號4樓",
    "場所分類":"學校、大型集會場所",
    "AED放置地點":"店鋪入口處",
    "行政區":"中和區"
    }
  },
  {
    "type": "Feature",
    "geometry": {
       "type": "Point",
       "coordinates":  [ 121.5066106,24.9896174 ]
    },
    "properties": {
    "場所名稱":"新北市立圖書館中和分館",
    "場所地址":"新北市中和區南山路236號6、7樓",
    "場所分類":"大型休閒場所",
    "AED放置地點":"新北市立圖書館中和分館6樓",
    "行政區":"中和區"
    }
  },
  {
    "type": "Feature",
    "geometry": {
       "type": "Point",
       "coordinates":  [ 121.5164033,24.9924085 ]
    },
    "properties": {
    "場所名稱":"大潤發流通事業股份有限公司中和分公司",
    "場所地址":"新北市中和區景平路182號B1",
    "場所分類":"大型購物場所",
    "AED放置地點":"大潤發股份有限公司中和分公司B2入口右邊服務中心",
    "行政區":"中和區"
    }
  },
  {
    "type": "Feature",
    "geometry": {
       "type": "Point",
       "coordinates":  [ 121.5210529,24.9949029 ]
    },
    "properties": {
    "場所名稱":"新北市中和區秀山國民小學",
    "場所地址":"新北市中和區立人街2號",
    "場所分類":"學校、大型集會場所",
    "AED放置地點":"勤學樓後棟123教室",
    "行政區":"中和區"
    }
  },
  {
    "type": "Feature",
    "geometry": {
       "type": "Point",
       "coordinates":  [ 121.5064289,24.9809042 ]
    },
    "properties": {
    "場所名稱":"新北市私立竹林高級中學",
    "場所地址":"新北市中和區華新街143巷12號",
    "場所分類":"學校、大型集會場所",
    "AED放置地點":"警衛室旁會客室",
    "行政區":"中和區"
    }
  },
  {
    "type": "Feature",
    "geometry": {
       "type": "Point",
       "coordinates":  [ 121.5094613,24.9868926 ]
    },
    "properties": {
    "場所名稱":"新北市中和區興南國民小學",
    "場所地址":"新北市中和區興南路一段135巷24號",
    "場所分類":"學校、大型集會場所",
    "AED放置地點":"健康中心外",
    "行政區":"中和區"
    }
  },
  {
    "type": "Feature",
    "geometry": {
       "type": "Point",
       "coordinates":  [ 121.495219,24.9986509 ]
    },
    "properties": {
    "場所名稱":"皇昌營造中和安邦段青年社會住宅新建統包工程",
    "場所地址":"新北市中和區連城路142號",
    "場所分類":"其他",
    "AED放置地點":"工務所1樓走道中間",
    "行政區":"中和區"
    }
  },
  {
    "type": "Feature",
    "geometry": {
       "type": "Point",
       "coordinates":  [ 121.4808702,24.998334 ]
    },
    "properties": {
    "場所名稱":"新北市政府警察局中和分局員山派出所",
    "場所地址":"新北市中和區員山路235巷1號",
    "場所分類":"其他",
    "AED放置地點":"員山派出所一樓",
    "行政區":"中和區"
    }
  },
  {
    "type": "Feature",
    "geometry": {
       "type": "Point",
       "coordinates":  [ 121.4891318,24.9899552 ]
    },
    "properties": {
    "場所名稱":"新北市中和區錦和國民小學",
    "場所地址":"新北市中和區圓通路292號",
    "場所分類":"學校、大型集會場所",
    "AED放置地點":"警衛室",
    "行政區":"中和區"
    }
  },
  {
    "type": "Feature",
    "geometry": {
       "type": "Point",
       "coordinates":  [ 121.5034654,25.0016727 ]
    },
    "properties": {
    "場所名稱":"新北市南山高級中學",
    "場所地址":"新北市中和區廣福路41號",
    "場所分類":"學校、大型集會場所",
    "AED放置地點":"健康中心門口",
    "行政區":"中和區"
    }
  },
  {
    "type": "Feature",
    "geometry": {
       "type": "Point",
       "coordinates":  [ 121.5034654,25.0016727 ]
    },
    "properties": {
    "場所名稱":"新北市南山高級中學",
    "場所地址":"新北市中和區廣福路41號",
    "場所分類":"學校、大型集會場所",
    "AED放置地點":"南工門學務處",
    "行政區":"中和區"
    }
  },
  {
    "type": "Feature",
    "geometry": {
       "type": "Point",
       "coordinates":  [ 121.4870424,24.9925766 ]
    },
    "properties": {
    "場所名稱":"新北市中和國民運動中心",
    "場所地址":"新北市中和區錦和路350之1號",
    "場所分類":"學校、大型集會場所",
    "AED放置地點":"主場館4樓",
    "行政區":"中和區"
    }
  },
  {
    "type": "Feature",
    "geometry": {
       "type": "Point",
       "coordinates":  [ 121.5024131,24.9905135 ]
    },
    "properties": {
    "場所名稱":"新北市政府稅捐稽徵處中和分處",
    "場所地址":"新北市中和區復興路278號1樓",
    "場所分類":"其他",
    "AED放置地點":"1樓大門右側",
    "行政區":"中和區"
    }
  },
  {
    "type": "Feature",
    "geometry": {
       "type": "Point",
       "coordinates":  [ 121.5126447,25.0014761 ]
    },
    "properties": {
    "場所名稱":"國立臺灣圖書館",
    "場所地址":"新北市中和區中安街85號",
    "場所分類":"大型休閒場所",
    "AED放置地點":"新生門入口左側",
    "行政區":"中和區"
    }
  },
  {
    "type": "Feature",
    "geometry": {
       "type": "Point",
       "coordinates":  [ 121.490953,24.992538 ]
    },
    "properties": {
    "場所名稱":"新北市立錦和高級中學",
    "場所地址":"新北市中和區錦和路163號",
    "場所分類":"學校、大型集會場所",
    "AED放置地點":"警衛室",
    "行政區":"中和區"
    }
  },
  {
    "type": "Feature",
    "geometry": {
       "type": "Point",
       "coordinates":  [ 121.4957431,25.0018849 ]
    },
    "properties": {
    "場所名稱":"南山威力購物廣場",
    "場所地址":"新北市中和區中山路2段291.293.295.297號",
    "場所分類":"大型購物場所",
    "AED放置地點":"1樓側門電梯口",
    "行政區":"中和區"
    }
  },
  {
    "type": "Feature",
    "geometry": {
       "type": "Point",
       "coordinates":  [ 121.507064,24.9983849 ]
    },
    "properties": {
    "場所名稱":"FIB健身俱樂部",
    "場所地址":"新北市中和區景安路34號B1",
    "場所分類":"學校、大型集會場所",
    "AED放置地點":"FIB健身俱樂部B1",
    "行政區":"中和區"
    }
  },
  {
    "type": "Feature",
    "geometry": {
       "type": "Point",
       "coordinates":  [ 121.4779674,24.9947574 ]
    },
    "properties": {
    "場所名稱":"新北市立中和高級中學",
    "場所地址":"新北市中和區連城路460號",
    "場所分類":"學校、大型集會場所",
    "AED放置地點":"行政大樓1樓健康中心旁",
    "行政區":"中和區"
    }
  },
  {
    "type": "Feature",
    "geometry": {
       "type": "Point",
       "coordinates":  [ 121.4883742,25.0075843 ]
    },
    "properties": {
    "場所名稱":"新北市政府警察局中和分局中原派出所",
    "場所地址":"新北市中和區立德街60號",
    "場所分類":"其他",
    "AED放置地點":"本所大廳",
    "行政區":"中和區"
    }
  },
  {
    "type": "Feature",
    "geometry": {
       "type": "Point",
       "coordinates":  [ 121.4797247,25.0003903 ]
    },
    "properties": {
    "場所名稱":"新北市立積穗國民中學",
    "場所地址":"新北市中和區民安街66號",
    "場所分類":"學校、大型集會場所",
    "AED放置地點":"明道大樓1樓川堂",
    "行政區":"中和區"
    }
  },
  {
    "type": "Feature",
    "geometry": {
       "type": "Point",
       "coordinates":  [ 121.5025512,25.0037398 ]
    },
    "properties": {
    "場所名稱":"達新壯股份有限公司(Hypercore超核心健身中心新北中和中山館)",
    "場所地址":"新北市中和區中山路二段122號B1?",
    "場所分類":"學校、大型集會場所",
    "AED放置地點":"有氧器材區",
    "行政區":"中和區"
    }
  },
  {
    "type": "Feature",
    "geometry": {
       "type": "Point",
       "coordinates":  [ 121.490381,24.9926349 ]
    },
    "properties": {
    "場所名稱":"中和區社區運動公園",
    "場所地址":"新北市中和區錦和路350號",
    "場所分類":"其他",
    "AED放置地點":"管理中心前",
    "行政區":"中和區"
    }
  },
  {
    "type": "Feature",
    "geometry": {
       "type": "Point",
       "coordinates":  [ 121.5010004,24.998033 ]
    },
    "properties": {
    "場所名稱":"新北市政府警察局中和分局",
    "場所地址":"新北市中和區圓通路30號",
    "場所分類":"其他",
    "AED放置地點":"分局一樓",
    "行政區":"中和區"
    }
  },
  {
    "type": "Feature",
    "geometry": {
       "type": "Point",
       "coordinates":  [ 121.5015909,25.0030417 ]
    },
    "properties": {
    "場所名稱":"第一商業銀行中和分行",
    "場所地址":"新北市中和區中山路二段152號",
    "場所分類":"其他",
    "AED放置地點":"大門進入右側書報夾旁",
    "行政區":"中和區"
    }
  },
  {
    "type": "Feature",
    "geometry": {
       "type": "Point",
       "coordinates":  [ 121.5049732,24.999564 ]
    },
    "properties": {
    "場所名稱":"彰化商業銀行中和分行",
    "場所地址":"新北市中和區中和路182號",
    "場所分類":"其他",
    "AED放置地點":"一樓營業廳大門進入右側柱子旁",
    "行政區":"中和區"
    }
  },
  {
    "type": "Feature",
    "geometry": {
       "type": "Point",
       "coordinates":  [ 121.5023446,24.9995475 ]
    },
    "properties": {
    "場所名稱":"新北市政府警察局中和分局中和派出所",
    "場所地址":"新北市中和區中和路102-1號",
    "場所分類":"其他",
    "AED放置地點":"一樓進大門右側",
    "行政區":"中和區"
    }
  },
  {
    "type": "Feature",
    "geometry": {
       "type": "Point",
       "coordinates":  [ 121.5161961,24.9919349 ]
    },
    "properties": {
    "場所名稱":"捷運環狀線景平站Y10",
    "場所地址":"新北市中和區景平路121號",
    "場所分類":"交通要衝",
    "AED放置地點":"捷運景平站詢問處旁",
    "行政區":"中和區"
    }
  },
  {
    "type": "Feature",
    "geometry": {
       "type": "Point",
       "coordinates":  [ 121.5250505,24.9905493 ]
    },
    "properties": {
    "場所名稱":"捷運環狀線秀朗橋站Y09",
    "場所地址":"新北市中和區景平路2號",
    "場所分類":"交通要衝",
    "AED放置地點":"捷運秀朗橋站詢問處旁",
    "行政區":"中和區"
    }
  },
  {
    "type": "Feature",
    "geometry": {
       "type": "Point",
       "coordinates":  [ 121.4962709,25.0022915 ]
    },
    "properties": {
    "場所名稱":"捷運環狀線中和站Y12",
    "場所地址":"新北市中和區中山路二段271號",
    "場所分類":"交通要衝",
    "AED放置地點":"捷運環狀線中和站詢問處旁",
    "行政區":"中和區"
    }
  },
  {
    "type": "Feature",
    "geometry": {
       "type": "Point",
       "coordinates":  [ 121.4903178,25.0047969 ]
    },
    "properties": {
    "場所名稱":"捷運環狀線橋和站Y13",
    "場所地址":"新北市中和區板南路430號",
    "場所分類":"交通要衝",
    "AED放置地點":"捷運環狀線橋和站詢問處旁",
    "行政區":"中和區"
    }
  },
  {
    "type": "Feature",
    "geometry": {
       "type": "Point",
       "coordinates":  [ 121.504825,24.9938396 ]
    },
    "properties": {
    "場所名稱":"捷運環狀線景安站Y11",
    "場所地址":"新北市中和區景平路486號",
    "場所分類":"交通要衝",
    "AED放置地點":"環狀線景安站詢問處旁",
    "行政區":"中和區"
    }
  },
  {
    "type": "Feature",
    "geometry": {
       "type": "Point",
       "coordinates":  [ 121.4813052,25.0092921 ]
    },
    "properties": {
    "場所名稱":"新北市政府警察局交通警察大隊",
    "場所地址":"新北市中和區中正路1167號4樓",
    "場所分類":"其他",
    "AED放置地點":"新北市政府警察局勤務大樓4樓交通警察大隊",
    "行政區":"中和區"
    }
  },
  {
    "type": "Feature",
    "geometry": {
       "type": "Point",
       "coordinates":  [ 121.4741511,25.00354 ]
    },
    "properties": {
    "場所名稱":"新北市立圖書館中和員山分館",
    "場所地址":"新北市中和區民享街37號2樓",
    "場所分類":"大型休閒場所",
    "AED放置地點":"期刊區",
    "行政區":"中和區"
    }
  },
  {
    "type": "Feature",
    "geometry": {
       "type": "Point",
       "coordinates":  [ 121.4747785,25.0066731 ]
    },
    "properties": {
    "場所名稱":"環球購物中心股份有限公司中和分公司",
    "場所地址":"新北市中和區中山路三段122號",
    "場所分類":"大型購物場所",
    "AED放置地點":"環球購物中心 B2F燒肉like",
    "行政區":"中和區"
    }
  },
  {
    "type": "Feature",
    "geometry": {
       "type": "Point",
       "coordinates":  [ 121.4747785,25.0066731 ]
    },
    "properties": {
    "場所名稱":"環球購物中心股份有限公司中和分公司",
    "場所地址":"新北市中和區中山路三段122號",
    "場所分類":"大型購物場所",
    "AED放置地點":"環球購物中心 2F服務台",
    "行政區":"中和區"
    }
  },
  {
    "type": "Feature",
    "geometry": {
       "type": "Point",
       "coordinates":  [ 121.4747785,25.0066731 ]
    },
    "properties": {
    "場所名稱":"環球購物中心股份有限公司中和分公司",
    "場所地址":"新北市中和區中山路三段122號",
    "場所分類":"大型購物場所",
    "AED放置地點":"環球購物中心  4F 國賓影城",
    "行政區":"中和區"
    }
  },
  {
    "type": "Feature",
    "geometry": {
       "type": "Point",
       "coordinates":  [ 121.5259984,24.9908755 ]
    },
    "properties": {
    "場所名稱":"全民運動健身中心",
    "場所地址":"新北市中和區成功路129號B1",
    "場所分類":"學校、大型集會場所",
    "AED放置地點":"全民運動健身中心 櫃台正前方",
    "行政區":"中和區"
    }
  },
  {
    "type": "Feature",
    "geometry": {
       "type": "Point",
       "coordinates":  [ 121.4777782,25.002455 ]
    },
    "properties": {
    "場所名稱":"新北市政府警察局交通警察大隊中和分隊",
    "場所地址":"新北市中和區民安街158號",
    "場所分類":"其他",
    "AED放置地點":"交通分隊一樓",
    "行政區":"中和區"
    }
  },
  {
    "type": "Feature",
    "geometry": {
       "type": "Point",
       "coordinates":  [ 121.4775777,25.0015146 ]
    },
    "properties": {
    "場所名稱":"新北市政府警察局中和分局警備隊",
    "場所地址":"新北市中和區民安街150號",
    "場所分類":"其他",
    "AED放置地點":"警備隊一樓",
    "行政區":"中和區"
    }
  },
  {
    "type": "Feature",
    "geometry": {
       "type": "Point",
       "coordinates":  [ 121.4830745,25.0070368 ]
    },
    "properties": {
    "場所名稱":"裕信汽車股份有限公司 中和展示間",
    "場所地址":"新北市中和區中正路955號",
    "場所分類":"其他",
    "AED放置地點":"展示間",
    "行政區":"中和區"
    }
  },
  {
    "type": "Feature",
    "geometry": {
       "type": "Point",
       "coordinates":  [ 121.482067,25.0082696 ]
    },
    "properties": {
    "場所名稱":"鴻源汽車股份有限公司中和分公司",
    "場所地址":"新北市中和區中正路1155號",
    "場所分類":"其他",
    "AED放置地點":"中和區中正路1155號",
    "行政區":"中和區"
    }
  },
  {
    "type": "Feature",
    "geometry": {
       "type": "Point",
       "coordinates":  [ 121.4840963,25.0084233 ]
    },
    "properties": {
    "場所名稱":"捷運環狀線中原站Y14",
    "場所地址":"新北市中和區板南路510號",
    "場所分類":"交通要衝",
    "AED放置地點":"捷運環狀線中原站詢問處旁",
    "行政區":"中和區"
    }
  },
  {
    "type": "Feature",
    "geometry": {
       "type": "Point",
       "coordinates":  [ 121.5157675,24.9895503 ]
    },
    "properties": {
    "場所名稱":"新北市中和區景新國民小學",
    "場所地址":"新北市中和區景新街467巷37號",
    "場所分類":"學校、大型集會場所",
    "AED放置地點":"健康中心門口",
    "行政區":"中和區"
    }
  },
  {
    "type": "Feature",
    "geometry": {
       "type": "Point",
       "coordinates":  [ 121.5094613,24.9868926 ]
    },
    "properties": {
    "場所名稱":"新北市中和區興南國民小學",
    "場所地址":"新北市中和區興南路一段135巷24號",
    "場所分類":"學校、大型集會場所",
    "AED放置地點":"警衛室",
    "行政區":"中和區"
    }
  },
  {
    "type": "Feature",
    "geometry": {
       "type": "Point",
       "coordinates":  [ 121.5086901,24.9862084 ]
    },
    "properties": {
    "場所名稱":"新北市立中和國民中學",
    "場所地址":"新北市中和區興南路二段3巷17號",
    "場所分類":"學校、大型集會場所",
    "AED放置地點":"健康中心",
    "行政區":"中和區"
    }
  },
  {
    "type": "Feature",
    "geometry": {
       "type": "Point",
       "coordinates":  [ 121.507938,24.9864928 ]
    },
    "properties": {
    "場所名稱":"新北市政府警察局中和分局南勢派出所",
    "場所地址":"新北市中和區南山路322號",
    "場所分類":"其他",
    "AED放置地點":"派出所一樓",
    "行政區":"中和區"
    }
  },
  {
    "type": "Feature",
    "geometry": {
       "type": "Point",
       "coordinates":  [ 121.5110921,25.0024385 ]
    },
    "properties": {
    "場所名稱":"美麗永安藝文中心",
    "場所地址":"新北市中和區中和路390號2樓",
    "場所分類":"大型休閒場所",
    "AED放置地點":"2樓第二閱覽室置物櫃旁",
    "行政區":"中和區"
    }
  },
  {
    "type": "Feature",
    "geometry": {
       "type": "Point",
       "coordinates":  [ 121.501019,25.000504 ]
    },
    "properties": {
    "場所名稱":"新北市中和區枋寮公有零售市場",
    "場所地址":"新北市中和區中和路74號",
    "場所分類":"其他",
    "AED放置地點":"市場1樓樓梯旁",
    "行政區":"中和區"
    }
  },
  {
    "type": "Feature",
    "geometry": {
       "type": "Point",
       "coordinates":  [ 121.506804,24.9980037 ]
    },
    "properties": {
    "場所名稱":"景安護理之家",
    "場所地址":"新北市中和區景安路50號4樓",
    "場所分類":"其他",
    "AED放置地點":"新北市中和區景安路50號4樓",
    "行政區":"中和區"
    }
  },
  {
    "type": "Feature",
    "geometry": {
       "type": "Point",
       "coordinates":  [ 121.5007544,24.9986295 ]
    },
    "properties": {
    "場所名稱":"新北市中和區公所",
    "場所地址":"新北市中和區景平路634-2號",
    "場所分類":"其他",
    "AED放置地點":"一樓服務中心旁",
    "行政區":"中和區"
    }
  },
  {
    "type": "Feature",
    "geometry": {
       "type": "Point",
       "coordinates":  [ 121.5023364,24.9904682 ]
    },
    "properties": {
    "場所名稱":"新北市中和地政事務所",
    "場所地址":"新北市中和區復興路280號",
    "場所分類":"其他",
    "AED放置地點":"本所1F大廳",
    "行政區":"中和區"
    }
  },
  {
    "type": "Feature",
    "geometry": {
       "type": "Point",
       "coordinates":  [ 121.4851073,25.0024307 ]
    },
    "properties": {
    "場所名稱":"南陽實業股份有限公司中和據點",
    "場所地址":"新北市中和區中正路806號",
    "場所分類":"大型購物場所",
    "AED放置地點":"展示空間旁邊",
    "行政區":"中和區"
    }
  },
  {
    "type": "Feature",
    "geometry": {
       "type": "Point",
       "coordinates":  [ 121.5112617,25.0028373 ]
    },
    "properties": {
    "場所名稱":"臺北捷運永安市場站O03",
    "場所地址":"新北市中和區中和路388號",
    "場所分類":"交通要衝",
    "AED放置地點":"臺北捷運永安市場站O03詢問處附近",
    "行政區":"中和區"
    }
  },
  {
    "type": "Feature",
    "geometry": {
       "type": "Point",
       "coordinates":  [ 121.504825,24.9938396 ]
    },
    "properties": {
    "場所名稱":"臺北捷運景安站O02",
    "場所地址":"新北市中和區景平路486號",
    "場所分類":"交通要衝",
    "AED放置地點":"臺北捷運景安站O02詢問處附近",
    "行政區":"中和區"
    }
  },
  {
    "type": "Feature",
    "geometry": {
       "type": "Point",
       "coordinates":  [ 121.5088526,24.9899714 ]
    },
    "properties": {
    "場所名稱":"臺北捷運南勢角站O01",
    "場所地址":"新北市中和區捷運路6號",
    "場所分類":"交通要衝",
    "AED放置地點":"臺北捷運南勢角站O01詢問處附近",
    "行政區":"中和區"
    }
  },
  {
    "type": "Feature",
    "geometry": {
       "type": "Point",
       "coordinates":  [ 121.5164357,24.9924062 ]
    },
    "properties": {
    "場所名稱":"香港商世界健身事業有限公司景平分公司",
    "場所地址":"新北市中和區景平路182號",
    "場所分類":"學校、大型集會場所",
    "AED放置地點":"客服櫃台",
    "行政區":"中和區"
    }
  },
  {
    "type": "Feature",
    "geometry": {
       "type": "Point",
       "coordinates":  [ 121.5157675,24.9895503 ]
    },
    "properties": {
    "場所名稱":"新北市中和區景新國民小學",
    "場所地址":"新北市中和區景新街467巷37號",
    "場所分類":"學校、大型集會場所",
    "AED放置地點":"警衛室",
    "行政區":"中和區"
    }
  },
  {
    "type": "Feature",
    "geometry": {
       "type": "Point",
       "coordinates":  [ 121.4856656,25.0112443 ]
    },
    "properties": {
    "場所名稱":"遠雄錸儷接待中心",
    "場所地址":"新北市中和區中原街130號1樓",
    "場所分類":"其他",
    "AED放置地點":"遠雄錸儷",
    "行政區":"中和區"
    }
  },
  {
    "type": "Feature",
    "geometry": {
       "type": "Point",
       "coordinates":  [ 121.4821997,25.005315 ]
    },
    "properties": {
    "場所名稱":"裕信汽車股份有限公司 中和分公司",
    "場所地址":"新北市中和區中山路二段594號",
    "場所分類":"其他",
    "AED放置地點":"客戶休息區",
    "行政區":"中和區"
    }
  },
  {
    "type": "Feature",
    "geometry": {
       "type": "Point",
       "coordinates":  [ 121.4813052,25.0092921 ]
    },
    "properties": {
    "場所名稱":"新北市政府警察局勤務大樓",
    "場所地址":"新北市中和區中正路1167號1樓",
    "場所分類":"其他",
    "AED放置地點":"一樓入口",
    "行政區":"中和區"
    }
  },
  {
    "type": "Feature",
    "geometry": {
       "type": "Point",
       "coordinates":  [ 121.4758936,25.0009156 ]
    },
    "properties": {
    "場所名稱":"新北市政府警察局刑事警察大隊",
    "場所地址":"新北市中和區民安街176號",
    "場所分類":"其他",
    "AED放置地點":"6樓健身房外",
    "行政區":"中和區"
    }
  },
  {
    "type": "Feature",
    "geometry": {
       "type": "Point",
       "coordinates":  [ 121.4758936,25.0009156 ]
    },
    "properties": {
    "場所名稱":"新北市政府警察局刑事警察大隊",
    "場所地址":"新北市中和區民安街176號",
    "場所分類":"其他",
    "AED放置地點":"1樓大廳",
    "行政區":"中和區"
    }
  },
  {
    "type": "Feature",
    "geometry": {
       "type": "Point",
       "coordinates":  [ 121.4924664,25.0025603 ]
    },
    "properties": {
    "場所名稱":"好市多股份有限公司中和分公司",
    "場所地址":"新北市中和區中山路二段347號2樓",
    "場所分類":"大型購物場所",
    "AED放置地點":"商品提貨區旁",
    "行政區":"中和區"
    }
  },
  {
    "type": "Feature",
    "geometry": {
       "type": "Point",
       "coordinates":  [ 121.5011342,24.9992868 ]
    },
    "properties": {
    "場所名稱":"新北市中和區中和國民小學",
    "場所地址":"新北市中和區中和路100號",
    "場所分類":"學校、大型集會場所",
    "AED放置地點":"警衛室旁",
    "行政區":"中和區"
    }
  },
  {
    "type": "Feature",
    "geometry": {
       "type": "Point",
       "coordinates":  [ 121.5017142,24.9985288 ]
    },
    "properties": {
    "場所名稱":"新北市中和區衛生所",
    "場所地址":"新北市中和區南山路4巷3號",
    "場所分類":"其他",
    "AED放置地點":"中和區衛生所一樓門診區入口右側",
    "行政區":"中和區"
    }
  },
  {
    "type": "Feature",
    "geometry": {
       "type": "Point",
       "coordinates":  [ 121.5057743,25.0021774 ]
    },
    "properties": {
    "場所名稱":"新北市立漳和國民中學",
    "場所地址":"新北市中和區廣福路39號",
    "場所分類":"學校、大型集會場所",
    "AED放置地點":"校門口警衛室",
    "行政區":"中和區"
    }
  },
  {
    "type": "Feature",
    "geometry": {
       "type": "Point",
       "coordinates":  [ 121.5057743,25.0021774 ]
    },
    "properties": {
    "場所名稱":"新北市立漳和國民中學",
    "場所地址":"新北市中和區廣福路39號",
    "場所分類":"學校、大型集會場所",
    "AED放置地點":"健康中心",
    "行政區":"中和區"
    }
  },
  {
    "type": "Feature",
    "geometry": {
       "type": "Point",
       "coordinates":  [ 121.4960966,24.9976986 ]
    },
    "properties": {
    "場所名稱":"新北市政府警察局中和分局錦和派出所",
    "場所地址":"新北市中和區安邦街20號",
    "場所分類":"其他",
    "AED放置地點":"派出所一樓",
    "行政區":"中和區"
    }
  },
  {
    "type": "Feature",
    "geometry": {
       "type": "Point",
       "coordinates":  [ 121.5018865,24.9896377 ]
    },
    "properties": {
    "場所名稱":"新北市中和區復興國民小學",
    "場所地址":"新北市中和區復興路301巷6號",
    "場所分類":"學校、大型集會場所",
    "AED放置地點":"警衛室裡面",
    "行政區":"中和區"
    }
  },
  {
    "type": "Feature",
    "geometry": {
       "type": "Point",
       "coordinates":  [ 121.4915413,25.0080474 ]
    },
    "properties": {
    "場所名稱":"遠雄香榭園",
    "場所地址":"新北市中和區中原街18號1樓",
    "場所分類":"其他",
    "AED放置地點":"遠雄香榭園",
    "行政區":"中和區"
    }
  },
  {
    "type": "Feature",
    "geometry": {
       "type": "Point",
       "coordinates":  [ 121.502524,24.9904424 ]
    },
    "properties": {
    "場所名稱":"新北市政府警察局中和分局景安派出所",
    "場所地址":"新北市中和區復興路276號",
    "場所分類":"其他",
    "AED放置地點":"派出所一樓",
    "行政區":"中和區"
    }
  },
  {
    "type": "Feature",
    "geometry": {
       "type": "Point",
       "coordinates":  [ 121.5024131,24.9905135 ]
    },
    "properties": {
    "場所名稱":"復興停車場",
    "場所地址":"新北市中和區復興路278號B1-B3",
    "場所分類":"其他",
    "AED放置地點":"地下一樓",
    "行政區":"中和區"
    }
  },
  {
    "type": "Feature",
    "geometry": {
       "type": "Point",
       "coordinates":  [ 121.4972195,25.0050706 ]
    },
    "properties": {
    "場所名稱":"法務部調查局中和調查園區新建辦公大樓統包工程",
    "場所地址":"新北市中和區福美路298號",
    "場所分類":"其他",
    "AED放置地點":"工務所一樓",
    "行政區":"中和區"
    }
  },
  {
    "type": "Feature",
    "geometry": {
       "type": "Point",
       "coordinates":  [ 121.4813052,25.0092921 ]
    },
    "properties": {
    "場所名稱":"新北市政府警察局婦幼警察隊",
    "場所地址":"新北市中和區中正路1167號8樓",
    "場所分類":"其他",
    "AED放置地點":"婦幼警察隊",
    "行政區":"中和區"
    }
  },
  {
    "type": "Feature",
    "geometry": {
       "type": "Point",
       "coordinates":  [ 121.48011,25.004802 ]
    },
    "properties": {
    "場所名稱":"新北市政府警察局中和分局積穗派出所",
    "場所地址":"新北市中和區員山路471號",
    "場所分類":"其他",
    "AED放置地點":"派出所一樓",
    "行政區":"中和區"
    }
  },
  {
    "type": "Feature",
    "geometry": {
       "type": "Point",
       "coordinates":  [ 121.4864991,25.0106818 ]
    },
    "properties": {
    "場所名稱":"遠雄CASA社區",
    "場所地址":"新北市中和區中原街100號",
    "場所分類":"其他",
    "AED放置地點":"3樓公共開放空間廊道",
    "行政區":"中和區"
    }
  },
  {
    "type": "Feature",
    "geometry": {
       "type": "Point",
       "coordinates":  [ 121.4830081,25.005198 ]
    },
    "properties": {
    "場所名稱":"皇家護理之家",
    "場所地址":"新北市中和區中山路2段562號5樓",
    "場所分類":"其他",
    "AED放置地點":"護理站前",
    "行政區":"中和區"
    }
  },
  {
    "type": "Feature",
    "geometry": {
       "type": "Point",
       "coordinates":  [ 121.4800073,25.0087954 ]
    },
    "properties": {
    "場所名稱":"新北市私立員山老人長期照顧中心(養護型)",
    "場所地址":"新北市中和區員山路506號6樓",
    "場所分類":"其他",
    "AED放置地點":"護理站旁",
    "行政區":"中和區"
    }
  },
  {
    "type": "Feature",
    "geometry": {
       "type": "Point",
       "coordinates":  [ 121.4834502,25.001521 ]
    },
    "properties": {
    "場所名稱":"艾克斯股份有限公司",
    "場所地址":"新北市中和區新生街122號1樓及B1",
    "場所分類":"學校、大型集會場所",
    "AED放置地點":"B1大教室門外。",
    "行政區":"中和區"
    }
  },
  {
    "type": "Feature",
    "geometry": {
       "type": "Point",
       "coordinates":  [ 121.5142842,25.0044799 ]
    },
    "properties": {
    "場所名稱":"新北市永和區永安公有零售市場",
    "場所地址":"新北市永和區安樂路431號",
    "場所分類":"其他",
    "AED放置地點":"安樂路431號",
    "行政區":"永和區"
    }
  },
  {
    "type": "Feature",
    "geometry": {
       "type": "Point",
       "coordinates":  [ 121.5162521,25.0049524 ]
    },
    "properties": {
    "場所名稱":"新北市永和區衛生所",
    "場所地址":"新北市永和區秀朗路一段137號",
    "場所分類":"其他",
    "AED放置地點":"衛生所大廳",
    "行政區":"永和區"
    }
  },
  {
    "type": "Feature",
    "geometry": {
       "type": "Point",
       "coordinates":  [ 121.5204734,25.0095966 ]
    },
    "properties": {
    "場所名稱":"新北市政府警察局永和分局",
    "場所地址":"新北市永和區竹林路198號",
    "場所分類":"其他",
    "AED放置地點":"分局一樓",
    "行政區":"永和區"
    }
  },
  {
    "type": "Feature",
    "geometry": {
       "type": "Point",
       "coordinates":  [ 121.5023104,25.0110311 ]
    },
    "properties": {
    "場所名稱":"台北菠爾社區",
    "場所地址":"新北市永和區環河西路二段187號",
    "場所分類":"其他",
    "AED放置地點":"B1管理中心大門左前方",
    "行政區":"永和區"
    }
  },
  {
    "type": "Feature",
    "geometry": {
       "type": "Point",
       "coordinates":  [ 121.5071861,25.0077276 ]
    },
    "properties": {
    "場所名稱":"比漾廣場 (豐東興業股份有限公司)",
    "場所地址":"新北市永和區中山路一段238號",
    "場所分類":"大型購物場所",
    "AED放置地點":"B2F",
    "行政區":"永和區"
    }
  },
  {
    "type": "Feature",
    "geometry": {
       "type": "Point",
       "coordinates":  [ 121.5145353,25.0103251 ]
    },
    "properties": {
    "場所名稱":"財團法人世界宗教博物館發展基金會附設台北館",
    "場所地址":"新北市永和區中山路1段236號7樓",
    "場所分類":"觀光旅遊地區",
    "AED放置地點":"財團法人世界宗教博物館發展基金會附設台北館",
    "行政區":"永和區"
    }
  },
  {
    "type": "Feature",
    "geometry": {
       "type": "Point",
       "coordinates":  [ 121.5223911,24.9967195 ]
    },
    "properties": {
    "場所名稱":"遠百企業股份有限公司永和分公司",
    "場所地址":"新北市永和區民生路46巷46號B1",
    "場所分類":"大型購物場所",
    "AED放置地點":"B1客服中心",
    "行政區":"永和區"
    }
  },
  {
    "type": "Feature",
    "geometry": {
       "type": "Point",
       "coordinates":  [ 121.5200573,24.9971092 ]
    },
    "properties": {
    "場所名稱":"新北市政府警察局永和分局得和派出所",
    "場所地址":"新北市永和區民權路51號",
    "場所分類":"其他",
    "AED放置地點":"派出所一樓",
    "行政區":"永和區"
    }
  },
  {
    "type": "Feature",
    "geometry": {
       "type": "Point",
       "coordinates":  [ 121.5142682,25.0085028 ]
    },
    "properties": {
    "場所名稱":"原動力PowerForceFitness",
    "場所地址":"新北市永和區永和路一段156號B1",
    "場所分類":"學校、大型集會場所",
    "AED放置地點":"人臉辨識閘口",
    "行政區":"永和區"
    }
  },
  {
    "type": "Feature",
    "geometry": {
       "type": "Point",
       "coordinates":  [ 121.5254923,25.0026034 ]
    },
    "properties": {
    "場所名稱":"新北市政府警察局永和分局秀朗派出所",
    "場所地址":"新北市永和區永利路322巷29號",
    "場所分類":"其他",
    "AED放置地點":"派出所一樓",
    "行政區":"永和區"
    }
  },
  {
    "type": "Feature",
    "geometry": {
       "type": "Point",
       "coordinates":  [ 121.5143155,24.9956412 ]
    },
    "properties": {
    "場所名稱":"智光學校財團法人新北市智光高級商工職業學校",
    "場所地址":"新北市永和區中正路100號",
    "場所分類":"學校、大型集會場所",
    "AED放置地點":"健康中心門內",
    "行政區":"永和區"
    }
  },
  {
    "type": "Feature",
    "geometry": {
       "type": "Point",
       "coordinates":  [ 121.5216113,24.9996038 ]
    },
    "properties": {
    "場所名稱":"新北市永和區秀朗國民小學",
    "場所地址":"新北市永和區得和路202號",
    "場所分類":"學校、大型集會場所",
    "AED放置地點":"7號門穿堂",
    "行政區":"永和區"
    }
  },
  {
    "type": "Feature",
    "geometry": {
       "type": "Point",
       "coordinates":  [ 121.5153734,25.0118652 ]
    },
    "properties": {
    "場所名稱":"瓦城永和店",
    "場所地址":"新北市永和區永和路二段116號",
    "場所分類":"其他",
    "AED放置地點":"瓦城永和店",
    "行政區":"永和區"
    }
  },
  {
    "type": "Feature",
    "geometry": {
       "type": "Point",
       "coordinates":  [ 121.5053216,25.0131006 ]
    },
    "properties": {
    "場所名稱":"新北市立圖書館永和保生分館",
    "場所地址":"新北市永和區新生路218號5樓",
    "場所分類":"大型休閒場所",
    "AED放置地點":"新北市永和區新生路218號5樓訊檢索區旁",
    "行政區":"永和區"
    }
  },
  {
    "type": "Feature",
    "geometry": {
       "type": "Point",
       "coordinates":  [ 121.5110096,25.003088 ]
    },
    "properties": {
    "場所名稱":"前勁體能訓練中心-永安店",
    "場所地址":"新北市永和區中和路519巷6號B1",
    "場所分類":"學校、大型集會場所",
    "AED放置地點":"入門右側",
    "行政區":"永和區"
    }
  },
  {
    "type": "Feature",
    "geometry": {
       "type": "Point",
       "coordinates":  [ 121.5120861,25.0158384 ]
    },
    "properties": {
    "場所名稱":"新北市私立及人國民小學",
    "場所地址":"新北市永和區文化路172號",
    "場所分類":"學校、大型集會場所",
    "AED放置地點":"紫光樓一樓健康中心",
    "行政區":"永和區"
    }
  },
  {
    "type": "Feature",
    "geometry": {
       "type": "Point",
       "coordinates":  [ 121.5080331,25.0157654 ]
    },
    "properties": {
    "場所名稱":"新北市政府警察局永和分局交通分隊",
    "場所地址":"新北市永和區新生路36號",
    "場所分類":"其他",
    "AED放置地點":"分隊二樓",
    "行政區":"永和區"
    }
  },
  {
    "type": "Feature",
    "geometry": {
       "type": "Point",
       "coordinates":  [ 121.5102751,25.0125996 ]
    },
    "properties": {
    "場所名稱":"新北市政府警察局永和分局新生派出所",
    "場所地址":"新北市永和區仁愛路187號",
    "場所分類":"其他",
    "AED放置地點":"派出所一樓",
    "行政區":"永和區"
    }
  },
  {
    "type": "Feature",
    "geometry": {
       "type": "Point",
       "coordinates":  [ 121.5102751,25.0125996 ]
    },
    "properties": {
    "場所名稱":"新北市政府警察局永和分局新生派出所",
    "場所地址":"新北市永和區仁愛路187號",
    "場所分類":"其他",
    "AED放置地點":"新北市政府警察局永和分局新生派出所",
    "行政區":"永和區"
    }
  },
  {
    "type": "Feature",
    "geometry": {
       "type": "Point",
       "coordinates":  [ 121.515792,25.0164182 ]
    },
    "properties": {
    "場所名稱":"新北市政府警察局永和分局中正橋派出所",
    "場所地址":"新北市永和區永和路2段303號",
    "場所分類":"其他",
    "AED放置地點":"派出所一樓",
    "行政區":"永和區"
    }
  },
  {
    "type": "Feature",
    "geometry": {
       "type": "Point",
       "coordinates":  [ 121.5213727,24.9989399 ]
    },
    "properties": {
    "場所名稱":"新北市永和區永和國民小學",
    "場所地址":"新北市永和區秀朗路1段120號",
    "場所分類":"學校、大型集會場所",
    "AED放置地點":"至善樓1樓",
    "行政區":"永和區"
    }
  },
  {
    "type": "Feature",
    "geometry": {
       "type": "Point",
       "coordinates":  [ 121.5034477,25.0078124 ]
    },
    "properties": {
    "場所名稱":"香港商世界健身事業有限公司永和分公司",
    "場所地址":"新北市永和區仁愛路309號B1",
    "場所分類":"學校、大型集會場所",
    "AED放置地點":"客服櫃檯旁",
    "行政區":"永和區"
    }
  },
  {
    "type": "Feature",
    "geometry": {
       "type": "Point",
       "coordinates":  [ 121.5087076,25.0107227 ]
    },
    "properties": {
    "場所名稱":"新北市立永平高級中學",
    "場所地址":"新北市永和區永平路205號",
    "場所分類":"學校、大型集會場所",
    "AED放置地點":"保健室",
    "行政區":"永和區"
    }
  },
  {
    "type": "Feature",
    "geometry": {
       "type": "Point",
       "coordinates":  [ 121.5244217,25.0031865 ]
    },
    "properties": {
    "場所名稱":"新北市永和國民運動中心",
    "場所地址":"新北市永和區永利路250號",
    "場所分類":"學校、大型集會場所",
    "AED放置地點":"4F電梯口左前方",
    "行政區":"永和區"
    }
  },
  {
    "type": "Feature",
    "geometry": {
       "type": "Point",
       "coordinates":  [ 121.5244217,25.0031865 ]
    },
    "properties": {
    "場所名稱":"新北市永和國民運動中心",
    "場所地址":"新北市永和區永利路250號",
    "場所分類":"學校、大型集會場所",
    "AED放置地點":"1F電梯口左前方",
    "行政區":"永和區"
    }
  },
  {
    "type": "Feature",
    "geometry": {
       "type": "Point",
       "coordinates":  [ 121.5153403,25.0138574 ]
    },
    "properties": {
    "場所名稱":"打鐵健身房永和店",
    "場所地址":"新北市永和區永和路二段209號B1",
    "場所分類":"學校、大型集會場所",
    "AED放置地點":"B1辦公室門口處",
    "行政區":"永和區"
    }
  },
  {
    "type": "Feature",
    "geometry": {
       "type": "Point",
       "coordinates":  [ 121.5170835,25.0145895 ]
    },
    "properties": {
    "場所名稱":"新北市私立竹林國民小學",
    "場所地址":"新北市永和區竹林路34號",
    "場所分類":"學校、大型集會場所",
    "AED放置地點":"辦公室門口",
    "行政區":"永和區"
    }
  },
  {
    "type": "Feature",
    "geometry": {
       "type": "Point",
       "coordinates":  [ 121.5136644,25.0077268 ]
    },
    "properties": {
    "場所名稱":"柯達大飯店股份有限公司永和分公司",
    "場所地址":"新北市永和區永和路一段103號",
    "場所分類":"旅宿場所",
    "AED放置地點":"一樓大庭",
    "行政區":"永和區"
    }
  },
  {
    "type": "Feature",
    "geometry": {
       "type": "Point",
       "coordinates":  [ 121.5172223,25.0072135 ]
    },
    "properties": {
    "場所名稱":"CURVES女性30分鐘環狀運動永和福合店",
    "場所地址":"新北市永和區中正路608號4F",
    "場所分類":"學校、大型集會場所",
    "AED放置地點":"運動圓弧區",
    "行政區":"永和區"
    }
  },
  {
    "type": "Feature",
    "geometry": {
       "type": "Point",
       "coordinates":  [ 121.5145258,25.006284 ]
    },
    "properties": {
    "場所名稱":"新北市政府警察局永和分局永和派出所",
    "場所地址":"新北市永和區安樂路344號",
    "場所分類":"其他",
    "AED放置地點":"進大門入口左側文書整理區印表機旁",
    "行政區":"永和區"
    }
  },
  {
    "type": "Feature",
    "geometry": {
       "type": "Point",
       "coordinates":  [ 121.5198731,25.0086812 ]
    },
    "properties": {
    "場所名稱":"新北市立圖書館永和分館",
    "場所地址":"新北市永和區國光路2號",
    "場所分類":"大型休閒場所",
    "AED放置地點":"1樓櫃台左前方",
    "行政區":"永和區"
    }
  },
  {
    "type": "Feature",
    "geometry": {
       "type": "Point",
       "coordinates":  [ 121.5145353,25.0103251 ]
    },
    "properties": {
    "場所名稱":"鴻源汽車股份有限公司永和分公司",
    "場所地址":"新北市永和區成功路1段80號",
    "場所分類":"其他",
    "AED放置地點":"永和區成功 路1段80號",
    "行政區":"永和區"
    }
  },
  {
    "type": "Feature",
    "geometry": {
       "type": "Point",
       "coordinates":  [ 121.5198009,24.9979887 ]
    },
    "properties": {
    "場所名稱":"新北市立圖書館永和民權分館",
    "場所地址":"新北市永和區民權路60號7樓",
    "場所分類":"大型休閒場所",
    "AED放置地點":"新北市永和區民權路60號7樓",
    "行政區":"永和區"
    }
  },
  {
    "type": "Feature",
    "geometry": {
       "type": "Point",
       "coordinates":  [ 121.5203153,25.0092058 ]
    },
    "properties": {
    "場所名稱":"新北市永和區公所",
    "場所地址":"新北市永和區竹林路200號",
    "場所分類":"其他",
    "AED放置地點":"新北市永和區竹林路200號4樓",
    "行政區":"永和區"
    }
  },
  {
    "type": "Feature",
    "geometry": {
       "type": "Point",
       "coordinates":  [ 121.5214776,25.0044586 ]
    },
    "properties": {
    "場所名稱":"新北市立福和國民中學",
    "場所地址":"新北市永和區永利路71號",
    "場所分類":"學校、大型集會場所",
    "AED放置地點":"游泳池",
    "行政區":"永和區"
    }
  },
  {
    "type": "Feature",
    "geometry": {
       "type": "Point",
       "coordinates":  [ 121.519441,25.013053 ]
    },
    "properties": {
    "場所名稱":"新北市永和區網溪國民小學",
    "場所地址":"新北市永和區竹林路79號",
    "場所分類":"學校、大型集會場所",
    "AED放置地點":"迎曦樓1樓健康中心旁",
    "行政區":"永和區"
    }
  },
  {
    "type": "Feature",
    "geometry": {
       "type": "Point",
       "coordinates":  [ 121.5114852,25.0152952 ]
    },
    "properties": {
    "場所名稱":"新北市永和區頂溪國民小學",
    "場所地址":"新北市永和區文化路133號",
    "場所分類":"學校、大型集會場所",
    "AED放置地點":"學校入口警衛室",
    "行政區":"永和區"
    }
  },
  {
    "type": "Feature",
    "geometry": {
       "type": "Point",
       "coordinates":  [ 121.5114852,25.0152952 ]
    },
    "properties": {
    "場所名稱":"新北市永和區頂溪國民小學",
    "場所地址":"新北市永和區文化路133號",
    "場所分類":"學校、大型集會場所",
    "AED放置地點":"健康中心",
    "行政區":"永和區"
    }
  },
  {
    "type": "Feature",
    "geometry": {
       "type": "Point",
       "coordinates":  [ 121.5044097,25.0102004 ]
    },
    "properties": {
    "場所名稱":"國都汽車股份有限公司北永和服務廠",
    "場所地址":"新北市永和區保生路55號",
    "場所分類":"其他",
    "AED放置地點":"服務廠展間",
    "行政區":"永和區"
    }
  },
  {
    "type": "Feature",
    "geometry": {
       "type": "Point",
       "coordinates":  [ 121.505616,25.0078894 ]
    },
    "properties": {
    "場所名稱":"新北市永和區永平國民小學",
    "場所地址":"新北市永和區保生路25號",
    "場所分類":"學校、大型集會場所",
    "AED放置地點":"永平國小活動中心一樓",
    "行政區":"永和區"
    }
  },
  {
    "type": "Feature",
    "geometry": {
       "type": "Point",
       "coordinates":  [ 121.519441,25.013053 ]
    },
    "properties": {
    "場所名稱":"新北市永和區網溪國民小學",
    "場所地址":"新北市永和區竹林路79號",
    "場所分類":"學校、大型集會場所",
    "AED放置地點":"活力館一樓",
    "行政區":"永和區"
    }
  },
  {
    "type": "Feature",
    "geometry": {
       "type": "Point",
       "coordinates":  [ 121.5160388,25.0184016 ]
    },
    "properties": {
    "場所名稱":"永和綠光河岸公園",
    "場所地址":"新北市永和區光河岸停車場票亭",
    "場所分類":"其他",
    "AED放置地點":"停車場票亭",
    "行政區":"永和區"
    }
  },
  {
    "type": "Feature",
    "geometry": {
       "type": "Point",
       "coordinates":  [ 121.5087076,25.0107227 ]
    },
    "properties": {
    "場所名稱":"新北市立永平高級中學",
    "場所地址":"新北市永和區永平路205號",
    "場所分類":"學校、大型集會場所",
    "AED放置地點":"警衛室",
    "行政區":"永和區"
    }
  },
  {
    "type": "Feature",
    "geometry": {
       "type": "Point",
       "coordinates":  [ 121.5217564,25.0071184 ]
    },
    "properties": {
    "場所名稱":"新北市私立育才國民小學",
    "場所地址":"新北市永和區新北市永和區福和路125巷20號",
    "場所分類":"學校、大型集會場所",
    "AED放置地點":"學務處前走廊",
    "行政區":"永和區"
    }
  },
  {
    "type": "Feature",
    "geometry": {
       "type": "Point",
       "coordinates":  [ 121.523632,25.0063565 ]
    },
    "properties": {
    "場所名稱":"新北市立永和國民中學",
    "場所地址":"新北市永和區國中路111號",
    "場所分類":"學校、大型集會場所",
    "AED放置地點":"衛生組門口",
    "行政區":"永和區"
    }
  },
  {
    "type": "Feature",
    "geometry": {
       "type": "Point",
       "coordinates":  [ 121.505616,25.0078894 ]
    },
    "properties": {
    "場所名稱":"新北市永和區永平國民小學",
    "場所地址":"新北市永和區保生路25號",
    "場所分類":"學校、大型集會場所",
    "AED放置地點":"永平國小二聖樓一樓",
    "行政區":"永和區"
    }
  },
  {
    "type": "Feature",
    "geometry": {
       "type": "Point",
       "coordinates":  [ 121.521863,25.00774 ]
    },
    "properties": {
    "場所名稱":"柏文健康事業股份有限公司永和分公司",
    "場所地址":"新北市永和區福和路103號B1",
    "場所分類":"其他",
    "AED放置地點":"柏文健康事業股份有限公司永和分公司",
    "行政區":"永和區"
    }
  },
  {
    "type": "Feature",
    "geometry": {
       "type": "Point",
       "coordinates":  [ 121.5185334,25.0037409 ]
    },
    "properties": {
    "場所名稱":"新北市私立復興高級商工職業學校",
    "場所地址":"新北市永和區秀朗路一段201號",
    "場所分類":"學校、大型集會場所",
    "AED放置地點":"西側門口會客室(警衛室)內",
    "行政區":"永和區"
    }
  },
  {
    "type": "Feature",
    "geometry": {
       "type": "Point",
       "coordinates":  [ 121.5203153,25.0092058 ]
    },
    "properties": {
    "場所名稱":"新北市永和區公所",
    "場所地址":"新北市永和區竹林路200號",
    "場所分類":"其他",
    "AED放置地點":"社會人文課28號櫃檯前方",
    "行政區":"永和區"
    }
  },
  {
    "type": "Feature",
    "geometry": {
       "type": "Point",
       "coordinates":  [ 121.5201964,24.9967049 ]
    },
    "properties": {
    "場所名稱":"香港商世界健身事業有限公司永和民權分公司",
    "場所地址":"新北市永和區民權路53號B1",
    "場所分類":"學校、大型集會場所",
    "AED放置地點":"健身中心大門入口處",
    "行政區":"永和區"
    }
  },
  {
    "type": "Feature",
    "geometry": {
       "type": "Point",
       "coordinates":  [ 121.5167281,25.0135193 ]
    },
    "properties": {
    "場所名稱":"新北市永和區溪洲公有零售市場",
    "場所地址":"新北市永和區勵行街42-1號",
    "場所分類":"其他",
    "AED放置地點":"市場1樓側門旁",
    "行政區":"永和區"
    }
  },
  {
    "type": "Feature",
    "geometry": {
       "type": "Point",
       "coordinates":  [ 121.5142842,25.0044799 ]
    },
    "properties": {
    "場所名稱":"新北市永和區永安公有零售市場",
    "場所地址":"新北市永和區安樂路431號",
    "場所分類":"其他",
    "AED放置地點":"市場1樓辦公室旁",
    "行政區":"永和區"
    }
  },
  {
    "type": "Feature",
    "geometry": {
       "type": "Point",
       "coordinates":  [ 121.4964767,25.0065527 ]
    },
    "properties": {
    "場所名稱":"世樺牙醫診所",
    "場所地址":"新北市永和區永和路1段154號1樓",
    "場所分類":"其他",
    "AED放置地點":"診所內候診區",
    "行政區":"永和區"
    }
  },
  {
    "type": "Feature",
    "geometry": {
       "type": "Point",
       "coordinates":  [ 121.5041903,25.0106781 ]
    },
    "properties": {
    "場所名稱":"新北市政府環境保護局永和區清潔隊資源回收場",
    "場所地址":"新北市永和區保生路55-3號",
    "場所分類":"其他",
    "AED放置地點":"辦公室",
    "行政區":"永和區"
    }
  },
  {
    "type": "Feature",
    "geometry": {
       "type": "Point",
       "coordinates":  [ 121.5154203,25.012836 ]
    },
    "properties": {
    "場所名稱":"臺北捷運頂溪站O04",
    "場所地址":"新北市永和區永和路二段168號",
    "場所分類":"交通要衝",
    "AED放置地點":"臺北捷運頂溪站O04詢問處附近",
    "行政區":"永和區"
    }
  },
  {
    "type": "Feature",
    "geometry": {
       "type": "Point",
       "coordinates":  [ 121.52025,25.0087038 ]
    },
    "properties": {
    "場所名稱":"新北市永和國父紀念館",
    "場所地址":"新北市永和區竹林路202號",
    "場所分類":"其他",
    "AED放置地點":"一樓館內進門",
    "行政區":"永和區"
    }
  },
  {
    "type": "Feature",
    "geometry": {
       "type": "Point",
       "coordinates":  [ 121.5447339,24.9790187 ]
    },
    "properties": {
    "場所名稱":"合環御寶社區B棟",
    "場所地址":"新北市新店區寶強路18號",
    "場所分類":"其他",
    "AED放置地點":"B棟一樓大廳",
    "行政區":"新店區"
    }
  },
  {
    "type": "Feature",
    "geometry": {
       "type": "Point",
       "coordinates":  [ 121.5439828,24.9786071 ]
    },
    "properties": {
    "場所名稱":"合環御寶社區A棟",
    "場所地址":"新北市新店區寶強路8號",
    "場所分類":"其他",
    "AED放置地點":"A棟一樓大廳",
    "行政區":"新店區"
    }
  },
  {
    "type": "Feature",
    "geometry": {
       "type": "Point",
       "coordinates":  [ 121.5454121,24.9797071 ]
    },
    "properties": {
    "場所名稱":"第一商業銀行新店分行",
    "場所地址":"新北市新店區中興路3段134號",
    "場所分類":"其他",
    "AED放置地點":"大門入口左側(飲水機旁)",
    "行政區":"新店區"
    }
  },
  {
    "type": "Feature",
    "geometry": {
       "type": "Point",
       "coordinates":  [ 121.5393196,24.956165 ]
    },
    "properties": {
    "場所名稱":"新北市立文山國民中學",
    "場所地址":"新北市新店區文中路38號",
    "場所分類":"學校、大型集會場所",
    "AED放置地點":"文山國中警衛室",
    "行政區":"新店區"
    }
  },
  {
    "type": "Feature",
    "geometry": {
       "type": "Point",
       "coordinates":  [ 121.5424722,24.9671774 ]
    },
    "properties": {
    "場所名稱":"新北市新店國民運動中心",
    "場所地址":"新北市新店區北新路一段88巷12號",
    "場所分類":"學校、大型集會場所",
    "AED放置地點":"1樓泳池入口處",
    "行政區":"新店區"
    }
  },
  {
    "type": "Feature",
    "geometry": {
       "type": "Point",
       "coordinates":  [ 121.5424722,24.9671774 ]
    },
    "properties": {
    "場所名稱":"新北市新店國民運動中心",
    "場所地址":"新北市新店區北新路一段88巷12號",
    "場所分類":"學校、大型集會場所",
    "AED放置地點":"3樓體適能中心入口處",
    "行政區":"新店區"
    }
  },
  {
    "type": "Feature",
    "geometry": {
       "type": "Point",
       "coordinates":  [ 121.4978523,24.9108487 ]
    },
    "properties": {
    "場所名稱":"新北市康橋國際學校秀岡校區",
    "場所地址":"新北市新店區華城路800號",
    "場所分類":"學校、大型集會場所",
    "AED放置地點":"教一大樓第二穿堂 總務部旁",
    "行政區":"新店區"
    }
  },
  {
    "type": "Feature",
    "geometry": {
       "type": "Point",
       "coordinates":  [ 121.5377593,24.9582109 ]
    },
    "properties": {
    "場所名稱":"健身工廠新店廠",
    "場所地址":"新北市新店區北宜路一段2號2樓",
    "場所分類":"學校、大型集會場所",
    "AED放置地點":"健身工廠新店廠私人教練區",
    "行政區":"新店區"
    }
  },
  {
    "type": "Feature",
    "geometry": {
       "type": "Point",
       "coordinates":  [ 121.5450031,24.9738981 ]
    },
    "properties": {
    "場所名稱":"新北市新店區北新國民小學",
    "場所地址":"新北市新店區寶橋路8號",
    "場所分類":"學校、大型集會場所",
    "AED放置地點":"新北市新店區寶橋路8號",
    "行政區":"新店區"
    }
  },
  {
    "type": "Feature",
    "geometry": {
       "type": "Point",
       "coordinates":  [ 121.5401358,24.9579558 ]
    },
    "properties": {
    "場所名稱":"能仁學校財團法人新北市能仁高級家事商業職業學校",
    "場所地址":"新北市新店區文中路53巷10號",
    "場所分類":"學校、大型集會場所",
    "AED放置地點":"戒光大樓學務處前",
    "行政區":"新店區"
    }
  },
  {
    "type": "Feature",
    "geometry": {
       "type": "Point",
       "coordinates":  [ 121.5421147,24.9674651 ]
    },
    "properties": {
    "場所名稱":"新北市政府警察局新店分局警備隊",
    "場所地址":"新北市新店區北新路一段86號6樓",
    "場所分類":"其他",
    "AED放置地點":"值勤臺左側",
    "行政區":"新店區"
    }
  },
  {
    "type": "Feature",
    "geometry": {
       "type": "Point",
       "coordinates":  [ 121.5373339,24.9710196 ]
    },
    "properties": {
    "場所名稱":"新北市新店區三民地下停車場",
    "場所地址":"新北市新店區三民路20-1號",
    "場所分類":"其他",
    "AED放置地點":"管理室外",
    "行政區":"新店區"
    }
  },
  {
    "type": "Feature",
    "geometry": {
       "type": "Point",
       "coordinates":  [ 121.537986,24.9728789 ]
    },
    "properties": {
    "場所名稱":"新北市政府社會局委託財團法人伊甸社會福利基金會辦理新店中正社區長照機構(新店中正障礙者日間照顧中心)",
    "場所地址":"新北市新店區中正路263巷16號4樓",
    "場所分類":"其他",
    "AED放置地點":"本中心辦公室",
    "行政區":"新店區"
    }
  },
  {
    "type": "Feature",
    "geometry": {
       "type": "Point",
       "coordinates":  [ 121.5401528,24.9529007 ]
    },
    "properties": {
    "場所名稱":"新北市新店區新店國民小學",
    "場所地址":"新北市新店區新店路2號",
    "場所分類":"學校、大型集會場所",
    "AED放置地點":"健康中心外面",
    "行政區":"新店區"
    }
  },
  {
    "type": "Feature",
    "geometry": {
       "type": "Point",
       "coordinates":  [ 121.5289652,24.9836203 ]
    },
    "properties": {
    "場所名稱":"新北市政府捷運工程局",
    "場所地址":"新北市新店區民權路280號3樓",
    "場所分類":"其他",
    "AED放置地點":"新北市新店區民權路280號3樓",
    "行政區":"新店區"
    }
  },
  {
    "type": "Feature",
    "geometry": {
       "type": "Point",
       "coordinates":  [ 121.5556876,24.9538169 ]
    },
    "properties": {
    "場所名稱":"法務部調查局幹部訓練所",
    "場所地址":"新北市新店區北宜路二段295號",
    "場所分類":"其他",
    "AED放置地點":"展抱樓籃球場B2",
    "行政區":"新店區"
    }
  },
  {
    "type": "Feature",
    "geometry": {
       "type": "Point",
       "coordinates":  [ 121.5300712,24.9731663 ]
    },
    "properties": {
    "場所名稱":"臺北捷運小碧潭站G03A",
    "場所地址":"新北市新店區中央路151號4樓",
    "場所分類":"交通要衝",
    "AED放置地點":"4樓大廳月台層詢問處附近",
    "行政區":"新店區"
    }
  },
  {
    "type": "Feature",
    "geometry": {
       "type": "Point",
       "coordinates":  [ 121.5394822,24.978282 ]
    },
    "properties": {
    "場所名稱":"新店親情河濱公園",
    "場所地址":"新北市新店區停車場票亭",
    "場所分類":"其他",
    "AED放置地點":"停車場票亭",
    "行政區":"新店區"
    }
  },
  {
    "type": "Feature",
    "geometry": {
       "type": "Point",
       "coordinates":  [ 121.5394822,24.978282 ]
    },
    "properties": {
    "場所名稱":"新店陽光運動園區",
    "場所地址":"新北市新店區停車場",
    "場所分類":"其他",
    "AED放置地點":"停車場票亭",
    "行政區":"新店區"
    }
  },
  {
    "type": "Feature",
    "geometry": {
       "type": "Point",
       "coordinates":  [ 121.545218,24.9782672 ]
    },
    "properties": {
    "場所名稱":"裕信汽車股份有限公司 新店分公司",
    "場所地址":"新北市新店區中興路三段9號",
    "場所分類":"其他",
    "AED放置地點":"客戶休息區",
    "行政區":"新店區"
    }
  },
  {
    "type": "Feature",
    "geometry": {
       "type": "Point",
       "coordinates":  [ 121.5297745,24.9725821 ]
    },
    "properties": {
    "場所名稱":"宜家家居股份有限公司新店分公司",
    "場所地址":"新北市新店區中央路159號4樓",
    "場所分類":"大型購物場所",
    "AED放置地點":"4樓辦公室",
    "行政區":"新店區"
    }
  },
  {
    "type": "Feature",
    "geometry": {
       "type": "Point",
       "coordinates":  [ 121.530427,24.9723936 ]
    },
    "properties": {
    "場所名稱":"京站實業股份有限公司新店分公司",
    "場所地址":"新北市新店區中央路157號5樓",
    "場所分類":"大型購物場所",
    "AED放置地點":"5樓空橋上",
    "行政區":"新店區"
    }
  },
  {
    "type": "Feature",
    "geometry": {
       "type": "Point",
       "coordinates":  [ 121.5297745,24.9725821 ]
    },
    "properties": {
    "場所名稱":"宜家家居股份有限公司新店分公司",
    "場所地址":"新北市新店區中央路159號4樓",
    "場所分類":"大型購物場所",
    "AED放置地點":"4樓瑞典餐廳入口處",
    "行政區":"新店區"
    }
  },
  {
    "type": "Feature",
    "geometry": {
       "type": "Point",
       "coordinates":  [ 121.5297745,24.9725821 ]
    },
    "properties": {
    "場所名稱":"宜家家居股份有限公司新店分公司",
    "場所地址":"新北市新店區中央路159號4樓",
    "場所分類":"大型購物場所",
    "AED放置地點":"3樓客服櫃台前",
    "行政區":"新店區"
    }
  },
  {
    "type": "Feature",
    "geometry": {
       "type": "Point",
       "coordinates":  [ 121.5440696,24.9667173 ]
    },
    "properties": {
    "場所名稱":"新北市立五峰國民中學",
    "場所地址":"新北市新店區中興路一段253號",
    "場所分類":"學校、大型集會場所",
    "AED放置地點":"新北市五峰國中",
    "行政區":"新店區"
    }
  },
  {
    "type": "Feature",
    "geometry": {
       "type": "Point",
       "coordinates":  [ 121.5399642,24.9848766 ]
    },
    "properties": {
    "場所名稱":"矽谷大樓一期15樓",
    "場所地址":"新北市新店區北新路三段207-5號15樓",
    "場所分類":"其他",
    "AED放置地點":"15樓電梯口",
    "行政區":"新店區"
    }
  },
  {
    "type": "Feature",
    "geometry": {
       "type": "Point",
       "coordinates":  [ 121.515366,24.9748452 ]
    },
    "properties": {
    "場所名稱":"白金花園酒店",
    "場所地址":"新北市新店區安興路77號",
    "場所分類":"旅宿場所",
    "AED放置地點":"本店大廳",
    "行政區":"新店區"
    }
  },
  {
    "type": "Feature",
    "geometry": {
       "type": "Point",
       "coordinates":  [ 121.5173296,24.9537653 ]
    },
    "properties": {
    "場所名稱":"新北市康橋國際學校青山校區",
    "場所地址":"新北市新店區頂城五街80號",
    "場所分類":"學校、大型集會場所",
    "AED放置地點":"游泳池門口",
    "行政區":"新店區"
    }
  },
  {
    "type": "Feature",
    "geometry": {
       "type": "Point",
       "coordinates":  [ 121.5149211,24.9669098 ]
    },
    "properties": {
    "場所名稱":"新北市私立及人高級中學",
    "場所地址":"新北市新店區安興路1號",
    "場所分類":"學校、大型集會場所",
    "AED放置地點":"學務處",
    "行政區":"新店區"
    }
  },
  {
    "type": "Feature",
    "geometry": {
       "type": "Point",
       "coordinates":  [ 121.539141,24.9717338 ]
    },
    "properties": {
    "場所名稱":"新北市私立崇光女子高級中學",
    "場所地址":"新北市新店區三民路18號",
    "場所分類":"學校、大型集會場所",
    "AED放置地點":"校門口接待室",
    "行政區":"新店區"
    }
  },
  {
    "type": "Feature",
    "geometry": {
       "type": "Point",
       "coordinates":  [ 121.4507516,25.1793394 ]
    },
    "properties": {
    "場所名稱":"新北市新店區公所",
    "場所地址":"新北市新店區北新路1段86號8樓",
    "場所分類":"其他",
    "AED放置地點":"電梯出口右方",
    "行政區":"新店區"
    }
  },
  {
    "type": "Feature",
    "geometry": {
       "type": "Point",
       "coordinates":  [ 121.5440696,24.9667173 ]
    },
    "properties": {
    "場所名稱":"新北市立五峰國民中學",
    "場所地址":"新北市新店區中興路一段253號",
    "場所分類":"學校、大型集會場所",
    "AED放置地點":"1樓童軍團部前",
    "行政區":"新店區"
    }
  },
  {
    "type": "Feature",
    "geometry": {
       "type": "Point",
       "coordinates":  [ 121.5051952,24.9426905 ]
    },
    "properties": {
    "場所名稱":"元野運動事業有限公司",
    "場所地址":"新北市新店區達觀路6號B2",
    "場所分類":"學校、大型集會場所",
    "AED放置地點":"休息區側邊",
    "行政區":"新店區"
    }
  },
  {
    "type": "Feature",
    "geometry": {
       "type": "Point",
       "coordinates":  [ 121.537986,24.9728789 ]
    },
    "properties": {
    "場所名稱":"新北市政府社會局文山社會福利服務中心",
    "場所地址":"新北市新店區中正路263巷16號5樓",
    "場所分類":"其他",
    "AED放置地點":"新北市政府文山社會福利服務中心",
    "行政區":"新店區"
    }
  },
  {
    "type": "Feature",
    "geometry": {
       "type": "Point",
       "coordinates":  [ 121.5510835,24.9507817 ]
    },
    "properties": {
    "場所名稱":"臺灣土地銀行員工訓練所",
    "場所地址":"新北市新店區竹林路26巷42號",
    "場所分類":"其他",
    "AED放置地點":"員工訓練所大廳",
    "行政區":"新店區"
    }
  },
  {
    "type": "Feature",
    "geometry": {
       "type": "Point",
       "coordinates":  [ 121.560142,24.9545715 ]
    },
    "properties": {
    "場所名稱":"新北市政府警察局新店分局青潭派出所",
    "場所地址":"新北市新店區北宜路2段417號",
    "場所分類":"其他",
    "AED放置地點":"派出所1樓",
    "行政區":"新店區"
    }
  },
  {
    "type": "Feature",
    "geometry": {
       "type": "Point",
       "coordinates":  [ 121.5135319,24.9610066 ]
    },
    "properties": {
    "場所名稱":"新北市新店區安坑國小附設幼兒園",
    "場所地址":"新北市新店區安忠路36號(安坑國小附設幼兒園)",
    "場所分類":"其他",
    "AED放置地點":"幼兒園大樓1F樓梯口",
    "行政區":"新店區"
    }
  },
  {
    "type": "Feature",
    "geometry": {
       "type": "Point",
       "coordinates":  [ 121.5165203,24.9675302 ]
    },
    "properties": {
    "場所名稱":"新北市立圖書館新店柴埕圖書閱覽室",
    "場所地址":"新北市新店區安民街79號3樓",
    "場所分類":"大型休閒場所",
    "AED放置地點":"自修室門口",
    "行政區":"新店區"
    }
  },
  {
    "type": "Feature",
    "geometry": {
       "type": "Point",
       "coordinates":  [ 121.5344187,24.9570479 ]
    },
    "properties": {
    "場所名稱":"新北市政府警察局新店分局頂城派出所",
    "場所地址":"新北市新店區碧潭路75號3樓",
    "場所分類":"其他",
    "AED放置地點":"頂城派出所",
    "行政區":"新店區"
    }
  },
  {
    "type": "Feature",
    "geometry": {
       "type": "Point",
       "coordinates":  [ 121.5145523,24.9701145 ]
    },
    "properties": {
    "場所名稱":"新北市立安康高級中學",
    "場所地址":"新北市新店區新北市新店區安興路 25 號",
    "場所分類":"學校、大型集會場所",
    "AED放置地點":"安康高中健康中心",
    "行政區":"新店區"
    }
  },
  {
    "type": "Feature",
    "geometry": {
       "type": "Point",
       "coordinates":  [ 121.5380262,24.9786439 ]
    },
    "properties": {
    "場所名稱":"新北市新店區大豐國民小學",
    "場所地址":"新北市新店區民族路108號",
    "場所分類":"學校、大型集會場所",
    "AED放置地點":"大門口穿堂",
    "行政區":"新店區"
    }
  },
  {
    "type": "Feature",
    "geometry": {
       "type": "Point",
       "coordinates":  [ 121.4870575,24.9496867 ]
    },
    "properties": {
    "場所名稱":"中央印製廠安康廠區",
    "場所地址":"新北市新店區安康路三段235號",
    "場所分類":"其他",
    "AED放置地點":"101廠房中庭",
    "行政區":"新店區"
    }
  },
  {
    "type": "Feature",
    "geometry": {
       "type": "Point",
       "coordinates":  [ 121.5009223,24.9382136 ]
    },
    "properties": {
    "場所名稱":"二叭子植物園",
    "場所地址":"新北市新店區新北市新店區雙城路279號",
    "場所分類":"觀光旅遊地區",
    "AED放置地點":"二叭子植物園",
    "行政區":"新店區"
    }
  },
  {
    "type": "Feature",
    "geometry": {
       "type": "Point",
       "coordinates":  [ 121.5417551,24.9676021 ]
    },
    "properties": {
    "場所名稱":"新北市政府警察局交通警察大隊新店分隊",
    "場所地址":"新北市新店區北新路一段86號7樓",
    "場所分類":"其他",
    "AED放置地點":"3樓值班台左前方牆壁旁",
    "行政區":"新店區"
    }
  },
  {
    "type": "Feature",
    "geometry": {
       "type": "Point",
       "coordinates":  [ 121.543144,24.982752 ]
    },
    "properties": {
    "場所名稱":"臺北捷運大坪林站G04",
    "場所地址":"新北市新店區北新路三段190號",
    "場所分類":"交通要衝",
    "AED放置地點":"地下1樓大廳層詢問處附近",
    "行政區":"新店區"
    }
  },
  {
    "type": "Feature",
    "geometry": {
       "type": "Point",
       "coordinates":  [ 121.5372568,24.9564938 ]
    },
    "properties": {
    "場所名稱":"碧潭吊橋保全崗哨",
    "場所地址":"新北市新店區新店路206號對面(吊橋東岸入口)",
    "場所分類":"觀光旅遊地區",
    "AED放置地點":"碧潭吊橋保全崗哨",
    "行政區":"新店區"
    }
  },
  {
    "type": "Feature",
    "geometry": {
       "type": "Point",
       "coordinates":  [ 121.5509034,24.9789949 ]
    },
    "properties": {
    "場所名稱":"台灣通用器材股份有限公司",
    "場所地址":"新北市新店區寶橋路233號",
    "場所分類":"其他",
    "AED放置地點":"一樓餐廳停車場",
    "行政區":"新店區"
    }
  },
  {
    "type": "Feature",
    "geometry": {
       "type": "Point",
       "coordinates":  [ 121.5400033,24.9856896 ]
    },
    "properties": {
    "場所名稱":"台北矽谷二期",
    "場所地址":"新北市新店區北新路3段219號15樓",
    "場所分類":"其他",
    "AED放置地點":"15樓電梯旁",
    "行政區":"新店區"
    }
  },
  {
    "type": "Feature",
    "geometry": {
       "type": "Point",
       "coordinates":  [ 121.5179435,24.9828371 ]
    },
    "properties": {
    "場所名稱":"新北市政府警察局新店分局安和派出所",
    "場所地址":"新北市新店區安和路三段一號",
    "場所分類":"其他",
    "AED放置地點":"一樓民眾休息室入口左側牆面",
    "行政區":"新店區"
    }
  },
  {
    "type": "Feature",
    "geometry": {
       "type": "Point",
       "coordinates":  [ 121.5184888,24.9853049 ]
    },
    "properties": {
    "場所名稱":"新北市新店區新和國民小學",
    "場所地址":"新北市新店區安和路3段100號",
    "場所分類":"學校、大型集會場所",
    "AED放置地點":"警衛室",
    "行政區":"新店區"
    }
  },
  {
    "type": "Feature",
    "geometry": {
       "type": "Point",
       "coordinates":  [ 121.546478,24.978061 ]
    },
    "properties": {
    "場所名稱":"誠品生活新店",
    "場所地址":"新北市新店區中興路三段70號B1-4F",
    "場所分類":"大型購物場所",
    "AED放置地點":"3F 顧客服務中心",
    "行政區":"新店區"
    }
  },
  {
    "type": "Feature",
    "geometry": {
       "type": "Point",
       "coordinates":  [ 121.546478,24.978061 ]
    },
    "properties": {
    "場所名稱":"誠品生活新店",
    "場所地址":"新北市新店區中興路三段70號B1-4F",
    "場所分類":"大型購物場所",
    "AED放置地點":"B1F- A區電梯廳",
    "行政區":"新店區"
    }
  },
  {
    "type": "Feature",
    "geometry": {
       "type": "Point",
       "coordinates":  [ 121.546478,24.978061 ]
    },
    "properties": {
    "場所名稱":"誠品生活新店",
    "場所地址":"新北市新店區中興路三段70號B1-4F",
    "場所分類":"大型購物場所",
    "AED放置地點":"4F- A區電梯廳",
    "行政區":"新店區"
    }
  },
  {
    "type": "Feature",
    "geometry": {
       "type": "Point",
       "coordinates":  [ 121.5457078,24.9813932 ]
    },
    "properties": {
    "場所名稱":"寶興市民活動中心",
    "場所地址":"新北市新店區寶中路65巷59號",
    "場所分類":"其他",
    "AED放置地點":"寶興市民活動中心",
    "行政區":"新店區"
    }
  },
  {
    "type": "Feature",
    "geometry": {
       "type": "Point",
       "coordinates":  [ 121.5326953,24.9755738 ]
    },
    "properties": {
    "場所名稱":"新北市立新店高級中學",
    "場所地址":"新北市新店區中央路93號",
    "場所分類":"學校、大型集會場所",
    "AED放置地點":"川堂",
    "行政區":"新店區"
    }
  },
  {
    "type": "Feature",
    "geometry": {
       "type": "Point",
       "coordinates":  [ 121.5326953,24.9755738 ]
    },
    "properties": {
    "場所名稱":"新北市立新店高級中學",
    "場所地址":"新北市新店區中央路93號",
    "場所分類":"學校、大型集會場所",
    "AED放置地點":"體育辦公室旁邊",
    "行政區":"新店區"
    }
  },
  {
    "type": "Feature",
    "geometry": {
       "type": "Point",
       "coordinates":  [ 121.5340181,24.9817181 ]
    },
    "properties": {
    "場所名稱":"南陽實業股份有限公司 新店服務廠",
    "場所地址":"新北市新店區中正路500-1號",
    "場所分類":"大型購物場所",
    "AED放置地點":"櫃檯旁邊",
    "行政區":"新店區"
    }
  },
  {
    "type": "Feature",
    "geometry": {
       "type": "Point",
       "coordinates":  [ 121.4978523,24.9108487 ]
    },
    "properties": {
    "場所名稱":"新北市康橋國際學校秀岡校區",
    "場所地址":"新北市新店區華城路800號",
    "場所分類":"學校、大型集會場所",
    "AED放置地點":"活動中心二樓游泳池",
    "行政區":"新店區"
    }
  },
  {
    "type": "Feature",
    "geometry": {
       "type": "Point",
       "coordinates":  [ 121.4978523,24.9108487 ]
    },
    "properties": {
    "場所名稱":"新北市康橋國際學校秀岡校區",
    "場所地址":"新北市新店區華城路800號",
    "場所分類":"學校、大型集會場所",
    "AED放置地點":"教二大樓門口 面向操場",
    "行政區":"新店區"
    }
  },
  {
    "type": "Feature",
    "geometry": {
       "type": "Point",
       "coordinates":  [ 121.4968505,24.9583222 ]
    },
    "properties": {
    "場所名稱":"新店垃圾焚化廠(行政大樓1樓)",
    "場所地址":"新北市新店區新北市新店區薏仁坑路自強巷1樓",
    "場所分類":"其他",
    "AED放置地點":"行政大樓1樓",
    "行政區":"新店區"
    }
  },
  {
    "type": "Feature",
    "geometry": {
       "type": "Point",
       "coordinates":  [ 121.4978523,24.9108487 ]
    },
    "properties": {
    "場所名稱":"新北市康橋國際學校秀岡校區",
    "場所地址":"新北市新店區華城路800號",
    "場所分類":"學校、大型集會場所",
    "AED放置地點":"活動中心一樓體適能中心",
    "行政區":"新店區"
    }
  },
  {
    "type": "Feature",
    "geometry": {
       "type": "Point",
       "coordinates":  [ 121.537275,24.9619585 ]
    },
    "properties": {
    "場所名稱":"大潤發流通事業(股)公司新店分公司",
    "場所地址":"新北市新店區環河路22號B1",
    "場所分類":"大型購物場所",
    "AED放置地點":"B1賣場服務台對面柱體上",
    "行政區":"新店區"
    }
  },
  {
    "type": "Feature",
    "geometry": {
       "type": "Point",
       "coordinates":  [ 121.5135319,24.9610066 ]
    },
    "properties": {
    "場所名稱":"新北市新店區安坑國民小學",
    "場所地址":"新北市新店區安忠路36號(安坑國民小學)",
    "場所分類":"學校、大型集會場所",
    "AED放置地點":"林來樓(仁愛樓)校門旁之警衛室",
    "行政區":"新店區"
    }
  },
  {
    "type": "Feature",
    "geometry": {
       "type": "Point",
       "coordinates":  [ 121.5511456,24.9807206 ]
    },
    "properties": {
    "場所名稱":"北都汽車股份有限公司新店服務廠",
    "場所地址":"新北市新店區寶橋路233-1號",
    "場所分類":"其他",
    "AED放置地點":"客戶休息室入口",
    "行政區":"新店區"
    }
  },
  {
    "type": "Feature",
    "geometry": {
       "type": "Point",
       "coordinates":  [ 121.5409664,24.9822576 ]
    },
    "properties": {
    "場所名稱":"新北市立圖書館-新店分館",
    "場所地址":"新北市新店區北新路三段105巷2號3樓",
    "場所分類":"大型休閒場所",
    "AED放置地點":"3樓行政辦公室門口",
    "行政區":"新店區"
    }
  },
  {
    "type": "Feature",
    "geometry": {
       "type": "Point",
       "coordinates":  [ 121.546478,24.978061 ]
    },
    "properties": {
    "場所名稱":"誠品生活新店",
    "場所地址":"新北市新店區中興路三段70號B1-4F",
    "場所分類":"大型購物場所",
    "AED放置地點":"1F- A區電梯廳",
    "行政區":"新店區"
    }
  },
  {
    "type": "Feature",
    "geometry": {
       "type": "Point",
       "coordinates":  [ 121.5308055,24.9377511 ]
    },
    "properties": {
    "場所名稱":"新北市新店區直潭國民小學",
    "場所地址":"新北市新店區直潭路92號",
    "場所分類":"學校、大型集會場所",
    "AED放置地點":"穿堂左側牆面",
    "行政區":"新店區"
    }
  },
  {
    "type": "Feature",
    "geometry": {
       "type": "Point",
       "coordinates":  [ 121.5434733,24.977506 ]
    },
    "properties": {
    "場所名稱":"鴻華先進科技股份有限公司(實驗室)",
    "場所地址":"新北市新店區北新路2段230號5樓",
    "場所分類":"其他",
    "AED放置地點":"新北市新店區北新路230號5樓",
    "行政區":"新店區"
    }
  },
  {
    "type": "Feature",
    "geometry": {
       "type": "Point",
       "coordinates":  [ 121.5083959,24.9585229 ]
    },
    "properties": {
    "場所名稱":"台灣菸酒股份有限公司台北菸廠",
    "場所地址":"新北市新店區安康路二段235號",
    "場所分類":"其他",
    "AED放置地點":"警勤室旁的會客室",
    "行政區":"新店區"
    }
  },
  {
    "type": "Feature",
    "geometry": {
       "type": "Point",
       "coordinates":  [ 121.5108808,24.9595308 ]
    },
    "properties": {
    "場所名稱":"新北市青少年圖書館",
    "場所地址":"新北市新店區安康路2段151號",
    "場所分類":"大型休閒場所",
    "AED放置地點":"新北市青少年圖書館1樓大廳",
    "行政區":"新店區"
    }
  },
  {
    "type": "Feature",
    "geometry": {
       "type": "Point",
       "coordinates":  [ 121.532482,24.9854548 ]
    },
    "properties": {
    "場所名稱":"新北市私立莊敬高級工業家事職業學校",
    "場所地址":"新北市新店區民生路45號",
    "場所分類":"學校、大型集會場所",
    "AED放置地點":"健康中心",
    "行政區":"新店區"
    }
  },
  {
    "type": "Feature",
    "geometry": {
       "type": "Point",
       "coordinates":  [ 121.5129645,24.9628639 ]
    },
    "properties": {
    "場所名稱":"安康立體停車場",
    "場所地址":"新北市新店區安康路二段120號",
    "場所分類":"其他",
    "AED放置地點":"停車場管理室",
    "行政區":"新店區"
    }
  },
  {
    "type": "Feature",
    "geometry": {
       "type": "Point",
       "coordinates":  [ 121.533963,24.983255 ]
    },
    "properties": {
    "場所名稱":"小胖威利病友關懷協會北區小作所",
    "場所地址":"新北市新店區中正路512號2樓",
    "場所分類":"其他",
    "AED放置地點":"小作所玄關",
    "行政區":"新店區"
    }
  },
  {
    "type": "Feature",
    "geometry": {
       "type": "Point",
       "coordinates":  [ 121.5753521,24.9506841 ]
    },
    "properties": {
    "場所名稱":"新北市新店區雙峰國民小學",
    "場所地址":"新北市新店區北宜路三段66號",
    "場所分類":"學校、大型集會場所",
    "AED放置地點":"穿堂",
    "行政區":"新店區"
    }
  },
  {
    "type": "Feature",
    "geometry": {
       "type": "Point",
       "coordinates":  [ 121.5521753,24.9530736 ]
    },
    "properties": {
    "場所名稱":"新北市新店區青潭國民小學",
    "場所地址":"新北市新店區北宜路2段80號",
    "場所分類":"學校、大型集會場所",
    "AED放置地點":"健康中心",
    "行政區":"新店區"
    }
  },
  {
    "type": "Feature",
    "geometry": {
       "type": "Point",
       "coordinates":  [ 121.5594377,24.9533259 ]
    },
    "properties": {
    "場所名稱":"中央印製廠青潭廠區",
    "場所地址":"新北市新店區北宜路二段200號",
    "場所分類":"其他",
    "AED放置地點":"204廠房中庭",
    "行政區":"新店區"
    }
  },
  {
    "type": "Feature",
    "geometry": {
       "type": "Point",
       "coordinates":  [ 121.4999598,24.953605 ]
    },
    "properties": {
    "場所名稱":"新北市立達觀國民中小學",
    "場所地址":"新北市新店區僑信路1號",
    "場所分類":"學校、大型集會場所",
    "AED放置地點":"C棟健康中心門口",
    "行政區":"新店區"
    }
  },
  {
    "type": "Feature",
    "geometry": {
       "type": "Point",
       "coordinates":  [ 121.4877759,24.9516217 ]
    },
    "properties": {
    "場所名稱":"新北市政府警察局新店分局雙城派出所",
    "場所地址":"新北市新店區安康路三段209號",
    "場所分類":"其他",
    "AED放置地點":"值班台左側",
    "行政區":"新店區"
    }
  },
  {
    "type": "Feature",
    "geometry": {
       "type": "Point",
       "coordinates":  [ 121.537647,24.9695107 ]
    },
    "properties": {
    "場所名稱":"新北市立圖書館新店三民分館",
    "場所地址":"新北市新店區三民路20-2號2樓",
    "場所分類":"大型休閒場所",
    "AED放置地點":"新店三民圖書閱覽室",
    "行政區":"新店區"
    }
  },
  {
    "type": "Feature",
    "geometry": {
       "type": "Point",
       "coordinates":  [ 121.5476394,24.9748065 ]
    },
    "properties": {
    "場所名稱":"合環御景社區",
    "場所地址":"新北市新店區寶橋路78巷11號",
    "場所分類":"其他",
    "AED放置地點":"社區大廳",
    "行政區":"新店區"
    }
  },
  {
    "type": "Feature",
    "geometry": {
       "type": "Point",
       "coordinates":  [ 121.5421147,24.9674651 ]
    },
    "properties": {
    "場所名稱":"新北市政府警察局新店分局碧潭派出所",
    "場所地址":"新北市新店區北新路一段86號一樓",
    "場所分類":"其他",
    "AED放置地點":"一樓進大門左側",
    "行政區":"新店區"
    }
  },
  {
    "type": "Feature",
    "geometry": {
       "type": "Point",
       "coordinates":  [ 121.5426518,24.9681509 ]
    },
    "properties": {
    "場所名稱":"舞動陽光馬公公園運動中心",
    "場所地址":"新北市新店區北新路一段92號1樓",
    "場所分類":"大型休閒場所",
    "AED放置地點":"辦公室外牆壁",
    "行政區":"新店區"
    }
  },
  {
    "type": "Feature",
    "geometry": {
       "type": "Point",
       "coordinates":  [ 121.543144,24.982752 ]
    },
    "properties": {
    "場所名稱":"捷運環狀線大坪林站Y07",
    "場所地址":"新北市新店區北新路3段190號",
    "場所分類":"交通要衝",
    "AED放置地點":"環狀線大坪林站詢問處旁",
    "行政區":"新店區"
    }
  },
  {
    "type": "Feature",
    "geometry": {
       "type": "Point",
       "coordinates":  [ 121.5272549,24.9843328 ]
    },
    "properties": {
    "場所名稱":"捷運環狀線十四張站Y08",
    "場所地址":"新北市新店區民權路282號",
    "場所分類":"交通要衝",
    "AED放置地點":"捷運環狀線十四張站詢問處旁",
    "行政區":"新店區"
    }
  },
  {
    "type": "Feature",
    "geometry": {
       "type": "Point",
       "coordinates":  [ 121.5375963,24.9578583 ]
    },
    "properties": {
    "場所名稱":"臺北捷運新店站G01",
    "場所地址":"新北市新店區北宜路一段2號",
    "場所分類":"交通要衝",
    "AED放置地點":"1樓大廳層女廁旁",
    "行政區":"新店區"
    }
  },
  {
    "type": "Feature",
    "geometry": {
       "type": "Point",
       "coordinates":  [ 121.5411339,24.9674395 ]
    },
    "properties": {
    "場所名稱":"臺北捷運新店區公所站G02",
    "場所地址":"新北市新店區北新路一段295號",
    "場所分類":"交通要衝",
    "AED放置地點":"1樓大廳層詢問處後方",
    "行政區":"新店區"
    }
  },
  {
    "type": "Feature",
    "geometry": {
       "type": "Point",
       "coordinates":  [ 121.5430926,24.9750882 ]
    },
    "properties": {
    "場所名稱":"臺北捷運七張站G03",
    "場所地址":"新北市新店區北新路二段150號",
    "場所分類":"交通要衝",
    "AED放置地點":"1樓大廳層女廁外附近",
    "行政區":"新店區"
    }
  },
  {
    "type": "Feature",
    "geometry": {
       "type": "Point",
       "coordinates":  [ 121.5509034,24.9789949 ]
    },
    "properties": {
    "場所名稱":"台灣通用器材股份有限公司",
    "場所地址":"新北市新店區寶橋路233號",
    "場所分類":"其他",
    "AED放置地點":"二樓提款機旁",
    "行政區":"新店區"
    }
  },
  {
    "type": "Feature",
    "geometry": {
       "type": "Point",
       "coordinates":  [ 121.5509034,24.9789949 ]
    },
    "properties": {
    "場所名稱":"台灣通用器材股份有限公司",
    "場所地址":"新北市新店區寶橋路233號",
    "場所分類":"其他",
    "AED放置地點":"一樓作業區",
    "行政區":"新店區"
    }
  },
  {
    "type": "Feature",
    "geometry": {
       "type": "Point",
       "coordinates":  [ 121.5509034,24.9789949 ]
    },
    "properties": {
    "場所名稱":"台灣通用器材股份有限公司",
    "場所地址":"新北市新店區寶橋路233號",
    "場所分類":"其他",
    "AED放置地點":"三樓飲水機旁",
    "行政區":"新店區"
    }
  },
  {
    "type": "Feature",
    "geometry": {
       "type": "Point",
       "coordinates":  [ 121.5509034,24.9789949 ]
    },
    "properties": {
    "場所名稱":"台灣通用器材股份有限公司",
    "場所地址":"新北市新店區寶橋路233號",
    "場所分類":"其他",
    "AED放置地點":"二樓飲水機旁",
    "行政區":"新店區"
    }
  },
  {
    "type": "Feature",
    "geometry": {
       "type": "Point",
       "coordinates":  [ 121.5509034,24.9789949 ]
    },
    "properties": {
    "場所名稱":"台灣通用器材股份有限公司",
    "場所地址":"新北市新店區寶橋路233號",
    "場所分類":"其他",
    "AED放置地點":"一樓倉庫外",
    "行政區":"新店區"
    }
  },
  {
    "type": "Feature",
    "geometry": {
       "type": "Point",
       "coordinates":  [ 121.537049,24.956793 ]
    },
    "properties": {
    "場所名稱":"新北市立圖書館新店碧潭圖書閱覽室",
    "場所地址":"新北市新店區新店路207號四樓",
    "場所分類":"大型休閒場所",
    "AED放置地點":"兒童室",
    "行政區":"新店區"
    }
  },
  {
    "type": "Feature",
    "geometry": {
       "type": "Point",
       "coordinates":  [ 121.5406915,24.9752995 ]
    },
    "properties": {
    "場所名稱":"新北市立圖書館新店仁愛圖書閱覽室",
    "場所地址":"新北市新店區建國路58號2樓",
    "場所分類":"大型休閒場所",
    "AED放置地點":"新店仁愛圖書閱覽室(建國路58號2樓閱報區)",
    "行政區":"新店區"
    }
  },
  {
    "type": "Feature",
    "geometry": {
       "type": "Point",
       "coordinates":  [ 121.5452961,24.9807075 ]
    },
    "properties": {
    "場所名稱":"新北市私立南強高級工商職業學校",
    "場所地址":"新北市新店區文化路42號",
    "場所分類":"學校、大型集會場所",
    "AED放置地點":"AED置於總務室出口旁",
    "行政區":"新店區"
    }
  },
  {
    "type": "Feature",
    "geometry": {
       "type": "Point",
       "coordinates":  [ 121.5173296,24.9537653 ]
    },
    "properties": {
    "場所名稱":"新北市康橋國際學校青山校區",
    "場所地址":"新北市新店區頂城五街80號",
    "場所分類":"學校、大型集會場所",
    "AED放置地點":"5樓健康中心門口",
    "行政區":"新店區"
    }
  },
  {
    "type": "Feature",
    "geometry": {
       "type": "Point",
       "coordinates":  [ 121.5105933,24.9521782 ]
    },
    "properties": {
    "場所名稱":"景文科技大學",
    "場所地址":"新北市新店區安忠路99號",
    "場所分類":"學校、大型集會場所",
    "AED放置地點":"宿舍管理中心",
    "行政區":"新店區"
    }
  },
  {
    "type": "Feature",
    "geometry": {
       "type": "Point",
       "coordinates":  [ 121.5105933,24.9521782 ]
    },
    "properties": {
    "場所名稱":"景文科技大學",
    "場所地址":"新北市新店區安忠路99號",
    "場所分類":"學校、大型集會場所",
    "AED放置地點":"圖資大樓",
    "行政區":"新店區"
    }
  },
  {
    "type": "Feature",
    "geometry": {
       "type": "Point",
       "coordinates":  [ 121.5105933,24.9521782 ]
    },
    "properties": {
    "場所名稱":"景文科技大學",
    "場所地址":"新北市新店區安忠路99號",
    "場所分類":"學校、大型集會場所",
    "AED放置地點":"電資館一樓電梯口",
    "行政區":"新店區"
    }
  },
  {
    "type": "Feature",
    "geometry": {
       "type": "Point",
       "coordinates":  [ 121.5406915,24.9752995 ]
    },
    "properties": {
    "場所名稱":"新店建國游泳池",
    "場所地址":"新北市新店區新北市新店區建國路58號",
    "場所分類":"其他",
    "AED放置地點":"新店建國遊泳池",
    "行政區":"新店區"
    }
  },
  {
    "type": "Feature",
    "geometry": {
       "type": "Point",
       "coordinates":  [ 121.5439215,24.9817403 ]
    },
    "properties": {
    "場所名稱":"家福股份有限公司台北新店分公司",
    "場所地址":"新北市新店區中興路三段一號",
    "場所分類":"大型購物場所",
    "AED放置地點":"三樓服務中心",
    "行政區":"新店區"
    }
  },
  {
    "type": "Feature",
    "geometry": {
       "type": "Point",
       "coordinates":  [ 121.5446245,24.9660927 ]
    },
    "properties": {
    "場所名稱":"臺灣臺北地方法院新店辦公大樓",
    "場所地址":"新北市新店區中興路一段248號",
    "場所分類":"學校、大型集會場所",
    "AED放置地點":"一樓大門入口大廳",
    "行政區":"新店區"
    }
  },
  {
    "type": "Feature",
    "geometry": {
       "type": "Point",
       "coordinates":  [ 121.5370134,24.9553271 ]
    },
    "properties": {
    "場所名稱":"新北市新店區碧潭公有零售市場",
    "場所地址":"新北市新店區新店路159號",
    "場所分類":"其他",
    "AED放置地點":"市場1樓樓梯旁",
    "行政區":"新店區"
    }
  },
  {
    "type": "Feature",
    "geometry": {
       "type": "Point",
       "coordinates":  [ 121.5278215,24.9752936 ]
    },
    "properties": {
    "場所名稱":"新北市新店區中央公有零售市場",
    "場所地址":"新北市新店區中央5街60號",
    "場所分類":"其他",
    "AED放置地點":"市場1樓廁所旁",
    "行政區":"新店區"
    }
  },
  {
    "type": "Feature",
    "geometry": {
       "type": "Point",
       "coordinates":  [ 121.5105933,24.9521782 ]
    },
    "properties": {
    "場所名稱":"景文科技大學",
    "場所地址":"新北市新店區安忠路99號",
    "場所分類":"學校、大型集會場所",
    "AED放置地點":"健康中心入口處外牆",
    "行政區":"新店區"
    }
  },
  {
    "type": "Feature",
    "geometry": {
       "type": "Point",
       "coordinates":  [ 121.546478,24.978061 ]
    },
    "properties": {
    "場所名稱":"威秀影城股份有限公司新店分公司",
    "場所地址":"新北市新店區中興路三段70號7樓",
    "場所分類":"大型休閒場所",
    "AED放置地點":"威秀影城股份有限公司新店分公司",
    "行政區":"新店區"
    }
  },
  {
    "type": "Feature",
    "geometry": {
       "type": "Point",
       "coordinates":  [ 121.5461308,24.9769964 ]
    },
    "properties": {
    "場所名稱":"世界健身中心新店店",
    "場所地址":"新北市新店區中興路三段1號5樓",
    "場所分類":"其他",
    "AED放置地點":"大門入口明顯處",
    "行政區":"新店區"
    }
  },
  {
    "type": "Feature",
    "geometry": {
       "type": "Point",
       "coordinates":  [ 121.5461308,24.9769964 ]
    },
    "properties": {
    "場所名稱":"香港商世界健身事業有限公司新店分公司",
    "場所地址":"新北市新店區中興路三段1號5樓",
    "場所分類":"學校、大型集會場所",
    "AED放置地點":"入口處右側",
    "行政區":"新店區"
    }
  },
  {
    "type": "Feature",
    "geometry": {
       "type": "Point",
       "coordinates":  [ 121.5165124,24.9775094 ]
    },
    "properties": {
    "場所名稱":"北都汽車股份有限公司安坑服務廠",
    "場所地址":"新北市新店區安和路二段251號",
    "場所分類":"其他",
    "AED放置地點":"結帳櫃檯旁",
    "行政區":"新店區"
    }
  },
  {
    "type": "Feature",
    "geometry": {
       "type": "Point",
       "coordinates":  [ 121.5420849,24.96737 ]
    },
    "properties": {
    "場所名稱":"新北市新店區衛生所",
    "場所地址":"新北市新店區北新路一段86號12樓",
    "場所分類":"其他",
    "AED放置地點":"新北市新店區衛生所",
    "行政區":"新店區"
    }
  },
  {
    "type": "Feature",
    "geometry": {
       "type": "Point",
       "coordinates":  [ 121.5390352,24.978097 ]
    },
    "properties": {
    "場所名稱":"新北市耕莘健康管理專科學校",
    "場所地址":"新北市新店區民族路112號",
    "場所分類":"學校、大型集會場所",
    "AED放置地點":"聖母樓9F交誼廳外",
    "行政區":"新店區"
    }
  },
  {
    "type": "Feature",
    "geometry": {
       "type": "Point",
       "coordinates":  [ 121.5535913,24.9020814 ]
    },
    "properties": {
    "場所名稱":"新北市新店區龜山國民小學",
    "場所地址":"新北市新店區新烏路三段99巷10號",
    "場所分類":"學校、大型集會場所",
    "AED放置地點":"AED放置校側門工作室前走廊",
    "行政區":"新店區"
    }
  },
  {
    "type": "Feature",
    "geometry": {
       "type": "Point",
       "coordinates":  [ 121.5462236,24.9224912 ]
    },
    "properties": {
    "場所名稱":"新北市新店區屈尺國民小學",
    "場所地址":"新北市新店區屈尺路55號",
    "場所分類":"學校、大型集會場所",
    "AED放置地點":"活動中心門口",
    "行政區":"新店區"
    }
  },
  {
    "type": "Feature",
    "geometry": {
       "type": "Point",
       "coordinates":  [ 121.541873,24.9786624 ]
    },
    "properties": {
    "場所名稱":"新北市政府警察局新店分局江陵派出所",
    "場所地址":"新北市新店區民族路7號",
    "場所分類":"其他",
    "AED放置地點":"1樓入所值班台右側",
    "行政區":"新店區"
    }
  },
  {
    "type": "Feature",
    "geometry": {
       "type": "Point",
       "coordinates":  [ 121.5371787,24.9722527 ]
    },
    "properties": {
    "場所名稱":"新北市新店區中正國民小學",
    "場所地址":"新北市新店區三民路36號",
    "場所分類":"學校、大型集會場所",
    "AED放置地點":"健康中心門口",
    "行政區":"新店區"
    }
  },
  {
    "type": "Feature",
    "geometry": {
       "type": "Point",
       "coordinates":  [ 121.5144515,24.9637215 ]
    },
    "properties": {
    "場所名稱":"新北市政府警察局新店分局安康派出所",
    "場所地址":"新北市新店區安康路二段70號",
    "場所分類":"其他",
    "AED放置地點":"一樓值班台後樓梯旁",
    "行政區":"新店區"
    }
  },
  {
    "type": "Feature",
    "geometry": {
       "type": "Point",
       "coordinates":  [ 121.4859971,24.9523459 ]
    },
    "properties": {
    "場所名稱":"新北市新店區雙城國民小學",
    "場所地址":"新北市新店區安康路3段322號",
    "場所分類":"學校、大型集會場所",
    "AED放置地點":"學務處門口",
    "行政區":"新店區"
    }
  },
  {
    "type": "Feature",
    "geometry": {
       "type": "Point",
       "coordinates":  [ 121.5372447,24.9832603 ]
    },
    "properties": {
    "場所名稱":"1010湘 新北新店店",
    "場所地址":"新北市新店區建國路257號",
    "場所分類":"其他",
    "AED放置地點":"1010湘 新北新店",
    "行政區":"新店區"
    }
  },
  {
    "type": "Feature",
    "geometry": {
       "type": "Point",
       "coordinates":  [ 121.5540261,24.904684 ]
    },
    "properties": {
    "場所名稱":"臺北翡翠水庫管理局",
    "場所地址":"新北市新店區新烏路3段43號",
    "場所分類":"其他",
    "AED放置地點":"水資源生態教育館",
    "行政區":"新店區"
    }
  },
  {
    "type": "Feature",
    "geometry": {
       "type": "Point",
       "coordinates":  [ 121.553342,24.9031259 ]
    },
    "properties": {
    "場所名稱":"台灣電力股份有限公司訓練所",
    "場所地址":"新北市新店區新烏路3段81號",
    "場所分類":"其他",
    "AED放置地點":"守衛室",
    "行政區":"新店區"
    }
  },
  {
    "type": "Feature",
    "geometry": {
       "type": "Point",
       "coordinates":  [ 121.5345505,24.9386062 ]
    },
    "properties": {
    "場所名稱":"新北市政府警察局新店分局直潭派出所",
    "場所地址":"新北市新店區直潭十街27號",
    "場所分類":"其他",
    "AED放置地點":"一樓面向值班台左後方支柱上。",
    "行政區":"新店區"
    }
  },
  {
    "type": "Feature",
    "geometry": {
       "type": "Point",
       "coordinates":  [ 121.5461762,24.922707 ]
    },
    "properties": {
    "場所名稱":"新北市政府警察局新店分局屈尺派出所",
    "場所地址":"新北市新店區屈尺路82號",
    "場所分類":"其他",
    "AED放置地點":"大門入口左側所長室旁",
    "行政區":"新店區"
    }
  },
  {
    "type": "Feature",
    "geometry": {
       "type": "Point",
       "coordinates":  [ 121.5517103,24.9026948 ]
    },
    "properties": {
    "場所名稱":"新北市政府警察局新店分局龜山派出所",
    "場所地址":"新北市新店區新烏路三段152號",
    "場所分類":"其他",
    "AED放置地點":"進大門右側",
    "行政區":"新店區"
    }
  },
  {
    "type": "Feature",
    "geometry": {
       "type": "Point",
       "coordinates":  [ 121.544097,24.9751868 ]
    },
    "properties": {
    "場所名稱":"財團法人旺英衛教基金會",
    "場所地址":"新北市新店區永新街30號1樓",
    "場所分類":"其他",
    "AED放置地點":"財團法人旺英衛教基金會",
    "行政區":"新店區"
    }
  },
  {
    "type": "Feature",
    "geometry": {
       "type": "Point",
       "coordinates":  [ 121.5383941,24.9772415 ]
    },
    "properties": {
    "場所名稱":"新北市新店區大豐公有地下停車場",
    "場所地址":"新北市新店區民族路109號",
    "場所分類":"其他",
    "AED放置地點":"地下一樓服務支援站",
    "行政區":"新店區"
    }
  },
  {
    "type": "Feature",
    "geometry": {
       "type": "Point",
       "coordinates":  [ 121.53746,24.9770732 ]
    },
    "properties": {
    "場所名稱":"新北市新店區大豐社福館",
    "場所地址":"新北市新店區民族路110號",
    "場所分類":"其他",
    "AED放置地點":"1樓服務櫃臺",
    "行政區":"新店區"
    }
  },
  {
    "type": "Feature",
    "geometry": {
       "type": "Point",
       "coordinates":  [ 121.5390352,24.978097 ]
    },
    "properties": {
    "場所名稱":"新北市耕莘健康管理專科學校",
    "場所地址":"新北市新店區民族路112號",
    "場所分類":"學校、大型集會場所",
    "AED放置地點":"聖母樓1F右側廁所外",
    "行政區":"新店區"
    }
  },
  {
    "type": "Feature",
    "geometry": {
       "type": "Point",
       "coordinates":  [ 121.359666,24.859283 ]
    },
    "properties": {
    "場所名稱":"新北市政府警察局三峽分局五寮派出所",
    "場所地址":"新北市三峽區五寮路154號",
    "場所分類":"其他",
    "AED放置地點":"派出所一樓",
    "行政區":"三峽區"
    }
  },
  {
    "type": "Feature",
    "geometry": {
       "type": "Point",
       "coordinates":  [ 121.3713164,24.8538905 ]
    },
    "properties": {
    "場所名稱":"新北市三峽區五寮國民小學",
    "場所地址":"新北市三峽區五寮里69號",
    "場所分類":"學校、大型集會場所",
    "AED放置地點":"五寮國小警衛室",
    "行政區":"三峽區"
    }
  },
  {
    "type": "Feature",
    "geometry": {
       "type": "Point",
       "coordinates":  [ 121.3845593,24.8742815 ]
    },
    "properties": {
    "場所名稱":"新北市立插角森林實驗小學金敏分校",
    "場所地址":"新北市三峽區金敏路66號",
    "場所分類":"學校、大型集會場所",
    "AED放置地點":"一樓辦公室",
    "行政區":"三峽區"
    }
  },
  {
    "type": "Feature",
    "geometry": {
       "type": "Point",
       "coordinates":  [ 121.3638903,24.9069127 ]
    },
    "properties": {
    "場所名稱":"新北市立明德高級中學",
    "場所地址":"新北市三峽區中正路二段399號",
    "場所分類":"學校、大型集會場所",
    "AED放置地點":"擎藝樓健康中心門口",
    "行政區":"三峽區"
    }
  },
  {
    "type": "Feature",
    "geometry": {
       "type": "Point",
       "coordinates":  [ 121.3779561,24.9439916 ]
    },
    "properties": {
    "場所名稱":"新北市立圖書館 三峽北大分館",
    "場所地址":"新北市三峽區學成路396號3樓",
    "場所分類":"大型休閒場所",
    "AED放置地點":"三峽北大分館影印區",
    "行政區":"三峽區"
    }
  },
  {
    "type": "Feature",
    "geometry": {
       "type": "Point",
       "coordinates":  [ 121.3723347,24.9360502 ]
    },
    "properties": {
    "場所名稱":"香港商世界健身事業有限公司台北三峽分公司",
    "場所地址":"新北市三峽區文化路59號9樓之一",
    "場所分類":"學校、大型集會場所",
    "AED放置地點":"新北市三峽區文化路59號9樓之一",
    "行政區":"三峽區"
    }
  },
  {
    "type": "Feature",
    "geometry": {
       "type": "Point",
       "coordinates":  [ 121.3732181,24.9391403 ]
    },
    "properties": {
    "場所名稱":"新北市三峽區北大國民小學",
    "場所地址":"新北市三峽區國光街100號",
    "場所分類":"學校、大型集會場所",
    "AED放置地點":"F棟一樓會議室外,健康中心門口",
    "行政區":"三峽區"
    }
  },
  {
    "type": "Feature",
    "geometry": {
       "type": "Point",
       "coordinates":  [ 121.4055952,24.9332331 ]
    },
    "properties": {
    "場所名稱":"新北市三峽區成福國民小學",
    "場所地址":"新北市三峽區溪東路213號",
    "場所分類":"學校、大型集會場所",
    "AED放置地點":"健康中心走廊",
    "行政區":"三峽區"
    }
  },
  {
    "type": "Feature",
    "geometry": {
       "type": "Point",
       "coordinates":  [ 121.4074425,24.9489292 ]
    },
    "properties": {
    "場所名稱":"新北市政府殯葬管理處三峽火化場",
    "場所地址":"新北市三峽區介壽路3段260巷1號",
    "場所分類":"學校、大型集會場所",
    "AED放置地點":"火化場",
    "行政區":"三峽區"
    }
  },
  {
    "type": "Feature",
    "geometry": {
       "type": "Point",
       "coordinates":  [ 121.4196829,24.9026522 ]
    },
    "properties": {
    "場所名稱":"紫微森林景觀餐廳",
    "場所地址":"新北市三峽區紫微南路97-1號",
    "場所分類":"其他",
    "AED放置地點":"一樓櫃台旁",
    "行政區":"三峽區"
    }
  },
  {
    "type": "Feature",
    "geometry": {
       "type": "Point",
       "coordinates":  [ 121.3798921,24.897054 ]
    },
    "properties": {
    "場所名稱":"新北市三峽區生命紀念館",
    "場所地址":"新北市三峽區添福里添福81號",
    "場所分類":"學校、大型集會場所",
    "AED放置地點":"新北市三峽生命紀念館",
    "行政區":"三峽區"
    }
  },
  {
    "type": "Feature",
    "geometry": {
       "type": "Point",
       "coordinates":  [ 121.368815,24.9351618 ]
    },
    "properties": {
    "場所名稱":"新北市三峽區三峽國民小學",
    "場所地址":"新北市三峽區中山路16號",
    "場所分類":"學校、大型集會場所",
    "AED放置地點":"校門口入口行政大樓1樓川堂",
    "行政區":"三峽區"
    }
  },
  {
    "type": "Feature",
    "geometry": {
       "type": "Point",
       "coordinates":  [ 121.3694779,24.9422246 ]
    },
    "properties": {
    "場所名稱":"國立臺北大學三峽校區",
    "場所地址":"新北市三峽區大學路151號",
    "場所分類":"學校、大型集會場所",
    "AED放置地點":"正門",
    "行政區":"三峽區"
    }
  },
  {
    "type": "Feature",
    "geometry": {
       "type": "Point",
       "coordinates":  [ 121.3696444,24.9337006 ]
    },
    "properties": {
    "場所名稱":"三峽分局三峽派出所",
    "場所地址":"新北市三峽區民權街38號",
    "場所分類":"其他",
    "AED放置地點":"三峽派出所一樓大門",
    "行政區":"三峽區"
    }
  },
  {
    "type": "Feature",
    "geometry": {
       "type": "Point",
       "coordinates":  [ 121.362271,24.9064077 ]
    },
    "properties": {
    "場所名稱":"新北市政府警察局三峽分局吉埔派出所",
    "場所地址":"新北市三峽區中正路二段451號",
    "場所分類":"其他",
    "AED放置地點":"新北市三峽區中正路二段451號",
    "行政區":"三峽區"
    }
  },
  {
    "type": "Feature",
    "geometry": {
       "type": "Point",
       "coordinates":  [ 121.3761245,24.9283135 ]
    },
    "properties": {
    "場所名稱":"新北市三峽區衛生所",
    "場所地址":"新北市三峽區光明路71號3樓(三峽行政大樓)",
    "場所分類":"其他",
    "AED放置地點":"衛生所2號診間內",
    "行政區":"三峽區"
    }
  },
  {
    "type": "Feature",
    "geometry": {
       "type": "Point",
       "coordinates":  [ 121.3755758,24.9120467 ]
    },
    "properties": {
    "場所名稱":"新北市三峽區民義國民小學",
    "場所地址":"新北市三峽區白雞路40號",
    "場所分類":"學校、大型集會場所",
    "AED放置地點":"耕讀樓",
    "行政區":"三峽區"
    }
  },
  {
    "type": "Feature",
    "geometry": {
       "type": "Point",
       "coordinates":  [ 121.3653177,24.9047257 ]
    },
    "properties": {
    "場所名稱":"新北市三峽區大埔國民小學",
    "場所地址":"新北市三峽區大埔路130號",
    "場所分類":"學校、大型集會場所",
    "AED放置地點":"樂學樓1樓穿堂警衛室對面",
    "行政區":"三峽區"
    }
  },
  {
    "type": "Feature",
    "geometry": {
       "type": "Point",
       "coordinates":  [ 121.3376371,24.8981171 ]
    },
    "properties": {
    "場所名稱":"新北市環境保護局三峽掩埋場",
    "場所地址":"新北市三峽區中正路三段262號",
    "場所分類":"其他",
    "AED放置地點":"三峽掩埋場行政大樓",
    "行政區":"三峽區"
    }
  },
  {
    "type": "Feature",
    "geometry": {
       "type": "Point",
       "coordinates":  [ 121.4570447,24.8498583 ]
    },
    "properties": {
    "場所名稱":"行政院農委會林務局新竹林區管理處滿月圓國家森林遊樂區",
    "場所地址":"新北市三峽區有木里174之1號",
    "場所分類":"觀光旅遊地區",
    "AED放置地點":"滿月圓國家森林遊樂區大門入園10公尺",
    "行政區":"三峽區"
    }
  },
  {
    "type": "Feature",
    "geometry": {
       "type": "Point",
       "coordinates":  [ 121.4570447,24.8498583 ]
    },
    "properties": {
    "場所名稱":"新北市三峽區有木國民小學",
    "場所地址":"新北市三峽區有木里131號",
    "場所分類":"學校、大型集會場所",
    "AED放置地點":"有木國小行政辦公室前",
    "行政區":"三峽區"
    }
  },
  {
    "type": "Feature",
    "geometry": {
       "type": "Point",
       "coordinates":  [ 121.4056153,24.867158 ]
    },
    "properties": {
    "場所名稱":"新北市立插角森林實驗小學",
    "場所地址":"新北市三峽區插角里39號",
    "場所分類":"學校、大型集會場所",
    "AED放置地點":"電腦教室門口",
    "行政區":"三峽區"
    }
  },
  {
    "type": "Feature",
    "geometry": {
       "type": "Point",
       "coordinates":  [ 121.3774415,24.9412302 ]
    },
    "properties": {
    "場所名稱":"新北市三峽區龍埔國民小學",
    "場所地址":"新北市三峽區大學路6號",
    "場所分類":"學校、大型集會場所",
    "AED放置地點":"展演廳門口右側",
    "行政區":"三峽區"
    }
  },
  {
    "type": "Feature",
    "geometry": {
       "type": "Point",
       "coordinates":  [ 121.3954828,24.9373571 ]
    },
    "properties": {
    "場所名稱":"新北市政府警察局三峽分局橫溪派出所",
    "場所地址":"新北市三峽區介壽路3段49號",
    "場所分類":"其他",
    "AED放置地點":"派出所一樓",
    "行政區":"三峽區"
    }
  },
  {
    "type": "Feature",
    "geometry": {
       "type": "Point",
       "coordinates":  [ 121.3788716,24.9293763 ]
    },
    "properties": {
    "場所名稱":"新北市三峽區介壽國民小學",
    "場所地址":"新北市三峽區大同路1號",
    "場所分類":"學校、大型集會場所",
    "AED放置地點":"健康中心旁的川堂",
    "行政區":"三峽區"
    }
  },
  {
    "type": "Feature",
    "geometry": {
       "type": "Point",
       "coordinates":  [ 121.3690862,24.9390449 ]
    },
    "properties": {
    "場所名稱":"新北市立三峽國民中學",
    "場所地址":"新北市三峽區復興路238號",
    "場所分類":"學校、大型集會場所",
    "AED放置地點":"健康中心旁穿堂",
    "行政區":"三峽區"
    }
  },
  {
    "type": "Feature",
    "geometry": {
       "type": "Point",
       "coordinates":  [ 121.3576632,24.9407856 ]
    },
    "properties": {
    "場所名稱":"新北市政府環境保護局三峽區清潔隊",
    "場所地址":"新北市三峽區隆恩街243號",
    "場所分類":"其他",
    "AED放置地點":"辦公室1樓樓梯口",
    "行政區":"三峽區"
    }
  },
  {
    "type": "Feature",
    "geometry": {
       "type": "Point",
       "coordinates":  [ 121.3779265,24.944084 ]
    },
    "properties": {
    "場所名稱":"新北市政府警察局三峽分局北大派出所",
    "場所地址":"新北市三峽區學成路396號",
    "場所分類":"其他",
    "AED放置地點":"派出所一樓",
    "行政區":"三峽區"
    }
  },
  {
    "type": "Feature",
    "geometry": {
       "type": "Point",
       "coordinates":  [ 121.3683405,24.9378777 ]
    },
    "properties": {
    "場所名稱":"新北市三鶯國民運動中心",
    "場所地址":"新北市三峽區文化路210巷12號",
    "場所分類":"學校、大型集會場所",
    "AED放置地點":"三樓體適能中心",
    "行政區":"三峽區"
    }
  },
  {
    "type": "Feature",
    "geometry": {
       "type": "Point",
       "coordinates":  [ 121.3683405,24.9378777 ]
    },
    "properties": {
    "場所名稱":"新北市三鶯國民運動中心",
    "場所地址":"新北市三峽區文化路210巷12號",
    "場所分類":"學校、大型集會場所",
    "AED放置地點":"一樓游泳池",
    "行政區":"三峽區"
    }
  },
  {
    "type": "Feature",
    "geometry": {
       "type": "Point",
       "coordinates":  [ 121.4056153,24.867158 ]
    },
    "properties": {
    "場所名稱":"大板根溫泉度假酒店",
    "場所地址":"新北市三峽區插角里79號",
    "場所分類":"大型公眾浴場或溫泉區",
    "AED放置地點":"酒店1樓接待大廳",
    "行政區":"三峽區"
    }
  },
  {
    "type": "Feature",
    "geometry": {
       "type": "Point",
       "coordinates":  [ 121.3694779,24.9422246 ]
    },
    "properties": {
    "場所名稱":"臺北大學運動場地下停車場",
    "場所地址":"新北市三峽區大學路151號",
    "場所分類":"學校、大型集會場所",
    "AED放置地點":"停車場管理室",
    "行政區":"三峽區"
    }
  },
  {
    "type": "Feature",
    "geometry": {
       "type": "Point",
       "coordinates":  [ 121.371322,24.925297 ]
    },
    "properties": {
    "場所名稱":"大智通文化行銷股份有限公司(三峽DC)",
    "場所地址":"新北市三峽區中正路一段310號",
    "場所分類":"其他",
    "AED放置地點":"1樓打卡機旁",
    "行政區":"三峽區"
    }
  },
  {
    "type": "Feature",
    "geometry": {
       "type": "Point",
       "coordinates":  [ 121.367179,24.927829 ]
    },
    "properties": {
    "場所名稱":"新北市三峽區中園國民小學",
    "場所地址":"新北市三峽區弘園街22號",
    "場所分類":"學校、大型集會場所",
    "AED放置地點":"中園國小門廳內右側",
    "行政區":"三峽區"
    }
  },
  {
    "type": "Feature",
    "geometry": {
       "type": "Point",
       "coordinates":  [ 121.3710488,24.934952 ]
    },
    "properties": {
    "場所名稱":"新北市三峽區公有零售市場",
    "場所地址":"新北市三峽區民生街186號",
    "場所分類":"其他",
    "AED放置地點":"市場1樓廁所旁",
    "行政區":"三峽區"
    }
  },
  {
    "type": "Feature",
    "geometry": {
       "type": "Point",
       "coordinates":  [ 121.4055952,24.9332331 ]
    },
    "properties": {
    "場所名稱":"新北市三峽區成福國民小學",
    "場所地址":"新北市三峽區溪東路213號",
    "場所分類":"學校、大型集會場所",
    "AED放置地點":"圖書館室內",
    "行政區":"三峽區"
    }
  },
  {
    "type": "Feature",
    "geometry": {
       "type": "Point",
       "coordinates":  [ 121.4055952,24.9332331 ]
    },
    "properties": {
    "場所名稱":"新北市三峽區成福國民小學",
    "場所地址":"新北市三峽區溪東路213號",
    "場所分類":"學校、大型集會場所",
    "AED放置地點":"學生活動中心二樓的室內左側",
    "行政區":"三峽區"
    }
  },
  {
    "type": "Feature",
    "geometry": {
       "type": "Point",
       "coordinates":  [ 121.4055952,24.9332331 ]
    },
    "properties": {
    "場所名稱":"新北市三峽區成福國民小學",
    "場所地址":"新北市三峽區溪東路213號",
    "場所分類":"學校、大型集會場所",
    "AED放置地點":"警衛室走廊",
    "行政區":"三峽區"
    }
  },
  {
    "type": "Feature",
    "geometry": {
       "type": "Point",
       "coordinates":  [ 121.3622618,24.9064822 ]
    },
    "properties": {
    "場所名稱":"新北市政府警察局交通警察大隊三峽分隊",
    "場所地址":"新北市三峽區中正路二段451號2樓",
    "場所分類":"其他",
    "AED放置地點":"分隊2樓",
    "行政區":"三峽區"
    }
  },
  {
    "type": "Feature",
    "geometry": {
       "type": "Point",
       "coordinates":  [ 121.369083,24.9341863 ]
    },
    "properties": {
    "場所名稱":"新北市三峽區公所",
    "場所地址":"新北市三峽區中山路17號",
    "場所分類":"其他",
    "AED放置地點":"1樓民眾休息區旁",
    "行政區":"三峽區"
    }
  },
  {
    "type": "Feature",
    "geometry": {
       "type": "Point",
       "coordinates":  [ 121.3752242,24.9305324 ]
    },
    "properties": {
    "場所名稱":"新北市政府警察局三峽分局警備隊",
    "場所地址":"新北市三峽區中正路一段48號2樓",
    "場所分類":"其他",
    "AED放置地點":"新北市三峽區中正路一段48號2樓",
    "行政區":"三峽區"
    }
  },
  {
    "type": "Feature",
    "geometry": {
       "type": "Point",
       "coordinates":  [ 121.3729912,24.9267331 ]
    },
    "properties": {
    "場所名稱":"新北市立安溪國民中學",
    "場所地址":"新北市三峽區大同路135號",
    "場所分類":"學校、大型集會場所",
    "AED放置地點":"健康中心門口",
    "行政區":"三峽區"
    }
  },
  {
    "type": "Feature",
    "geometry": {
       "type": "Point",
       "coordinates":  [ 121.4056153,24.867158 ]
    },
    "properties": {
    "場所名稱":"新北市政府警察局三峽分局插角派出所",
    "場所地址":"新北市三峽區插角里67-1號",
    "場所分類":"其他",
    "AED放置地點":"派出所一樓",
    "行政區":"三峽區"
    }
  },
  {
    "type": "Feature",
    "geometry": {
       "type": "Point",
       "coordinates":  [ 121.3779265,24.944084 ]
    },
    "properties": {
    "場所名稱":"新北市政府警察局三峽分局北大派出所",
    "場所地址":"新北市三峽區學成路396號",
    "場所分類":"其他",
    "AED放置地點":"本所值班台前",
    "行政區":"三峽區"
    }
  },
  {
    "type": "Feature",
    "geometry": {
       "type": "Point",
       "coordinates":  [ 121.3752242,24.9305324 ]
    },
    "properties": {
    "場所名稱":"新北市政府警察局三峽分局偵查隊",
    "場所地址":"新北市三峽區中正路一段48號",
    "場所分類":"其他",
    "AED放置地點":"偵查隊一樓辦公室",
    "行政區":"三峽區"
    }
  },
  {
    "type": "Feature",
    "geometry": {
       "type": "Point",
       "coordinates":  [ 121.3803486,24.9402541 ]
    },
    "properties": {
    "場所名稱":"鴻欣護理之家",
    "場所地址":"新北市三峽區三樹路168巷48號",
    "場所分類":"其他",
    "AED放置地點":"鴻欣護理之家A08房外",
    "行政區":"三峽區"
    }
  },
  {
    "type": "Feature",
    "geometry": {
       "type": "Point",
       "coordinates":  [ 121.3694779,24.9422246 ]
    },
    "properties": {
    "場所名稱":"國立臺北大學三峽校區",
    "場所地址":"新北市三峽區大學路151號",
    "場所分類":"學校、大型集會場所",
    "AED放置地點":"心湖會館",
    "行政區":"三峽區"
    }
  },
  {
    "type": "Feature",
    "geometry": {
       "type": "Point",
       "coordinates":  [ 121.3694779,24.9422246 ]
    },
    "properties": {
    "場所名稱":"國立臺北大學三峽校區",
    "場所地址":"新北市三峽區大學路151號",
    "場所分類":"學校、大型集會場所",
    "AED放置地點":"國立臺北大學圖書館",
    "行政區":"三峽區"
    }
  },
  {
    "type": "Feature",
    "geometry": {
       "type": "Point",
       "coordinates":  [ 121.3694779,24.9422246 ]
    },
    "properties": {
    "場所名稱":"國立臺北大學三峽校區",
    "場所地址":"新北市三峽區大學路151號",
    "場所分類":"學校、大型集會場所",
    "AED放置地點":"皓月樓",
    "行政區":"三峽區"
    }
  },
  {
    "type": "Feature",
    "geometry": {
       "type": "Point",
       "coordinates":  [ 121.3782395,24.9442116 ]
    },
    "properties": {
    "場所名稱":"健康同樂股份有限公司 (2h fitness)",
    "場所地址":"新北市三峽區學成路398號4樓",
    "場所分類":"學校、大型集會場所",
    "AED放置地點":"入口處左邊",
    "行政區":"三峽區"
    }
  },
  {
    "type": "Feature",
    "geometry": {
       "type": "Point",
       "coordinates":  [ 121.3720564,24.935738 ]
    },
    "properties": {
    "場所名稱":"CURVES女性30分鐘環狀運動三峽店",
    "場所地址":"新北市三峽區文化路65巷8號3樓",
    "場所分類":"學校、大型集會場所",
    "AED放置地點":"新北市三峽區文化路65巷8號3樓",
    "行政區":"三峽區"
    }
  },
  {
    "type": "Feature",
    "geometry": {
       "type": "Point",
       "coordinates":  [ 121.4473715,24.9266203 ]
    },
    "properties": {
    "場所名稱":"新北市三峽區建安國民小學",
    "場所地址":"新北市三峽區建安路67號",
    "場所分類":"學校、大型集會場所",
    "AED放置地點":"警衛室",
    "行政區":"三峽區"
    }
  },
  {
    "type": "Feature",
    "geometry": {
       "type": "Point",
       "coordinates":  [ 121.3774415,24.9412302 ]
    },
    "properties": {
    "場所名稱":"新北市三峽區龍埔國民小學",
    "場所地址":"新北市三峽區大學路6號",
    "場所分類":"學校、大型集會場所",
    "AED放置地點":"英速魔法學院辦公室外樓梯口",
    "行政區":"三峽區"
    }
  },
  {
    "type": "Feature",
    "geometry": {
       "type": "Point",
       "coordinates":  [ 121.4079596,24.9326507 ]
    },
    "properties": {
    "場所名稱":"新北市私立辭修高級中學",
    "場所地址":"新北市三峽區溪東路251號",
    "場所分類":"學校、大型集會場所",
    "AED放置地點":"健康中心",
    "行政區":"三峽區"
    }
  },
  {
    "type": "Feature",
    "geometry": {
       "type": "Point",
       "coordinates":  [ 121.4623919,24.8785018 ]
    },
    "properties": {
    "場所名稱":"台灣農林熊空森林休閒農場",
    "場所地址":"新北市三峽區竹崙里竹崙路238號",
    "場所分類":"觀光旅遊地區",
    "AED放置地點":"園區8公頃內停車場",
    "行政區":"三峽區"
    }
  },
  {
    "type": "Feature",
    "geometry": {
       "type": "Point",
       "coordinates":  [ 121.3732181,24.9391403 ]
    },
    "properties": {
    "場所名稱":"新北市三峽區北大國民小學",
    "場所地址":"新北市三峽區國光街100號",
    "場所分類":"學校、大型集會場所",
    "AED放置地點":"F棟一樓志工室外",
    "行政區":"三峽區"
    }
  },
  {
    "type": "Feature",
    "geometry": {
       "type": "Point",
       "coordinates":  [ 121.4278618,24.9250272 ]
    },
    "properties": {
    "場所名稱":"新北市三峽區大成國民小學",
    "場所地址":"新北市三峽區成福路251巷2號",
    "場所分類":"學校、大型集會場所",
    "AED放置地點":"校門口警衛室",
    "行政區":"三峽區"
    }
  },
  {
    "type": "Feature",
    "geometry": {
       "type": "Point",
       "coordinates":  [ 121.3583721,24.9413225 ]
    },
    "properties": {
    "場所名稱":"新北市客家文化園區",
    "場所地址":"新北市三峽區隆恩街239號",
    "場所分類":"觀光旅遊地區",
    "AED放置地點":"園樓服務台旁",
    "行政區":"三峽區"
    }
  },
  {
    "type": "Feature",
    "geometry": {
       "type": "Point",
       "coordinates":  [ 121.3706682,24.9216319 ]
    },
    "properties": {
    "場所名稱":"福華電子股份有限公司",
    "場所地址":"新北市三峽區中正路一段393號",
    "場所分類":"其他",
    "AED放置地點":"醫務室外",
    "行政區":"三峽區"
    }
  },
  {
    "type": "Feature",
    "geometry": {
       "type": "Point",
       "coordinates":  [ 121.3724513,24.9310338 ]
    },
    "properties": {
    "場所名稱":"新北市三峽區安溪國民小學",
    "場所地址":"新北市三峽區中華路42號",
    "場所分類":"學校、大型集會場所",
    "AED放置地點":"1樓 播音室走廊牆壁上",
    "行政區":"三峽區"
    }
  },
  {
    "type": "Feature",
    "geometry": {
       "type": "Point",
       "coordinates":  [ 121.3761849,24.9284222 ]
    },
    "properties": {
    "場所名稱":"新北市立八里愛心教養院三峽日間托育中心",
    "場所地址":"新北市三峽區新北市三峽區光明路71號7樓",
    "場所分類":"其他",
    "AED放置地點":"辦公室入口內左側",
    "行政區":"三峽區"
    }
  },
  {
    "type": "Feature",
    "geometry": {
       "type": "Point",
       "coordinates":  [ 121.3764705,24.9296477 ]
    },
    "properties": {
    "場所名稱":"新北市立圖書館三峽分館",
    "場所地址":"新北市三峽區永安街9巷5號2樓",
    "場所分類":"大型休閒場所",
    "AED放置地點":"三峽分館地方文獻專區",
    "行政區":"三峽區"
    }
  },
  {
    "type": "Feature",
    "geometry": {
       "type": "Point",
       "coordinates":  [ 121.3803486,24.9402541 ]
    },
    "properties": {
    "場所名稱":"鴻欣護理之家",
    "場所地址":"新北市三峽區三樹路168巷48號",
    "場所分類":"其他",
    "AED放置地點":"鴻欣護理之家",
    "行政區":"三峽區"
    }
  },
  {
    "type": "Feature",
    "geometry": {
       "type": "Point",
       "coordinates":  [ 121.375747,24.9481837 ]
    },
    "properties": {
    "場所名稱":"新北市立北大高級中學",
    "場所地址":"新北市三峽區大義路277號",
    "場所分類":"學校、大型集會場所",
    "AED放置地點":"北大高中行政大樓-健康中心前",
    "行政區":"三峽區"
    }
  },
  {
    "type": "Feature",
    "geometry": {
       "type": "Point",
       "coordinates":  [ 121.3798921,24.897054 ]
    },
    "properties": {
    "場所名稱":"花岩休閒有限公司",
    "場所地址":"新北市三峽區添福里143-28號",
    "場所分類":"其他",
    "AED放置地點":"門口旁",
    "行政區":"三峽區"
    }
  },
  {
    "type": "Feature",
    "geometry": {
       "type": "Point",
       "coordinates":  [ 121.3864431,24.9121318 ]
    },
    "properties": {
    "場所名稱":"偉勝乾燥工業股份有限公司",
    "場所地址":"新北市三峽區白雞路62-3號",
    "場所分類":"其他",
    "AED放置地點":"本公司1樓大廳",
    "行政區":"三峽區"
    }
  },
  {
    "type": "Feature",
    "geometry": {
       "type": "Point",
       "coordinates":  [ 121.3770817,24.9370591 ]
    },
    "properties": {
    "場所名稱":"國家教育研究院",
    "場所地址":"新北市三峽區三樹路2號",
    "場所分類":"學校、大型集會場所",
    "AED放置地點":"良師園1樓",
    "行政區":"三峽區"
    }
  },
  {
    "type": "Feature",
    "geometry": {
       "type": "Point",
       "coordinates":  [ 121.3661445,24.9401521 ]
    },
    "properties": {
    "場所名稱":"臺北大學運動中心三峽校區",
    "場所地址":"新北市三峽區大學路151號(台北大學運動中心)",
    "場所分類":"學校、大型集會場所",
    "AED放置地點":"本館大廳一樓",
    "行政區":"三峽區"
    }
  },
  {
    "type": "Feature",
    "geometry": {
       "type": "Point",
       "coordinates":  [ 121.3661445,24.9401521 ]
    },
    "properties": {
    "場所名稱":"臺北大學運動中心三峽校區",
    "場所地址":"新北市三峽區大學路151號(台北大學運動中心)",
    "場所分類":"學校、大型集會場所",
    "AED放置地點":"本場館B1游泳池",
    "行政區":"三峽區"
    }
  },
  {
    "type": "Feature",
    "geometry": {
       "type": "Point",
       "coordinates":  [ 121.3773372,24.9364997 ]
    },
    "properties": {
    "場所名稱":"悅灣悠悅社區",
    "場所地址":"新北市三峽區民生街1巷6-1號",
    "場所分類":"其他",
    "AED放置地點":"悅灣悠悅社區接待大廳",
    "行政區":"三峽區"
    }
  },
  {
    "type": "Feature",
    "geometry": {
       "type": "Point",
       "coordinates":  [ 121.3731836,24.9392516 ]
    },
    "properties": {
    "場所名稱":"皇昌營造三峽國光段(二期)青年社會住宅新建統包工程",
    "場所地址":"新北市三峽區北大國民小學側門(國成街)",
    "場所分類":"其他",
    "AED放置地點":"三峽國光段(二期)青年社會住宅新建統包工程",
    "行政區":"三峽區"
    }
  },
  {
    "type": "Feature",
    "geometry": {
       "type": "Point",
       "coordinates":  [ 121.5582342,25.0850964 ]
    },
    "properties": {
    "場所名稱":"皇昌營造三峽國光段(二期)青年社會住宅新建統包工程",
    "場所地址":"新北市三峽區三樹路一巷6號",
    "場所分類":"其他",
    "AED放置地點":"三峽國光段(二期)青年社會住宅新建統包工程",
    "行政區":"三峽區"
    }
  },
  {
    "type": "Feature",
    "geometry": {
       "type": "Point",
       "coordinates":  [ 121.3694779,24.9422246 ]
    },
    "properties": {
    "場所名稱":"國立臺北大學三峽校區",
    "場所地址":"新北市三峽區大學路151號",
    "場所分類":"學校、大型集會場所",
    "AED放置地點":"行政大樓",
    "行政區":"三峽區"
    }
  },
  {
    "type": "Feature",
    "geometry": {
       "type": "Point",
       "coordinates":  [ 121.8077602,25.1075427 ]
    },
    "properties": {
    "場所名稱":"新北市政府警察局瑞芳分局偵查隊",
    "場所地址":"新北市瑞芳區明燈路3段25號",
    "場所分類":"其他",
    "AED放置地點":"一樓偵查隊入口左側",
    "行政區":"瑞芳區"
    }
  },
  {
    "type": "Feature",
    "geometry": {
       "type": "Point",
       "coordinates":  [ 121.8596634,25.106141 ]
    },
    "properties": {
    "場所名稱":"新北市立黃金博物館",
    "場所地址":"新北市瑞芳區金光路8號",
    "場所分類":"觀光旅遊地區",
    "AED放置地點":"遊客中心",
    "行政區":"瑞芳區"
    }
  },
  {
    "type": "Feature",
    "geometry": {
       "type": "Point",
       "coordinates":  [ 121.8017147,25.1135952 ]
    },
    "properties": {
    "場所名稱":"新北市瑞芳區義方國民小學",
    "場所地址":"新北市瑞芳區逢甲路360號",
    "場所分類":"學校、大型集會場所",
    "AED放置地點":"穿堂",
    "行政區":"瑞芳區"
    }
  },
  {
    "type": "Feature",
    "geometry": {
       "type": "Point",
       "coordinates":  [ 121.7873812,25.106862 ]
    },
    "properties": {
    "場所名稱":"新北市政府警察局瑞芳分局大寮派出所",
    "場所地址":"新北市瑞芳區傑魚坑路278號",
    "場所分類":"其他",
    "AED放置地點":"一樓值班台前方牆壁",
    "行政區":"瑞芳區"
    }
  },
  {
    "type": "Feature",
    "geometry": {
       "type": "Point",
       "coordinates":  [ 121.8079662,25.1079002 ]
    },
    "properties": {
    "場所名稱":"新北市瑞芳地政事務所",
    "場所地址":"新北市瑞芳區明燈路3段32號",
    "場所分類":"其他",
    "AED放置地點":"本所大廳",
    "行政區":"瑞芳區"
    }
  },
  {
    "type": "Feature",
    "geometry": {
       "type": "Point",
       "coordinates":  [ 121.919541,25.1215985 ]
    },
    "properties": {
    "場所名稱":"新北市瑞芳區鼻頭國民小學",
    "場所地址":"新北市瑞芳區鼻頭路99號",
    "場所分類":"學校、大型集會場所",
    "AED放置地點":"辦公室外牆",
    "行政區":"瑞芳區"
    }
  },
  {
    "type": "Feature",
    "geometry": {
       "type": "Point",
       "coordinates":  [ 121.7617966,25.1025503 ]
    },
    "properties": {
    "場所名稱":"交通部臺灣鐵路管理局宜蘭運務段四腳亭站",
    "場所地址":"新北市瑞芳區新北市瑞芳區中央路65號",
    "場所分類":"交通要衝",
    "AED放置地點":"四腳亭火車站候車室",
    "行政區":"瑞芳區"
    }
  },
  {
    "type": "Feature",
    "geometry": {
       "type": "Point",
       "coordinates":  [ 121.7619372,25.10419 ]
    },
    "properties": {
    "場所名稱":"新北市政府警察局瑞芳分局四腳亭派出所",
    "場所地址":"新北市瑞芳區瑞竹路124號",
    "場所分類":"其他",
    "AED放置地點":"派出所一樓",
    "行政區":"瑞芳區"
    }
  },
  {
    "type": "Feature",
    "geometry": {
       "type": "Point",
       "coordinates":  [ 121.8089135,25.1076136 ]
    },
    "properties": {
    "場所名稱":"新北市政府環境保護局瑞芳區清潔隊",
    "場所地址":"新北市瑞芳區明燈路3段2號2樓",
    "場所分類":"其他",
    "AED放置地點":"瑞芳第一市場2樓",
    "行政區":"瑞芳區"
    }
  },
  {
    "type": "Feature",
    "geometry": {
       "type": "Point",
       "coordinates":  [ 121.843251,25.1096454 ]
    },
    "properties": {
    "場所名稱":"新北市政府警察局瑞芳分局九份派出所",
    "場所地址":"新北市瑞芳區豎崎路24號",
    "場所分類":"其他",
    "AED放置地點":"1樓值班台左前方",
    "行政區":"瑞芳區"
    }
  },
  {
    "type": "Feature",
    "geometry": {
       "type": "Point",
       "coordinates":  [ 121.8032891,25.1106206 ]
    },
    "properties": {
    "場所名稱":"新北市立瑞芳高級工業職業學校",
    "場所地址":"新北市瑞芳區瑞芳街60號",
    "場所分類":"學校、大型集會場所",
    "AED放置地點":"健康中心外牆(建興樓1樓)",
    "行政區":"瑞芳區"
    }
  },
  {
    "type": "Feature",
    "geometry": {
       "type": "Point",
       "coordinates":  [ 121.7744872,25.1026587 ]
    },
    "properties": {
    "場所名稱":"法商台灣迪卡儂瑞芳倉庫",
    "場所地址":"新北市瑞芳區楓子瀨路1巷9號F棟",
    "場所分類":"其他",
    "AED放置地點":"1F大廳",
    "行政區":"瑞芳區"
    }
  },
  {
    "type": "Feature",
    "geometry": {
       "type": "Point",
       "coordinates":  [ 121.8077602,25.1075427 ]
    },
    "properties": {
    "場所名稱":"新北市政府警察局瑞芳分局瑞芳派出所",
    "場所地址":"新北市瑞芳區明燈路三段25號1樓",
    "場所分類":"其他",
    "AED放置地點":"派出所內",
    "行政區":"瑞芳區"
    }
  },
  {
    "type": "Feature",
    "geometry": {
       "type": "Point",
       "coordinates":  [ 121.7744872,25.1026587 ]
    },
    "properties": {
    "場所名稱":"法商台灣迪卡儂瑞芳倉庫",
    "場所地址":"新北市瑞芳區楓子瀨路1巷9號F棟",
    "場所分類":"其他",
    "AED放置地點":"2F餐廳",
    "行政區":"瑞芳區"
    }
  },
  {
    "type": "Feature",
    "geometry": {
       "type": "Point",
       "coordinates":  [ 121.8089504,25.107323 ]
    },
    "properties": {
    "場所名稱":"新北市瑞芳區衛生所",
    "場所地址":"新北市瑞芳區明燈路三段1號",
    "場所分類":"其他",
    "AED放置地點":"新北市瑞芳區明燈路3段1號1樓",
    "行政區":"瑞芳區"
    }
  },
  {
    "type": "Feature",
    "geometry": {
       "type": "Point",
       "coordinates":  [ 121.8081812,25.1072412 ]
    },
    "properties": {
    "場所名稱":"新北市立圖書館瑞芳分館",
    "場所地址":"新北市瑞芳區民權街17號2樓",
    "場所分類":"大型休閒場所",
    "AED放置地點":"飲水機旁",
    "行政區":"瑞芳區"
    }
  },
  {
    "type": "Feature",
    "geometry": {
       "type": "Point",
       "coordinates":  [ 121.8434794,25.1097486 ]
    },
    "properties": {
    "場所名稱":"九份遊客中心",
    "場所地址":"新北市瑞芳區汽車路89號",
    "場所分類":"觀光旅遊地區",
    "AED放置地點":"九份遊客中心櫃臺前",
    "行政區":"瑞芳區"
    }
  },
  {
    "type": "Feature",
    "geometry": {
       "type": "Point",
       "coordinates":  [ 121.8089135,25.1076136 ]
    },
    "properties": {
    "場所名稱":"新北市瑞芳區第一公有零售市場",
    "場所地址":"新北市瑞芳區明燈路3段2號",
    "場所分類":"其他",
    "AED放置地點":"市場1樓廁所旁",
    "行政區":"瑞芳區"
    }
  },
  {
    "type": "Feature",
    "geometry": {
       "type": "Point",
       "coordinates":  [ 121.827423,25.087009 ]
    },
    "properties": {
    "場所名稱":"猴硐煤礦博物園區(旅遊資訊中心)",
    "場所地址":"新北市瑞芳區柴寮路(候硐火車站前)",
    "場所分類":"觀光旅遊地區",
    "AED放置地點":"猴硐煤礦博物園區(烘砂室)",
    "行政區":"瑞芳區"
    }
  },
  {
    "type": "Feature",
    "geometry": {
       "type": "Point",
       "coordinates":  [ 121.827423,25.087009 ]
    },
    "properties": {
    "場所名稱":"猴硐煤礦博物園區(旅遊資訊中心)",
    "場所地址":"新北市瑞芳區柴寮路(候硐火車站前)",
    "場所分類":"觀光旅遊地區",
    "AED放置地點":"猴硐煤礦博物園區(遊客中心)櫃臺",
    "行政區":"瑞芳區"
    }
  },
  {
    "type": "Feature",
    "geometry": {
       "type": "Point",
       "coordinates":  [ 121.8271475,25.0869417 ]
    },
    "properties": {
    "場所名稱":"交通部臺灣鐵路管理局宜蘭運務段猴硐站",
    "場所地址":"新北市瑞芳區柴寮路70號",
    "場所分類":"交通要衝",
    "AED放置地點":"二樓大廳",
    "行政區":"瑞芳區"
    }
  },
  {
    "type": "Feature",
    "geometry": {
       "type": "Point",
       "coordinates":  [ 121.7822209,25.0983752 ]
    },
    "properties": {
    "場所名稱":"新北市政府警察局交通警察大隊瑞芳分隊",
    "場所地址":"新北市瑞芳區大寮路43號",
    "場所分類":"其他",
    "AED放置地點":"進大門左側",
    "行政區":"瑞芳區"
    }
  },
  {
    "type": "Feature",
    "geometry": {
       "type": "Point",
       "coordinates":  [ 121.827423,25.087009 ]
    },
    "properties": {
    "場所名稱":"猴硐煤礦博物園區(旅遊資訊中心)",
    "場所地址":"新北市瑞芳區柴寮路(候硐火車站前)",
    "場所分類":"觀光旅遊地區",
    "AED放置地點":"猴硐煤礦博物園區(旅遊資訊中心)櫃臺",
    "行政區":"瑞芳區"
    }
  },
  {
    "type": "Feature",
    "geometry": {
       "type": "Point",
       "coordinates":  [ 121.8226413,25.0655746 ]
    },
    "properties": {
    "場所名稱":"交通部台灣鐵路管理局宜蘭運務段三貂嶺站",
    "場所地址":"新北市瑞芳區碩仁里魚寮路1號",
    "場所分類":"交通要衝",
    "AED放置地點":"候車室",
    "行政區":"瑞芳區"
    }
  },
  {
    "type": "Feature",
    "geometry": {
       "type": "Point",
       "coordinates":  [ 121.8332483,25.0933991 ]
    },
    "properties": {
    "場所名稱":"新北市政府警察局瑞芳分局猴硐派出所",
    "場所地址":"新北市瑞芳區九芎橋路96號",
    "場所分類":"其他",
    "AED放置地點":"1樓值班台旁",
    "行政區":"瑞芳區"
    }
  },
  {
    "type": "Feature",
    "geometry": {
       "type": "Point",
       "coordinates":  [ 121.8454083,25.1052651 ]
    },
    "properties": {
    "場所名稱":"新北市立欽賢國民中學-九份校區",
    "場所地址":"新北市瑞芳區永慶里崙頂路3之1號",
    "場所分類":"學校、大型集會場所",
    "AED放置地點":"警衛室進門牆壁上",
    "行政區":"瑞芳區"
    }
  },
  {
    "type": "Feature",
    "geometry": {
       "type": "Point",
       "coordinates":  [ 121.8077602,25.1075427 ]
    },
    "properties": {
    "場所名稱":"新北市政府警察局瑞芳分局瑞芳派出所",
    "場所地址":"新北市瑞芳區明燈路三段25號1樓",
    "場所分類":"其他",
    "AED放置地點":"1樓辦公桌旁",
    "行政區":"瑞芳區"
    }
  },
  {
    "type": "Feature",
    "geometry": {
       "type": "Point",
       "coordinates":  [ 121.8432732,25.1070975 ]
    },
    "properties": {
    "場所名稱":"新北市瑞芳區九份國民小學",
    "場所地址":"新北市瑞芳區崙頂路145號",
    "場所分類":"學校、大型集會場所",
    "AED放置地點":"九份國小",
    "行政區":"瑞芳區"
    }
  },
  {
    "type": "Feature",
    "geometry": {
       "type": "Point",
       "coordinates":  [ 121.809907,25.1088525 ]
    },
    "properties": {
    "場所名稱":"新北市瑞芳區公所",
    "場所地址":"新北市瑞芳區逢甲路82號",
    "場所分類":"其他",
    "AED放置地點":"一樓左側靠近公文收發處",
    "行政區":"瑞芳區"
    }
  },
  {
    "type": "Feature",
    "geometry": {
       "type": "Point",
       "coordinates":  [ 121.8165007,25.1078222 ]
    },
    "properties": {
    "場所名稱":"新北市立瑞芳國民中學",
    "場所地址":"新北市瑞芳區三爪子坑路1號",
    "場所分類":"學校、大型集會場所",
    "AED放置地點":"健康中心",
    "行政區":"瑞芳區"
    }
  },
  {
    "type": "Feature",
    "geometry": {
       "type": "Point",
       "coordinates":  [ 121.777421,25.1026102 ]
    },
    "properties": {
    "場所名稱":"新北市瑞芳區瑞亭國民小學",
    "場所地址":"新北市瑞芳區上天里四腳亭埔路23號",
    "場所分類":"學校、大型集會場所",
    "AED放置地點":"本校穿堂",
    "行政區":"瑞芳區"
    }
  },
  {
    "type": "Feature",
    "geometry": {
       "type": "Point",
       "coordinates":  [ 121.8195832,25.1210304 ]
    },
    "properties": {
    "場所名稱":"新北市政府警察局瑞芳分局瑞濱派出所",
    "場所地址":"新北市瑞芳區建基路一段5之1號",
    "場所分類":"其他",
    "AED放置地點":"備勤室入口左側",
    "行政區":"瑞芳區"
    }
  },
  {
    "type": "Feature",
    "geometry": {
       "type": "Point",
       "coordinates":  [ 121.8870344,25.1204532 ]
    },
    "properties": {
    "場所名稱":"新北市立欽賢國民中學-鼻頭校區",
    "場所地址":"新北市瑞芳區南雅里南雅路87之1號",
    "場所分類":"學校、大型集會場所",
    "AED放置地點":"專科大樓1樓健康中心-行政辦公室後門牆壁",
    "行政區":"瑞芳區"
    }
  },
  {
    "type": "Feature",
    "geometry": {
       "type": "Point",
       "coordinates":  [ 121.8062467,25.1070257 ]
    },
    "properties": {
    "場所名稱":"新北市瑞芳區瑞芳美食廣場",
    "場所地址":"新北市瑞芳區民生街35巷2號",
    "場所分類":"其他",
    "AED放置地點":"市場1樓共食區旁",
    "行政區":"瑞芳區"
    }
  },
  {
    "type": "Feature",
    "geometry": {
       "type": "Point",
       "coordinates":  [ 121.8332766,25.0955297 ]
    },
    "properties": {
    "場所名稱":"新北市瑞芳區猴硐國民小學",
    "場所地址":"新北市瑞芳區九芎橋路69-1號",
    "場所分類":"學校、大型集會場所",
    "AED放置地點":"警衛室內(一警內)",
    "行政區":"瑞芳區"
    }
  },
  {
    "type": "Feature",
    "geometry": {
       "type": "Point",
       "coordinates":  [ 121.9161502,25.1238229 ]
    },
    "properties": {
    "場所名稱":"新北市政府警察局瑞芳分局鼻頭派出所",
    "場所地址":"新北市瑞芳區鼻頭路101號",
    "場所分類":"其他",
    "AED放置地點":"派出所1樓",
    "行政區":"瑞芳區"
    }
  },
  {
    "type": "Feature",
    "geometry": {
       "type": "Point",
       "coordinates":  [ 121.8567905,25.1109621 ]
    },
    "properties": {
    "場所名稱":"新北市瑞芳區瓜山國民小學",
    "場所地址":"新北市瑞芳區石山里五號路306號",
    "場所分類":"學校、大型集會場所",
    "AED放置地點":"瓜山國小健康中心走廊",
    "行政區":"瑞芳區"
    }
  },
  {
    "type": "Feature",
    "geometry": {
       "type": "Point",
       "coordinates":  [ 121.8436847,25.1090768 ]
    },
    "properties": {
    "場所名稱":"九份昇平戲院",
    "場所地址":"新北市瑞芳區輕便路137號",
    "場所分類":"觀光旅遊地區",
    "AED放置地點":"無障礙廁所旁",
    "行政區":"瑞芳區"
    }
  },
  {
    "type": "Feature",
    "geometry": {
       "type": "Point",
       "coordinates":  [ 121.8596634,25.106141 ]
    },
    "properties": {
    "場所名稱":"新北市立黃金博物館",
    "場所地址":"新北市瑞芳區金光路8號",
    "場所分類":"觀光旅遊地區",
    "AED放置地點":"本山五坑(體驗坑道入口)",
    "行政區":"瑞芳區"
    }
  },
  {
    "type": "Feature",
    "geometry": {
       "type": "Point",
       "coordinates":  [ 121.8553557,25.1096182 ]
    },
    "properties": {
    "場所名稱":"時雨學校財團法人新北市私立時雨高級中學",
    "場所地址":"新北市瑞芳區祈堂路217號",
    "場所分類":"學校、大型集會場所",
    "AED放置地點":"2樓教官室門口",
    "行政區":"瑞芳區"
    }
  },
  {
    "type": "Feature",
    "geometry": {
       "type": "Point",
       "coordinates":  [ 121.8062594,25.1092175 ]
    },
    "properties": {
    "場所名稱":"交通部臺灣鐵路管理局宜蘭運務段瑞芳站",
    "場所地址":"新北市瑞芳區龍潭里明燈路3段82號",
    "場所分類":"交通要衝",
    "AED放置地點":"前站候車大廳無障礙入口右側",
    "行政區":"瑞芳區"
    }
  },
  {
    "type": "Feature",
    "geometry": {
       "type": "Point",
       "coordinates":  [ 121.8577975,25.1082477 ]
    },
    "properties": {
    "場所名稱":"新北市政府警察局瑞芳分局金瓜石派出所",
    "場所地址":"新北市瑞芳區金光路51號",
    "場所分類":"其他",
    "AED放置地點":"一樓內休憩區旁。",
    "行政區":"瑞芳區"
    }
  },
  {
    "type": "Feature",
    "geometry": {
       "type": "Point",
       "coordinates":  [ 121.8619316,25.121638 ]
    },
    "properties": {
    "場所名稱":"新北市政府警察局瑞芳分局水湳洞派出所",
    "場所地址":"新北市瑞芳區洞頂路8號",
    "場所分類":"其他",
    "AED放置地點":"一樓左側",
    "行政區":"瑞芳區"
    }
  },
  {
    "type": "Feature",
    "geometry": {
       "type": "Point",
       "coordinates":  [ 121.8064197,25.1081599 ]
    },
    "properties": {
    "場所名稱":"第一商業銀行瑞芳分行",
    "場所地址":"新北市瑞芳區明燈路3段76號",
    "場所分類":"其他",
    "AED放置地點":"大門入口左側牆壁上",
    "行政區":"瑞芳區"
    }
  },
  {
    "type": "Feature",
    "geometry": {
       "type": "Point",
       "coordinates":  [ 121.8236662,25.1105447 ]
    },
    "properties": {
    "場所名稱":"新北市瑞芳區瑞柑國民小學",
    "場所地址":"新北市瑞芳區明燈路一段18巷13號",
    "場所分類":"學校、大型集會場所",
    "AED放置地點":"川堂壁掛式",
    "行政區":"瑞芳區"
    }
  },
  {
    "type": "Feature",
    "geometry": {
       "type": "Point",
       "coordinates":  [ 121.8553557,25.1096182 ]
    },
    "properties": {
    "場所名稱":"時雨學校財團法人新北市私立時雨高級中學",
    "場所地址":"新北市瑞芳區祈堂路217號",
    "場所分類":"學校、大型集會場所",
    "AED放置地點":"健康中心",
    "行政區":"瑞芳區"
    }
  },
  {
    "type": "Feature",
    "geometry": {
       "type": "Point",
       "coordinates":  [ 121.7633642,25.0998354 ]
    },
    "properties": {
    "場所名稱":"新北市瑞芳區吉慶國民小學",
    "場所地址":"新北市瑞芳區大埔路95號",
    "場所分類":"學校、大型集會場所",
    "AED放置地點":"1樓的樓梯入口",
    "行政區":"瑞芳區"
    }
  },
  {
    "type": "Feature",
    "geometry": {
       "type": "Point",
       "coordinates":  [ 121.8045898,25.1078658 ]
    },
    "properties": {
    "場所名稱":"新北市瑞芳區瑞芳國民小學",
    "場所地址":"新北市瑞芳區中山路2號",
    "場所分類":"學校、大型集會場所",
    "AED放置地點":"瑞芳國小警衛室內",
    "行政區":"瑞芳區"
    }
  },
  {
    "type": "Feature",
    "geometry": {
       "type": "Point",
       "coordinates":  [ 121.777421,25.1026102 ]
    },
    "properties": {
    "場所名稱":"新北市瑞芳區瑞亭國民小學",
    "場所地址":"新北市瑞芳區上天里四腳亭埔路23號",
    "場所分類":"學校、大型集會場所",
    "AED放置地點":"學校川堂",
    "行政區":"瑞芳區"
    }
  },
  {
    "type": "Feature",
    "geometry": {
       "type": "Point",
       "coordinates":  [ 121.4345326,25.0713841 ]
    },
    "properties": {
    "場所名稱":"新北市五股區德音國民小學",
    "場所地址":"新北市五股區明德路2號",
    "場所分類":"學校、大型集會場所",
    "AED放置地點":"大門穿堂右側",
    "行政區":"五股區"
    }
  },
  {
    "type": "Feature",
    "geometry": {
       "type": "Point",
       "coordinates":  [ 121.4392282,25.082923 ]
    },
    "properties": {
    "場所名稱":"新北市五股區公有零售市場",
    "場所地址":"新北市五股區工商路3號",
    "場所分類":"大型購物場所",
    "AED放置地點":"一樓飲食區旁",
    "行政區":"五股區"
    }
  },
  {
    "type": "Feature",
    "geometry": {
       "type": "Point",
       "coordinates":  [ 121.4380729,25.0830835 ]
    },
    "properties": {
    "場所名稱":"新北市五股區公所",
    "場所地址":"新北市五股區中興路四段50號",
    "場所分類":"其他",
    "AED放置地點":"服務台對面",
    "行政區":"五股區"
    }
  },
  {
    "type": "Feature",
    "geometry": {
       "type": "Point",
       "coordinates":  [ 121.4386586,25.0848317 ]
    },
    "properties": {
    "場所名稱":"觀音山五股遊客中心(亞洲形上觀音山揹水隊捐贈)",
    "場所地址":"新北市五股區 ",
    "場所分類":"觀光旅遊地區",
    "AED放置地點":"觀音山五股遊客中心(亞洲形上觀音山揹水隊捐贈)觀音山五股遊客中心(亞洲形上觀音山揹水隊捐贈)",
    "行政區":"五股區"
    }
  },
  {
    "type": "Feature",
    "geometry": {
       "type": "Point",
       "coordinates":  [ 121.4489917,25.0795327 ]
    },
    "properties": {
    "場所名稱":"新北市政府環境保護局蘆洲區清潔隊",
    "場所地址":"新北市五股區中興路3段與成泰路一段98巷口",
    "場所分類":"其他",
    "AED放置地點":"蘆洲區清潔隊資收場",
    "行政區":"五股區"
    }
  },
  {
    "type": "Feature",
    "geometry": {
       "type": "Point",
       "coordinates":  [ 121.4386586,25.0848317 ]
    },
    "properties": {
    "場所名稱":"觀音山尖山涼亭處(亞洲形上觀音山揹水隊捐贈)",
    "場所地址":"新北市五股區 ",
    "場所分類":"其他",
    "AED放置地點":"觀音山尖山涼亭處(亞洲形上觀音山揹水隊捐贈)",
    "行政區":"五股區"
    }
  },
  {
    "type": "Feature",
    "geometry": {
       "type": "Point",
       "coordinates":  [ 121.4386586,25.0848317 ]
    },
    "properties": {
    "場所名稱":"觀音山凌雲禪寺往尖山步道處(亞洲形上觀音山揹水隊捐贈)",
    "場所地址":"新北市五股區 ",
    "場所分類":"其他",
    "AED放置地點":"觀音山凌雲禪寺往尖山步道處(亞洲形上觀音山揹水隊捐贈)",
    "行政區":"五股區"
    }
  },
  {
    "type": "Feature",
    "geometry": {
       "type": "Point",
       "coordinates":  [ 121.4386586,25.0848317 ]
    },
    "properties": {
    "場所名稱":"觀音山牛港稜涼亭(亞洲形上觀音山揹水隊捐贈)",
    "場所地址":"新北市五股區 ",
    "場所分類":"其他",
    "AED放置地點":"觀音山牛港稜涼亭(亞洲形上觀音山揹水隊捐贈)",
    "行政區":"五股區"
    }
  },
  {
    "type": "Feature",
    "geometry": {
       "type": "Point",
       "coordinates":  [ 121.4386586,25.0848317 ]
    },
    "properties": {
    "場所名稱":"觀音山碧瑤山莊處(亞洲形上觀音山揹水隊捐贈)",
    "場所地址":"新北市五股區 ",
    "場所分類":"其他",
    "AED放置地點":"觀音山碧瑤山莊處(亞洲形上觀音山揹水隊捐贈)",
    "行政區":"五股區"
    }
  },
  {
    "type": "Feature",
    "geometry": {
       "type": "Point",
       "coordinates":  [ 121.4386586,25.0848317 ]
    },
    "properties": {
    "場所名稱":"觀音山小觀音奉茶處(亞洲形上觀音山揹水隊捐贈)",
    "場所地址":"新北市五股區 ",
    "場所分類":"其他",
    "AED放置地點":"觀音山小觀音奉茶處(亞洲形上觀音山揹水隊捐贈)",
    "行政區":"五股區"
    }
  },
  {
    "type": "Feature",
    "geometry": {
       "type": "Point",
       "coordinates":  [ 121.4386586,25.0848317 ]
    },
    "properties": {
    "場所名稱":"觀音山弱者俱樂部(亞洲形上觀音山揹水隊捐贈)",
    "場所地址":"新北市五股區 ",
    "場所分類":"其他",
    "AED放置地點":"觀音山弱者俱樂部(亞洲形上觀音山揹水隊捐贈)",
    "行政區":"五股區"
    }
  },
  {
    "type": "Feature",
    "geometry": {
       "type": "Point",
       "coordinates":  [ 121.4386586,25.0848317 ]
    },
    "properties": {
    "場所名稱":"觀音山硬漢嶺(亞洲形上觀音山揹水隊捐贈)",
    "場所地址":"新北市五股區 ",
    "場所分類":"其他",
    "AED放置地點":"觀音山硬漢嶺(亞洲形上觀音山揹水隊捐贈)",
    "行政區":"五股區"
    }
  },
  {
    "type": "Feature",
    "geometry": {
       "type": "Point",
       "coordinates":  [ 121.4386586,25.0848317 ]
    },
    "properties": {
    "場所名稱":"觀音山停機坪旁涼亭(亞洲形上觀音山揹水隊捐贈)",
    "場所地址":"新北市五股區 ",
    "場所分類":"其他",
    "AED放置地點":"觀音山停機坪旁涼亭(亞洲形上觀音山揹水隊捐贈)",
    "行政區":"五股區"
    }
  },
  {
    "type": "Feature",
    "geometry": {
       "type": "Point",
       "coordinates":  [ 121.448445,25.0950545 ]
    },
    "properties": {
    "場所名稱":"新北市五股國民運動中心",
    "場所地址":"新北市五股區成泰路三段296號",
    "場所分類":"大型休閒場所",
    "AED放置地點":"1F游泳池",
    "行政區":"五股區"
    }
  },
  {
    "type": "Feature",
    "geometry": {
       "type": "Point",
       "coordinates":  [ 121.4373103,25.0733279 ]
    },
    "properties": {
    "場所名稱":"誼成生物科技股份有限公司準休閒農場分公司",
    "場所地址":"新北市五股區新五路二段70號",
    "場所分類":"觀光旅遊地區",
    "AED放置地點":"童話屋(辦公室)",
    "行政區":"五股區"
    }
  },
  {
    "type": "Feature",
    "geometry": {
       "type": "Point",
       "coordinates":  [ 121.4303691,25.0713628 ]
    },
    "properties": {
    "場所名稱":"新北市政府警察局蘆洲分局德音派出所",
    "場所地址":"新北市五股區水碓二路1號",
    "場所分類":"其他",
    "AED放置地點":"一樓大廳",
    "行政區":"五股區"
    }
  },
  {
    "type": "Feature",
    "geometry": {
       "type": "Point",
       "coordinates":  [ 121.4477199,25.0916924 ]
    },
    "properties": {
    "場所名稱":"新北市政府警察局蘆洲分局成州派出所",
    "場所地址":"新北市五股區新五路3段342號",
    "場所分類":"其他",
    "AED放置地點":"1樓所內後方第二辦公室",
    "行政區":"五股區"
    }
  },
  {
    "type": "Feature",
    "geometry": {
       "type": "Point",
       "coordinates":  [ 121.4259532,25.1248486 ]
    },
    "properties": {
    "場所名稱":"開山凌雲寺",
    "場所地址":"新北市五股區凌雲路三段57號",
    "場所分類":"其他",
    "AED放置地點":"公廁旁",
    "行政區":"五股區"
    }
  },
  {
    "type": "Feature",
    "geometry": {
       "type": "Point",
       "coordinates":  [ 121.4359534,25.0861318 ]
    },
    "properties": {
    "場所名稱":"台灣善美的股份有限公司五股DC廠",
    "場所地址":"新北市五股區工商路128號",
    "場所分類":"其他",
    "AED放置地點":"A棟休息室",
    "行政區":"五股區"
    }
  },
  {
    "type": "Feature",
    "geometry": {
       "type": "Point",
       "coordinates":  [ 121.4475269,25.0642062 ]
    },
    "properties": {
    "場所名稱":"台灣善美的生鮮處理中心五股PC廠",
    "場所地址":"新北市五股區五工六路35號",
    "場所分類":"其他",
    "AED放置地點":"4F保健室外",
    "行政區":"五股區"
    }
  },
  {
    "type": "Feature",
    "geometry": {
       "type": "Point",
       "coordinates":  [ 121.4507353,25.0613939 ]
    },
    "properties": {
    "場所名稱":"新北市勞工活動中心",
    "場所地址":"新北市五股區新北市五股區五工六路9號",
    "場所分類":"其他",
    "AED放置地點":"新北市勞工活動中心",
    "行政區":"五股區"
    }
  },
  {
    "type": "Feature",
    "geometry": {
       "type": "Point",
       "coordinates":  [ 121.4679347,25.070101 ]
    },
    "properties": {
    "場所名稱":"新北市五股區更寮國民小學",
    "場所地址":"新北市五股區四維路2號",
    "場所分類":"學校、大型集會場所",
    "AED放置地點":"健康中心",
    "行政區":"五股區"
    }
  },
  {
    "type": "Feature",
    "geometry": {
       "type": "Point",
       "coordinates":  [ 121.4352689,25.0822117 ]
    },
    "properties": {
    "場所名稱":"新北市立五股國民中學",
    "場所地址":"新北市五股區成泰路二段49巷15號",
    "場所分類":"學校、大型集會場所",
    "AED放置地點":"體育組門口",
    "行政區":"五股區"
    }
  },
  {
    "type": "Feature",
    "geometry": {
       "type": "Point",
       "coordinates":  [ 121.4368288,25.0835371 ]
    },
    "properties": {
    "場所名稱":"新北市政府警察局蘆洲分局五股分駐所",
    "場所地址":"新北市五股區中興路四段67號",
    "場所分類":"其他",
    "AED放置地點":"五股分駐所1樓第二辦公室",
    "行政區":"五股區"
    }
  },
  {
    "type": "Feature",
    "geometry": {
       "type": "Point",
       "coordinates":  [ 121.4372541,25.0831465 ]
    },
    "properties": {
    "場所名稱":"新北市五股區五股國民小學",
    "場所地址":"新北市五股區成泰路二段49號",
    "場所分類":"學校、大型集會場所",
    "AED放置地點":"教務處前",
    "行政區":"五股區"
    }
  },
  {
    "type": "Feature",
    "geometry": {
       "type": "Point",
       "coordinates":  [ 121.4675254,25.0731604 ]
    },
    "properties": {
    "場所名稱":"第一商業銀行五股分行",
    "場所地址":"新北市五股區四維路90號",
    "場所分類":"其他",
    "AED放置地點":"大門入口處左側",
    "行政區":"五股區"
    }
  },
  {
    "type": "Feature",
    "geometry": {
       "type": "Point",
       "coordinates":  [ 121.44775,25.0940597 ]
    },
    "properties": {
    "場所名稱":"新北市五股區衛生所",
    "場所地址":"新北市五股區新城三路11號",
    "場所分類":"其他",
    "AED放置地點":"五股區衛生所",
    "行政區":"五股區"
    }
  },
  {
    "type": "Feature",
    "geometry": {
       "type": "Point",
       "coordinates":  [ 121.4533062,25.1064611 ]
    },
    "properties": {
    "場所名稱":"新北市私立尚承護理之家",
    "場所地址":"新北市五股區成泰路四段10號3樓之1",
    "場所分類":"其他",
    "AED放置地點":"大門入口左轉護理站旁",
    "行政區":"五股區"
    }
  },
  {
    "type": "Feature",
    "geometry": {
       "type": "Point",
       "coordinates":  [ 121.4494147,25.066279 ]
    },
    "properties": {
    "場所名稱":"勞動力發展署北基宜花金馬分署五股訓練場",
    "場所地址":"新北市五股區五工五路47號一樓",
    "場所分類":"學校、大型集會場所",
    "AED放置地點":"五工五路47號五樓A503",
    "行政區":"五股區"
    }
  },
  {
    "type": "Feature",
    "geometry": {
       "type": "Point",
       "coordinates":  [ 121.4463399,25.065084 ]
    },
    "properties": {
    "場所名稱":"春保森拉天時鎢鋼合金股份有限公司五股廠",
    "場所地址":"新北市五股區五工六路45號",
    "場所分類":"其他",
    "AED放置地點":"進入大門右前方",
    "行政區":"五股區"
    }
  },
  {
    "type": "Feature",
    "geometry": {
       "type": "Point",
       "coordinates":  [ 121.4585085,25.0778854 ]
    },
    "properties": {
    "場所名稱":"新北市政府警察局蘆洲分局更寮派出所",
    "場所地址":"新北市五股區中興路二段147號",
    "場所分類":"其他",
    "AED放置地點":"更寮派出所",
    "行政區":"五股區"
    }
  },
  {
    "type": "Feature",
    "geometry": {
       "type": "Point",
       "coordinates":  [ 121.4484237,25.0651613 ]
    },
    "properties": {
    "場所名稱":"新北市愛樂發展中心",
    "場所地址":"新北市五股區五權路七巷6號1樓",
    "場所分類":"其他",
    "AED放置地點":"會議室",
    "行政區":"五股區"
    }
  },
  {
    "type": "Feature",
    "geometry": {
       "type": "Point",
       "coordinates":  [ 121.4478263,25.0646993 ]
    },
    "properties": {
    "場所名稱":"新北市工商展覽中心",
    "場所地址":"新北市五股區五權路1號",
    "場所分類":"其他",
    "AED放置地點":"大廳入口處",
    "行政區":"五股區"
    }
  },
  {
    "type": "Feature",
    "geometry": {
       "type": "Point",
       "coordinates":  [ 121.4506698,25.0641528 ]
    },
    "properties": {
    "場所名稱":"儒億科技股份有限公司台北廠區",
    "場所地址":"新北市五股區五權五路13號",
    "場所分類":"其他",
    "AED放置地點":"一樓大門入口右側",
    "行政區":"五股區"
    }
  },
  {
    "type": "Feature",
    "geometry": {
       "type": "Point",
       "coordinates":  [ 121.4465914,25.0947319 ]
    },
    "properties": {
    "場所名稱":"新北市立圖書館五股成功分館",
    "場所地址":"新北市五股區西雲路165號五樓",
    "場所分類":"大型休閒場所",
    "AED放置地點":"五樓成功圖書館",
    "行政區":"五股區"
    }
  },
  {
    "type": "Feature",
    "geometry": {
       "type": "Point",
       "coordinates":  [ 121.4397964,25.0824588 ]
    },
    "properties": {
    "場所名稱":"新北市立圖書館五股分館",
    "場所地址":"新北市五股區工商路1號3-4樓",
    "場所分類":"大型休閒場所",
    "AED放置地點":"3樓圖書館",
    "行政區":"五股區"
    }
  },
  {
    "type": "Feature",
    "geometry": {
       "type": "Point",
       "coordinates":  [ 121.4593798,25.0754989 ]
    },
    "properties": {
    "場所名稱":"新北市政府環境保護局五股區清潔隊",
    "場所地址":"新北市五股區中興路2段83巷26之5號",
    "場所分類":"其他",
    "AED放置地點":"員工休息室左門",
    "行政區":"五股區"
    }
  },
  {
    "type": "Feature",
    "geometry": {
       "type": "Point",
       "coordinates":  [ 121.4496956,25.0646078 ]
    },
    "properties": {
    "場所名稱":"富弘家電股份有限公司",
    "場所地址":"新北市五股區五權六路11號",
    "場所分類":"其他",
    "AED放置地點":"辦公室外",
    "行政區":"五股區"
    }
  },
  {
    "type": "Feature",
    "geometry": {
       "type": "Point",
       "coordinates":  [ 121.4498542,25.0794048 ]
    },
    "properties": {
    "場所名稱":"新北市政府環境保護局蘆洲區清潔隊(廚餘場)",
    "場所地址":"新北市五股區疏洪六路往5號越堤道",
    "場所分類":"其他",
    "AED放置地點":"辦公室打卡機斜前方",
    "行政區":"五股區"
    }
  },
  {
    "type": "Feature",
    "geometry": {
       "type": "Point",
       "coordinates":  [ 121.4506814,25.0997698 ]
    },
    "properties": {
    "場所名稱":"新北市五股區成州國民小學",
    "場所地址":"新北市五股區成泰路三段493號",
    "場所分類":"學校、大型集會場所",
    "AED放置地點":"人會室走廊",
    "行政區":"五股區"
    }
  },
  {
    "type": "Feature",
    "geometry": {
       "type": "Point",
       "coordinates":  [ 121.4252248,25.0416024 ]
    },
    "properties": {
    "場所名稱":"香港商世界健身事業有限公司泰山分公司",
    "場所地址":"新北市泰山區明志路三段83號B1",
    "場所分類":"學校、大型集會場所",
    "AED放置地點":"大廳洽談桌後方",
    "行政區":"泰山區"
    }
  },
  {
    "type": "Feature",
    "geometry": {
       "type": "Point",
       "coordinates":  [ 121.4308926,25.0522369 ]
    },
    "properties": {
    "場所名稱":"新北市泰山區義學國民小學",
    "場所地址":"新北市泰山區民生路30號",
    "場所分類":"學校、大型集會場所",
    "AED放置地點":"健康中心外走廊",
    "行政區":"泰山區"
    }
  },
  {
    "type": "Feature",
    "geometry": {
       "type": "Point",
       "coordinates":  [ 121.4204357,25.0665264 ]
    },
    "properties": {
    "場所名稱":"黎明技術學院",
    "場所地址":"新北市泰山區泰林路三段22號",
    "場所分類":"學校、大型集會場所",
    "AED放置地點":"健康中心.工廠及體育館",
    "行政區":"泰山區"
    }
  },
  {
    "type": "Feature",
    "geometry": {
       "type": "Point",
       "coordinates":  [ 121.4303894,25.0676931 ]
    },
    "properties": {
    "場所名稱":"內政部警政署國道公路警察局",
    "場所地址":"新北市泰山區黎明里半山雅70-2號",
    "場所分類":"其他",
    "AED放置地點":"大門口右側處",
    "行政區":"泰山區"
    }
  },
  {
    "type": "Feature",
    "geometry": {
       "type": "Point",
       "coordinates":  [ 121.4129318,25.0676888 ]
    },
    "properties": {
    "場所名稱":"世享勝業有限公司",
    "場所地址":"新北市泰山區泰林路三段301巷21號",
    "場所分類":"其他",
    "AED放置地點":"現場",
    "行政區":"泰山區"
    }
  },
  {
    "type": "Feature",
    "geometry": {
       "type": "Point",
       "coordinates":  [ 121.4274722,25.0500966 ]
    },
    "properties": {
    "場所名稱":"泰山區義學立體停車場",
    "場所地址":"新北市泰山區明志路二段188號",
    "場所分類":"其他",
    "AED放置地點":"一樓管理中心門旁",
    "行政區":"泰山區"
    }
  },
  {
    "type": "Feature",
    "geometry": {
       "type": "Point",
       "coordinates":  [ 121.4236608,25.0398783 ]
    },
    "properties": {
    "場所名稱":"新北市立圖書館泰山貴子分館",
    "場所地址":"新北市泰山區工專路22號3樓",
    "場所分類":"大型休閒場所",
    "AED放置地點":"泰山貴子分館3樓",
    "行政區":"泰山區"
    }
  },
  {
    "type": "Feature",
    "geometry": {
       "type": "Point",
       "coordinates":  [ 121.4315114,25.0613993 ]
    },
    "properties": {
    "場所名稱":"新北市泰山區泰山國民小學",
    "場所地址":"新北市泰山區泰林路二段255號",
    "場所分類":"學校、大型集會場所",
    "AED放置地點":"新北市泰山區泰山國小",
    "行政區":"泰山區"
    }
  },
  {
    "type": "Feature",
    "geometry": {
       "type": "Point",
       "coordinates":  [ 121.4326629,25.0612873 ]
    },
    "properties": {
    "場所名稱":"新北市政府社會局委託財團法人中華民國唐氏症基金會辦理新北市愛家發展中心",
    "場所地址":"新北市泰山區明志路一段205號2樓之2",
    "場所分類":"其他",
    "AED放置地點":"行政大樓門口",
    "行政區":"泰山區"
    }
  },
  {
    "type": "Feature",
    "geometry": {
       "type": "Point",
       "coordinates":  [ 121.4120097,25.0317344 ]
    },
    "properties": {
    "場所名稱":"勞動部勞動力發展署北基宜花金馬分署泰山職業訓練場",
    "場所地址":"新北市泰山區貴子里致遠新村55之1號",
    "場所分類":"其他",
    "AED放置地點":"泰山職業訓練場",
    "行政區":"泰山區"
    }
  },
  {
    "type": "Feature",
    "geometry": {
       "type": "Point",
       "coordinates":  [ 121.4283587,25.0384601 ]
    },
    "properties": {
    "場所名稱":"社團法人舊鞋救命國際基督關懷協會",
    "場所地址":"新北市泰山區新北大道六段79巷57弄8-2號",
    "場所分類":"其他",
    "AED放置地點":"一樓服務台後側",
    "行政區":"泰山區"
    }
  },
  {
    "type": "Feature",
    "geometry": {
       "type": "Point",
       "coordinates":  [ 121.4284716,25.0544035 ]
    },
    "properties": {
    "場所名稱":"新北市泰山區同榮國民小學",
    "場所地址":"新北市泰山區公園路33號",
    "場所分類":"學校、大型集會場所",
    "AED放置地點":"學務處入口處外圍牆",
    "行政區":"泰山區"
    }
  },
  {
    "type": "Feature",
    "geometry": {
       "type": "Point",
       "coordinates":  [ 121.4265935,25.0556911 ]
    },
    "properties": {
    "場所名稱":"泰山體育園區",
    "場所地址":"新北市泰山區公園路54號",
    "場所分類":"大型休閒場所",
    "AED放置地點":"1樓大廳",
    "行政區":"泰山區"
    }
  },
  {
    "type": "Feature",
    "geometry": {
       "type": "Point",
       "coordinates":  [ 121.4307901,25.0513715 ]
    },
    "properties": {
    "場所名稱":"新北市立義學國民中學",
    "場所地址":"新北市泰山區民生路33號",
    "場所分類":"學校、大型集會場所",
    "AED放置地點":"健康中心與學務處中間走廊",
    "行政區":"泰山區"
    }
  },
  {
    "type": "Feature",
    "geometry": {
       "type": "Point",
       "coordinates":  [ 121.4599553,25.1561653 ]
    },
    "properties": {
    "場所名稱":"宏道豐匯住宅新建工程",
    "場所地址":"新北市泰山區新華一街1號斜對面，陽明營造工務所",
    "場所分類":"其他",
    "AED放置地點":"勞工休息區，男女廁所門口旁牆面",
    "行政區":"泰山區"
    }
  },
  {
    "type": "Feature",
    "geometry": {
       "type": "Point",
       "coordinates":  [ 121.4336296,25.0562788 ]
    },
    "properties": {
    "場所名稱":"新北市泰山區公有零售市場",
    "場所地址":"新北市泰山區全興路212號",
    "場所分類":"其他",
    "AED放置地點":"市場1樓電子看板旁",
    "行政區":"泰山區"
    }
  },
  {
    "type": "Feature",
    "geometry": {
       "type": "Point",
       "coordinates":  [ 121.4336296,25.0562788 ]
    },
    "properties": {
    "場所名稱":"新北市泰山區衛生所",
    "場所地址":"新北市泰山區全興路212號3樓",
    "場所分類":"其他",
    "AED放置地點":"三樓大廳",
    "行政區":"泰山區"
    }
  },
  {
    "type": "Feature",
    "geometry": {
       "type": "Point",
       "coordinates":  [ 121.4226432,25.0336124 ]
    },
    "properties": {
    "場所名稱":"桃園捷運A6泰山貴和站",
    "場所地址":"新北市泰山區新北大道六段460號",
    "場所分類":"交通要衝",
    "AED放置地點":"穿堂層公共男廁前(付費區)",
    "行政區":"泰山區"
    }
  },
  {
    "type": "Feature",
    "geometry": {
       "type": "Point",
       "coordinates":  [ 121.4220666,25.042568 ]
    },
    "properties": {
    "場所名稱":"明志科技大學",
    "場所地址":"新北市泰山區工專路84號",
    "場所分類":"學校、大型集會場所",
    "AED放置地點":"警衛室",
    "行政區":"泰山區"
    }
  },
  {
    "type": "Feature",
    "geometry": {
       "type": "Point",
       "coordinates":  [ 121.4314358,25.0593165 ]
    },
    "properties": {
    "場所名稱":"新北市泰山區公所",
    "場所地址":"新北市泰山區明志路一段322號",
    "場所分類":"其他",
    "AED放置地點":"1樓服務台前",
    "行政區":"泰山區"
    }
  },
  {
    "type": "Feature",
    "geometry": {
       "type": "Point",
       "coordinates":  [ 121.4334857,25.0563924 ]
    },
    "properties": {
    "場所名稱":"新北市立圖書館泰山分館",
    "場所地址":"新北市泰山區全興路212號5樓",
    "場所分類":"大型休閒場所",
    "AED放置地點":"期刊櫃旁",
    "行政區":"泰山區"
    }
  },
  {
    "type": "Feature",
    "geometry": {
       "type": "Point",
       "coordinates":  [ 121.4248099,25.0438151 ]
    },
    "properties": {
    "場所名稱":"新北市政府警察局林口分局明志派出所",
    "場所地址":"新北市泰山區明志路2段426號",
    "場所分類":"其他",
    "AED放置地點":"一樓大廳",
    "行政區":"泰山區"
    }
  },
  {
    "type": "Feature",
    "geometry": {
       "type": "Point",
       "coordinates":  [ 121.4274329,25.04522 ]
    },
    "properties": {
    "場所名稱":"新北市泰山區明志國民小學",
    "場所地址":"新北市泰山區新生路2號",
    "場所分類":"學校、大型集會場所",
    "AED放置地點":"健康中心",
    "行政區":"泰山區"
    }
  },
  {
    "type": "Feature",
    "geometry": {
       "type": "Point",
       "coordinates":  [ 121.4345001,25.0559019 ]
    },
    "properties": {
    "場所名稱":"新北市泰山國民運動中心",
    "場所地址":"新北市泰山區全興路167號",
    "場所分類":"學校、大型集會場所",
    "AED放置地點":"一樓大廳左邊",
    "行政區":"泰山區"
    }
  },
  {
    "type": "Feature",
    "geometry": {
       "type": "Point",
       "coordinates":  [ 121.4345001,25.0559019 ]
    },
    "properties": {
    "場所名稱":"新北市泰山國民運動中心",
    "場所地址":"新北市泰山區全興路167號",
    "場所分類":"學校、大型集會場所",
    "AED放置地點":"3樓球場入口",
    "行政區":"泰山區"
    }
  },
  {
    "type": "Feature",
    "geometry": {
       "type": "Point",
       "coordinates":  [ 121.4295471,25.0570489 ]
    },
    "properties": {
    "場所名稱":"新北市立泰山高級中學",
    "場所地址":"新北市泰山區辭修路7號",
    "場所分類":"學校、大型集會場所",
    "AED放置地點":"警衛室",
    "行政區":"泰山區"
    }
  },
  {
    "type": "Feature",
    "geometry": {
       "type": "Point",
       "coordinates":  [ 121.4281693,25.0449261 ]
    },
    "properties": {
    "場所名稱":"財團法人天主教主顧修女會附設新北市私立泰山奇蹟之家綜合長照機構（泰山奇蹟之家公共托老中心）",
    "場所地址":"新北市泰山區新生路4號",
    "場所分類":"其他",
    "AED放置地點":"日照無障礙廁所前",
    "行政區":"泰山區"
    }
  },
  {
    "type": "Feature",
    "geometry": {
       "type": "Point",
       "coordinates":  [ 121.4396809,25.0530918 ]
    },
    "properties": {
    "場所名稱":"桃園捷運A5泰山站",
    "場所地址":"新北市泰山區新北大道四段431號",
    "場所分類":"交通要衝",
    "AED放置地點":"穿堂層詢問處附近(付費區)",
    "行政區":"泰山區"
    }
  },
  {
    "type": "Feature",
    "geometry": {
       "type": "Point",
       "coordinates":  [ 121.420484,25.062782 ]
    },
    "properties": {
    "場所名稱":"新北市政府環境保護局泰山區清潔隊",
    "場所地址":"新北市泰山區黎明路25號",
    "場所分類":"其他",
    "AED放置地點":"泰山區清潔隊休息室",
    "行政區":"泰山區"
    }
  },
  {
    "type": "Feature",
    "geometry": {
       "type": "Point",
       "coordinates":  [ 121.4331537,25.0616719 ]
    },
    "properties": {
    "場所名稱":"新北市政府警察局林口分局泰山分駐所",
    "場所地址":"新北市泰山區泰林路2段214號",
    "場所分類":"其他",
    "AED放置地點":"ㄧ樓大廳",
    "行政區":"泰山區"
    }
  },
  {
    "type": "Feature",
    "geometry": {
       "type": "Point",
       "coordinates":  [ 121.4257969,25.0653937 ]
    },
    "properties": {
    "場所名稱":"新北市立泰山國民中學",
    "場所地址":"新北市泰山區泰林路2段498號",
    "場所分類":"學校、大型集會場所",
    "AED放置地點":"中央穿堂",
    "行政區":"泰山區"
    }
  },
  {
    "type": "Feature",
    "geometry": {
       "type": "Point",
       "coordinates":  [ 121.3881378,25.0790108 ]
    },
    "properties": {
    "場所名稱":"國立臺灣師範大學林口校區",
    "場所地址":"新北市林口區仁愛路1段2號",
    "場所分類":"學校、大型集會場所",
    "AED放置地點":"勤樓女一舍1樓",
    "行政區":"林口區"
    }
  },
  {
    "type": "Feature",
    "geometry": {
       "type": "Point",
       "coordinates":  [ 121.3759616,25.0689378 ]
    },
    "properties": {
    "場所名稱":"新北市林口區麗園國民小學",
    "場所地址":"新北市林口區忠孝路591號",
    "場所分類":"學校、大型集會場所",
    "AED放置地點":"健康中心",
    "行政區":"林口區"
    }
  },
  {
    "type": "Feature",
    "geometry": {
       "type": "Point",
       "coordinates":  [ 121.3820413,25.0759082 ]
    },
    "properties": {
    "場所名稱":"新北市東湖國小",
    "場所地址":"新北市林口區佳林路200號",
    "場所分類":"學校、大型集會場所",
    "AED放置地點":"健康中心外牆",
    "行政區":"林口區"
    }
  },
  {
    "type": "Feature",
    "geometry": {
       "type": "Point",
       "coordinates":  [ 121.3937548,25.0773607 ]
    },
    "properties": {
    "場所名稱":"新北市政府警察局林口分局林口派出所",
    "場所地址":"新北市林口區中正路102號",
    "場所分類":"其他",
    "AED放置地點":"一樓入口",
    "行政區":"林口區"
    }
  },
  {
    "type": "Feature",
    "geometry": {
       "type": "Point",
       "coordinates":  [ 121.3899708,25.0740524 ]
    },
    "properties": {
    "場所名稱":"新北市康橋國際學校林口校區",
    "場所地址":"新北市林口區興林路55號",
    "場所分類":"學校、大型集會場所",
    "AED放置地點":"小學部1 樓川堂",
    "行政區":"林口區"
    }
  },
  {
    "type": "Feature",
    "geometry": {
       "type": "Point",
       "coordinates":  [ 121.3703262,25.0693644 ]
    },
    "properties": {
    "場所名稱":"國都汽車股份有限公司林口服務廠",
    "場所地址":"新北市林口區文化一路一段35號",
    "場所分類":"其他",
    "AED放置地點":"服務廠客休室",
    "行政區":"林口區"
    }
  },
  {
    "type": "Feature",
    "geometry": {
       "type": "Point",
       "coordinates":  [ 121.3881378,25.0790108 ]
    },
    "properties": {
    "場所名稱":"新北市林口區瑞平國民小學",
    "場所地址":"新北市林口區後坑路34-1號",
    "場所分類":"學校、大型集會場所",
    "AED放置地點":"一樓電梯旁",
    "行政區":"林口區"
    }
  },
  {
    "type": "Feature",
    "geometry": {
       "type": "Point",
       "coordinates":  [ 121.3759616,25.0689378 ]
    },
    "properties": {
    "場所名稱":"新北市林口區麗園國民小學",
    "場所地址":"新北市林口區忠孝路591號",
    "場所分類":"學校、大型集會場所",
    "AED放置地點":"大門穿堂",
    "行政區":"林口區"
    }
  },
  {
    "type": "Feature",
    "geometry": {
       "type": "Point",
       "coordinates":  [ 121.3609965,25.0651845 ]
    },
    "properties": {
    "場所名稱":"MITSUI OUTLET PARK林口",
    "場所地址":"新北市林口區文化三路ㄧ段356號",
    "場所分類":"大型購物場所",
    "AED放置地點":"救護室",
    "行政區":"林口區"
    }
  },
  {
    "type": "Feature",
    "geometry": {
       "type": "Point",
       "coordinates":  [ 121.373773,25.0720639 ]
    },
    "properties": {
    "場所名稱":"財團法人新北市大樹社會福利基金會新北市林口仁愛公共托老中心",
    "場所地址":"新北市林口區文化一路一段137號",
    "場所分類":"其他",
    "AED放置地點":"日照中心大廳男廁前的柱子",
    "行政區":"林口區"
    }
  },
  {
    "type": "Feature",
    "geometry": {
       "type": "Point",
       "coordinates":  [ 121.3805174,25.0863749 ]
    },
    "properties": {
    "場所名稱":"新北市林口國民運動中心",
    "場所地址":"新北市林口區新北市林口區文化二路二段299號",
    "場所分類":"學校、大型集會場所",
    "AED放置地點":"林口國民運動中心櫃台",
    "行政區":"林口區"
    }
  },
  {
    "type": "Feature",
    "geometry": {
       "type": "Point",
       "coordinates":  [ 121.3744205,25.0773465 ]
    },
    "properties": {
    "場所名稱":"家樂福林口店",
    "場所地址":"新北市林口區文化二路一段559號B1",
    "場所分類":"大型購物場所",
    "AED放置地點":"出收銀線左邊",
    "行政區":"林口區"
    }
  },
  {
    "type": "Feature",
    "geometry": {
       "type": "Point",
       "coordinates":  [ 121.3955724,25.0832782 ]
    },
    "properties": {
    "場所名稱":"醒吾學校財團法人醒吾科技大學",
    "場所地址":"新北市林口區粉寮路一段101號",
    "場所分類":"學校、大型集會場所",
    "AED放置地點":"觀光餐旅學院大樓1樓(正門入口左轉)",
    "行政區":"林口區"
    }
  },
  {
    "type": "Feature",
    "geometry": {
       "type": "Point",
       "coordinates":  [ 121.3955724,25.0832782 ]
    },
    "properties": {
    "場所名稱":"醒吾學校財團法人醒吾科技大學",
    "場所地址":"新北市林口區粉寮路一段101號",
    "場所分類":"學校、大型集會場所",
    "AED放置地點":"覺先樓圖書館1樓電梯旁",
    "行政區":"林口區"
    }
  },
  {
    "type": "Feature",
    "geometry": {
       "type": "Point",
       "coordinates":  [ 121.3842176,25.0803973 ]
    },
    "properties": {
    "場所名稱":"新北市立佳林國民中學",
    "場所地址":"新北市林口區中山路268號",
    "場所分類":"學校、大型集會場所",
    "AED放置地點":"佳林國中校園",
    "行政區":"林口區"
    }
  },
  {
    "type": "Feature",
    "geometry": {
       "type": "Point",
       "coordinates":  [ 121.3842176,25.0803973 ]
    },
    "properties": {
    "場所名稱":"新北市立佳林國民中學",
    "場所地址":"新北市林口區中山路268號",
    "場所分類":"學校、大型集會場所",
    "AED放置地點":"佳林國中健康中心內，進門右前方牆上",
    "行政區":"林口區"
    }
  },
  {
    "type": "Feature",
    "geometry": {
       "type": "Point",
       "coordinates":  [ 121.3915137,25.077844 ]
    },
    "properties": {
    "場所名稱":"新北市林口區公有零售市場",
    "場所地址":"新北市林口區林口路15號",
    "場所分類":"大型購物場所",
    "AED放置地點":"中正路入口左側",
    "行政區":"林口區"
    }
  },
  {
    "type": "Feature",
    "geometry": {
       "type": "Point",
       "coordinates":  [ 121.3653309,25.0713425 ]
    },
    "properties": {
    "場所名稱":"林口MITSUI OUTLET PARK威秀影城",
    "場所地址":"新北市林口區文化三路一段356號3F",
    "場所分類":"大型休閒場所",
    "AED放置地點":"3F大廳",
    "行政區":"林口區"
    }
  },
  {
    "type": "Feature",
    "geometry": {
       "type": "Point",
       "coordinates":  [ 121.3881378,25.0790108 ]
    },
    "properties": {
    "場所名稱":"國立臺灣師範大學林口校區",
    "場所地址":"新北市林口區仁愛路1段2號",
    "場所分類":"學校、大型集會場所",
    "AED放置地點":"體育館1樓",
    "行政區":"林口區"
    }
  },
  {
    "type": "Feature",
    "geometry": {
       "type": "Point",
       "coordinates":  [ 121.3683341,25.078146 ]
    },
    "properties": {
    "場所名稱":"林口第二運動公園網球場",
    "場所地址":"新北市林口區文化北路一段526巷",
    "場所分類":"其他",
    "AED放置地點":"林口第二運動公園",
    "行政區":"林口區"
    }
  },
  {
    "type": "Feature",
    "geometry": {
       "type": "Point",
       "coordinates":  [ 121.3928657,25.0763143 ]
    },
    "properties": {
    "場所名稱":"新北市林口區公所",
    "場所地址":"新北市林口區西林里仁愛路1段378號",
    "場所分類":"其他",
    "AED放置地點":"區公所1樓大廳服務台",
    "行政區":"林口區"
    }
  },
  {
    "type": "Feature",
    "geometry": {
       "type": "Point",
       "coordinates":  [ 121.3955724,25.0832782 ]
    },
    "properties": {
    "場所名稱":"醒吾學校財團法人醒吾科技大學",
    "場所地址":"新北市林口區粉寮路一段101號",
    "場所分類":"學校、大型集會場所",
    "AED放置地點":"生活大樓1樓美食廣場門口",
    "行政區":"林口區"
    }
  },
  {
    "type": "Feature",
    "geometry": {
       "type": "Point",
       "coordinates":  [ 121.3955724,25.0832782 ]
    },
    "properties": {
    "場所名稱":"醒吾學校財團法人醒吾科技大學",
    "場所地址":"新北市林口區粉寮路一段101號",
    "場所分類":"學校、大型集會場所",
    "AED放置地點":"勤和樓學務處自動化服務區",
    "行政區":"林口區"
    }
  },
  {
    "type": "Feature",
    "geometry": {
       "type": "Point",
       "coordinates":  [ 121.3899708,25.0740524 ]
    },
    "properties": {
    "場所名稱":"新北市康橋國際學校林口校區",
    "場所地址":"新北市林口區興林路55號",
    "場所分類":"學校、大型集會場所",
    "AED放置地點":"體育館四樓籃球場",
    "行政區":"林口區"
    }
  },
  {
    "type": "Feature",
    "geometry": {
       "type": "Point",
       "coordinates":  [ 121.3899708,25.0740524 ]
    },
    "properties": {
    "場所名稱":"新北市康橋國際學校林口校區",
    "場所地址":"新北市林口區興林路55號",
    "場所分類":"學校、大型集會場所",
    "AED放置地點":"體育館地下一樓游泳池",
    "行政區":"林口區"
    }
  },
  {
    "type": "Feature",
    "geometry": {
       "type": "Point",
       "coordinates":  [ 121.3899708,25.0740524 ]
    },
    "properties": {
    "場所名稱":"新北市康橋國際學校林口校區",
    "場所地址":"新北市林口區興林路55號",
    "場所分類":"學校、大型集會場所",
    "AED放置地點":"宿舍2樓樓梯口",
    "行政區":"林口區"
    }
  },
  {
    "type": "Feature",
    "geometry": {
       "type": "Point",
       "coordinates":  [ 121.3899708,25.0740524 ]
    },
    "properties": {
    "場所名稱":"新北市康橋國際學校林口校區",
    "場所地址":"新北市林口區興林路55號",
    "場所分類":"學校、大型集會場所",
    "AED放置地點":"中學部教學樓1 樓川堂",
    "行政區":"林口區"
    }
  },
  {
    "type": "Feature",
    "geometry": {
       "type": "Point",
       "coordinates":  [ 121.3609965,25.0651845 ]
    },
    "properties": {
    "場所名稱":"MITSUI OUTLET PARK林口",
    "場所地址":"新北市林口區文化三路ㄧ段356號",
    "場所分類":"大型購物場所",
    "AED放置地點":"服務台",
    "行政區":"林口區"
    }
  },
  {
    "type": "Feature",
    "geometry": {
       "type": "Point",
       "coordinates":  [ 121.3591139,25.0705688 ]
    },
    "properties": {
    "場所名稱":"新北市林口區新林國民小學",
    "場所地址":"新北市林口區三民路101號",
    "場所分類":"學校、大型集會場所",
    "AED放置地點":"多目的教室前",
    "行政區":"林口區"
    }
  },
  {
    "type": "Feature",
    "geometry": {
       "type": "Point",
       "coordinates":  [ 121.3643482,25.068502 ]
    },
    "properties": {
    "場所名稱":"三新二奧特萊斯股份有限公司(林口三井二館)",
    "場所地址":"新北市林口區文化二路一段123號",
    "場所分類":"大型購物場所",
    "AED放置地點":"Mitsui Outlet Park林口二館",
    "行政區":"林口區"
    }
  },
  {
    "type": "Feature",
    "geometry": {
       "type": "Point",
       "coordinates":  [ 121.3640802,25.0696435 ]
    },
    "properties": {
    "場所名稱":"新北市林口區衛生所",
    "場所地址":"新北市林口區忠孝二路55號1樓",
    "場所分類":"其他",
    "AED放置地點":"衛生所1樓",
    "行政區":"林口區"
    }
  },
  {
    "type": "Feature",
    "geometry": {
       "type": "Point",
       "coordinates":  [ 121.3616718,25.0665822 ]
    },
    "properties": {
    "場所名稱":"環球購物中心股份有限公司林口第二分公司",
    "場所地址":"新北市林口區文化三路一段2號",
    "場所分類":"大型購物場所",
    "AED放置地點":"三樓ATM旁",
    "行政區":"林口區"
    }
  },
  {
    "type": "Feature",
    "geometry": {
       "type": "Point",
       "coordinates":  [ 121.3702444,25.0676204 ]
    },
    "properties": {
    "場所名稱":"新北市立崇林國民中學",
    "場所地址":"新北市林口區文化一路一段20號",
    "場所分類":"學校、大型集會場所",
    "AED放置地點":"本校健康中心外走廊",
    "行政區":"林口區"
    }
  },
  {
    "type": "Feature",
    "geometry": {
       "type": "Point",
       "coordinates":  [ 121.3763793,25.0720881 ]
    },
    "properties": {
    "場所名稱":"新北市政府警察局林口分局文化派出所",
    "場所地址":"新北市林口區麗園一街5號",
    "場所分類":"其他",
    "AED放置地點":"一樓大廳",
    "行政區":"林口區"
    }
  },
  {
    "type": "Feature",
    "geometry": {
       "type": "Point",
       "coordinates":  [ 121.3567997,25.0727427 ]
    },
    "properties": {
    "場所名稱":"竹城松賀社區",
    "場所地址":"新北市林口區源泉街62號",
    "場所分類":"其他",
    "AED放置地點":"社區大廳",
    "行政區":"林口區"
    }
  },
  {
    "type": "Feature",
    "geometry": {
       "type": "Point",
       "coordinates":  [ 121.3650009,25.0704313 ]
    },
    "properties": {
    "場所名稱":"PLUS SEGA 林口三井店",
    "場所地址":"新北市林口區文化三路一段356號2樓",
    "場所分類":"大型購物場所",
    "AED放置地點":"櫃內門口處",
    "行政區":"林口區"
    }
  },
  {
    "type": "Feature",
    "geometry": {
       "type": "Point",
       "coordinates":  [ 121.358273,25.0749024 ]
    },
    "properties": {
    "場所名稱":"新北市林口區南勢國民小學",
    "場所地址":"新北市林口區南勢五街2號",
    "場所分類":"學校、大型集會場所",
    "AED放置地點":"一樓健康中心外走道旁",
    "行政區":"林口區"
    }
  },
  {
    "type": "Feature",
    "geometry": {
       "type": "Point",
       "coordinates":  [ 121.3633121,25.070071 ]
    },
    "properties": {
    "場所名稱":"新北市政府警察局林口分局忠孝派出所",
    "場所地址":"新北市林口區忠孝二路57號",
    "場所分類":"其他",
    "AED放置地點":"志工台旁",
    "行政區":"林口區"
    }
  },
  {
    "type": "Feature",
    "geometry": {
       "type": "Point",
       "coordinates":  [ 121.3774802,25.0686654 ]
    },
    "properties": {
    "場所名稱":"新北市林口區東勢公有零售市場",
    "場所地址":"新北市林口區麗園一街35號",
    "場所分類":"大型購物場所",
    "AED放置地點":"入口大廳處",
    "行政區":"林口區"
    }
  },
  {
    "type": "Feature",
    "geometry": {
       "type": "Point",
       "coordinates":  [ 121.3640893,25.069685 ]
    },
    "properties": {
    "場所名稱":"新北市立圖書館林口分館",
    "場所地址":"新北市林口區忠孝二路55號4-5樓",
    "場所分類":"大型休閒場所",
    "AED放置地點":"林口圖書館4樓",
    "行政區":"林口區"
    }
  },
  {
    "type": "Feature",
    "geometry": {
       "type": "Point",
       "coordinates":  [ 121.3955724,25.0832782 ]
    },
    "properties": {
    "場所名稱":"醒吾學校財團法人醒吾科技大學",
    "場所地址":"新北市林口區粉寮路一段101號",
    "場所分類":"學校、大型集會場所",
    "AED放置地點":"本校學生宿舍1樓大廳",
    "行政區":"林口區"
    }
  },
  {
    "type": "Feature",
    "geometry": {
       "type": "Point",
       "coordinates":  [ 121.3955724,25.0832782 ]
    },
    "properties": {
    "場所名稱":"醒吾學校財團法人醒吾科技大學",
    "場所地址":"新北市林口區粉寮路一段101號",
    "場所分類":"學校、大型集會場所",
    "AED放置地點":"體育館左側門邊",
    "行政區":"林口區"
    }
  },
  {
    "type": "Feature",
    "geometry": {
       "type": "Point",
       "coordinates":  [ 121.3955724,25.0832782 ]
    },
    "properties": {
    "場所名稱":"醒吾學校財團法人醒吾科技大學",
    "場所地址":"新北市林口區粉寮路一段101號",
    "場所分類":"學校、大型集會場所",
    "AED放置地點":"本校設計學院1樓大廳",
    "行政區":"林口區"
    }
  },
  {
    "type": "Feature",
    "geometry": {
       "type": "Point",
       "coordinates":  [ 121.3678993,25.0686877 ]
    },
    "properties": {
    "場所名稱":"新北市林口區麗林國民小學",
    "場所地址":"新北市林口區公園路46號",
    "場所分類":"學校、大型集會場所",
    "AED放置地點":"校內總務處旁",
    "行政區":"林口區"
    }
  },
  {
    "type": "Feature",
    "geometry": {
       "type": "Point",
       "coordinates":  [ 121.3095808,25.1150664 ]
    },
    "properties": {
    "場所名稱":"新北市政府警察局林口分局下福派出所",
    "場所地址":"新北市林口區下福里99之1號",
    "場所分類":"其他",
    "AED放置地點":"ㄧ樓大廳值勤臺後方",
    "行政區":"林口區"
    }
  },
  {
    "type": "Feature",
    "geometry": {
       "type": "Point",
       "coordinates":  [ 121.3881378,25.0790108 ]
    },
    "properties": {
    "場所名稱":"國立臺灣師範大學林口校區",
    "場所地址":"新北市林口區仁愛路1段2號",
    "場所分類":"學校、大型集會場所",
    "AED放置地點":"林口校區行政大樓一樓走廊",
    "行政區":"林口區"
    }
  },
  {
    "type": "Feature",
    "geometry": {
       "type": "Point",
       "coordinates":  [ 121.3955724,25.0832782 ]
    },
    "properties": {
    "場所名稱":"醒吾學校財團法人醒吾科技大學",
    "場所地址":"新北市林口區粉寮路一段101號",
    "場所分類":"學校、大型集會場所",
    "AED放置地點":"第三棟教學大樓3106教室旁",
    "行政區":"林口區"
    }
  },
  {
    "type": "Feature",
    "geometry": {
       "type": "Point",
       "coordinates":  [ 121.3957737,25.0795977 ]
    },
    "properties": {
    "場所名稱":"新北市私立醒吾高級中學",
    "場所地址":"新北市林口區粉寮路一段75巷80號",
    "場所分類":"學校、大型集會場所",
    "AED放置地點":"健康中心前門外",
    "行政區":"林口區"
    }
  },
  {
    "type": "Feature",
    "geometry": {
       "type": "Point",
       "coordinates":  [ 121.3767075,25.07685 ]
    },
    "properties": {
    "場所名稱":"新北市立林口國民中學",
    "場所地址":"新北市林口區民治路25號",
    "場所分類":"學校、大型集會場所",
    "AED放置地點":"901教室門口",
    "行政區":"林口區"
    }
  },
  {
    "type": "Feature",
    "geometry": {
       "type": "Point",
       "coordinates":  [ 121.3907561,25.0801674 ]
    },
    "properties": {
    "場所名稱":"新北市林口區林口國民小學",
    "場所地址":"新北市林口區林口路76號",
    "場所分類":"學校、大型集會場所",
    "AED放置地點":"林口國小警衛室",
    "行政區":"林口區"
    }
  },
  {
    "type": "Feature",
    "geometry": {
       "type": "Point",
       "coordinates":  [ 121.3807484,25.0732046 ]
    },
    "properties": {
    "場所名稱":"新北市立林口高級中學",
    "場所地址":"新北市林口區仁愛路2段173號",
    "場所分類":"學校、大型集會場所",
    "AED放置地點":"門口警衛室",
    "行政區":"林口區"
    }
  },
  {
    "type": "Feature",
    "geometry": {
       "type": "Point",
       "coordinates":  [ 121.3807484,25.0732046 ]
    },
    "properties": {
    "場所名稱":"新北市立林口高級中學",
    "場所地址":"新北市林口區仁愛路2段173號",
    "場所分類":"學校、大型集會場所",
    "AED放置地點":"林口高中行政大樓一樓電梯口",
    "行政區":"林口區"
    }
  },
  {
    "type": "Feature",
    "geometry": {
       "type": "Point",
       "coordinates":  [ 121.3651669,25.0778302 ]
    },
    "properties": {
    "場所名稱":"新北市立新北特殊教育學校",
    "場所地址":"新北市林口區文化北路一段425號",
    "場所分類":"學校、大型集會場所",
    "AED放置地點":"行政大樓1樓",
    "行政區":"林口區"
    }
  },
  {
    "type": "Feature",
    "geometry": {
       "type": "Point",
       "coordinates":  [ 121.3651669,25.0778302 ]
    },
    "properties": {
    "場所名稱":"新北市立新北特殊教育學校",
    "場所地址":"新北市林口區文化北路一段425號",
    "場所分類":"學校、大型集會場所",
    "AED放置地點":"學生宿舍一樓",
    "行政區":"林口區"
    }
  },
  {
    "type": "Feature",
    "geometry": {
       "type": "Point",
       "coordinates":  [ 121.3734263,25.0709523 ]
    },
    "properties": {
    "場所名稱":"裕信汽車股份有限公司 林口分公司",
    "場所地址":"新北市林口區文化一路一段98號",
    "場所分類":"其他",
    "AED放置地點":"客戶休息區",
    "行政區":"林口區"
    }
  },
  {
    "type": "Feature",
    "geometry": {
       "type": "Point",
       "coordinates":  [ 121.361246,25.065777 ]
    },
    "properties": {
    "場所名稱":"桃園捷運A9林口站",
    "場所地址":"新北市林口區八德路290號",
    "場所分類":"交通要衝",
    "AED放置地點":"三樓穿堂層PAO對面",
    "行政區":"林口區"
    }
  },
  {
    "type": "Feature",
    "geometry": {
       "type": "Point",
       "coordinates":  [ 121.361246,25.065777 ]
    },
    "properties": {
    "場所名稱":"桃園捷運A9林口站",
    "場所地址":"新北市林口區八德路290號",
    "場所分類":"交通要衝",
    "AED放置地點":"二樓平台層(非付費區)",
    "行政區":"林口區"
    }
  },
  {
    "type": "Feature",
    "geometry": {
       "type": "Point",
       "coordinates":  [ 121.3955724,25.0832782 ]
    },
    "properties": {
    "場所名稱":"醒吾學校財團法人醒吾科技大學",
    "場所地址":"新北市林口區粉寮路一段101號",
    "場所分類":"學校、大型集會場所",
    "AED放置地點":"健身中心",
    "行政區":"林口區"
    }
  },
  {
    "type": "Feature",
    "geometry": {
       "type": "Point",
       "coordinates":  [ 121.4043427,25.0905196 ]
    },
    "properties": {
    "場所名稱":"新北市政府環境保護局林口區清潔隊調度場",
    "場所地址":"新北市林口區東林里粉寮路2段128號",
    "場所分類":"其他",
    "AED放置地點":"隊員休息之貨櫃屋",
    "行政區":"林口區"
    }
  },
  {
    "type": "Feature",
    "geometry": {
       "type": "Point",
       "coordinates":  [ 121.3676983,25.071494 ]
    },
    "properties": {
    "場所名稱":"新北市林口區麗林市民活動中心",
    "場所地址":"新北市林口區麗林里公園路59號3樓",
    "場所分類":"其他",
    "AED放置地點":"3樓進門左手邊",
    "行政區":"林口區"
    }
  },
  {
    "type": "Feature",
    "geometry": {
       "type": "Point",
       "coordinates":  [ 121.3689044,25.0736598 ]
    },
    "properties": {
    "場所名稱":"昕境廣場",
    "場所地址":"新北市林口區文化三路一段402巷2號",
    "場所分類":"大型購物場所",
    "AED放置地點":"4F大廳等候區",
    "行政區":"林口區"
    }
  },
  {
    "type": "Feature",
    "geometry": {
       "type": "Point",
       "coordinates":  [ 121.3874717,25.0983791 ]
    },
    "properties": {
    "場所名稱":"新北市政府警察局林口分局瑞平派出所",
    "場所地址":"新北市林口區瑞平里10鄰44號",
    "場所分類":"其他",
    "AED放置地點":"ㄧ樓大廳後方置物櫃旁",
    "行政區":"林口區"
    }
  },
  {
    "type": "Feature",
    "geometry": {
       "type": "Point",
       "coordinates":  [ 121.3718734,25.0825022 ]
    },
    "properties": {
    "場所名稱":"新北市林口區頭湖國民小學",
    "場所地址":"新北市林口區民權路101號",
    "場所分類":"學校、大型集會場所",
    "AED放置地點":"警衛室入口右側",
    "行政區":"林口區"
    }
  },
  {
    "type": "Feature",
    "geometry": {
       "type": "Point",
       "coordinates":  [ 121.3774802,25.0686654 ]
    },
    "properties": {
    "場所名稱":"新北市林口區東勢市民活動中心",
    "場所地址":"新北市林口區東勢里麗園一街35號3樓",
    "場所分類":"學校、大型集會場所",
    "AED放置地點":"3樓東勢市民羽球場進門左側",
    "行政區":"林口區"
    }
  },
  {
    "type": "Feature",
    "geometry": {
       "type": "Point",
       "coordinates":  [ 121.3398668,25.1082556 ]
    },
    "properties": {
    "場所名稱":"新北市林口區嘉寶國民小學",
    "場所地址":"新北市林口區嘉寶里22號",
    "場所分類":"學校、大型集會場所",
    "AED放置地點":"嘉寶國小附設幼兒園外牆上",
    "行政區":"林口區"
    }
  },
  {
    "type": "Feature",
    "geometry": {
       "type": "Point",
       "coordinates":  [ 121.3792473,25.0761484 ]
    },
    "properties": {
    "場所名稱":"小熊公園",
    "場所地址":"新北市林口區文化一路一段223號",
    "場所分類":"其他",
    "AED放置地點":"小熊公園洗手間外",
    "行政區":"林口區"
    }
  },
  {
    "type": "Feature",
    "geometry": {
       "type": "Point",
       "coordinates":  [ 121.6048287,25.0031 ]
    },
    "properties": {
    "場所名稱":"東南科技大學",
    "場所地址":"新北市深坑區北深路3段152號",
    "場所分類":"學校、大型集會場所",
    "AED放置地點":"志平樓5樓 電梯口外正前方",
    "行政區":"深坑區"
    }
  },
  {
    "type": "Feature",
    "geometry": {
       "type": "Point",
       "coordinates":  [ 121.6213628,25.0098708 ]
    },
    "properties": {
    "場所名稱":"新北市政府環境保護局深坑區清潔隊",
    "場所地址":"新北市深坑區深南路51-1號",
    "場所分類":"其他",
    "AED放置地點":"資源回收場休息室",
    "行政區":"深坑區"
    }
  },
  {
    "type": "Feature",
    "geometry": {
       "type": "Point",
       "coordinates":  [ 121.6163669,25.0015306 ]
    },
    "properties": {
    "場所名稱":"新北市深坑區深坑國民小學",
    "場所地址":"新北市深坑區文化街45號",
    "場所分類":"學校、大型集會場所",
    "AED放置地點":"平埔樓穿堂",
    "行政區":"深坑區"
    }
  },
  {
    "type": "Feature",
    "geometry": {
       "type": "Point",
       "coordinates":  [ 121.6159314,25.0025707 ]
    },
    "properties": {
    "場所名稱":"新北市立圖書館深坑分館",
    "場所地址":"新北市深坑區深坑街10號1樓",
    "場所分類":"大型休閒場所",
    "AED放置地點":"櫃台正前方",
    "行政區":"深坑區"
    }
  },
  {
    "type": "Feature",
    "geometry": {
       "type": "Point",
       "coordinates":  [ 121.6186667,25.0012371 ]
    },
    "properties": {
    "場所名稱":"新北市立深坑國中",
    "場所地址":"新北市深坑區文化街41號",
    "場所分類":"學校、大型集會場所",
    "AED放置地點":"卓越樓1樓穿堂",
    "行政區":"深坑區"
    }
  },
  {
    "type": "Feature",
    "geometry": {
       "type": "Point",
       "coordinates":  [ 121.6125718,25.0009135 ]
    },
    "properties": {
    "場所名稱":"新北市深坑區衛生所",
    "場所地址":"新北市深坑區深坑街165號",
    "場所分類":"其他",
    "AED放置地點":"1樓大廳進門右側",
    "行政區":"深坑區"
    }
  },
  {
    "type": "Feature",
    "geometry": {
       "type": "Point",
       "coordinates":  [ 121.6159314,25.0025707 ]
    },
    "properties": {
    "場所名稱":"新北市深坑區公所",
    "場所地址":"新北市深坑區深坑街10號2樓",
    "場所分類":"其他",
    "AED放置地點":"2樓值星檯",
    "行政區":"深坑區"
    }
  },
  {
    "type": "Feature",
    "geometry": {
       "type": "Point",
       "coordinates":  [ 121.6048287,25.0031 ]
    },
    "properties": {
    "場所名稱":"東南科技大學",
    "場所地址":"新北市深坑區北深路3段152號",
    "場所分類":"學校、大型集會場所",
    "AED放置地點":"中正樓一樓 右側柱子旁邊",
    "行政區":"深坑區"
    }
  },
  {
    "type": "Feature",
    "geometry": {
       "type": "Point",
       "coordinates":  [ 121.616664,24.974763 ]
    },
    "properties": {
    "場所名稱":"華藏教學園區",
    "場所地址":"新北市深坑區大崙尾9號",
    "場所分類":"其他",
    "AED放置地點":"行政中心",
    "行政區":"深坑區"
    }
  },
  {
    "type": "Feature",
    "geometry": {
       "type": "Point",
       "coordinates":  [ 121.6048287,25.0031 ]
    },
    "properties": {
    "場所名稱":"東南科技大學",
    "場所地址":"新北市深坑區北深路3段152號",
    "場所分類":"學校、大型集會場所",
    "AED放置地點":"中山樓一樓夢初體育館門口",
    "行政區":"深坑區"
    }
  },
  {
    "type": "Feature",
    "geometry": {
       "type": "Point",
       "coordinates":  [ 121.6048287,25.0031 ]
    },
    "properties": {
    "場所名稱":"東南科技大學",
    "場所地址":"新北市深坑區北深路3段152號",
    "場所分類":"學校、大型集會場所",
    "AED放置地點":"龍鳳樓宿舍 門口",
    "行政區":"深坑區"
    }
  },
  {
    "type": "Feature",
    "geometry": {
       "type": "Point",
       "coordinates":  [ 121.6048287,25.0031 ]
    },
    "properties": {
    "場所名稱":"東南科技大學",
    "場所地址":"新北市深坑區北深路3段152號",
    "場所分類":"學校、大型集會場所",
    "AED放置地點":"和平樓  健康中心",
    "行政區":"深坑區"
    }
  },
  {
    "type": "Feature",
    "geometry": {
       "type": "Point",
       "coordinates":  [ 121.6153915,25.0014418 ]
    },
    "properties": {
    "場所名稱":"新北市政府警察局新店分局深坑分駐所",
    "場所地址":"新北市深坑區平埔街16號",
    "場所分類":"其他",
    "AED放置地點":"進大門左側",
    "行政區":"深坑區"
    }
  },
  {
    "type": "Feature",
    "geometry": {
       "type": "Point",
       "coordinates":  [ 121.6079844,25.0012153 ]
    },
    "properties": {
    "場所名稱":"北都汽車股份有限公司深坑服務廠",
    "場所地址":"新北市深坑區北深路三段47號",
    "場所分類":"其他",
    "AED放置地點":"顧客休息室",
    "行政區":"深坑區"
    }
  },
  {
    "type": "Feature",
    "geometry": {
       "type": "Point",
       "coordinates":  [ 121.6003505,25.0042053 ]
    },
    "properties": {
    "場所名稱":"福容大飯店股份有限公司深坑分公司",
    "場所地址":"新北市深坑區北深路三段236號",
    "場所分類":"旅宿場所",
    "AED放置地點":"一樓大廳櫃檯前方",
    "行政區":"深坑區"
    }
  },
  {
    "type": "Feature",
    "geometry": {
       "type": "Point",
       "coordinates":  [ 121.6367772,24.9530475 ]
    },
    "properties": {
    "場所名稱":"新北市石碇區雲海國民小學",
    "場所地址":"新北市石碇區北宜路五段坑內巷1號",
    "場所分類":"學校、大型集會場所",
    "AED放置地點":"一樓體育教室前",
    "行政區":"石碇區"
    }
  },
  {
    "type": "Feature",
    "geometry": {
       "type": "Point",
       "coordinates":  [ 121.6601545,24.9915776 ]
    },
    "properties": {
    "場所名稱":"新北市立圖書館石碇分館",
    "場所地址":"新北市石碇區潭邊里碇坪路一段65號",
    "場所分類":"大型休閒場所",
    "AED放置地點":"石碇分館",
    "行政區":"石碇區"
    }
  },
  {
    "type": "Feature",
    "geometry": {
       "type": "Point",
       "coordinates":  [ 121.6910882,24.977873 ]
    },
    "properties": {
    "場所名稱":"華梵大學",
    "場所地址":"新北市石碇區華梵路1號",
    "場所分類":"學校、大型集會場所",
    "AED放置地點":"明月樓",
    "行政區":"石碇區"
    }
  },
  {
    "type": "Feature",
    "geometry": {
       "type": "Point",
       "coordinates":  [ 121.6910882,24.977873 ]
    },
    "properties": {
    "場所名稱":"華梵大學",
    "場所地址":"新北市石碇區華梵路1號",
    "場所分類":"學校、大型集會場所",
    "AED放置地點":"統理館",
    "行政區":"石碇區"
    }
  },
  {
    "type": "Feature",
    "geometry": {
       "type": "Point",
       "coordinates":  [ 121.6910882,24.977873 ]
    },
    "properties": {
    "場所名稱":"華梵大學",
    "場所地址":"新北市石碇區華梵路1號",
    "場所分類":"學校、大型集會場所",
    "AED放置地點":"警衛室",
    "行政區":"石碇區"
    }
  },
  {
    "type": "Feature",
    "geometry": {
       "type": "Point",
       "coordinates":  [ 121.6910882,24.977873 ]
    },
    "properties": {
    "場所名稱":"華梵大學",
    "場所地址":"新北市石碇區華梵路1號",
    "場所分類":"學校、大型集會場所",
    "AED放置地點":"體育館",
    "行政區":"石碇區"
    }
  },
  {
    "type": "Feature",
    "geometry": {
       "type": "Point",
       "coordinates":  [ 121.6910882,24.977873 ]
    },
    "properties": {
    "場所名稱":"華梵大學",
    "場所地址":"新北市石碇區華梵路1號",
    "場所分類":"學校、大型集會場所",
    "AED放置地點":"民先館一樓",
    "行政區":"石碇區"
    }
  },
  {
    "type": "Feature",
    "geometry": {
       "type": "Point",
       "coordinates":  [ 121.6317874,24.9516964 ]
    },
    "properties": {
    "場所名稱":"新北市政府警察局新店分局碧山派出所",
    "場所地址":"新北市石碇區北宜路五段42號",
    "場所分類":"其他",
    "AED放置地點":"值班台左側",
    "行政區":"石碇區"
    }
  },
  {
    "type": "Feature",
    "geometry": {
       "type": "Point",
       "coordinates":  [ 121.7124307,24.9365143 ]
    },
    "properties": {
    "場所名稱":"新北市石碇區衛生所",
    "場所地址":"新北市石碇區潭邊里碇坪路1段82號",
    "場所分類":"其他",
    "AED放置地點":"大廳入口處",
    "行政區":"石碇區"
    }
  },
  {
    "type": "Feature",
    "geometry": {
       "type": "Point",
       "coordinates":  [ 121.642445,25.012518 ]
    },
    "properties": {
    "場所名稱":"新北巿立石碇高級中學",
    "場所地址":"新北市石碇區隆盛里八分寮45號",
    "場所分類":"學校、大型集會場所",
    "AED放置地點":"3號門警衛室內",
    "行政區":"石碇區"
    }
  },
  {
    "type": "Feature",
    "geometry": {
       "type": "Point",
       "coordinates":  [ 121.6579206,24.9915255 ]
    },
    "properties": {
    "場所名稱":"新北市石碇區公所",
    "場所地址":"新北市石碇區潭邊里碇坪路一段37號",
    "場所分類":"其他",
    "AED放置地點":"進入公所1樓大門右側柱子上",
    "行政區":"石碇區"
    }
  },
  {
    "type": "Feature",
    "geometry": {
       "type": "Point",
       "coordinates":  [ 121.6728691,25.0081946 ]
    },
    "properties": {
    "場所名稱":"新北市政府警察局新店分局中民派出所",
    "場所地址":"新北市石碇區靜安路一段236號",
    "場所分類":"其他",
    "AED放置地點":"進大門右側值班台旁",
    "行政區":"石碇區"
    }
  },
  {
    "type": "Feature",
    "geometry": {
       "type": "Point",
       "coordinates":  [ 121.6588786,24.9905746 ]
    },
    "properties": {
    "場所名稱":"新北市石碇區石碇國民小學",
    "場所地址":"新北市石碇區石碇西街15號",
    "場所分類":"學校、大型集會場所",
    "AED放置地點":"行政辦公室",
    "行政區":"石碇區"
    }
  },
  {
    "type": "Feature",
    "geometry": {
       "type": "Point",
       "coordinates":  [ 121.6606978,24.9911281 ]
    },
    "properties": {
    "場所名稱":"新北市政府警察局新店分局石碇分駐所",
    "場所地址":"新北市石碇區碇坪路一段79號",
    "場所分類":"其他",
    "AED放置地點":"新北市政府警察局新店分局石碇分駐所值班台旁",
    "行政區":"石碇區"
    }
  },
  {
    "type": "Feature",
    "geometry": {
       "type": "Point",
       "coordinates":  [ 121.6837797,24.9762537 ]
    },
    "properties": {
    "場所名稱":"新北市政府警察局新店分局豐田派出所",
    "場所地址":"新北市石碇區碇坪路2段22號",
    "場所分類":"其他",
    "AED放置地點":"值勤台後方",
    "行政區":"石碇區"
    }
  },
  {
    "type": "Feature",
    "geometry": {
       "type": "Point",
       "coordinates":  [ 121.642445,25.012518 ]
    },
    "properties": {
    "場所名稱":"新北巿立石碇高級中學",
    "場所地址":"新北市石碇區隆盛里八分寮45號",
    "場所分類":"學校、大型集會場所",
    "AED放置地點":"至樸樓健康中心門口",
    "行政區":"石碇區"
    }
  },
  {
    "type": "Feature",
    "geometry": {
       "type": "Point",
       "coordinates":  [ 121.6882838,25.0077966 ]
    },
    "properties": {
    "場所名稱":"新北市石碇區永定國民小學",
    "場所地址":"新北市石碇區靜安路一段245號",
    "場所分類":"學校、大型集會場所",
    "AED放置地點":"健康中心門口走廊",
    "行政區":"石碇區"
    }
  },
  {
    "type": "Feature",
    "geometry": {
       "type": "Point",
       "coordinates":  [ 121.6454387,25.008985 ]
    },
    "properties": {
    "場所名稱":"高速公路局石碇服務區",
    "場所地址":"新北市石碇區文山路一段6號",
    "場所分類":"交通要衝",
    "AED放置地點":"服務台旁",
    "行政區":"石碇區"
    }
  },
  {
    "type": "Feature",
    "geometry": {
       "type": "Point",
       "coordinates":  [ 121.642001,25.009234 ]
    },
    "properties": {
    "場所名稱":"新北市政府警察局新店分局楓子林派出所",
    "場所地址":"新北市石碇區豐林里楓子林32號",
    "場所分類":"其他",
    "AED放置地點":"1樓進大門右側",
    "行政區":"石碇區"
    }
  },
  {
    "type": "Feature",
    "geometry": {
       "type": "Point",
       "coordinates":  [ 121.6411666,25.0118389 ]
    },
    "properties": {
    "場所名稱":"新北市石碇區和平國民小學",
    "場所地址":"新北市石碇區靜安路一段5號",
    "場所分類":"學校、大型集會場所",
    "AED放置地點":"校長室門口",
    "行政區":"石碇區"
    }
  },
  {
    "type": "Feature",
    "geometry": {
       "type": "Point",
       "coordinates":  [ 121.677244,24.988006 ]
    },
    "properties": {
    "場所名稱":"新北市政府環境保護局石碇區清潔隊",
    "場所地址":"新北市石碇區潭邊里小粗坑9號上方200公尺處",
    "場所分類":"其他",
    "AED放置地點":"停車場休息室",
    "行政區":"石碇區"
    }
  },
  {
    "type": "Feature",
    "geometry": {
       "type": "Point",
       "coordinates":  [ 121.7069646,24.9195563 ]
    },
    "properties": {
    "場所名稱":"坪林區清潔隊",
    "場所地址":"新北市坪林區坪林區北宜路8段558號",
    "場所分類":"其他",
    "AED放置地點":"坪林區北宜路8段558號",
    "行政區":"坪林區"
    }
  },
  {
    "type": "Feature",
    "geometry": {
       "type": "Point",
       "coordinates":  [ 121.7712287,24.9656325 ]
    },
    "properties": {
    "場所名稱":"新北市政府警察局新店分局闊瀨派出所",
    "場所地址":"新北市坪林區漁光里坪雙路3段6號",
    "場所分類":"其他",
    "AED放置地點":"闊瀨派出所1樓辦公室",
    "行政區":"坪林區"
    }
  },
  {
    "type": "Feature",
    "geometry": {
       "type": "Point",
       "coordinates":  [ 121.7127216,24.9370692 ]
    },
    "properties": {
    "場所名稱":"新北市立圖書館坪林分館",
    "場所地址":"新北市坪林區國中路3號",
    "場所分類":"大型休閒場所",
    "AED放置地點":"圖書館一樓",
    "行政區":"坪林區"
    }
  },
  {
    "type": "Feature",
    "geometry": {
       "type": "Point",
       "coordinates":  [ 121.7053616,24.9353442 ]
    },
    "properties": {
    "場所名稱":"新北市坪林遊客中心",
    "場所地址":"新北市坪林區北宜路八段67號",
    "場所分類":"其他",
    "AED放置地點":"一樓大門入口右側",
    "行政區":"坪林區"
    }
  },
  {
    "type": "Feature",
    "geometry": {
       "type": "Point",
       "coordinates":  [ 121.730538,24.968063 ]
    },
    "properties": {
    "場所名稱":"新北市政府警察局新店分局漁光派出所",
    "場所地址":"新北市坪林區大舌湖24號",
    "場所分類":"其他",
    "AED放置地點":"進大門左側",
    "行政區":"坪林區"
    }
  },
  {
    "type": "Feature",
    "geometry": {
       "type": "Point",
       "coordinates":  [ 121.679979,24.917853 ]
    },
    "properties": {
    "場所名稱":"新北市政府警察局新店分局金溪派出所",
    "場所地址":"新北市坪林區粗窟里金瓜寮23-1號",
    "場所分類":"其他",
    "AED放置地點":"進大門左側",
    "行政區":"坪林區"
    }
  },
  {
    "type": "Feature",
    "geometry": {
       "type": "Point",
       "coordinates":  [ 121.7116516,24.9359218 ]
    },
    "properties": {
    "場所名稱":"新北市坪林區衛生所",
    "場所地址":"新北市坪林區坪林街104號",
    "場所分類":"其他",
    "AED放置地點":"衛生所1樓",
    "行政區":"坪林區"
    }
  },
  {
    "type": "Feature",
    "geometry": {
       "type": "Point",
       "coordinates":  [ 121.7133216,24.9391739 ]
    },
    "properties": {
    "場所名稱":"新北市立坪林實驗國民中學",
    "場所地址":"新北市坪林區國中路四號",
    "場所分類":"學校、大型集會場所",
    "AED放置地點":"健康中心",
    "行政區":"坪林區"
    }
  },
  {
    "type": "Feature",
    "geometry": {
       "type": "Point",
       "coordinates":  [ 121.714931,24.930807 ]
    },
    "properties": {
    "場所名稱":"新北市坪林茶業博物館",
    "場所地址":"新北市坪林區水聳淒坑19-1號",
    "場所分類":"大型休閒場所",
    "AED放置地點":"新北市坪林茶業博物館",
    "行政區":"坪林區"
    }
  },
  {
    "type": "Feature",
    "geometry": {
       "type": "Point",
       "coordinates":  [ 121.7110847,24.9363439 ]
    },
    "properties": {
    "場所名稱":"新北市坪林區坪林國民小學",
    "場所地址":"新北市坪林區坪林街114號",
    "場所分類":"學校、大型集會場所",
    "AED放置地點":"新北市坪林區坪林國民小學警衛室(值勤室)",
    "行政區":"坪林區"
    }
  },
  {
    "type": "Feature",
    "geometry": {
       "type": "Point",
       "coordinates":  [ 121.7116191,24.9360521 ]
    },
    "properties": {
    "場所名稱":"新北市坪林區公所",
    "場所地址":"新北市坪林區坪林街101號",
    "場所分類":"其他",
    "AED放置地點":"大門右側",
    "行政區":"坪林區"
    }
  },
  {
    "type": "Feature",
    "geometry": {
       "type": "Point",
       "coordinates":  [ 121.689063,24.935695 ]
    },
    "properties": {
    "場所名稱":"新北市政府警察局新店分局石嘈派出所",
    "場所地址":"新北市坪林區北宜路9段6號",
    "場所分類":"其他",
    "AED放置地點":"新北市政府警察局新店分局石嘈派出所",
    "行政區":"坪林區"
    }
  },
  {
    "type": "Feature",
    "geometry": {
       "type": "Point",
       "coordinates":  [ 121.5300634,25.2588194 ]
    },
    "properties": {
    "場所名稱":"新北市三芝區橫山國民小學",
    "場所地址":"新北市三芝區橫山里86號",
    "場所分類":"學校、大型集會場所",
    "AED放置地點":"警衛室旁",
    "行政區":"三芝區"
    }
  },
  {
    "type": "Feature",
    "geometry": {
       "type": "Point",
       "coordinates":  [ 121.5024341,25.2593452 ]
    },
    "properties": {
    "場所名稱":"大屯山二子坪公園(亞洲形上觀音山揹水隊捐贈)",
    "場所地址":"新北市三芝區 ",
    "場所分類":"其他",
    "AED放置地點":"大屯山二子坪公園(亞洲形上觀音山揹水隊捐贈)",
    "行政區":"三芝區"
    }
  },
  {
    "type": "Feature",
    "geometry": {
       "type": "Point",
       "coordinates":  [ 121.5024341,25.2593452 ]
    },
    "properties": {
    "場所名稱":"二子坪遊客中心(面天坪涼亭)-(亞洲形上觀音山揹水隊捐贈)",
    "場所地址":"新北市三芝區 ",
    "場所分類":"其他",
    "AED放置地點":"二子坪遊客中心(面天坪涼亭)-(亞洲形上觀音山揹水隊捐贈)",
    "行政區":"三芝區"
    }
  },
  {
    "type": "Feature",
    "geometry": {
       "type": "Point",
       "coordinates":  [ 121.5024341,25.2593452 ]
    },
    "properties": {
    "場所名稱":"二子坪遊客中心(大屯坪涼亭)-(亞洲形上觀音山揹水隊捐贈)",
    "場所地址":"新北市三芝區 ",
    "場所分類":"其他",
    "AED放置地點":"二子坪遊客中心(大屯坪涼亭)-(亞洲形上觀音山揹水隊捐贈)",
    "行政區":"三芝區"
    }
  },
  {
    "type": "Feature",
    "geometry": {
       "type": "Point",
       "coordinates":  [ 121.5014465,25.257048 ]
    },
    "properties": {
    "場所名稱":"三芝福成宮",
    "場所地址":"新北市三芝區埔頭里中山路一段38號",
    "場所分類":"其他",
    "AED放置地點":"一樓管理室門口",
    "行政區":"三芝區"
    }
  },
  {
    "type": "Feature",
    "geometry": {
       "type": "Point",
       "coordinates":  [ 121.501045,25.2578473 ]
    },
    "properties": {
    "場所名稱":"新北巿三芝區公所",
    "場所地址":"新北市三芝區中山路一段32號",
    "場所分類":"其他",
    "AED放置地點":"一樓",
    "行政區":"三芝區"
    }
  },
  {
    "type": "Feature",
    "geometry": {
       "type": "Point",
       "coordinates":  [ 121.5036538,25.2563646 ]
    },
    "properties": {
    "場所名稱":"新北市立圖書館三芝分館",
    "場所地址":"新北市三芝區民生街31號4樓",
    "場所分類":"大型休閒場所",
    "AED放置地點":"新北市立圖書館三芝分館4樓",
    "行政區":"三芝區"
    }
  },
  {
    "type": "Feature",
    "geometry": {
       "type": "Point",
       "coordinates":  [ 121.498136,25.2509168 ]
    },
    "properties": {
    "場所名稱":"馬偕學校財團法人馬偕醫護管理專科學校(三芝校區)",
    "場所地址":"新北市三芝區中正路三段42號",
    "場所分類":"學校、大型集會場所",
    "AED放置地點":"三芝校區應幼大樓1樓",
    "行政區":"三芝區"
    }
  },
  {
    "type": "Feature",
    "geometry": {
       "type": "Point",
       "coordinates":  [ 121.498136,25.2509168 ]
    },
    "properties": {
    "場所名稱":"馬偕學校財團法人馬偕醫護管理專科學校(三芝校區)",
    "場所地址":"新北市三芝區中正路三段42號",
    "場所分類":"學校、大型集會場所",
    "AED放置地點":"三芝校區學生宿舍1樓",
    "行政區":"三芝區"
    }
  },
  {
    "type": "Feature",
    "geometry": {
       "type": "Point",
       "coordinates":  [ 121.498136,25.2509168 ]
    },
    "properties": {
    "場所名稱":"馬偕學校財團法人馬偕醫護管理專科學校(三芝校區)",
    "場所地址":"新北市三芝區中正路三段42號",
    "場所分類":"學校、大型集會場所",
    "AED放置地點":"三芝校區警衛室",
    "行政區":"三芝區"
    }
  },
  {
    "type": "Feature",
    "geometry": {
       "type": "Point",
       "coordinates":  [ 121.5218514,25.1877134 ]
    },
    "properties": {
    "場所名稱":"陽明山國家公園二子坪遊客服務站",
    "場所地址":"新北市三芝區興華里車埕53-3號",
    "場所分類":"觀光旅遊地區",
    "AED放置地點":"二子坪遊客服務站入口左側",
    "行政區":"三芝區"
    }
  },
  {
    "type": "Feature",
    "geometry": {
       "type": "Point",
       "coordinates":  [ 121.5007618,25.2584021 ]
    },
    "properties": {
    "場所名稱":"新北市三芝區衛生所",
    "場所地址":"新北市三芝區中山路一段12號",
    "場所分類":"其他",
    "AED放置地點":"入口處右側",
    "行政區":"三芝區"
    }
  },
  {
    "type": "Feature",
    "geometry": {
       "type": "Point",
       "coordinates":  [ 121.5014848,25.256973 ]
    },
    "properties": {
    "場所名稱":"新北市政府環境保護局三芝區清潔隊(廚餘場)",
    "場所地址":"新北市三芝區埔頭段234地號 (原:新小基隆段埔頭坑小段68-2地號_整編)",
    "場所分類":"其他",
    "AED放置地點":"大門入口正前方,地磅室內",
    "行政區":"三芝區"
    }
  },
  {
    "type": "Feature",
    "geometry": {
       "type": "Point",
       "coordinates":  [ 121.4966056,25.251791 ]
    },
    "properties": {
    "場所名稱":"馬偕醫學院",
    "場所地址":"新北市三芝區中正路三段46號",
    "場所分類":"學校、大型集會場所",
    "AED放置地點":"多功能活動中心",
    "行政區":"三芝區"
    }
  },
  {
    "type": "Feature",
    "geometry": {
       "type": "Point",
       "coordinates":  [ 121.4966056,25.251791 ]
    },
    "properties": {
    "場所名稱":"馬偕醫學院",
    "場所地址":"新北市三芝區中正路三段46號",
    "場所分類":"學校、大型集會場所",
    "AED放置地點":"第一教研大樓",
    "行政區":"三芝區"
    }
  },
  {
    "type": "Feature",
    "geometry": {
       "type": "Point",
       "coordinates":  [ 121.514604,25.246394 ]
    },
    "properties": {
    "場所名稱":"交通部觀光局北海岸及觀音山國家風景區管理處-三芝遊客中心",
    "場所地址":"新北市三芝區埔坪里埔頭坑164-2號",
    "場所分類":"觀光旅遊地區",
    "AED放置地點":"1樓大門入口右方處",
    "行政區":"三芝區"
    }
  },
  {
    "type": "Feature",
    "geometry": {
       "type": "Point",
       "coordinates":  [ 121.5028496,25.2577275 ]
    },
    "properties": {
    "場所名稱":"新北市三芝區三芝國民小學",
    "場所地址":"新北市三芝區育英街22號",
    "場所分類":"學校、大型集會場所",
    "AED放置地點":"輔導室前走廊",
    "行政區":"三芝區"
    }
  },
  {
    "type": "Feature",
    "geometry": {
       "type": "Point",
       "coordinates":  [ 121.501922,25.204538 ]
    },
    "properties": {
    "場所名稱":"新北市政府警察局淡水分局興華派出所",
    "場所地址":"新北市三芝區興華里田心子1號",
    "場所分類":"公眾服務單位設施",
    "AED放置地點":"鐵馬驛站",
    "行政區":"三芝區"
    }
  },
  {
    "type": "Feature",
    "geometry": {
       "type": "Point",
       "coordinates":  [ 121.5218514,25.1877134 ]
    },
    "properties": {
    "場所名稱":"陽明山國家公園大屯遊客服務站",
    "場所地址":"新北市三芝區興華里車埕53-2號",
    "場所分類":"觀光旅遊地區",
    "AED放置地點":"大屯遊客服務站展示室內",
    "行政區":"三芝區"
    }
  },
  {
    "type": "Feature",
    "geometry": {
       "type": "Point",
       "coordinates":  [ 121.5427093,25.2170856 ]
    },
    "properties": {
    "場所名稱":"懷仁國際股份有限公司",
    "場所地址":"新北市三芝區圓山里石曹子坑32-4",
    "場所分類":"其他",
    "AED放置地點":"懷仁聖殿",
    "行政區":"三芝區"
    }
  },
  {
    "type": "Feature",
    "geometry": {
       "type": "Point",
       "coordinates":  [ 121.501922,25.204538 ]
    },
    "properties": {
    "場所名稱":"新北市三芝區興華國民小學",
    "場所地址":"新北市三芝區興華里田心子5號",
    "場所分類":"學校、大型集會場所",
    "AED放置地點":"司令台後方穿堂",
    "行政區":"三芝區"
    }
  },
  {
    "type": "Feature",
    "geometry": {
       "type": "Point",
       "coordinates":  [ 121.498136,25.2509168 ]
    },
    "properties": {
    "場所名稱":"馬偕學校財團法人馬偕醫護管理專科學校(三芝校區)",
    "場所地址":"新北市三芝區中正路三段42號",
    "場所分類":"學校、大型集會場所",
    "AED放置地點":"三芝校區新綜合大樓1樓",
    "行政區":"三芝區"
    }
  },
  {
    "type": "Feature",
    "geometry": {
       "type": "Point",
       "coordinates":  [ 121.498136,25.2509168 ]
    },
    "properties": {
    "場所名稱":"馬偕學校財團法人馬偕醫護管理專科學校(三芝校區)",
    "場所地址":"新北市三芝區中正路三段42號",
    "場所分類":"學校、大型集會場所",
    "AED放置地點":"三芝校區圖書館1樓",
    "行政區":"三芝區"
    }
  },
  {
    "type": "Feature",
    "geometry": {
       "type": "Point",
       "coordinates":  [ 121.498136,25.2509168 ]
    },
    "properties": {
    "場所名稱":"馬偕學校財團法人馬偕醫護管理專科學校(三芝校區)",
    "場所地址":"新北市三芝區中正路三段42號",
    "場所分類":"學校、大型集會場所",
    "AED放置地點":"三芝校區護理大樓1F",
    "行政區":"三芝區"
    }
  },
  {
    "type": "Feature",
    "geometry": {
       "type": "Point",
       "coordinates":  [ 121.5016291,25.2598393 ]
    },
    "properties": {
    "場所名稱":"新北市立三芝國民中學",
    "場所地址":"新北市三芝區淡金路一段38號",
    "場所分類":"學校、大型集會場所",
    "AED放置地點":"本校學務處",
    "行政區":"三芝區"
    }
  },
  {
    "type": "Feature",
    "geometry": {
       "type": "Point",
       "coordinates":  [ 121.5038946,25.2566423 ]
    },
    "properties": {
    "場所名稱":"新北市三芝區衛生所附設物理治療所",
    "場所地址":"新北市三芝區民生街33號1樓",
    "場所分類":"其他",
    "AED放置地點":"本院大廳",
    "行政區":"三芝區"
    }
  },
  {
    "type": "Feature",
    "geometry": {
       "type": "Point",
       "coordinates":  [ 121.4672841,25.2503518 ]
    },
    "properties": {
    "場所名稱":"新北市政府警察局淡水分局後厝派出所",
    "場所地址":"新北市三芝區后厝里北勢子45之32號",
    "場所分類":"公眾服務單位設施",
    "AED放置地點":"淡水分局後厝派出所",
    "行政區":"三芝區"
    }
  },
  {
    "type": "Feature",
    "geometry": {
       "type": "Point",
       "coordinates":  [ 121.5011345,25.2574407 ]
    },
    "properties": {
    "場所名稱":"新北市政府警察局淡水分局三芝分駐所",
    "場所地址":"新北市三芝區埔頭里育英街27號",
    "場所分類":"公眾服務單位設施",
    "AED放置地點":"淡水分局三芝分駐所",
    "行政區":"三芝區"
    }
  },
  {
    "type": "Feature",
    "geometry": {
       "type": "Point",
       "coordinates":  [ 121.592552,25.270202 ]
    },
    "properties": {
    "場所名稱":"新北市石門區乾華國民小學",
    "場所地址":"新北市石門區茂林社區74號",
    "場所分類":"學校、大型集會場所",
    "AED放置地點":"本校1樓川堂",
    "行政區":"石門區"
    }
  },
  {
    "type": "Feature",
    "geometry": {
       "type": "Point",
       "coordinates":  [ 121.5659907,25.290217 ]
    },
    "properties": {
    "場所名稱":"新北市石門區衛生所",
    "場所地址":"新北市石門區中山路28-1號",
    "場所分類":"其他",
    "AED放置地點":"一樓櫃台前面",
    "行政區":"石門區"
    }
  },
  {
    "type": "Feature",
    "geometry": {
       "type": "Point",
       "coordinates":  [ 121.521283,25.27841 ]
    },
    "properties": {
    "場所名稱":"交通部觀光局北海岸及觀音山國家風景區管理處-白沙灣救生站",
    "場所地址":"新北市石門區德茂里下員坑33-6號",
    "場所分類":"觀光旅遊地區",
    "AED放置地點":"白沙灣救生站",
    "行政區":"石門區"
    }
  },
  {
    "type": "Feature",
    "geometry": {
       "type": "Point",
       "coordinates":  [ 121.5677719,25.2912481 ]
    },
    "properties": {
    "場所名稱":"新北市石門區公所",
    "場所地址":"新北市石門區尖鹿里中山路66號",
    "場所分類":"其他",
    "AED放置地點":"行政大樓入口右側",
    "行政區":"石門區"
    }
  },
  {
    "type": "Feature",
    "geometry": {
       "type": "Point",
       "coordinates":  [ 121.5765333,25.2818216 ]
    },
    "properties": {
    "場所名稱":"長盛育樂股份有限公司(濱海高爾夫球場)",
    "場所地址":"新北市石門區尖鹿里尖子鹿路10號",
    "場所分類":"其他",
    "AED放置地點":"會館大廳大門右側",
    "行政區":"石門區"
    }
  },
  {
    "type": "Feature",
    "geometry": {
       "type": "Point",
       "coordinates":  [ 121.5677719,25.2912481 ]
    },
    "properties": {
    "場所名稱":"新北市政府環境保護局石門區清潔隊",
    "場所地址":"新北市石門區中山路66號",
    "場所分類":"其他",
    "AED放置地點":"石門區清潔隊調度室",
    "行政區":"石門區"
    }
  },
  {
    "type": "Feature",
    "geometry": {
       "type": "Point",
       "coordinates":  [ 121.5639371,25.2914128 ]
    },
    "properties": {
    "場所名稱":"新北市立石門實驗國民中學",
    "場所地址":"新北市石門區中央路1-9號",
    "場所分類":"學校、大型集會場所",
    "AED放置地點":"中央穿堂",
    "行政區":"石門區"
    }
  },
  {
    "type": "Feature",
    "geometry": {
       "type": "Point",
       "coordinates":  [ 121.6079409,25.2802951 ]
    },
    "properties": {
    "場所名稱":"新北市政府警察局金山分局乾華派出所",
    "場所地址":"新北市石門區阿里荖14-1號",
    "場所分類":"其他",
    "AED放置地點":"新北市政府警察局金山分局乾華派出所一樓",
    "行政區":"石門區"
    }
  },
  {
    "type": "Feature",
    "geometry": {
       "type": "Point",
       "coordinates":  [ 121.5403466,25.2878032 ]
    },
    "properties": {
    "場所名稱":"富基漁港魚產品銷售中心",
    "場所地址":"新北市石門區楓林15-16號",
    "場所分類":"其他",
    "AED放置地點":"富基漁港遊客服務中心",
    "行政區":"石門區"
    }
  },
  {
    "type": "Feature",
    "geometry": {
       "type": "Point",
       "coordinates":  [ 121.590091,25.25236 ]
    },
    "properties": {
    "場所名稱":"阿里磅生態休閒農場",
    "場所地址":"新北市石門區阿里磅82-1號",
    "場所分類":"觀光旅遊地區",
    "AED放置地點":"辦公室",
    "行政區":"石門區"
    }
  },
  {
    "type": "Feature",
    "geometry": {
       "type": "Point",
       "coordinates":  [ 121.5672777,25.2921482 ]
    },
    "properties": {
    "場所名稱":"新北市石門區石門國民小學",
    "場所地址":"新北市石門區尖鹿里中央路9號",
    "場所分類":"學校、大型集會場所",
    "AED放置地點":"川堂",
    "行政區":"石門區"
    }
  },
  {
    "type": "Feature",
    "geometry": {
       "type": "Point",
       "coordinates":  [ 121.5672777,25.2921482 ]
    },
    "properties": {
    "場所名稱":"新北市立圖書館石門分館",
    "場所地址":"新北市石門區尖鹿里中央路9-3號2樓",
    "場所分類":"大型休閒場所",
    "AED放置地點":"新北市立圖書館-石門分館2樓",
    "行政區":"石門區"
    }
  },
  {
    "type": "Feature",
    "geometry": {
       "type": "Point",
       "coordinates":  [ 121.5450862,25.2892331 ]
    },
    "properties": {
    "場所名稱":"新北市立老梅實驗小學",
    "場所地址":"新北市石門區老梅路10號",
    "場所分類":"學校、大型集會場所",
    "AED放置地點":"一心樓一樓打擊教室前",
    "行政區":"石門區"
    }
  },
  {
    "type": "Feature",
    "geometry": {
       "type": "Point",
       "coordinates":  [ 121.5672777,25.2921482 ]
    },
    "properties": {
    "場所名稱":"新北市石門區石門國民小學",
    "場所地址":"新北市石門區尖鹿里中央路9號",
    "場所分類":"學校、大型集會場所",
    "AED放置地點":"穿堂",
    "行政區":"石門區"
    }
  },
  {
    "type": "Feature",
    "geometry": {
       "type": "Point",
       "coordinates":  [ 121.3983016,25.1443896 ]
    },
    "properties": {
    "場所名稱":"新北市立八里愛心教養院",
    "場所地址":"新北市八里區華富山37號",
    "場所分類":"其他",
    "AED放置地點":"2F會計室門口",
    "行政區":"八里區"
    }
  },
  {
    "type": "Feature",
    "geometry": {
       "type": "Point",
       "coordinates":  [ 121.3948596,25.1496888 ]
    },
    "properties": {
    "場所名稱":"品元實業商港廠",
    "場所地址":"新北市八里區商港五路99號",
    "場所分類":"其他",
    "AED放置地點":"辦公室入口",
    "行政區":"八里區"
    }
  },
  {
    "type": "Feature",
    "geometry": {
       "type": "Point",
       "coordinates":  [ 121.3770657,25.1386196 ]
    },
    "properties": {
    "場所名稱":"新北市政府環境保護局八里垃圾掩埋場(古厝)",
    "場所地址":"新北市八里區下罟里中山路三段403號",
    "場所分類":"其他",
    "AED放置地點":"八里垃圾掩埋場(古厝)",
    "行政區":"八里區"
    }
  },
  {
    "type": "Feature",
    "geometry": {
       "type": "Point",
       "coordinates":  [ 121.4505362,25.1747398 ]
    },
    "properties": {
    "場所名稱":"世紀鋼鐵結構股份有限公司 台北港廠",
    "場所地址":"新北市八里區新北市八里區訊塘里廈竹圍7之15號",
    "場所分類":"其他",
    "AED放置地點":"辦公室門口",
    "行政區":"八里區"
    }
  },
  {
    "type": "Feature",
    "geometry": {
       "type": "Point",
       "coordinates":  [ 121.3688815,25.1349399 ]
    },
    "properties": {
    "場所名稱":"新北市八里垃圾焚化廠溫水游泳池(喬力達休閒管理有限公司)",
    "場所地址":"新北市八里區中山路三段413號",
    "場所分類":"其他",
    "AED放置地點":"入口處櫃檯旁",
    "行政區":"八里區"
    }
  },
  {
    "type": "Feature",
    "geometry": {
       "type": "Point",
       "coordinates":  [ 121.3670749,25.1349022 ]
    },
    "properties": {
    "場所名稱":"八里焚化廠(3樓中央控制室)",
    "場所地址":"新北市八里區中山路3段409號",
    "場所分類":"其他",
    "AED放置地點":"三樓中控室",
    "行政區":"八里區"
    }
  },
  {
    "type": "Feature",
    "geometry": {
       "type": "Point",
       "coordinates":  [ 121.389441,25.1532968 ]
    },
    "properties": {
    "場所名稱":"台北港埠通商股份有限公司",
    "場所地址":"新北市八里區商港路133號",
    "場所分類":"其他",
    "AED放置地點":"台北港埠通商股份有限公司中控室門口",
    "行政區":"八里區"
    }
  },
  {
    "type": "Feature",
    "geometry": {
       "type": "Point",
       "coordinates":  [ 121.389441,25.1532968 ]
    },
    "properties": {
    "場所名稱":"台北港埠通商股份有限公司",
    "場所地址":"新北市八里區商港路133號",
    "場所分類":"其他",
    "AED放置地點":"台北港埠通商股份有限公司行政大樓一樓",
    "行政區":"八里區"
    }
  },
  {
    "type": "Feature",
    "geometry": {
       "type": "Point",
       "coordinates":  [ 121.3907551,25.1510308 ]
    },
    "properties": {
    "場所名稱":"臺灣港務股份有限公司基隆港務分公司臺北港營運處",
    "場所地址":"新北市八里區商港路123號2樓",
    "場所分類":"交通要衝",
    "AED放置地點":"行政大樓2樓服務台",
    "行政區":"八里區"
    }
  },
  {
    "type": "Feature",
    "geometry": {
       "type": "Point",
       "coordinates":  [ 121.393756,25.1441205 ]
    },
    "properties": {
    "場所名稱":"港務公司臺北港營運處",
    "場所地址":"新北市八里區廈竹圍２３號",
    "場所分類":"交通要衝",
    "AED放置地點":"新旅運中心2樓出境大廳",
    "行政區":"八里區"
    }
  },
  {
    "type": "Feature",
    "geometry": {
       "type": "Point",
       "coordinates":  [ 121.393756,25.1441205 ]
    },
    "properties": {
    "場所名稱":"港務公司臺北港營運處",
    "場所地址":"新北市八里區廈竹圍２３號",
    "場所分類":"交通要衝",
    "AED放置地點":"臺北港行政大樓一樓旅客候船室",
    "行政區":"八里區"
    }
  },
  {
    "type": "Feature",
    "geometry": {
       "type": "Point",
       "coordinates":  [ 121.439971,25.150007 ]
    },
    "properties": {
    "場所名稱":"港務公司臺北港營運處旅客服務中心",
    "場所地址":"新北市八里區訊塘里7鄰下竹圍23號",
    "場所分類":"交通要衝",
    "AED放置地點":"臺北港營運處旅客服務中心1樓",
    "行政區":"八里區"
    }
  },
  {
    "type": "Feature",
    "geometry": {
       "type": "Point",
       "coordinates":  [ 121.387122,25.141831 ]
    },
    "properties": {
    "場所名稱":"八里掩埋場(巨大家具再利用場)",
    "場所地址":"新北市八里區下罟子63號",
    "場所分類":"其他",
    "AED放置地點":"八里掩埋場(巨大家具再利用場)",
    "行政區":"八里區"
    }
  },
  {
    "type": "Feature",
    "geometry": {
       "type": "Point",
       "coordinates":  [ 121.3975478,25.1459749 ]
    },
    "properties": {
    "場所名稱":"新北市政府警察局蘆洲分局八里分駐所",
    "場所地址":"新北市八里區訊塘路37號",
    "場所分類":"其他",
    "AED放置地點":"1樓會客室內",
    "行政區":"八里區"
    }
  },
  {
    "type": "Feature",
    "geometry": {
       "type": "Point",
       "coordinates":  [ 121.4512518,25.1325222 ]
    },
    "properties": {
    "場所名稱":"新北市政府警察局蘆洲分局龍源派出所",
    "場所地址":"新北市八里區龍米路一段225號",
    "場所分類":"其他",
    "AED放置地點":"1樓入口左方辦公室旁",
    "行政區":"八里區"
    }
  },
  {
    "type": "Feature",
    "geometry": {
       "type": "Point",
       "coordinates":  [ 121.4860545,24.9891847 ]
    },
    "properties": {
    "場所名稱":"新北市林口水資源回收中心",
    "場所地址":"新北市八里區長道坑36-3號",
    "場所分類":"其他",
    "AED放置地點":"控制中心一樓大廳門口",
    "行政區":"八里區"
    }
  },
  {
    "type": "Feature",
    "geometry": {
       "type": "Point",
       "coordinates":  [ 121.421973,25.1589275 ]
    },
    "properties": {
    "場所名稱":"新北市八里區大崁老人活動中心",
    "場所地址":"新北市八里區中山路一段21號",
    "場所分類":"其他",
    "AED放置地點":"新北市八里區大崁老人活動中心",
    "行政區":"八里區"
    }
  },
  {
    "type": "Feature",
    "geometry": {
       "type": "Point",
       "coordinates":  [ 121.3997135,25.1465585 ]
    },
    "properties": {
    "場所名稱":"新北市八里區下庄市民活動中心",
    "場所地址":"新北市八里區舊城路19號4樓",
    "場所分類":"其他",
    "AED放置地點":"新北市八里區下庄市民活動中心",
    "行政區":"八里區"
    }
  },
  {
    "type": "Feature",
    "geometry": {
       "type": "Point",
       "coordinates":  [ 121.4029181,25.1487431 ]
    },
    "properties": {
    "場所名稱":"新北市八里區文化市民活動中心",
    "場所地址":"新北市八里區中山路二段251號",
    "場所分類":"其他",
    "AED放置地點":"新北市八里區文化市民活動中心",
    "行政區":"八里區"
    }
  },
  {
    "type": "Feature",
    "geometry": {
       "type": "Point",
       "coordinates":  [ 121.451019,25.1320811 ]
    },
    "properties": {
    "場所名稱":"新北市八里區龍米市民活動中心",
    "場所地址":"新北市八里區龍米路一段223號",
    "場所分類":"其他",
    "AED放置地點":"活動中心",
    "行政區":"八里區"
    }
  },
  {
    "type": "Feature",
    "geometry": {
       "type": "Point",
       "coordinates":  [ 121.414243,25.1596188 ]
    },
    "properties": {
    "場所名稱":"新北市八里區中庄市民活動中心",
    "場所地址":"新北市八里區中山路一段109號",
    "場所分類":"其他",
    "AED放置地點":"新北市八里區中庄市民活動中心",
    "行政區":"八里區"
    }
  },
  {
    "type": "Feature",
    "geometry": {
       "type": "Point",
       "coordinates":  [ 121.4152556,25.159092 ]
    },
    "properties": {
    "場所名稱":"新北市八里區大埤頂市民活動中心",
    "場所地址":"新北市八里區中山路一段95號",
    "場所分類":"其他",
    "AED放置地點":"新北市八里區大埤頂市民活動中心",
    "行政區":"八里區"
    }
  },
  {
    "type": "Feature",
    "geometry": {
       "type": "Point",
       "coordinates":  [ 121.4360626,25.1555179 ]
    },
    "properties": {
    "場所名稱":"新北市八里區公所慈恩納骨塔",
    "場所地址":"新北市八里區龍米路2段171巷1號",
    "場所分類":"其他",
    "AED放置地點":"入大廳左側樓梯間",
    "行政區":"八里區"
    }
  },
  {
    "type": "Feature",
    "geometry": {
       "type": "Point",
       "coordinates":  [ 121.4455037,25.1469458 ]
    },
    "properties": {
    "場所名稱":"新北市八里區米倉國民小學",
    "場所地址":"新北市八里區龍米路2段129巷1號",
    "場所分類":"學校、大型集會場所",
    "AED放置地點":"米倉國民小學",
    "行政區":"八里區"
    }
  },
  {
    "type": "Feature",
    "geometry": {
       "type": "Point",
       "coordinates":  [ 121.4455037,25.1469458 ]
    },
    "properties": {
    "場所名稱":"新北市八里區米倉國民小學",
    "場所地址":"新北市八里區龍米路2段129巷1號",
    "場所分類":"學校、大型集會場所",
    "AED放置地點":"禮堂門口",
    "行政區":"八里區"
    }
  },
  {
    "type": "Feature",
    "geometry": {
       "type": "Point",
       "coordinates":  [ 121.4488318,25.1354563 ]
    },
    "properties": {
    "場所名稱":"新北市私立聖心女子高級中學",
    "場所地址":"新北市八里區龍米路一段263號",
    "場所分類":"學校、大型集會場所",
    "AED放置地點":"行政大樓",
    "行政區":"八里區"
    }
  },
  {
    "type": "Feature",
    "geometry": {
       "type": "Point",
       "coordinates":  [ 121.4488318,25.1354563 ]
    },
    "properties": {
    "場所名稱":"新北市私立聖心女子高級中學",
    "場所地址":"新北市八里區龍米路一段263號",
    "場所分類":"學校、大型集會場所",
    "AED放置地點":"聖心樓一樓門口",
    "行政區":"八里區"
    }
  },
  {
    "type": "Feature",
    "geometry": {
       "type": "Point",
       "coordinates":  [ 121.4504646,25.1344302 ]
    },
    "properties": {
    "場所名稱":"新北市私立聖心國民小學",
    "場所地址":"新北市八里區龍米路一段261號",
    "場所分類":"學校、大型集會場所",
    "AED放置地點":"善牧園園長室門口",
    "行政區":"八里區"
    }
  },
  {
    "type": "Feature",
    "geometry": {
       "type": "Point",
       "coordinates":  [ 121.4048398,25.1576837 ]
    },
    "properties": {
    "場所名稱":"新北市立十三行博物館",
    "場所地址":"新北市八里區博物館路200號",
    "場所分類":"大型休閒場所",
    "AED放置地點":"十三行博物館考古公園遊客中心",
    "行政區":"八里區"
    }
  },
  {
    "type": "Feature",
    "geometry": {
       "type": "Point",
       "coordinates":  [ 121.4048398,25.1576837 ]
    },
    "properties": {
    "場所名稱":"新北市立十三行博物館",
    "場所地址":"新北市八里區博物館路200號",
    "場所分類":"大型休閒場所",
    "AED放置地點":"十三行博物館",
    "行政區":"八里區"
    }
  },
  {
    "type": "Feature",
    "geometry": {
       "type": "Point",
       "coordinates":  [ 121.3983016,25.1443896 ]
    },
    "properties": {
    "場所名稱":"新北市立八里愛心教養院",
    "場所地址":"新北市八里區華富山37號",
    "場所分類":"其他",
    "AED放置地點":"3樓保健組走廊備藥室旁",
    "行政區":"八里區"
    }
  },
  {
    "type": "Feature",
    "geometry": {
       "type": "Point",
       "coordinates":  [ 121.3997135,25.1465585 ]
    },
    "properties": {
    "場所名稱":"新北市立圖書館八里分館",
    "場所地址":"新北市八里區舊城里舊城路19號5、6樓",
    "場所分類":"大型休閒場所",
    "AED放置地點":"新北市八里區舊城路19號5樓",
    "行政區":"八里區"
    }
  },
  {
    "type": "Feature",
    "geometry": {
       "type": "Point",
       "coordinates":  [ 121.4504646,25.1344302 ]
    },
    "properties": {
    "場所名稱":"新北市私立聖心國民小學",
    "場所地址":"新北市八里區龍米路一段261號",
    "場所分類":"學校、大型集會場所",
    "AED放置地點":"總務處門口",
    "行政區":"八里區"
    }
  },
  {
    "type": "Feature",
    "geometry": {
       "type": "Point",
       "coordinates":  [ 121.4000292,25.1470689 ]
    },
    "properties": {
    "場所名稱":"新北巿八里區衛生所",
    "場所地址":"新北市八里區舊城路16號",
    "場所分類":"其他",
    "AED放置地點":"1樓侯診區",
    "行政區":"八里區"
    }
  },
  {
    "type": "Feature",
    "geometry": {
       "type": "Point",
       "coordinates":  [ 121.4064305,25.1537592 ]
    },
    "properties": {
    "場所名稱":"新北市八里區公所",
    "場所地址":"新北市八里區八里大道18號",
    "場所分類":"其他",
    "AED放置地點":"行政大樓1F大廳",
    "行政區":"八里區"
    }
  },
  {
    "type": "Feature",
    "geometry": {
       "type": "Point",
       "coordinates":  [ 121.4155151,25.163807 ]
    },
    "properties": {
    "場所名稱":"新北市政府環境保護局八里區清潔隊",
    "場所地址":"新北市八里區博物館路10之1號",
    "場所分類":"其他",
    "AED放置地點":"餐廳",
    "行政區":"八里區"
    }
  },
  {
    "type": "Feature",
    "geometry": {
       "type": "Point",
       "coordinates":  [ 121.3770657,25.1386196 ]
    },
    "properties": {
    "場所名稱":"新北市政府環境保護局八里垃圾掩埋場(古厝)",
    "場所地址":"新北市八里區下罟里中山路三段403號",
    "場所分類":"其他",
    "AED放置地點":"八里掩埋場(花卉溫室內)",
    "行政區":"八里區"
    }
  },
  {
    "type": "Feature",
    "geometry": {
       "type": "Point",
       "coordinates":  [ 121.4121427,25.1585731 ]
    },
    "properties": {
    "場所名稱":"下罟市民活動中心",
    "場所地址":"新北市八里區中山路一段175號",
    "場所分類":"其他",
    "AED放置地點":"下罟市民活動中心",
    "行政區":"八里區"
    }
  },
  {
    "type": "Feature",
    "geometry": {
       "type": "Point",
       "coordinates":  [ 121.3983016,25.1443896 ]
    },
    "properties": {
    "場所名稱":"新北市政府社會局委託天主教耕莘醫療財團法人永和耕莘醫院辦理新北市愛維養護中心",
    "場所地址":"新北市八里區華富山35號",
    "場所分類":"其他",
    "AED放置地點":"3樓護理站",
    "行政區":"八里區"
    }
  },
  {
    "type": "Feature",
    "geometry": {
       "type": "Point",
       "coordinates":  [ 121.4194234,25.1603212 ]
    },
    "properties": {
    "場所名稱":"新北市八里區大崁國民小學",
    "場所地址":"新北市八里區忠八街2號",
    "場所分類":"學校、大型集會場所",
    "AED放置地點":"一樓中庭視聽中心外側",
    "行政區":"八里區"
    }
  },
  {
    "type": "Feature",
    "geometry": {
       "type": "Point",
       "coordinates":  [ 121.4037903,25.1502446 ]
    },
    "properties": {
    "場所名稱":"新北市八里區八里國民小學",
    "場所地址":"新北市八里區中山路2段338號",
    "場所分類":"學校、大型集會場所",
    "AED放置地點":"明德樓健康中心",
    "行政區":"八里區"
    }
  },
  {
    "type": "Feature",
    "geometry": {
       "type": "Point",
       "coordinates":  [ 121.3685917,25.1421471 ]
    },
    "properties": {
    "場所名稱":"世紀離岸風電設備股份有限公司",
    "場所地址":"新北市八里區下罟里中山路三段388之5號",
    "場所分類":"其他",
    "AED放置地點":"辦公大樓一樓總機櫃台斜後方緊急出口處",
    "行政區":"八里區"
    }
  },
  {
    "type": "Feature",
    "geometry": {
       "type": "Point",
       "coordinates":  [ 121.3983016,25.1443896 ]
    },
    "properties": {
    "場所名稱":"觀音山楓櫃斗湖步道上四叉路口(亞洲形上觀音山揹水隊捐贈)",
    "場所地址":"新北市八里區 ",
    "場所分類":"其他",
    "AED放置地點":"觀音山楓櫃斗湖步道上四叉路口(亞洲形上觀音山揹水隊捐贈)",
    "行政區":"八里區"
    }
  },
  {
    "type": "Feature",
    "geometry": {
       "type": "Point",
       "coordinates":  [ 121.4302723,25.1606815 ]
    },
    "properties": {
    "場所名稱":"新北市永續環境教育中心",
    "場所地址":"新北市八里區觀海大道36號",
    "場所分類":"大型休閒場所",
    "AED放置地點":"正門右側外面",
    "行政區":"八里區"
    }
  },
  {
    "type": "Feature",
    "geometry": {
       "type": "Point",
       "coordinates":  [ 121.3908002,25.1265548 ]
    },
    "properties": {
    "場所名稱":"新北市八里區長坑國民小學",
    "場所地址":"新北市八里區中華路三段236號",
    "場所分類":"學校、大型集會場所",
    "AED放置地點":"健康中心外走廊牆上",
    "行政區":"八里區"
    }
  },
  {
    "type": "Feature",
    "geometry": {
       "type": "Point",
       "coordinates":  [ 121.4006922,25.1411383 ]
    },
    "properties": {
    "場所名稱":"新北市立八里國民中學",
    "場所地址":"新北市八里區荖阡坑路15號",
    "場所分類":"學校、大型集會場所",
    "AED放置地點":"教學大樓一樓東側樓梯之體育器材室牆面",
    "行政區":"八里區"
    }
  },
  {
    "type": "Feature",
    "geometry": {
       "type": "Point",
       "coordinates":  [ 121.4037903,25.1502446 ]
    },
    "properties": {
    "場所名稱":"新北市八里區八里國民小學",
    "場所地址":"新北市八里區中山路2段338號",
    "場所分類":"學校、大型集會場所",
    "AED放置地點":"至善樓一樓幼兒園走廊",
    "行政區":"八里區"
    }
  },
  {
    "type": "Feature",
    "geometry": {
       "type": "Point",
       "coordinates":  [ 121.7382028,25.0265734 ]
    },
    "properties": {
    "場所名稱":"新北市平溪區公所",
    "場所地址":"新北市平溪區平溪街45號",
    "場所分類":"其他",
    "AED放置地點":"新北市平溪區公所",
    "行政區":"平溪區"
    }
  },
  {
    "type": "Feature",
    "geometry": {
       "type": "Point",
       "coordinates":  [ 121.7338584,25.0233349 ]
    },
    "properties": {
    "場所名稱":"新北市立平溪國民中學",
    "場所地址":"新北市平溪區靜安路2段295號",
    "場所分類":"學校、大型集會場所",
    "AED放置地點":"健康中心門口",
    "行政區":"平溪區"
    }
  },
  {
    "type": "Feature",
    "geometry": {
       "type": "Point",
       "coordinates":  [ 121.7755193,25.0421782 ]
    },
    "properties": {
    "場所名稱":"新北市平溪十分公共托老中心",
    "場所地址":"新北市平溪區十分里十分街66巷1號",
    "場所分類":"其他",
    "AED放置地點":"新北市平溪十分公共托老中心",
    "行政區":"平溪區"
    }
  },
  {
    "type": "Feature",
    "geometry": {
       "type": "Point",
       "coordinates":  [ 121.7269378,25.0233256 ]
    },
    "properties": {
    "場所名稱":"新北市平溪區菁桐國民小學",
    "場所地址":"新北市平溪區菁桐街45號",
    "場所分類":"學校、大型集會場所",
    "AED放置地點":"警衛室門口",
    "行政區":"平溪區"
    }
  },
  {
    "type": "Feature",
    "geometry": {
       "type": "Point",
       "coordinates":  [ 121.7372435,25.0248195 ]
    },
    "properties": {
    "場所名稱":"新北市平溪區衛生所",
    "場所地址":"新北市平溪區公園街17號",
    "場所分類":"其他",
    "AED放置地點":"衛生所入口",
    "行政區":"平溪區"
    }
  },
  {
    "type": "Feature",
    "geometry": {
       "type": "Point",
       "coordinates":  [ 121.7375349,25.0273525 ]
    },
    "properties": {
    "場所名稱":"新北市平溪區平溪國民小學",
    "場所地址":"新北市平溪區平溪街56號",
    "場所分類":"學校、大型集會場所",
    "AED放置地點":"健康中心走廊",
    "行政區":"平溪區"
    }
  },
  {
    "type": "Feature",
    "geometry": {
       "type": "Point",
       "coordinates":  [ 121.7375349,25.0273525 ]
    },
    "properties": {
    "場所名稱":"新北市平溪區平溪國民小學",
    "場所地址":"新北市平溪區平溪街56號",
    "場所分類":"學校、大型集會場所",
    "AED放置地點":"健康中心前面走廊",
    "行政區":"平溪區"
    }
  },
  {
    "type": "Feature",
    "geometry": {
       "type": "Point",
       "coordinates":  [ 121.724348,25.0239542 ]
    },
    "properties": {
    "場所名稱":"菁桐礦業生活館",
    "場所地址":"新北市平溪區菁桐街115-117號",
    "場所分類":"其他",
    "AED放置地點":"菁桐礦業生活館展示館1樓",
    "行政區":"平溪區"
    }
  },
  {
    "type": "Feature",
    "geometry": {
       "type": "Point",
       "coordinates":  [ 121.7384506,25.0262949 ]
    },
    "properties": {
    "場所名稱":"新北市政府警察局瑞芳分局平溪分駐所",
    "場所地址":"新北市平溪區平溪街43號",
    "場所分類":"其他",
    "AED放置地點":"1樓副所長室門口",
    "行政區":"平溪區"
    }
  },
  {
    "type": "Feature",
    "geometry": {
       "type": "Point",
       "coordinates":  [ 121.735761,25.005296 ]
    },
    "properties": {
    "場所名稱":"新北市政府警察局瑞芳分局東勢格派出所",
    "場所地址":"新北市平溪區東勢格1號",
    "場所分類":"其他",
    "AED放置地點":"一樓值班台後方",
    "行政區":"平溪區"
    }
  },
  {
    "type": "Feature",
    "geometry": {
       "type": "Point",
       "coordinates":  [ 121.7341835,25.0254726 ]
    },
    "properties": {
    "場所名稱":"新北市政府環境保護局平溪區清潔隊",
    "場所地址":"新北市平溪區石筍尖18號附近屠宰場莊敬橋附近",
    "場所分類":"其他",
    "AED放置地點":"資收場休息室內",
    "行政區":"平溪區"
    }
  },
  {
    "type": "Feature",
    "geometry": {
       "type": "Point",
       "coordinates":  [ 121.7372435,25.0248195 ]
    },
    "properties": {
    "場所名稱":"新北市立圖書館平溪分館",
    "場所地址":"新北市平溪區公園街17號3樓",
    "場所分類":"大型休閒場所",
    "AED放置地點":"本館一般閱讀區",
    "行政區":"平溪區"
    }
  },
  {
    "type": "Feature",
    "geometry": {
       "type": "Point",
       "coordinates":  [ 121.773742,25.036638 ]
    },
    "properties": {
    "場所名稱":"十分遊客中心",
    "場所地址":"新北市平溪區南山坪136號",
    "場所分類":"觀光旅遊地區",
    "AED放置地點":"十分遊客中心服務櫃臺",
    "行政區":"平溪區"
    }
  },
  {
    "type": "Feature",
    "geometry": {
       "type": "Point",
       "coordinates":  [ 121.7777193,25.0433898 ]
    },
    "properties": {
    "場所名稱":"新北市平溪區十分國民小學",
    "場所地址":"新北市平溪區十分街157號",
    "場所分類":"學校、大型集會場所",
    "AED放置地點":"警衛室前樓梯口",
    "行政區":"平溪區"
    }
  },
  {
    "type": "Feature",
    "geometry": {
       "type": "Point",
       "coordinates":  [ 121.7788603,25.045625 ]
    },
    "properties": {
    "場所名稱":"新北市政府警察局瑞芳分局十分派出所",
    "場所地址":"新北市平溪區十分街283號",
    "場所分類":"其他",
    "AED放置地點":"進大門值班台右側",
    "行政區":"平溪區"
    }
  },
  {
    "type": "Feature",
    "geometry": {
       "type": "Point",
       "coordinates":  [ 121.8657341,25.0337322 ]
    },
    "properties": {
    "場所名稱":"新北市雙溪區公所",
    "場所地址":"新北市雙溪區東榮街25號",
    "場所分類":"其他",
    "AED放置地點":"新北市雙溪區公所",
    "行政區":"雙溪區"
    }
  },
  {
    "type": "Feature",
    "geometry": {
       "type": "Point",
       "coordinates":  [ 121.804111,25.014873 ]
    },
    "properties": {
    "場所名稱":"新北市雙溪區柑林國民小學",
    "場所地址":"新北市雙溪區長源里柑腳3號",
    "場所分類":"學校、大型集會場所",
    "AED放置地點":"校史室",
    "行政區":"雙溪區"
    }
  },
  {
    "type": "Feature",
    "geometry": {
       "type": "Point",
       "coordinates":  [ 121.8334403,25.0283679 ]
    },
    "properties": {
    "場所名稱":"新北市雙溪區上林國民小學",
    "場所地址":"新北市雙溪區內平林60號",
    "場所分類":"學校、大型集會場所",
    "AED放置地點":"上林國小",
    "行政區":"雙溪區"
    }
  },
  {
    "type": "Feature",
    "geometry": {
       "type": "Point",
       "coordinates":  [ 121.8646158,25.035316 ]
    },
    "properties": {
    "場所名稱":"新北市立圖書館雙溪分館",
    "場所地址":"新北市雙溪區太平路50號3F",
    "場所分類":"大型休閒場所",
    "AED放置地點":"櫃台正前方",
    "行政區":"雙溪區"
    }
  },
  {
    "type": "Feature",
    "geometry": {
       "type": "Point",
       "coordinates":  [ 121.8668868,25.0386969 ]
    },
    "properties": {
    "場所名稱":"交通部臺灣鐵路管理局宜蘭運務段雙溪站",
    "場所地址":"新北市雙溪區朝陽街1號",
    "場所分類":"交通要衝",
    "AED放置地點":"候車室剪票口旁",
    "行政區":"雙溪區"
    }
  },
  {
    "type": "Feature",
    "geometry": {
       "type": "Point",
       "coordinates":  [ 121.804111,25.014873 ]
    },
    "properties": {
    "場所名稱":"新北市政府警察局瑞芳分局柑腳派出所",
    "場所地址":"新北市雙溪區長源里柑腳19號",
    "場所分類":"其他",
    "AED放置地點":"進大門左側",
    "行政區":"雙溪區"
    }
  },
  {
    "type": "Feature",
    "geometry": {
       "type": "Point",
       "coordinates":  [ 121.848403,24.970931 ]
    },
    "properties": {
    "場所名稱":"新北市政府警察局瑞芳分局太平派出所",
    "場所地址":"新北市雙溪區泰平里大平62號",
    "場所分類":"其他",
    "AED放置地點":"一樓備勤辦公室內",
    "行政區":"雙溪區"
    }
  },
  {
    "type": "Feature",
    "geometry": {
       "type": "Point",
       "coordinates":  [ 121.8391808,25.0619317 ]
    },
    "properties": {
    "場所名稱":"新北市雙溪區牡丹國民小學",
    "場所地址":"新北市雙溪區三貂里政光路3號",
    "場所分類":"學校、大型集會場所",
    "AED放置地點":"健康中心前",
    "行政區":"雙溪區"
    }
  },
  {
    "type": "Feature",
    "geometry": {
       "type": "Point",
       "coordinates":  [ 121.865251,25.0358757 ]
    },
    "properties": {
    "場所名稱":"新北市政府警察局瑞芳分局雙溪分駐所",
    "場所地址":"新北市雙溪區太平路64號",
    "場所分類":"其他",
    "AED放置地點":"雙溪分駐所",
    "行政區":"雙溪區"
    }
  },
  {
    "type": "Feature",
    "geometry": {
       "type": "Point",
       "coordinates":  [ 121.8316857,25.0273383 ]
    },
    "properties": {
    "場所名稱":"新北市政府警察局瑞芳分局平林派出所",
    "場所地址":"新北市雙溪區內平林47號",
    "場所分類":"其他",
    "AED放置地點":"辦公室",
    "行政區":"雙溪區"
    }
  },
  {
    "type": "Feature",
    "geometry": {
       "type": "Point",
       "coordinates":  [ 121.8671127,25.0336103 ]
    },
    "properties": {
    "場所名稱":"新北市雙溪區雙溪國民小學",
    "場所地址":"新北市雙溪區共和里東榮街54號",
    "場所分類":"學校、大型集會場所",
    "AED放置地點":"新北市雙溪國小",
    "行政區":"雙溪區"
    }
  },
  {
    "type": "Feature",
    "geometry": {
       "type": "Point",
       "coordinates":  [ 121.8413791,25.0344366 ]
    },
    "properties": {
    "場所名稱":"雙溪平林休閒農場",
    "場所地址":"新北市雙溪區平林里外平林35號",
    "場所分類":"觀光旅遊地區",
    "AED放置地點":"遊客中心內",
    "行政區":"雙溪區"
    }
  },
  {
    "type": "Feature",
    "geometry": {
       "type": "Point",
       "coordinates":  [ 121.8663007,25.0380061 ]
    },
    "properties": {
    "場所名稱":"新北市雙溪區衛生所",
    "場所地址":"新北市雙溪區新基南街18號",
    "場所分類":"其他",
    "AED放置地點":"本所大廳",
    "行政區":"雙溪區"
    }
  },
  {
    "type": "Feature",
    "geometry": {
       "type": "Point",
       "coordinates":  [ 121.860924,25.036519 ]
    },
    "properties": {
    "場所名稱":"新北市立雙溪高級中學",
    "場所地址":"新北市雙溪區梅竹蹊3號",
    "場所分類":"學校、大型集會場所",
    "AED放置地點":"學務處川堂",
    "行政區":"雙溪區"
    }
  },
  {
    "type": "Feature",
    "geometry": {
       "type": "Point",
       "coordinates":  [ 121.8646158,25.035316 ]
    },
    "properties": {
    "場所名稱":"新北市雙溪區公有零售市場",
    "場所地址":"新北市雙溪區太平路50號",
    "場所分類":"其他",
    "AED放置地點":"市場1樓市場1樓清潔人員辦公室內",
    "行政區":"雙溪區"
    }
  },
  {
    "type": "Feature",
    "geometry": {
       "type": "Point",
       "coordinates":  [ 121.8657341,25.0337322 ]
    },
    "properties": {
    "場所名稱":"新北市雙溪區公所",
    "場所地址":"新北市雙溪區東榮街25號",
    "場所分類":"其他",
    "AED放置地點":"1樓辦公室",
    "行政區":"雙溪區"
    }
  },
  {
    "type": "Feature",
    "geometry": {
       "type": "Point",
       "coordinates":  [ 121.822098,24.9971842 ]
    },
    "properties": {
    "場所名稱":"新北市政府警察局瑞芳分局牡丹派出所",
    "場所地址":"新北市雙溪區牡丹路106號",
    "場所分類":"其他",
    "AED放置地點":"派出所一樓近所長室門口左側",
    "行政區":"雙溪區"
    }
  },
  {
    "type": "Feature",
    "geometry": {
       "type": "Point",
       "coordinates":  [ 121.9439413,25.0184044 ]
    },
    "properties": {
    "場所名稱":"福容大飯店 福隆",
    "場所地址":"新北市貢寮區福隆里福隆街41號",
    "場所分類":"旅宿場所",
    "AED放置地點":"大廳櫃台",
    "行政區":"貢寮區"
    }
  },
  {
    "type": "Feature",
    "geometry": {
       "type": "Point",
       "coordinates":  [ 121.9245887,25.0564031 ]
    },
    "properties": {
    "場所名稱":"新北市政府警察局瑞芳分局澳底派出所",
    "場所地址":"新北市貢寮區延平街36號",
    "場所分類":"其他",
    "AED放置地點":"進辦公室門口左側",
    "行政區":"貢寮區"
    }
  },
  {
    "type": "Feature",
    "geometry": {
       "type": "Point",
       "coordinates":  [ 121.9275,25.0549498 ]
    },
    "properties": {
    "場所名稱":"新北市貢寮區衛生所",
    "場所地址":"新北市貢寮區仁愛路128號",
    "場所分類":"其他",
    "AED放置地點":"門診候診區",
    "行政區":"貢寮區"
    }
  },
  {
    "type": "Feature",
    "geometry": {
       "type": "Point",
       "coordinates":  [ 121.9142796,25.0216217 ]
    },
    "properties": {
    "場所名稱":"新北市貢寮區貢寮國民小學",
    "場所地址":"新北市貢寮區學苑街7號",
    "場所分類":"學校、大型集會場所",
    "AED放置地點":"校門口警衛室",
    "行政區":"貢寮區"
    }
  },
  {
    "type": "Feature",
    "geometry": {
       "type": "Point",
       "coordinates":  [ 121.9268279,25.0546659 ]
    },
    "properties": {
    "場所名稱":"新北市貢寮區澳底公有零售市場",
    "場所地址":"新北市貢寮區仁愛路79號",
    "場所分類":"其他",
    "AED放置地點":"市場1樓",
    "行政區":"貢寮區"
    }
  },
  {
    "type": "Feature",
    "geometry": {
       "type": "Point",
       "coordinates":  [ 121.9163485,25.1117053 ]
    },
    "properties": {
    "場所名稱":"新北市貢寮區和美國民小學",
    "場所地址":"新北市貢寮區和美里龍洞街一之九號",
    "場所分類":"學校、大型集會場所",
    "AED放置地點":"警衛室",
    "行政區":"貢寮區"
    }
  },
  {
    "type": "Feature",
    "geometry": {
       "type": "Point",
       "coordinates":  [ 121.9069617,25.0161572 ]
    },
    "properties": {
    "場所名稱":"新北市立貢寮實驗國民中學",
    "場所地址":"新北市貢寮區龍崗里嵩陽街42號",
    "場所分類":"學校、大型集會場所",
    "AED放置地點":"學務處門口前",
    "行政區":"貢寮區"
    }
  },
  {
    "type": "Feature",
    "geometry": {
       "type": "Point",
       "coordinates":  [ 121.9439413,25.0184044 ]
    },
    "properties": {
    "場所名稱":"福容大飯店 福隆",
    "場所地址":"新北市貢寮區福隆里福隆街41號",
    "場所分類":"旅宿場所",
    "AED放置地點":"三溫暖",
    "行政區":"貢寮區"
    }
  },
  {
    "type": "Feature",
    "geometry": {
       "type": "Point",
       "coordinates":  [ 121.9108921,25.021618 ]
    },
    "properties": {
    "場所名稱":"新北市政府環境保護局貢寮區清潔隊",
    "場所地址":"新北市貢寮區朝陽街1之2號",
    "場所分類":"其他",
    "AED放置地點":"貢寮區清潔隊車庫打卡機旁",
    "行政區":"貢寮區"
    }
  },
  {
    "type": "Feature",
    "geometry": {
       "type": "Point",
       "coordinates":  [ 121.988541,25.0168547 ]
    },
    "properties": {
    "場所名稱":"新北市貢寮區福連國民小 學",
    "場所地址":"新北市貢寮區福連街1號",
    "場所分類":"學校、大型集會場所",
    "AED放置地點":"自然教室旁",
    "行政區":"貢寮區"
    }
  },
  {
    "type": "Feature",
    "geometry": {
       "type": "Point",
       "coordinates":  [ 121.8869574,25.0046336 ]
    },
    "properties": {
    "場所名稱":"新北市政府警察局瑞芳分局吉林派出所",
    "場所地址":"新北市貢寮區吉林里枋腳街4號",
    "場所分類":"其他",
    "AED放置地點":"吉林派出所一樓",
    "行政區":"貢寮區"
    }
  },
  {
    "type": "Feature",
    "geometry": {
       "type": "Point",
       "coordinates":  [ 121.9100282,25.021879 ]
    },
    "properties": {
    "場所名稱":"新北市政府警察局瑞芳分局貢寮分駐所",
    "場所地址":"新北市貢寮區朝陽街56之1號",
    "場所分類":"其他",
    "AED放置地點":"進大門值班台左側",
    "行政區":"貢寮區"
    }
  },
  {
    "type": "Feature",
    "geometry": {
       "type": "Point",
       "coordinates":  [ 121.9229355,25.0488738 ]
    },
    "properties": {
    "場所名稱":"新北市政府警察局交通大隊澳底車禍處理小組",
    "場所地址":"新北市貢寮區仁和路18-1號",
    "場所分類":"其他",
    "AED放置地點":"小組一樓",
    "行政區":"貢寮區"
    }
  },
  {
    "type": "Feature",
    "geometry": {
       "type": "Point",
       "coordinates":  [ 121.9268279,25.0546659 ]
    },
    "properties": {
    "場所名稱":"新北市立圖書館貢寮分館",
    "場所地址":"新北市貢寮區仁愛路79號3樓",
    "場所分類":"大型休閒場所",
    "AED放置地點":"新北市立圖書館貢寮分館",
    "行政區":"貢寮區"
    }
  },
  {
    "type": "Feature",
    "geometry": {
       "type": "Point",
       "coordinates":  [ 121.9135665,25.0829116 ]
    },
    "properties": {
    "場所名稱":"新北市政府警察局瑞芳分局和美派出所",
    "場所地址":"新北市貢寮區和美街30號",
    "場所分類":"其他",
    "AED放置地點":"一樓值班臺前",
    "行政區":"貢寮區"
    }
  },
  {
    "type": "Feature",
    "geometry": {
       "type": "Point",
       "coordinates":  [ 121.948094,25.017466 ]
    },
    "properties": {
    "場所名稱":"新北市貢寮區福隆國民小學",
    "場所地址":"新北市貢寮區福隆里東興街35號",
    "場所分類":"學校、大型集會場所",
    "AED放置地點":"福隆國小行政辦公室走廊",
    "行政區":"貢寮區"
    }
  },
  {
    "type": "Feature",
    "geometry": {
       "type": "Point",
       "coordinates":  [ 121.9445868,25.0159512 ]
    },
    "properties": {
    "場所名稱":"交通部臺灣鐵路局宜蘭運務段福隆站",
    "場所地址":"新北市貢寮區福隆里福隆街2號",
    "場所分類":"交通要衝",
    "AED放置地點":"剪收票口旁",
    "行政區":"貢寮區"
    }
  },
  {
    "type": "Feature",
    "geometry": {
       "type": "Point",
       "coordinates":  [ 121.9439413,25.0184044 ]
    },
    "properties": {
    "場所名稱":"福容大飯店 福隆",
    "場所地址":"新北市貢寮區福隆里福隆街41號",
    "場所分類":"旅宿場所",
    "AED放置地點":"露天泳池入口",
    "行政區":"貢寮區"
    }
  },
  {
    "type": "Feature",
    "geometry": {
       "type": "Point",
       "coordinates":  [ 121.9250216,25.0552561 ]
    },
    "properties": {
    "場所名稱":"新北市貢寮區澳底國民小學",
    "場所地址":"新北市貢寮區延平街10號",
    "場所分類":"學校、大型集會場所",
    "AED放置地點":"舊大樓健健康中心外面走廊",
    "行政區":"貢寮區"
    }
  },
  {
    "type": "Feature",
    "geometry": {
       "type": "Point",
       "coordinates":  [ 121.9879286,25.0129085 ]
    },
    "properties": {
    "場所名稱":"新北市政府警察局瑞芳分局卯澳派出所",
    "場所地址":"新北市貢寮區福連街18號",
    "場所分類":"其他",
    "AED放置地點":"卯澳派出所1樓值班台後方",
    "行政區":"貢寮區"
    }
  },
  {
    "type": "Feature",
    "geometry": {
       "type": "Point",
       "coordinates":  [ 121.9446891,25.0165441 ]
    },
    "properties": {
    "場所名稱":"新北市政府警察局瑞芳分局福隆派出所",
    "場所地址":"新北市貢寮區福隆里福隆街19號",
    "場所分類":"其他",
    "AED放置地點":"福隆派出所一樓",
    "行政區":"貢寮區"
    }
  },
  {
    "type": "Feature",
    "geometry": {
       "type": "Point",
       "coordinates":  [ 121.9018178,25.0638753 ]
    },
    "properties": {
    "場所名稱":"新北市立豐珠中學",
    "場所地址":"新北市貢寮區美豐里雞母嶺街6之6號",
    "場所分類":"學校、大型集會場所",
    "AED放置地點":"健康中心",
    "行政區":"貢寮區"
    }
  },
  {
    "type": "Feature",
    "geometry": {
       "type": "Point",
       "coordinates":  [ 121.9424376,25.0171682 ]
    },
    "properties": {
    "場所名稱":"交通部觀光署東北角及宜蘭海岸國家風景區管理處福隆遊客中心",
    "場所地址":"新北市貢寮區福隆里興隆街38號",
    "場所分類":"觀光旅遊地區",
    "AED放置地點":"福隆遊客中心大廳櫃台前",
    "行政區":"貢寮區"
    }
  },
  {
    "type": "Feature",
    "geometry": {
       "type": "Point",
       "coordinates":  [ 121.636599,25.222905 ]
    },
    "properties": {
    "場所名稱":"新北市金山區金山國民小學",
    "場所地址":"新北市金山區中山路234號",
    "場所分類":"學校、大型集會場所",
    "AED放置地點":"金山國小健康中心外面走廊",
    "行政區":"金山區"
    }
  },
  {
    "type": "Feature",
    "geometry": {
       "type": "Point",
       "coordinates":  [ 121.648987,25.2256743 ]
    },
    "properties": {
    "場所名稱":"交通部觀光局北海岸及觀音山國家風景區管理處-金山遊客中心",
    "場所地址":"新北市金山區磺港路171-2號",
    "場所分類":"觀光旅遊地區",
    "AED放置地點":"1樓大門入口右方處。",
    "行政區":"金山區"
    }
  },
  {
    "type": "Feature",
    "geometry": {
       "type": "Point",
       "coordinates":  [ 121.5456978,25.2890298 ]
    },
    "properties": {
    "場所名稱":"新北市政府警察局金山分局老梅派出所",
    "場所地址":"新北市金山區石門區老梅里老梅路26號",
    "場所分類":"其他",
    "AED放置地點":"派出所一樓",
    "行政區":"金山區"
    }
  },
  {
    "type": "Feature",
    "geometry": {
       "type": "Point",
       "coordinates":  [ 121.6367773,25.2223616 ]
    },
    "properties": {
    "場所名稱":"法鼓山世界佛教教育園區",
    "場所地址":"新北市金山區法鼓路555號",
    "場所分類":"其他",
    "AED放置地點":"第三棟大樓",
    "行政區":"金山區"
    }
  },
  {
    "type": "Feature",
    "geometry": {
       "type": "Point",
       "coordinates":  [ 121.6367773,25.2223616 ]
    },
    "properties": {
    "場所名稱":"法鼓山世界佛教教育園區",
    "場所地址":"新北市金山區法鼓路555號",
    "場所分類":"其他",
    "AED放置地點":"第一棟大樓",
    "行政區":"金山區"
    }
  },
  {
    "type": "Feature",
    "geometry": {
       "type": "Point",
       "coordinates":  [ 121.6141117,25.2445377 ]
    },
    "properties": {
    "場所名稱":"法鼓學校財團法人法鼓文理學院",
    "場所地址":"新北市金山區法鼓路700號",
    "場所分類":"學校、大型集會場所",
    "AED放置地點":"揚生館3樓",
    "行政區":"金山區"
    }
  },
  {
    "type": "Feature",
    "geometry": {
       "type": "Point",
       "coordinates":  [ 121.610791,25.222103 ]
    },
    "properties": {
    "場所名稱":"新北市金山區三和國民小學",
    "場所地址":"新北市金山區重和里六股林口38號",
    "場所分類":"學校、大型集會場所",
    "AED放置地點":"健康中心旁",
    "行政區":"金山區"
    }
  },
  {
    "type": "Feature",
    "geometry": {
       "type": "Point",
       "coordinates":  [ 121.6411814,25.2205814 ]
    },
    "properties": {
    "場所名稱":"新北市金山區衛生所",
    "場所地址":"新北市金山區大同里民生路59號",
    "場所分類":"其他",
    "AED放置地點":"衛生所1樓電梯大廳",
    "行政區":"金山區"
    }
  },
  {
    "type": "Feature",
    "geometry": {
       "type": "Point",
       "coordinates":  [ 121.6405491,25.2203031 ]
    },
    "properties": {
    "場所名稱":"新北市政府警察局金山分局金山派出所",
    "場所地址":"新北市金山區民生路65號",
    "場所分類":"其他",
    "AED放置地點":"金山派出所一樓左側",
    "行政區":"金山區"
    }
  },
  {
    "type": "Feature",
    "geometry": {
       "type": "Point",
       "coordinates":  [ 121.6380331,25.2214999 ]
    },
    "properties": {
    "場所名稱":"新北市金山區第一公有零售市場",
    "場所地址":"新北市金山區中山路188號",
    "場所分類":"其他",
    "AED放置地點":"市場1樓布告欄",
    "行政區":"金山區"
    }
  },
  {
    "type": "Feature",
    "geometry": {
       "type": "Point",
       "coordinates":  [ 121.6367773,25.2223616 ]
    },
    "properties": {
    "場所名稱":"法鼓山世界佛教教育園區",
    "場所地址":"新北市金山區法鼓路555號",
    "場所分類":"其他",
    "AED放置地點":"2樓保健室",
    "行政區":"金山區"
    }
  },
  {
    "type": "Feature",
    "geometry": {
       "type": "Point",
       "coordinates":  [ 121.6367549,25.2208189 ]
    },
    "properties": {
    "場所名稱":"新北市金山區金美國民小學",
    "場所地址":"新北市金山區忠孝一路111號",
    "場所分類":"學校、大型集會場所",
    "AED放置地點":"校門口警衛室內",
    "行政區":"金山區"
    }
  },
  {
    "type": "Feature",
    "geometry": {
       "type": "Point",
       "coordinates":  [ 121.6367773,25.2223616 ]
    },
    "properties": {
    "場所名稱":"法鼓山世界佛教教育園區",
    "場所地址":"新北市金山區法鼓路555號",
    "場所分類":"其他",
    "AED放置地點":"禪堂",
    "行政區":"金山區"
    }
  },
  {
    "type": "Feature",
    "geometry": {
       "type": "Point",
       "coordinates":  [ 121.6367773,25.2223616 ]
    },
    "properties": {
    "場所名稱":"新北市政府環境保護局金山區清潔隊",
    "場所地址":"新北市金山區磺清路135號旁",
    "場所分類":"其他",
    "AED放置地點":"員工休息室內",
    "行政區":"金山區"
    }
  },
  {
    "type": "Feature",
    "geometry": {
       "type": "Point",
       "coordinates":  [ 121.6141117,25.2445377 ]
    },
    "properties": {
    "場所名稱":"法鼓學校財團法人法鼓文理學院",
    "場所地址":"新北市金山區法鼓路700號",
    "場所分類":"學校、大型集會場所",
    "AED放置地點":"綜合大樓1樓保健室門口",
    "行政區":"金山區"
    }
  },
  {
    "type": "Feature",
    "geometry": {
       "type": "Point",
       "coordinates":  [ 121.6405491,25.2203031 ]
    },
    "properties": {
    "場所名稱":"新北市政府警察局金山分局金山派出所",
    "場所地址":"新北市金山區民生路65號",
    "場所分類":"其他",
    "AED放置地點":"四樓禮堂",
    "行政區":"金山區"
    }
  },
  {
    "type": "Feature",
    "geometry": {
       "type": "Point",
       "coordinates":  [ 121.639009,25.2189292 ]
    },
    "properties": {
    "場所名稱":"新北市立圖書館金山分館",
    "場所地址":"新北市金山區龜子山路8號",
    "場所分類":"大型休閒場所",
    "AED放置地點":"金山區五湖村龜子山8號",
    "行政區":"金山區"
    }
  },
  {
    "type": "Feature",
    "geometry": {
       "type": "Point",
       "coordinates":  [ 121.6402693,25.2220101 ]
    },
    "properties": {
    "場所名稱":"金包里公共浴室",
    "場所地址":"新北市金山區大同里溫泉路2巷9號",
    "場所分類":"大型公眾浴場或溫泉區",
    "AED放置地點":"金包里公共浴室",
    "行政區":"金山區"
    }
  },
  {
    "type": "Feature",
    "geometry": {
       "type": "Point",
       "coordinates":  [ 121.32608,24.919662 ]
    },
    "properties": {
    "場所名稱":"新北市政府警察局金山分局重光派出所",
    "場所地址":"新北市金山區茅埔頭8號",
    "場所分類":"其他",
    "AED放置地點":"新北市政府警察局金山分局重光派出所一樓",
    "行政區":"金山區"
    }
  },
  {
    "type": "Feature",
    "geometry": {
       "type": "Point",
       "coordinates":  [ 121.6369778,25.2245744 ]
    },
    "properties": {
    "場所名稱":"新北市立金山高級中學",
    "場所地址":"新北市金山區文化二路2號",
    "場所分類":"學校、大型集會場所",
    "AED放置地點":"教務處內",
    "行政區":"金山區"
    }
  },
  {
    "type": "Feature",
    "geometry": {
       "type": "Point",
       "coordinates":  [ 121.6330423,25.2401773 ]
    },
    "properties": {
    "場所名稱":"交通部觀光局北海岸及觀音山國家風景區管理處-中角灣",
    "場所地址":"新北市金山區海興路180-3號",
    "場所分類":"觀光旅遊地區",
    "AED放置地點":"中角灣遊客中心入口處左側",
    "行政區":"金山區"
    }
  },
  {
    "type": "Feature",
    "geometry": {
       "type": "Point",
       "coordinates":  [ 121.6197527,25.2120835 ]
    },
    "properties": {
    "場所名稱":"新北市金山區運動休閒廣場",
    "場所地址":"新北市金山區五湖里南勢53號",
    "場所分類":"大型休閒場所",
    "AED放置地點":"門口正中央",
    "行政區":"金山區"
    }
  },
  {
    "type": "Feature",
    "geometry": {
       "type": "Point",
       "coordinates":  [ 121.6295072,25.2654056 ]
    },
    "properties": {
    "場所名稱":"新北市政府警察局金山分局中角派出所",
    "場所地址":"新北市金山區永興里濆水7之2號",
    "場所分類":"其他",
    "AED放置地點":"派出所1樓",
    "行政區":"金山區"
    }
  },
  {
    "type": "Feature",
    "geometry": {
       "type": "Point",
       "coordinates":  [ 121.642624,25.2256849 ]
    },
    "properties": {
    "場所名稱":"救國團金山青年活動中心-溫泉館",
    "場所地址":"新北市金山區青年路2號",
    "場所分類":"大型公眾浴場或溫泉區",
    "AED放置地點":"池區櫃檯",
    "行政區":"金山區"
    }
  },
  {
    "type": "Feature",
    "geometry": {
       "type": "Point",
       "coordinates":  [ 121.64199,25.2254163 ]
    },
    "properties": {
    "場所名稱":"救國團金山青年活動中心",
    "場所地址":"新北市金山區青年路1號",
    "場所分類":"旅宿場所",
    "AED放置地點":"中心接待櫃檯旁",
    "行政區":"金山區"
    }
  },
  {
    "type": "Feature",
    "geometry": {
       "type": "Point",
       "coordinates":  [ 121.6314182,25.2401995 ]
    },
    "properties": {
    "場所名稱":"新北市金山區中角國民小學",
    "場所地址":"新北市金山區海興路49號",
    "場所分類":"學校、大型集會場所",
    "AED放置地點":"警衛室",
    "行政區":"金山區"
    }
  },
  {
    "type": "Feature",
    "geometry": {
       "type": "Point",
       "coordinates":  [ 121.6596805,25.1602174 ]
    },
    "properties": {
    "場所名稱":"新北市萬里區崁腳國民小學",
    "場所地址":"新北市萬里區崁腳里59號",
    "場所分類":"學校、大型集會場所",
    "AED放置地點":"健康中心",
    "行政區":"萬里區"
    }
  },
  {
    "type": "Feature",
    "geometry": {
       "type": "Point",
       "coordinates":  [ 121.6896032,25.1781389 ]
    },
    "properties": {
    "場所名稱":"新北市萬里區公所",
    "場所地址":"新北市萬里區瑪鋉路123號",
    "場所分類":"其他",
    "AED放置地點":"1樓大門入口右手邊地方特產展示中心",
    "行政區":"萬里區"
    }
  },
  {
    "type": "Feature",
    "geometry": {
       "type": "Point",
       "coordinates":  [ 121.644585,25.214719 ]
    },
    "properties": {
    "場所名稱":"金湧泉SPA溫泉會館",
    "場所地址":"新北市萬里區加投213-3號",
    "場所分類":"大型公眾浴場或溫泉區",
    "AED放置地點":"大廳進門處旁",
    "行政區":"萬里區"
    }
  },
  {
    "type": "Feature",
    "geometry": {
       "type": "Point",
       "coordinates":  [ 121.68515,25.2031995 ]
    },
    "properties": {
    "場所名稱":"台灣電力股份有限公司第二核能發電廠北部展示館",
    "場所地址":"新北市萬里區野柳里八斗60號",
    "場所分類":"其他",
    "AED放置地點":"1F大廳左側手扶梯旁",
    "行政區":"萬里區"
    }
  },
  {
    "type": "Feature",
    "geometry": {
       "type": "Point",
       "coordinates":  [ 121.644585,25.214719 ]
    },
    "properties": {
    "場所名稱":"沐舍國際股份有限公司-沐舍溫泉渡假酒店",
    "場所地址":"新北市萬里區萬里加投166-1號",
    "場所分類":"大型公眾浴場或溫泉區",
    "AED放置地點":"沐舍國際股份有限公司",
    "行政區":"萬里區"
    }
  },
  {
    "type": "Feature",
    "geometry": {
       "type": "Point",
       "coordinates":  [ 121.6912207,25.2052032 ]
    },
    "properties": {
    "場所名稱":"中規開發股份有限公司（野柳海洋世界）",
    "場所地址":"新北市萬里區野柳里港東路167-3號",
    "場所分類":"觀光旅遊地區",
    "AED放置地點":"本館二樓會議室入口前",
    "行政區":"萬里區"
    }
  },
  {
    "type": "Feature",
    "geometry": {
       "type": "Point",
       "coordinates":  [ 121.6952745,25.1769287 ]
    },
    "properties": {
    "場所名稱":"新北市立萬里國民中學",
    "場所地址":"新北市萬里區新北市萬里區獅頭路24號",
    "場所分類":"學校、大型集會場所",
    "AED放置地點":"健康中心",
    "行政區":"萬里區"
    }
  },
  {
    "type": "Feature",
    "geometry": {
       "type": "Point",
       "coordinates":  [ 121.6974564,25.2128228 ]
    },
    "properties": {
    "場所名稱":"野柳地質公園",
    "場所地址":"新北市萬里區野柳里港東路167-1號",
    "場所分類":"觀光旅遊地區",
    "AED放置地點":"遊客中心護理站",
    "行政區":"萬里區"
    }
  },
  {
    "type": "Feature",
    "geometry": {
       "type": "Point",
       "coordinates":  [ 121.6892609,25.1760395 ]
    },
    "properties": {
    "場所名稱":"新北市萬里區萬里國民小學",
    "場所地址":"新北市萬里區瑪鋉路18號",
    "場所分類":"學校、大型集會場所",
    "AED放置地點":"健康中心",
    "行政區":"萬里區"
    }
  },
  {
    "type": "Feature",
    "geometry": {
       "type": "Point",
       "coordinates":  [ 121.6266705,25.2063341 ]
    },
    "properties": {
    "場所名稱":"金山財神廟",
    "場所地址":"新北市萬里區磺潭里公館崙52之2號",
    "場所分類":"其他",
    "AED放置地點":"金山財神廟服務台",
    "行政區":"萬里區"
    }
  },
  {
    "type": "Feature",
    "geometry": {
       "type": "Point",
       "coordinates":  [ 121.6912207,25.2052032 ]
    },
    "properties": {
    "場所名稱":"中規開發股份有限公司（野柳海洋世界）",
    "場所地址":"新北市萬里區野柳里港東路167-3號",
    "場所分類":"觀光旅遊地區",
    "AED放置地點":"B1海底探索館-魚隻分布圖旁",
    "行政區":"萬里區"
    }
  },
  {
    "type": "Feature",
    "geometry": {
       "type": "Point",
       "coordinates":  [ 121.6912207,25.2052032 ]
    },
    "properties": {
    "場所名稱":"中規開發股份有限公司（野柳海洋世界）",
    "場所地址":"新北市萬里區野柳里港東路167-3號",
    "場所分類":"觀光旅遊地區",
    "AED放置地點":"1樓大廳左側",
    "行政區":"萬里區"
    }
  },
  {
    "type": "Feature",
    "geometry": {
       "type": "Point",
       "coordinates":  [ 121.6897342,25.1783898 ]
    },
    "properties": {
    "場所名稱":"新北市萬里區衛生所",
    "場所地址":"新北市萬里區新北市萬里區萬里里4鄰瑪鋉路157號",
    "場所分類":"其他",
    "AED放置地點":"衛生所1樓樓梯口",
    "行政區":"萬里區"
    }
  },
  {
    "type": "Feature",
    "geometry": {
       "type": "Point",
       "coordinates":  [ 121.6895281,25.2053575 ]
    },
    "properties": {
    "場所名稱":"新北市萬里區野柳國民小學",
    "場所地址":"新北市萬里區野柳里港東路167號",
    "場所分類":"學校、大型集會場所",
    "AED放置地點":"幼兒園旁",
    "行政區":"萬里區"
    }
  },
  {
    "type": "Feature",
    "geometry": {
       "type": "Point",
       "coordinates":  [ 121.6887922,25.1807789 ]
    },
    "properties": {
    "場所名稱":"新北市萬里區萬里公有零售市場",
    "場所地址":"新北市萬里區瑪鋉路261號",
    "場所分類":"其他",
    "AED放置地點":"市場管理室",
    "行政區":"萬里區"
    }
  },
  {
    "type": "Feature",
    "geometry": {
       "type": "Point",
       "coordinates":  [ 121.69136,25.205185 ]
    },
    "properties": {
    "場所名稱":"新北市萬里區萬里野柳臨時攤販集中場",
    "場所地址":"新北市萬里區野柳里港東路攤販街2號（野柳風景特定區海洋地質公園前）",
    "場所分類":"其他",
    "AED放置地點":"市場攤位旁空間",
    "行政區":"萬里區"
    }
  },
  {
    "type": "Feature",
    "geometry": {
       "type": "Point",
       "coordinates":  [ 121.6875567,25.1753282 ]
    },
    "properties": {
    "場所名稱":"新北市私立中華商業海事職業學校",
    "場所地址":"新北市萬里區瑪鋉路15號",
    "場所分類":"學校、大型集會場所",
    "AED放置地點":"中華商海",
    "行政區":"萬里區"
    }
  },
  {
    "type": "Feature",
    "geometry": {
       "type": "Point",
       "coordinates":  [ 121.683915,25.1885152 ]
    },
    "properties": {
    "場所名稱":"福泰翡翠灣渡假飯店",
    "場所地址":"新北市萬里區翡翠路17號",
    "場所分類":"旅宿場所",
    "AED放置地點":"大廳",
    "行政區":"萬里區"
    }
  },
  {
    "type": "Feature",
    "geometry": {
       "type": "Point",
       "coordinates":  [ 121.6894594,25.1779091 ]
    },
    "properties": {
    "場所名稱":"新北市政府警察局金山分局萬里分駐所",
    "場所地址":"新北市萬里區瑪鋉路153號",
    "場所分類":"其他",
    "AED放置地點":"分駐所1樓",
    "行政區":"萬里區"
    }
  },
  {
    "type": "Feature",
    "geometry": {
       "type": "Point",
       "coordinates":  [ 121.6397184,25.1676024 ]
    },
    "properties": {
    "場所名稱":"新北市政府警察局金山分局野柳派出所",
    "場所地址":"新北市萬里區港西9號",
    "場所分類":"其他",
    "AED放置地點":"派出所一樓",
    "行政區":"萬里區"
    }
  },
  {
    "type": "Feature",
    "geometry": {
       "type": "Point",
       "coordinates":  [ 121.647252,25.159862 ]
    },
    "properties": {
    "場所名稱":"新北市政府警察局金山分局崁腳派出所",
    "場所地址":"新北市萬里區崁腳路38號",
    "場所分類":"其他",
    "AED放置地點":"派出所備勤室",
    "行政區":"萬里區"
    }
  },
  {
    "type": "Feature",
    "geometry": {
       "type": "Point",
       "coordinates":  [ 121.6897431,25.1798139 ]
    },
    "properties": {
    "場所名稱":"新北市立圖書館萬里分館",
    "場所地址":"新北市萬里區瑪鋉路221號4樓",
    "場所分類":"大型休閒場所",
    "AED放置地點":"辦公室門口",
    "行政區":"萬里區"
    }
  },
  {
    "type": "Feature",
    "geometry": {
       "type": "Point",
       "coordinates":  [ 121.638569,25.166888 ]
    },
    "properties": {
    "場所名稱":"新北市萬里區大坪國民小學",
    "場所地址":"新北市萬里區雙興里大坪路1號",
    "場所分類":"學校、大型集會場所",
    "AED放置地點":"大門正前方守衛室門口",
    "行政區":"萬里區"
    }
  },
  {
    "type": "Feature",
    "geometry": {
       "type": "Point",
       "coordinates":  [ 121.644585,25.214719 ]
    },
    "properties": {
    "場所名稱":"新北市政府警察局金山分局大鵬派出所",
    "場所地址":"新北市萬里區大鵬里萬里加投81號",
    "場所分類":"其他",
    "AED放置地點":"大鵬派出所所長室",
    "行政區":"萬里區"
    }
  },
  {
    "type": "Feature",
    "geometry": {
       "type": "Point",
       "coordinates":  [ 121.644585,25.214719 ]
    },
    "properties": {
    "場所名稱":"新北市萬里區大鵬國民小學",
    "場所地址":"新北市萬里區大鵬里萬里加投14號",
    "場所分類":"學校、大型集會場所",
    "AED放置地點":"警衛室外側牆面上",
    "行政區":"萬里區"
    }
  },
  {
    "type": "Feature",
    "geometry": {
       "type": "Point",
       "coordinates":  [ 121.6273968,25.2062176 ]
    },
    "properties": {
    "場所名稱":"財團法人新北市私立馨園老人養護中心",
    "場所地址":"新北市萬里區磺潭里公館崙23-1號",
    "場所分類":"其他",
    "AED放置地點":"1F進門口左側",
    "行政區":"萬里區"
    }
  },
  {
    "type": "Feature",
    "geometry": {
       "type": "Point",
       "coordinates":  [ 121.6900049,25.2044534 ]
    },
    "properties": {
    "場所名稱":"野柳渡假村股份有限公司",
    "場所地址":"新北市萬里區野柳里港東路162號之2",
    "場所分類":"旅宿場所",
    "AED放置地點":"A館",
    "行政區":"萬里區"
    }
  },
  {
    "type": "Feature",
    "geometry": {
       "type": "Point",
       "coordinates":  [ 121.6432855,25.2158716 ]
    },
    "properties": {
    "場所名稱":"萬里加投公共浴室",
    "場所地址":"新北市萬里區加投路205-5號左側",
    "場所分類":"大型公眾浴場或溫泉區",
    "AED放置地點":"公共浴室階梯入口牆壁上",
    "行政區":"萬里區"
    }
  },
  {
    "type": "Feature",
    "geometry": {
       "type": "Point",
       "coordinates":  [ 121.5514544,24.8641367 ]
    },
    "properties": {
    "場所名稱":"新北市烏來泰雅民族博物館",
    "場所地址":"新北市烏來區烏來街12號",
    "場所分類":"大型休閒場所",
    "AED放置地點":"新北市烏來泰雅民族博物館",
    "行政區":"烏來區"
    }
  },
  {
    "type": "Feature",
    "geometry": {
       "type": "Point",
       "coordinates":  [ 121.5263192,24.8381798 ]
    },
    "properties": {
    "場所名稱":"新北市政府警察局新店分局哪哮派出所",
    "場所地址":"新北市烏來區信福路11號",
    "場所分類":"其他",
    "AED放置地點":"進大門值班台右後方",
    "行政區":"烏來區"
    }
  },
  {
    "type": "Feature",
    "geometry": {
       "type": "Point",
       "coordinates":  [ 121.5520307,24.8648383 ]
    },
    "properties": {
    "場所名稱":"烏來遊客中心",
    "場所地址":"新北市烏來區烏來街45-1號",
    "場所分類":"觀光旅遊地區",
    "AED放置地點":"烏來遊客中心櫃臺",
    "行政區":"烏來區"
    }
  },
  {
    "type": "Feature",
    "geometry": {
       "type": "Point",
       "coordinates":  [ 121.5517213,24.8485154 ]
    },
    "properties": {
    "場所名稱":"雲仙樂園",
    "場所地址":"新北市烏來區瀑布路1之1號",
    "場所分類":"觀光旅遊地區",
    "AED放置地點":"雲景(二)",
    "行政區":"烏來區"
    }
  },
  {
    "type": "Feature",
    "geometry": {
       "type": "Point",
       "coordinates":  [ 121.5517213,24.8485154 ]
    },
    "properties": {
    "場所名稱":"雲仙樂園",
    "場所地址":"新北市烏來區瀑布路1之1號",
    "場所分類":"觀光旅遊地區",
    "AED放置地點":"服務中心救護站",
    "行政區":"烏來區"
    }
  },
  {
    "type": "Feature",
    "geometry": {
       "type": "Point",
       "coordinates":  [ 121.5540372,24.8635928 ]
    },
    "properties": {
    "場所名稱":"新北市立烏來國民中小學",
    "場所地址":"新北市烏來區啦卡路5號",
    "場所分類":"學校、大型集會場所",
    "AED放置地點":"本校警衛室",
    "行政區":"烏來區"
    }
  },
  {
    "type": "Feature",
    "geometry": {
       "type": "Point",
       "coordinates":  [ 121.5141615,24.7622062 ]
    },
    "properties": {
    "場所名稱":"新北市立德拉楠民族實驗小學",
    "場所地址":"新北市烏來區福山里李茂岸56號",
    "場所分類":"學校、大型集會場所",
    "AED放置地點":"健康中心前走廊",
    "行政區":"烏來區"
    }
  },
  {
    "type": "Feature",
    "geometry": {
       "type": "Point",
       "coordinates":  [ 121.5457474,24.8754407 ]
    },
    "properties": {
    "場所名稱":"新北市政府警察局新店分局桶壁派出所",
    "場所地址":"新北市烏來區新烏路四段23號",
    "場所分類":"其他",
    "AED放置地點":"大門進來左手邊",
    "行政區":"烏來區"
    }
  },
  {
    "type": "Feature",
    "geometry": {
       "type": "Point",
       "coordinates":  [ 121.5141615,24.7622062 ]
    },
    "properties": {
    "場所名稱":"新北市政府警察局新店分局德拉楠派出所",
    "場所地址":"新北市烏來區福山里李茂岸30號",
    "場所分類":"其他",
    "AED放置地點":"值班台後方",
    "行政區":"烏來區"
    }
  },
  {
    "type": "Feature",
    "geometry": {
       "type": "Point",
       "coordinates":  [ 121.5520307,24.8648383 ]
    },
    "properties": {
    "場所名稱":"新北市政府警察局新店分局烏來分駐所",
    "場所地址":"新北市烏來區烏來街45號",
    "場所分類":"其他",
    "AED放置地點":"進大門值勤台左後方",
    "行政區":"烏來區"
    }
  },
  {
    "type": "Feature",
    "geometry": {
       "type": "Point",
       "coordinates":  [ 121.5516424,24.8655138 ]
    },
    "properties": {
    "場所名稱":"烏來立體停車場",
    "場所地址":"新北市烏來區烏來街47號",
    "場所分類":"其他",
    "AED放置地點":"停車場管理室",
    "行政區":"烏來區"
    }
  },
  {
    "type": "Feature",
    "geometry": {
       "type": "Point",
       "coordinates":  [ 121.5712935,24.8500698 ]
    },
    "properties": {
    "場所名稱":"新北市政府警察局新店分局孝義派出所",
    "場所地址":"新北市烏來區孝義里阿玉路2號",
    "場所分類":"其他",
    "AED放置地點":"值班台旁",
    "行政區":"烏來區"
    }
  },
  {
    "type": "Feature",
    "geometry": {
       "type": "Point",
       "coordinates":  [ 121.5479599,24.8719975 ]
    },
    "properties": {
    "場所名稱":"新北市烏來區衛生所",
    "場所地址":"新北市烏來區忠治里新烏路5段109號",
    "場所分類":"其他",
    "AED放置地點":"1樓後棟哺乳室前方",
    "行政區":"烏來區"
    }
  },
  {
    "type": "Feature",
    "geometry": {
       "type": "Point",
       "coordinates":  [ 121.5475696,24.8717499 ]
    },
    "properties": {
    "場所名稱":"璞石麗緻溫泉會館",
    "場所地址":"新北市烏來區忠治里新烏路五段88號",
    "場所分類":"大型公眾浴場或溫泉區",
    "AED放置地點":"櫃台後勤運作處",
    "行政區":"烏來區"
    }
  },
  {
    "type": "Feature",
    "geometry": {
       "type": "Point",
       "coordinates":  [ 121.526329,24.827958 ]
    },
    "properties": {
    "場所名稱":"內洞國家森林遊樂區",
    "場所地址":"新北市烏來區新北市烏來區信賢里娃娃谷46號",
    "場所分類":"觀光旅遊地區",
    "AED放置地點":"新北市烏來區信賢里娃娃谷46號",
    "行政區":"烏來區"
    }
  },
  {
    "type": "Feature",
    "geometry": {
       "type": "Point",
       "coordinates":  [ 121.551996,24.864007 ]
    },
    "properties": {
    "場所名稱":"明月溫泉會館",
    "場所地址":"新北市烏來區烏來街85巷1號",
    "場所分類":"大型公眾浴場或溫泉區",
    "AED放置地點":"大廳走道",
    "行政區":"烏來區"
    }
  },
  {
    "type": "Feature",
    "geometry": {
       "type": "Point",
       "coordinates":  [ 121.4761463,25.0847552 ]
    },
    "properties": {
    "場所名稱":"新北市蘆洲區鷺江國民小學",
    "場所地址":"新北市蘆洲區民族路7號",
    "場所分類":"學校、大型集會場所",
    "AED放置地點":"健康中心外牆",
    "行政區":"蘆洲區"
    }
  },
  {
    "type": "Feature",
    "geometry": {
       "type": "Point",
       "coordinates":  [ 121.4627046,25.0786736 ]
    },
    "properties": {
    "場所名稱":"新北市立圖書館蘆洲永安圖書閱覽室",
    "場所地址":"新北市蘆洲區永安南路二段134號2樓",
    "場所分類":"大型休閒場所",
    "AED放置地點":"蘆洲永安圖書閱覽室",
    "行政區":"蘆洲區"
    }
  },
  {
    "type": "Feature",
    "geometry": {
       "type": "Point",
       "coordinates":  [ 121.4600058,25.0941464 ]
    },
    "properties": {
    "場所名稱":"新北市政府環境保護局蘆洲區清潔隊(地勤辦公室)",
    "場所地址":"新北市蘆洲區三民路611號1樓",
    "場所分類":"其他",
    "AED放置地點":"辦公室入門口正前方",
    "行政區":"蘆洲區"
    }
  },
  {
    "type": "Feature",
    "geometry": {
       "type": "Point",
       "coordinates":  [ 121.481851,25.0815628 ]
    },
    "properties": {
    "場所名稱":"新北市蘆洲區永安兒童公園市民活動中心",
    "場所地址":"新北市蘆洲區永安北路二段42-6號",
    "場所分類":"其他",
    "AED放置地點":"銀髮族室",
    "行政區":"蘆洲區"
    }
  },
  {
    "type": "Feature",
    "geometry": {
       "type": "Point",
       "coordinates":  [ 121.459313,25.0903409 ]
    },
    "properties": {
    "場所名稱":"新北市蘆洲區永平公有零售市場",
    "場所地址":"新北市蘆洲區永平街1號",
    "場所分類":"其他",
    "AED放置地點":"廁所外",
    "行政區":"蘆洲區"
    }
  },
  {
    "type": "Feature",
    "geometry": {
       "type": "Point",
       "coordinates":  [ 121.4765368,25.0796471 ]
    },
    "properties": {
    "場所名稱":"新北市蘆洲區溪墘湧蓮市民活動中心",
    "場所地址":"新北市蘆洲區信義路65號",
    "場所分類":"其他",
    "AED放置地點":"管理員室外",
    "行政區":"蘆洲區"
    }
  },
  {
    "type": "Feature",
    "geometry": {
       "type": "Point",
       "coordinates":  [ 121.4731633,25.0836081 ]
    },
    "properties": {
    "場所名稱":"新北市蘆洲中山立體停車場",
    "場所地址":"新北市蘆洲區得勝街107號",
    "場所分類":"其他",
    "AED放置地點":"管理室內",
    "行政區":"蘆洲區"
    }
  },
  {
    "type": "Feature",
    "geometry": {
       "type": "Point",
       "coordinates":  [ 121.46201,25.0902232 ]
    },
    "properties": {
    "場所名稱":"新北市立鷺江國民中學",
    "場所地址":"新北市蘆洲區長樂路235號",
    "場所分類":"學校、大型集會場所",
    "AED放置地點":"總務處走廊",
    "行政區":"蘆洲區"
    }
  },
  {
    "type": "Feature",
    "geometry": {
       "type": "Point",
       "coordinates":  [ 121.4620618,25.0911212 ]
    },
    "properties": {
    "場所名稱":"新北市蘆洲國民運動中心",
    "場所地址":"新北市蘆洲區長樂路235-1號",
    "場所分類":"學校、大型集會場所",
    "AED放置地點":"1樓大廳",
    "行政區":"蘆洲區"
    }
  },
  {
    "type": "Feature",
    "geometry": {
       "type": "Point",
       "coordinates":  [ 121.4620618,25.0911212 ]
    },
    "properties": {
    "場所名稱":"新北市蘆洲國民運動中心",
    "場所地址":"新北市蘆洲區長樂路235-1號",
    "場所分類":"學校、大型集會場所",
    "AED放置地點":"3樓健身房",
    "行政區":"蘆洲區"
    }
  },
  {
    "type": "Feature",
    "geometry": {
       "type": "Point",
       "coordinates":  [ 121.459313,25.0903409 ]
    },
    "properties": {
    "場所名稱":"新北市蘆洲區永平公有零售市場",
    "場所地址":"新北市蘆洲區永平街1號",
    "場所分類":"其他",
    "AED放置地點":"市場1樓側門(往廣場門)旁",
    "行政區":"蘆洲區"
    }
  },
  {
    "type": "Feature",
    "geometry": {
       "type": "Point",
       "coordinates":  [ 121.4716408,25.0832562 ]
    },
    "properties": {
    "場所名稱":"新北市蘆洲區蘆洲公有零售市場",
    "場所地址":"新北市蘆洲區成功路160號",
    "場所分類":"其他",
    "AED放置地點":"市場1樓攤位共食區旁",
    "行政區":"蘆洲區"
    }
  },
  {
    "type": "Feature",
    "geometry": {
       "type": "Point",
       "coordinates":  [ 121.4817925,25.0848027 ]
    },
    "properties": {
    "場所名稱":"新北市蘆洲戶政事務所",
    "場所地址":"新北市蘆洲區集賢路245號8樓",
    "場所分類":"其他",
    "AED放置地點":"本所民眾等待區內",
    "行政區":"蘆洲區"
    }
  },
  {
    "type": "Feature",
    "geometry": {
       "type": "Point",
       "coordinates":  [ 121.4817925,25.0848027 ]
    },
    "properties": {
    "場所名稱":"新北市環保局稽查科第四分隊",
    "場所地址":"新北市蘆洲區集賢路245號11樓",
    "場所分類":"其他",
    "AED放置地點":"集賢路245號11樓",
    "行政區":"蘆洲區"
    }
  },
  {
    "type": "Feature",
    "geometry": {
       "type": "Point",
       "coordinates":  [ 121.4619483,25.0806335 ]
    },
    "properties": {
    "場所名稱":"新北市立圖書館蘆洲長安分館",
    "場所地址":"新北市蘆洲區長安街96號3樓",
    "場所分類":"大型休閒場所",
    "AED放置地點":"新北市立圖書館蘆洲長安分館",
    "行政區":"蘆洲區"
    }
  },
  {
    "type": "Feature",
    "geometry": {
       "type": "Point",
       "coordinates":  [ 121.4731435,25.0867898 ]
    },
    "properties": {
    "場所名稱":"新北市立三民高級中學",
    "場所地址":"新北市蘆洲區三民路96號",
    "場所分類":"學校、大型集會場所",
    "AED放置地點":"警衛室旁",
    "行政區":"蘆洲區"
    }
  },
  {
    "type": "Feature",
    "geometry": {
       "type": "Point",
       "coordinates":  [ 121.4698633,25.0844063 ]
    },
    "properties": {
    "場所名稱":"新北市蘆洲區蘆洲國民小學",
    "場所地址":"新北市蘆洲區中正路100號",
    "場所分類":"學校、大型集會場所",
    "AED放置地點":"警衛室",
    "行政區":"蘆洲區"
    }
  },
  {
    "type": "Feature",
    "geometry": {
       "type": "Point",
       "coordinates":  [ 121.4799038,25.0803203 ]
    },
    "properties": {
    "場所名稱":"臺北捷運徐匯中學站O52",
    "場所地址":"新北市蘆洲區中山一路3號",
    "場所分類":"交通要衝",
    "AED放置地點":"車站大廳詢問處旁",
    "行政區":"蘆洲區"
    }
  },
  {
    "type": "Feature",
    "geometry": {
       "type": "Point",
       "coordinates":  [ 121.4716341,25.0865575 ]
    },
    "properties": {
    "場所名稱":"臺北捷運三民高中站O53",
    "場所地址":"新北市蘆洲區三民路105號",
    "場所分類":"交通要衝",
    "AED放置地點":"車站大廳詢問處旁",
    "行政區":"蘆洲區"
    }
  },
  {
    "type": "Feature",
    "geometry": {
       "type": "Point",
       "coordinates":  [ 121.4644795,25.0915665 ]
    },
    "properties": {
    "場所名稱":"臺北捷運蘆洲站O54",
    "場所地址":"新北市蘆洲區三民路386號",
    "場所分類":"交通要衝",
    "AED放置地點":"車站大廳詢問處旁",
    "行政區":"蘆洲區"
    }
  },
  {
    "type": "Feature",
    "geometry": {
       "type": "Point",
       "coordinates":  [ 121.4671226,25.0875048 ]
    },
    "properties": {
    "場所名稱":"新北市立蘆洲國民中學",
    "場所地址":"新北市蘆洲區中正路265號",
    "場所分類":"學校、大型集會場所",
    "AED放置地點":"健康中心外走廊",
    "行政區":"蘆洲區"
    }
  },
  {
    "type": "Feature",
    "geometry": {
       "type": "Point",
       "coordinates":  [ 121.473383,25.0841717 ]
    },
    "properties": {
    "場所名稱":"新北市蘆洲區衛生所",
    "場所地址":"新北市蘆洲區中央路58號",
    "場所分類":"其他",
    "AED放置地點":"1F門診處",
    "行政區":"蘆洲區"
    }
  },
  {
    "type": "Feature",
    "geometry": {
       "type": "Point",
       "coordinates":  [ 121.4729778,25.082059 ]
    },
    "properties": {
    "場所名稱":"新北市政府警察局蘆洲分局蘆洲派出所",
    "場所地址":"新北市蘆洲區蘆洲區中山二路92號",
    "場所分類":"其他",
    "AED放置地點":"大廳值班臺後方",
    "行政區":"蘆洲區"
    }
  },
  {
    "type": "Feature",
    "geometry": {
       "type": "Point",
       "coordinates":  [ 121.4799617,25.0802722 ]
    },
    "properties": {
    "場所名稱":"新北市私立徐匯高級中學",
    "場所地址":"新北市蘆洲區中山一路1號",
    "場所分類":"學校、大型集會場所",
    "AED放置地點":"自強樓1樓中梯",
    "行政區":"蘆洲區"
    }
  },
  {
    "type": "Feature",
    "geometry": {
       "type": "Point",
       "coordinates":  [ 121.4799617,25.0802722 ]
    },
    "properties": {
    "場所名稱":"新北市私立徐匯高級中學",
    "場所地址":"新北市蘆洲區中山一路1號",
    "場所分類":"學校、大型集會場所",
    "AED放置地點":"教務處旁",
    "行政區":"蘆洲區"
    }
  },
  {
    "type": "Feature",
    "geometry": {
       "type": "Point",
       "coordinates":  [ 121.4773476,25.0852506 ]
    },
    "properties": {
    "場所名稱":"香港商世界健身事業有限公司蘆洲分公司",
    "場所地址":"新北市蘆洲區民族路31-5號",
    "場所分類":"學校、大型集會場所",
    "AED放置地點":"1F客服櫃台右側",
    "行政區":"蘆洲區"
    }
  },
  {
    "type": "Feature",
    "geometry": {
       "type": "Point",
       "coordinates":  [ 121.4729778,25.082059 ]
    },
    "properties": {
    "場所名稱":"新北市政府警察局交通警察大隊蘆洲分隊",
    "場所地址":"新北市蘆洲區中山二路92號3樓",
    "場所分類":"其他",
    "AED放置地點":"3樓",
    "行政區":"蘆洲區"
    }
  },
  {
    "type": "Feature",
    "geometry": {
       "type": "Point",
       "coordinates":  [ 121.4817925,25.0848027 ]
    },
    "properties": {
    "場所名稱":"新北市蘆洲區集賢市民活動中心",
    "場所地址":"新北市蘆洲區集賢路245號7樓之1",
    "場所分類":"其他",
    "AED放置地點":"活動中心大禮堂內",
    "行政區":"蘆洲區"
    }
  },
  {
    "type": "Feature",
    "geometry": {
       "type": "Point",
       "coordinates":  [ 121.4702555,25.0919442 ]
    },
    "properties": {
    "場所名稱":"新北市蘆洲區仁愛國民小學",
    "場所地址":"新北市蘆洲區民族路488號",
    "場所分類":"學校、大型集會場所",
    "AED放置地點":"大門口川堂左側",
    "行政區":"蘆洲區"
    }
  },
  {
    "type": "Feature",
    "geometry": {
       "type": "Point",
       "coordinates":  [ 121.4746501,25.0820516 ]
    },
    "properties": {
    "場所名稱":"慶明眼科診所",
    "場所地址":"新北市蘆洲區中山二路32號1樓",
    "場所分類":"其他",
    "AED放置地點":"慶明眼科珍所",
    "行政區":"蘆洲區"
    }
  },
  {
    "type": "Feature",
    "geometry": {
       "type": "Point",
       "coordinates":  [ 121.480369,25.0805082 ]
    },
    "properties": {
    "場所名稱":"成旅觀光股份有限公司蘆洲分公司",
    "場所地址":"新北市蘆洲區中山一路8號6樓",
    "場所分類":"旅宿場所",
    "AED放置地點":"飯店大廳",
    "行政區":"蘆洲區"
    }
  },
  {
    "type": "Feature",
    "geometry": {
       "type": "Point",
       "coordinates":  [ 121.481851,25.0815628 ]
    },
    "properties": {
    "場所名稱":"新北市蘆洲區永安兒童公園市民活動中心",
    "場所地址":"新北市蘆洲區永安北路二段42-6號",
    "場所分類":"其他",
    "AED放置地點":"1樓服務檯右前側壁上。",
    "行政區":"蘆洲區"
    }
  },
  {
    "type": "Feature",
    "geometry": {
       "type": "Point",
       "coordinates":  [ 121.457424,25.0859832 ]
    },
    "properties": {
    "場所名稱":"新北市蘆洲區成功國民小學",
    "場所地址":"新北市蘆洲區長安街311號",
    "場所分類":"學校、大型集會場所",
    "AED放置地點":"大門口警衛室",
    "行政區":"蘆洲區"
    }
  },
  {
    "type": "Feature",
    "geometry": {
       "type": "Point",
       "coordinates":  [ 121.4730411,25.0927069 ]
    },
    "properties": {
    "場所名稱":"新北市蘆洲區水湳老人活動中心",
    "場所地址":"新北市蘆洲區民族路426巷17號",
    "場所分類":"其他",
    "AED放置地點":"2樓閱覽室左側壁上",
    "行政區":"蘆洲區"
    }
  },
  {
    "type": "Feature",
    "geometry": {
       "type": "Point",
       "coordinates":  [ 121.483695,25.0857186 ]
    },
    "properties": {
    "場所名稱":"新北市立圖書館蘆洲兒童親子分館",
    "場所地址":"新北市蘆洲區集賢路221巷11號2樓",
    "場所分類":"大型休閒場所",
    "AED放置地點":"2樓櫃台旁",
    "行政區":"蘆洲區"
    }
  },
  {
    "type": "Feature",
    "geometry": {
       "type": "Point",
       "coordinates":  [ 121.4619194,25.0877041 ]
    },
    "properties": {
    "場所名稱":"慈濟蘆洲靜思堂",
    "場所地址":"新北市蘆洲區長樂路125號",
    "場所分類":"其他",
    "AED放置地點":"1樓總務辦公室門口",
    "行政區":"蘆洲區"
    }
  },
  {
    "type": "Feature",
    "geometry": {
       "type": "Point",
       "coordinates":  [ 121.4619483,25.0806335 ]
    },
    "properties": {
    "場所名稱":"新北市蘆洲區長安市民活動中心",
    "場所地址":"新北市蘆洲區長安街96號4樓",
    "場所分類":"其他",
    "AED放置地點":"管理員室外",
    "行政區":"蘆洲區"
    }
  },
  {
    "type": "Feature",
    "geometry": {
       "type": "Point",
       "coordinates":  [ 121.4609462,25.0853429 ]
    },
    "properties": {
    "場所名稱":"新北市政府警察局蘆洲分局三民派出所",
    "場所地址":"新北市蘆洲區長榮路200號",
    "場所分類":"其他",
    "AED放置地點":"進大門右側值勤臺旁",
    "行政區":"蘆洲區"
    }
  },
  {
    "type": "Feature",
    "geometry": {
       "type": "Point",
       "coordinates":  [ 121.483695,25.0857186 ]
    },
    "properties": {
    "場所名稱":"新北市蘆洲區重陽市民活動中心",
    "場所地址":"新北市蘆洲區集賢路221巷11號",
    "場所分類":"其他",
    "AED放置地點":"活動中心大廳",
    "行政區":"蘆洲區"
    }
  },
  {
    "type": "Feature",
    "geometry": {
       "type": "Point",
       "coordinates":  [ 121.4619443,25.0890778 ]
    },
    "properties": {
    "場所名稱":"CURVES女性30分鐘環狀運動蘆洲長樂店",
    "場所地址":"新北市蘆洲區長樂路106-1號3樓",
    "場所分類":"學校、大型集會場所",
    "AED放置地點":"店舖內右側牆面",
    "行政區":"蘆洲區"
    }
  },
  {
    "type": "Feature",
    "geometry": {
       "type": "Point",
       "coordinates":  [ 121.4817925,25.0848027 ]
    },
    "properties": {
    "場所名稱":"新北市立圖書館蘆洲集賢分館",
    "場所地址":"新北市蘆洲區集賢路245號4樓",
    "場所分類":"大型休閒場所",
    "AED放置地點":"服務櫃檯旁邊",
    "行政區":"蘆洲區"
    }
  },
  {
    "type": "Feature",
    "geometry": {
       "type": "Point",
       "coordinates":  [ 121.4691529,25.0766798 ]
    },
    "properties": {
    "場所名稱":"新北市蘆洲區得仁市民活動中心",
    "場所地址":"新北市蘆洲區中山一路415號6樓",
    "場所分類":"其他",
    "AED放置地點":"場館內部",
    "行政區":"蘆洲區"
    }
  },
  {
    "type": "Feature",
    "geometry": {
       "type": "Point",
       "coordinates":  [ 121.4747667,25.0845492 ]
    },
    "properties": {
    "場所名稱":"耀泰健康顧問股份有限公司",
    "場所地址":"新北市蘆洲區三民路86號B1",
    "場所分類":"學校、大型集會場所",
    "AED放置地點":"教練櫃台旁",
    "行政區":"蘆洲區"
    }
  },
  {
    "type": "Feature",
    "geometry": {
       "type": "Point",
       "coordinates":  [ 121.4614702,25.0817494 ]
    },
    "properties": {
    "場所名稱":"新北市政府警察局蘆洲分局延平派出所",
    "場所地址":"新北市蘆洲區長安街108巷2號",
    "場所分類":"其他",
    "AED放置地點":"1樓入口右側值班台旁",
    "行政區":"蘆洲區"
    }
  },
  {
    "type": "Feature",
    "geometry": {
       "type": "Point",
       "coordinates":  [ 121.4817925,25.0848027 ]
    },
    "properties": {
    "場所名稱":"新北市政府警察局蘆洲分局集賢派出所",
    "場所地址":"新北市蘆洲區集賢路245號",
    "場所分類":"其他",
    "AED放置地點":"1樓值班台後方",
    "行政區":"蘆洲區"
    }
  },
  {
    "type": "Feature",
    "geometry": {
       "type": "Point",
       "coordinates":  [ 121.4835,25.0873179 ]
    },
    "properties": {
    "場所名稱":"捷運環狀線Y21施工站",
    "場所地址":"新北市蘆洲區集賢路與信義街口",
    "場所分類":"交通要衝",
    "AED放置地點":"捷運環狀線Y21施工站",
    "行政區":"蘆洲區"
    }
  },
  {
    "type": "Feature",
    "geometry": {
       "type": "Point",
       "coordinates":  [ 121.4678848,25.0872662 ]
    },
    "properties": {
    "場所名稱":"國立空中大學",
    "場所地址":"新北市蘆洲區中正路172號",
    "場所分類":"學校、大型集會場所",
    "AED放置地點":"教學大樓一樓值日室門口",
    "行政區":"蘆洲區"
    }
  },
  {
    "type": "Feature",
    "geometry": {
       "type": "Point",
       "coordinates":  [ 121.4595958,25.0828528 ]
    },
    "properties": {
    "場所名稱":"成吉思汗健身館有限公司",
    "場所地址":"新北市蘆洲區長安街156號B1",
    "場所分類":"學校、大型集會場所",
    "AED放置地點":"成吉思汗健身俱樂部",
    "行政區":"蘆洲區"
    }
  },
  {
    "type": "Feature",
    "geometry": {
       "type": "Point",
       "coordinates":  [ 121.4736747,25.0846636 ]
    },
    "properties": {
    "場所名稱":"新北市蘆洲區公所",
    "場所地址":"新北市蘆洲區三民路95號",
    "場所分類":"其他",
    "AED放置地點":"一樓穿堂左側",
    "行政區":"蘆洲區"
    }
  },
  {
    "type": "Feature",
    "geometry": {
       "type": "Point",
       "coordinates":  [ 121.4671226,25.0875048 ]
    },
    "properties": {
    "場所名稱":"新北市立蘆洲國民中學",
    "場所地址":"新北市蘆洲區中正路265號",
    "場所分類":"學校、大型集會場所",
    "AED放置地點":"教學大樓1樓",
    "行政區":"蘆洲區"
    }
  },
  {
    "type": "Feature",
    "geometry": {
       "type": "Point",
       "coordinates":  [ 121.4699879,25.0821087 ]
    },
    "properties": {
    "場所名稱":"國都汽車股份有限公司蘆洲服務廠",
    "場所地址":"新北市蘆洲區正和街23號",
    "場所分類":"其他",
    "AED放置地點":"營業所展示間",
    "行政區":"蘆洲區"
    }
  },
  {
    "type": "Feature",
    "geometry": {
       "type": "Point",
       "coordinates":  [ 121.4702555,25.0919442 ]
    },
    "properties": {
    "場所名稱":"新北市蘆洲區仁愛國民小學",
    "場所地址":"新北市蘆洲區民族路488號",
    "場所分類":"學校、大型集會場所",
    "AED放置地點":"幼兒園健康中心",
    "行政區":"蘆洲區"
    }
  },
  {
    "type": "Feature",
    "geometry": {
       "type": "Point",
       "coordinates":  [ 121.464223,25.0898043 ]
    },
    "properties": {
    "場所名稱":"新北市蘆洲區忠義國民小學",
    "場所地址":"新北市蘆洲區光榮路99號",
    "場所分類":"學校、大型集會場所",
    "AED放置地點":"健康中心外",
    "行政區":"蘆洲區"
    }
  },
  {
    "type": "Feature",
    "geometry": {
       "type": "Point",
       "coordinates":  [ 121.4816937,25.0848229 ]
    },
    "properties": {
    "場所名稱":"財團法人新北市大樹社會福利基金會新北市蘆洲集賢公共托老中心",
    "場所地址":"新北市蘆洲區集賢路245號3樓",
    "場所分類":"其他",
    "AED放置地點":"公共托老中心門口進入，面對櫃台之右邊。",
    "行政區":"蘆洲區"
    }
  },
  {
    "type": "Feature",
    "geometry": {
       "type": "Point",
       "coordinates":  [ 121.4816872,25.0848446 ]
    },
    "properties": {
    "場所名稱":"新北市政府環境保護局(蘆洲重陽大樓5樓)",
    "場所地址":"新北市蘆洲區集賢路245號5樓",
    "場所分類":"其他",
    "AED放置地點":"新北市政府環境保護局(蘆洲重陽大樓11樓)",
    "行政區":"蘆洲區"
    }
  },
  {
    "type": "Feature",
    "geometry": {
       "type": "Point",
       "coordinates":  [ 121.473383,25.0841717 ]
    },
    "properties": {
    "場所名稱":"新北市蘆洲區衛生所",
    "場所地址":"新北市蘆洲區中央路58號",
    "場所分類":"其他",
    "AED放置地點":"1F門診處",
    "行政區":"蘆洲區"
    }
  }
]
}