{
   "type": "FeatureCollection",
   "features": [
  {
    "type": "Feature",
    "geometry": {
       "type": "Point",
       "coordinates":  [ 121.50461,25.134939 ]
    },
    "properties": {
    "場所名稱":"臺北市立北投國民中學",
    "場所地址":"溫泉路62號",
    "場所分類":"其他",
    "AED放置地點":"操場1F體育組外",
    "行政區":"北投區"
    }
  },
  {
    "type": "Feature",
    "geometry": {
       "type": "Point",
       "coordinates":  [ 121.49689,25.133393 ]
    },
    "properties": {
    "場所名稱":"幼華學校財團法人臺北市幼華高級中等學校",
    "場所地址":"北投路二段55號",
    "場所分類":"學校、大型集會場所",
    "AED放置地點":"教學大樓保健室內",
    "行政區":"北投區"
    }
  },
  {
    "type": "Feature",
    "geometry": {
       "type": "Point",
       "coordinates":  [ 121.498596,25.126384 ]
    },
    "properties": {
    "場所名稱":"優力國際安全認證有限公司",
    "場所地址":"大業路260號1F",
    "場所分類":"其他",
    "AED放置地點":"一樓逃生疏散樓梯旁",
    "行政區":"北投區"
    }
  },
  {
    "type": "Feature",
    "geometry": {
       "type": "Point",
       "coordinates":  [ 121.501697,25.138848 ]
    },
    "properties": {
    "場所名稱":"老爺榮康股份有限公司(北投老爺酒店)",
    "場所地址":"中和街2號",
    "場所分類":"大型公眾浴場或溫泉區",
    "AED放置地點":"1F大廳",
    "行政區":"北投區"
    }
  },
  {
    "type": "Feature",
    "geometry": {
       "type": "Point",
       "coordinates":  [ 121.50253,25.136933 ]
    },
    "properties": {
    "場所名稱":"臺北捷運新北投站R22A",
    "場所地址":"大業路700號",
    "場所分類":"交通要衝",
    "AED放置地點":"捷運新北投站_大廳",
    "行政區":"北投區"
    }
  },
  {
    "type": "Feature",
    "geometry": {
       "type": "Point",
       "coordinates":  [ 121.485444,25.137474 ]
    },
    "properties": {
    "場所名稱":"臺北捷運復興崗站R23",
    "場所地址":"中央北路3段53巷10號",
    "場所分類":"交通要衝",
    "AED放置地點":"捷運復興崗站一月台樓梯旁",
    "行政區":"北投區"
    }
  },
  {
    "type": "Feature",
    "geometry": {
       "type": "Point",
       "coordinates":  [ 121.47341,25.130969 ]
    },
    "properties": {
    "場所名稱":"臺北捷運忠義站R24",
    "場所地址":"中央北路4段301號",
    "場所分類":"交通要衝",
    "AED放置地點":"捷運忠義站一月台樓梯旁",
    "行政區":"北投區"
    }
  },
  {
    "type": "Feature",
    "geometry": {
       "type": "Point",
       "coordinates":  [ 121.46712,25.125651 ]
    },
    "properties": {
    "場所名稱":"臺北捷運關渡站R25",
    "場所地址":"大度路3段296巷51號",
    "場所分類":"交通要衝",
    "AED放置地點":"捷運關渡站二月台樓梯旁",
    "行政區":"北投區"
    }
  },
  {
    "type": "Feature",
    "geometry": {
       "type": "Point",
       "coordinates":  [ 121.498579,25.12839 ]
    },
    "properties": {
    "場所名稱":"台北北投雅樂軒酒店",
    "場所地址":"大業路300巷1號",
    "場所分類":"旅宿場所",
    "AED放置地點":"1F櫃檯旁",
    "行政區":"北投區"
    }
  },
  {
    "type": "Feature",
    "geometry": {
       "type": "Point",
       "coordinates":  [ 121.498579,25.12839 ]
    },
    "properties": {
    "場所名稱":"台北北投雅樂軒酒店",
    "場所地址":"大業路300巷1號",
    "場所分類":"旅宿場所",
    "AED放置地點":"地下一樓B1保安室旁(員工打卡處)",
    "行政區":"北投區"
    }
  },
  {
    "type": "Feature",
    "geometry": {
       "type": "Point",
       "coordinates":  [ 121.498579,25.12839 ]
    },
    "properties": {
    "場所名稱":"台北北投雅樂軒酒店",
    "場所地址":"大業路300巷1號",
    "場所分類":"旅宿場所",
    "AED放置地點":"19樓健身房",
    "行政區":"北投區"
    }
  },
  {
    "type": "Feature",
    "geometry": {
       "type": "Point",
       "coordinates":  [ 121.520679,25.117539 ]
    },
    "properties": {
    "場所名稱":"國立臺北護理健康大學",
    "場所地址":"明德路365號",
    "場所分類":"學校、大型集會場所",
    "AED放置地點":"學生餐廳一樓外",
    "行政區":"北投區"
    }
  },
  {
    "type": "Feature",
    "geometry": {
       "type": "Point",
       "coordinates":  [ 121.498594,25.135034 ]
    },
    "properties": {
    "場所名稱":"超力達工作室(臺北市健力訓練站)",
    "場所地址":"大同街137號",
    "場所分類":"學校、大型集會場所",
    "AED放置地點":"進門右側",
    "行政區":"北投區"
    }
  },
  {
    "type": "Feature",
    "geometry": {
       "type": "Point",
       "coordinates":  [ 121.511757,25.115729 ]
    },
    "properties": {
    "場所名稱":"臺北市北投區石牌國民小學",
    "場所地址":"致遠二路80號",
    "場所分類":"其他",
    "AED放置地點":"石牌國小警衛室",
    "行政區":"北投區"
    }
  },
  {
    "type": "Feature",
    "geometry": {
       "type": "Point",
       "coordinates":  [ 121.500216,25.134142 ]
    },
    "properties": {
    "場所名稱":"臺北市北投區北投國民小學",
    "場所地址":"中央北路1段73號",
    "場所分類":"學校、大型集會場所",
    "AED放置地點":"川堂",
    "行政區":"北投區"
    }
  },
  {
    "type": "Feature",
    "geometry": {
       "type": "Point",
       "coordinates":  [ 121.514794,25.120313 ]
    },
    "properties": {
    "場所名稱":"國立陽明交通大學-陽明校區",
    "場所地址":"立農街2段155號（陽明交通大學）",
    "場所分類":"學校、大型集會場所",
    "AED放置地點":"活動中心2樓",
    "行政區":"北投區"
    }
  },
  {
    "type": "Feature",
    "geometry": {
       "type": "Point",
       "coordinates":  [ 121.507488,25.12683 ]
    },
    "properties": {
    "場所名稱":"臺北市北投區清江國民小學",
    "場所地址":"公?路220號",
    "場所分類":"其他",
    "AED放置地點":"本校後穿堂",
    "行政區":"北投區"
    }
  },
  {
    "type": "Feature",
    "geometry": {
       "type": "Point",
       "coordinates":  [ 121.505788,25.137067 ]
    },
    "properties": {
    "場所名稱":"凱達格蘭文化館",
    "場所地址":"中山路3-1號",
    "場所分類":"大型休閒場所",
    "AED放置地點":"一樓大廳大門左側",
    "行政區":"北投區"
    }
  },
  {
    "type": "Feature",
    "geometry": {
       "type": "Point",
       "coordinates":  [ 121.461888,25.12242 ]
    },
    "properties": {
    "場所名稱":"台北市河濱自行車租借站關渡站",
    "場所地址":"知行路上，關渡宮北側，關渡碼頭旁。",
    "場所分類":"其他",
    "AED放置地點":"櫃台右側",
    "行政區":"北投區"
    }
  },
  {
    "type": "Feature",
    "geometry": {
       "type": "Point",
       "coordinates":  [ 121.4645596,25.12194737 ]
    },
    "properties": {
    "場所名稱":"馬偕學校財團法人馬偕醫護管理專科學校(關渡校區)",
    "場所地址":"聖景路92號",
    "場所分類":"學校、大型集會場所",
    "AED放置地點":"關渡校區綜合大樓2樓大廳(電梯口旁)",
    "行政區":"北投區"
    }
  },
  {
    "type": "Feature",
    "geometry": {
       "type": "Point",
       "coordinates":  [ 121.5443799,25.1790735 ]
    },
    "properties": {
    "場所名稱":"小觀音棧",
    "場所地址":"竹子湖路64之13號",
    "場所分類":"觀光旅遊地區",
    "AED放置地點":"入口進入後右轉牆上",
    "行政區":"北投區"
    }
  },
  {
    "type": "Feature",
    "geometry": {
       "type": "Point",
       "coordinates":  [ 121.505163,25.138372 ]
    },
    "properties": {
    "場所名稱":"臺北市北投區逸仙國民小學",
    "場所地址":"新民路2號",
    "場所分類":"其他",
    "AED放置地點":"川堂",
    "行政區":"北投區"
    }
  },
  {
    "type": "Feature",
    "geometry": {
       "type": "Point",
       "coordinates":  [ 121.521025,25.111304 ]
    },
    "properties": {
    "場所名稱":"奎山學校財團法人臺北市奎山實驗高級中等學校",
    "場所地址":"明德路200號",
    "場所分類":"學校、大型集會場所",
    "AED放置地點":"健康中心",
    "行政區":"北投區"
    }
  },
  {
    "type": "Feature",
    "geometry": {
       "type": "Point",
       "coordinates":  [ 121.502713,25.121445 ]
    },
    "properties": {
    "場所名稱":"財團法人台北市私立陽明養護中心",
    "場所地址":"公館路209巷18號",
    "場所分類":"其他",
    "AED放置地點":"辦公室前",
    "行政區":"北投區"
    }
  },
  {
    "type": "Feature",
    "geometry": {
       "type": "Point",
       "coordinates":  [ 121.510497,25.137778 ]
    },
    "properties": {
    "場所名稱":"彩色人生興業股份有限公司(三二行館)",
    "場所地址":"中山路32號",
    "場所分類":"大型公眾浴場或溫泉區",
    "AED放置地點":"二樓迎賓櫃檯旁",
    "行政區":"北投區"
    }
  },
  {
    "type": "Feature",
    "geometry": {
       "type": "Point",
       "coordinates":  [ 121.510497,25.137778 ]
    },
    "properties": {
    "場所名稱":"彩色人生興業股份有限公司(三二行館)",
    "場所地址":"中山路32號",
    "場所分類":"大型公眾浴場或溫泉區",
    "AED放置地點":"3F VIP室",
    "行政區":"北投區"
    }
  },
  {
    "type": "Feature",
    "geometry": {
       "type": "Point",
       "coordinates":  [ 121.503907,25.138874 ]
    },
    "properties": {
    "場所名稱":"臺北市私立薇閣高級中學",
    "場所地址":"珠海路50號",
    "場所分類":"學校、大型集會場所",
    "AED放置地點":"綜合大樓一樓健康中心前",
    "行政區":"北投區"
    }
  },
  {
    "type": "Feature",
    "geometry": {
       "type": "Point",
       "coordinates":  [ 121.540675,25.154443 ]
    },
    "properties": {
    "場所名稱":"臺北市北投區湖山里辦公處",
    "場所地址":"湖山路一段48之2號",
    "場所分類":"其他",
    "AED放置地點":"湖山路一段48-2號",
    "行政區":"北投區"
    }
  },
  {
    "type": "Feature",
    "geometry": {
       "type": "Point",
       "coordinates":  [ 121.468879,25.133617 ]
    },
    "properties": {
    "場所名稱":"城市學校財團法人臺北城市科技大學",
    "場所地址":"學園路2號",
    "場所分類":"學校、大型集會場所",
    "AED放置地點":"財經大樓大廳",
    "行政區":"北投區"
    }
  },
  {
    "type": "Feature",
    "geometry": {
       "type": "Point",
       "coordinates":  [ 121.505128,25.119147 ]
    },
    "properties": {
    "場所名稱":"臺北市北投區立農國民小學",
    "場所地址":"立農街一段250號",
    "場所分類":"其他",
    "AED放置地點":"立農國小",
    "行政區":"北投區"
    }
  },
  {
    "type": "Feature",
    "geometry": {
       "type": "Point",
       "coordinates":  [ 121.469682,25.132518 ]
    },
    "properties": {
    "場所名稱":"國立臺北藝術大學_游泳館大門外",
    "場所地址":"學園路1號游泳館大門外",
    "場所分類":"學校、大型集會場所",
    "AED放置地點":"北藝大游泳館大門外",
    "行政區":"北投區"
    }
  },
  {
    "type": "Feature",
    "geometry": {
       "type": "Point",
       "coordinates":  [ 121.518848,25.109721 ]
    },
    "properties": {
    "場所名稱":"臺北捷運明德站R18",
    "場所地址":"明德路95號",
    "場所分類":"交通要衝",
    "AED放置地點":"捷運淡水信義線明德站詢問處旁(付費區)",
    "行政區":"北投區"
    }
  },
  {
    "type": "Feature",
    "geometry": {
       "type": "Point",
       "coordinates":  [ 121.515559,25.114523 ]
    },
    "properties": {
    "場所名稱":"臺北捷運石牌站R19",
    "場所地址":"石牌路1段200號",
    "場所分類":"交通要衝",
    "AED放置地點":"捷運石牌站一出口一樓大廳",
    "行政區":"北投區"
    }
  },
  {
    "type": "Feature",
    "geometry": {
       "type": "Point",
       "coordinates":  [ 121.506252,25.120872 ]
    },
    "properties": {
    "場所名稱":"臺北捷運唭哩岸站R20",
    "場所地址":"東華街2段301號",
    "場所分類":"交通要衝",
    "AED放置地點":"捷運唭哩岸站1號出口一樓大廳",
    "行政區":"北投區"
    }
  },
  {
    "type": "Feature",
    "geometry": {
       "type": "Point",
       "coordinates":  [ 121.527753,25.137625 ]
    },
    "properties": {
    "場所名稱":"椰子林溫泉會館",
    "場所地址":"行義路269號",
    "場所分類":"大型公眾浴場或溫泉區",
    "AED放置地點":"6號間",
    "行政區":"北投區"
    }
  },
  {
    "type": "Feature",
    "geometry": {
       "type": "Point",
       "coordinates":  [ 121.528991,25.139728 ]
    },
    "properties": {
    "場所名稱":"櫻崗溫泉會館有限公司",
    "場所地址":"行義路300巷3之1號1、2樓",
    "場所分類":"大型公眾浴場或溫泉區",
    "AED放置地點":"櫻崗溫泉會館",
    "行政區":"北投區"
    }
  },
  {
    "type": "Feature",
    "geometry": {
       "type": "Point",
       "coordinates":  [ 121.52962,25.141605 ]
    },
    "properties": {
    "場所名稱":"山之林SPA溫泉美食餐廳",
    "場所地址":"行義路402巷15號",
    "場所分類":"大型公眾浴場或溫泉區",
    "AED放置地點":"櫃台",
    "行政區":"北投區"
    }
  },
  {
    "type": "Feature",
    "geometry": {
       "type": "Point",
       "coordinates":  [ 121.5024596,25.1265032 ]
    },
    "properties": {
    "場所名稱":"耐森健身工作室",
    "場所地址":"三合街二段435號1樓",
    "場所分類":"學校、大型集會場所",
    "AED放置地點":"大廳",
    "行政區":"北投區"
    }
  },
  {
    "type": "Feature",
    "geometry": {
       "type": "Point",
       "coordinates":  [ 121.507974,25.138039 ]
    },
    "properties": {
    "場所名稱":"臺北市立新民國民中學",
    "場所地址":"新民路10號",
    "場所分類":"其他",
    "AED放置地點":"健康中心門口",
    "行政區":"北投區"
    }
  },
  {
    "type": "Feature",
    "geometry": {
       "type": "Point",
       "coordinates":  [ 121.499229,25.141857 ]
    },
    "properties": {
    "場所名稱":"香港商世界健身事業有限公司北投中和分公司",
    "場所地址":"中和街366-1號",
    "場所分類":"學校、大型集會場所",
    "AED放置地點":"健身房1樓",
    "行政區":"北投區"
    }
  },
  {
    "type": "Feature",
    "geometry": {
       "type": "Point",
       "coordinates":  [ 121.471433,25.119378 ]
    },
    "properties": {
    "場所名稱":"關渡自然公園",
    "場所地址":"關渡路55號",
    "場所分類":"觀光旅遊地區",
    "AED放置地點":"票亭",
    "行政區":"北投區"
    }
  },
  {
    "type": "Feature",
    "geometry": {
       "type": "Point",
       "coordinates":  [ 121.51866,25.108023 ]
    },
    "properties": {
    "場所名稱":"臺北市立明德國民中學",
    "場所地址":"明德路50號",
    "場所分類":"其他",
    "AED放置地點":"四維樓1樓",
    "行政區":"北投區"
    }
  },
  {
    "type": "Feature",
    "geometry": {
       "type": "Point",
       "coordinates":  [ 121.496669,25.137094 ]
    },
    "properties": {
    "場所名稱":"臺北市北投區文化國民小學",
    "場所地址":"文化三路一號",
    "場所分類":"其他",
    "AED放置地點":"學校正門穿堂",
    "行政區":"北投區"
    }
  },
  {
    "type": "Feature",
    "geometry": {
       "type": "Point",
       "coordinates":  [ 121.469349,25.132457 ]
    },
    "properties": {
    "場所名稱":"國立臺北藝術大學_展演中心",
    "場所地址":"學園路1號展演中心",
    "場所分類":"學校、大型集會場所",
    "AED放置地點":"展演中心大門入口處",
    "行政區":"北投區"
    }
  },
  {
    "type": "Feature",
    "geometry": {
       "type": "Point",
       "coordinates":  [ 121.549653,25.151185 ]
    },
    "properties": {
    "場所名稱":"臺北市教師研習中心",
    "場所地址":"建國街2號",
    "場所分類":"其他",
    "AED放置地點":"研習大樓",
    "行政區":"北投區"
    }
  },
  {
    "type": "Feature",
    "geometry": {
       "type": "Point",
       "coordinates":  [ 121.499305,25.141693 ]
    },
    "properties": {
    "場所名稱":"家福股份有限公司北投分公司(家樂福北投店)",
    "場所地址":"中和街366號B1F",
    "場所分類":"大型購物場所",
    "AED放置地點":"B1F服務中心",
    "行政區":"北投區"
    }
  },
  {
    "type": "Feature",
    "geometry": {
       "type": "Point",
       "coordinates":  [ 121.522624,25.113142 ]
    },
    "properties": {
    "場所名稱":"臺北市立北投幼兒園",
    "場所地址":"明德路208巷5號1樓",
    "場所分類":"其他",
    "AED放置地點":"1樓活動室",
    "行政區":"北投區"
    }
  },
  {
    "type": "Feature",
    "geometry": {
       "type": "Point",
       "coordinates":  [ 121.527217,25.1412 ]
    },
    "properties": {
    "場所名稱":"陽明山臻愛樓",
    "場所地址":"泉源路220號",
    "場所分類":"學校、大型集會場所",
    "AED放置地點":"大廳電梯旁",
    "行政區":"北投區"
    }
  },
  {
    "type": "Feature",
    "geometry": {
       "type": "Point",
       "coordinates":  [ 121.5465617,25.15149182 ]
    },
    "properties": {
    "場所名稱":"七星公園-苗圃涼亭(亞洲形上觀音山揹水隊捐贈)",
    "場所地址":" ",
    "場所分類":"其他",
    "AED放置地點":"七星公園-苗圃涼亭(亞洲形上觀音山揹水隊捐贈)",
    "行政區":"北投區"
    }
  },
  {
    "type": "Feature",
    "geometry": {
       "type": "Point",
       "coordinates":  [ 121.501023,25.135958 ]
    },
    "properties": {
    "場所名稱":"臺北市私立薇閣國民小學",
    "場所地址":"育仁路106號",
    "場所分類":"學校、大型集會場所",
    "AED放置地點":"健康中心",
    "行政區":"北投區"
    }
  },
  {
    "type": "Feature",
    "geometry": {
       "type": "Point",
       "coordinates":  [ 121.511629,25.103888 ]
    },
    "properties": {
    "場所名稱":"誠隆汽車股份有限公司承德服務廠",
    "場所地址":"承德路6段339號",
    "場所分類":"其他",
    "AED放置地點":"承德服務廠客休室",
    "行政區":"北投區"
    }
  },
  {
    "type": "Feature",
    "geometry": {
       "type": "Point",
       "coordinates":  [ 121.497744,25.126846 ]
    },
    "properties": {
    "場所名稱":"誠隆汽車股份有限公司北投分公司",
    "場所地址":"大業路265號",
    "場所分類":"其他",
    "AED放置地點":"展示中心",
    "行政區":"北投區"
    }
  },
  {
    "type": "Feature",
    "geometry": {
       "type": "Point",
       "coordinates":  [ 121.514794,25.120313 ]
    },
    "properties": {
    "場所名稱":"國立陽明交通大學-陽明校區",
    "場所地址":"立農街2段155號（陽明交通大學）",
    "場所分類":"學校、大型集會場所",
    "AED放置地點":"博雅中心",
    "行政區":"北投區"
    }
  },
  {
    "type": "Feature",
    "geometry": {
       "type": "Point",
       "coordinates":  [ 121.5018,25.143591 ]
    },
    "properties": {
    "場所名稱":"臺北市立復興高級中學",
    "場所地址":"復興四路70號",
    "場所分類":"學校、大型集會場所",
    "AED放置地點":"校門入口右側勤學樓1樓",
    "行政區":"北投區"
    }
  },
  {
    "type": "Feature",
    "geometry": {
       "type": "Point",
       "coordinates":  [ 121.509762,25.116473 ]
    },
    "properties": {
    "場所名稱":"臺北市北投運動中心",
    "場所地址":"石牌路1段39巷100號",
    "場所分類":"學校、大型集會場所",
    "AED放置地點":"一樓中控室前方",
    "行政區":"北投區"
    }
  },
  {
    "type": "Feature",
    "geometry": {
       "type": "Point",
       "coordinates":  [ 121.503,25.132426 ]
    },
    "properties": {
    "場所名稱":"臺北市北投區公所",
    "場所地址":"新市街30號4樓",
    "場所分類":"其他",
    "AED放置地點":"北投區公所4樓服務台旁",
    "行政區":"北投區"
    }
  },
  {
    "type": "Feature",
    "geometry": {
       "type": "Point",
       "coordinates":  [ 121.517648,25.114535 ]
    },
    "properties": {
    "場所名稱":"財團法人伊甸社會福利基金會附設臺北市私立頤福社區式長期照顧服務機構",
    "場所地址":"裕民六路120號3樓",
    "場所分類":"其他",
    "AED放置地點":"臺北市北投區裕民六路120號3樓",
    "行政區":"北投區"
    }
  },
  {
    "type": "Feature",
    "geometry": {
       "type": "Point",
       "coordinates":  [ 121.4993,25.124433 ]
    },
    "properties": {
    "場所名稱":"家福股份有限公司",
    "場所地址":"大業路136號5樓",
    "場所分類":"其他",
    "AED放置地點":"5樓總機",
    "行政區":"北投區"
    }
  },
  {
    "type": "Feature",
    "geometry": {
       "type": "Point",
       "coordinates":  [ 121.503907,25.138874 ]
    },
    "properties": {
    "場所名稱":"臺北市私立薇閣高級中學",
    "場所地址":"珠海路50號",
    "場所分類":"學校、大型集會場所",
    "AED放置地點":"進德樓一樓",
    "行政區":"北投區"
    }
  },
  {
    "type": "Feature",
    "geometry": {
       "type": "Point",
       "coordinates":  [ 121.504,25.1382 ]
    },
    "properties": {
    "場所名稱":"山水樂會館",
    "場所地址":"中和街20巷6號",
    "場所分類":"旅宿場所",
    "AED放置地點":"山水樂1F櫃台",
    "行政區":"北投區"
    }
  },
  {
    "type": "Feature",
    "geometry": {
       "type": "Point",
       "coordinates":  [ 121.53015,25.139586 ]
    },
    "properties": {
    "場所名稱":"皇池溫泉御膳館",
    "場所地址":"行義路402巷42之1號",
    "場所分類":"大型公眾浴場或溫泉區",
    "AED放置地點":"1館櫃台旁",
    "行政區":"北投區"
    }
  },
  {
    "type": "Feature",
    "geometry": {
       "type": "Point",
       "coordinates":  [ 121.548548,25.150242 ]
    },
    "properties": {
    "場所名稱":"前山公園男公共浴室",
    "場所地址":"建國街7-1號",
    "場所分類":"大型公眾浴場或溫泉區",
    "AED放置地點":"管理室內",
    "行政區":"北投區"
    }
  },
  {
    "type": "Feature",
    "geometry": {
       "type": "Point",
       "coordinates":  [ 121.548604,25.149135 ]
    },
    "properties": {
    "場所名稱":"前山公園女公共浴室",
    "場所地址":"紗帽路108-1號",
    "場所分類":"大型公眾浴場或溫泉區",
    "AED放置地點":"管理室內",
    "行政區":"北投區"
    }
  },
  {
    "type": "Feature",
    "geometry": {
       "type": "Point",
       "coordinates":  [ 121.508934,25.121837 ]
    },
    "properties": {
    "場所名稱":"臺北市政府工務局新建工程處養護工程隊第五分隊",
    "場所地址":"致遠三路158號",
    "場所分類":"其他",
    "AED放置地點":"北投區致遠三路158號2樓",
    "行政區":"北投區"
    }
  },
  {
    "type": "Feature",
    "geometry": {
       "type": "Point",
       "coordinates":  [ 121.5465583,25.15150071 ]
    },
    "properties": {
    "場所名稱":"小油坑往七星山主峰0.6k處觀景平台(亞洲形上觀音山揹水隊捐贈)",
    "場所地址":" ",
    "場所分類":"其他",
    "AED放置地點":"小油坑往七星山主峰0.6k處觀景平台(亞洲形上觀音山揹水隊捐贈)",
    "行政區":"北投區"
    }
  },
  {
    "type": "Feature",
    "geometry": {
       "type": "Point",
       "coordinates":  [ 121.5024249,25.1205827 ]
    },
    "properties": {
    "場所名稱":"栖里健身事業股份有限公司",
    "場所地址":"公館路427號b1",
    "場所分類":"學校、大型集會場所",
    "AED放置地點":"本館b1教練櫃台",
    "行政區":"北投區"
    }
  },
  {
    "type": "Feature",
    "geometry": {
       "type": "Point",
       "coordinates":  [ 121.538771,25.168429 ]
    },
    "properties": {
    "場所名稱":"臺北市湖田實驗國民小學",
    "場所地址":"竹子湖路17-2號",
    "場所分類":"其他",
    "AED放置地點":"1樓走廊校長室門口",
    "行政區":"北投區"
    }
  },
  {
    "type": "Feature",
    "geometry": {
       "type": "Point",
       "coordinates":  [ 121.513674,25.106183 ]
    },
    "properties": {
    "場所名稱":"臺北市北投區文林國民小學",
    "場所地址":"文林北路155號",
    "場所分類":"其他",
    "AED放置地點":"警衛室內",
    "行政區":"北投區"
    }
  },
  {
    "type": "Feature",
    "geometry": {
       "type": "Point",
       "coordinates":  [ 121.466292,25.126631 ]
    },
    "properties": {
    "場所名稱":"臺北市北投區關渡國民小學",
    "場所地址":"中央北路4段581號",
    "場所分類":"學校、大型集會場所",
    "AED放置地點":"穿堂走廊",
    "行政區":"北投區"
    }
  },
  {
    "type": "Feature",
    "geometry": {
       "type": "Point",
       "coordinates":  [ 121.468879,25.133617 ]
    },
    "properties": {
    "場所名稱":"城市學校財團法人臺北城市科技大學",
    "場所地址":"學園路2號",
    "場所分類":"學校、大型集會場所",
    "AED放置地點":"愛園大樓2樓宿舍旁",
    "行政區":"北投區"
    }
  },
  {
    "type": "Feature",
    "geometry": {
       "type": "Point",
       "coordinates":  [ 121.483311,25.13455 ]
    },
    "properties": {
    "場所名稱":"臺北捷運北投會館",
    "場所地址":"大業路527巷88號",
    "場所分類":"學校、大型集會場所",
    "AED放置地點":"北投會館B1層",
    "行政區":"北投區"
    }
  },
  {
    "type": "Feature",
    "geometry": {
       "type": "Point",
       "coordinates":  [ 121.499364,25.109602 ]
    },
    "properties": {
    "場所名稱":"北投焚化廠回饋設施洲美運動公園(主題館)",
    "場所地址":"洲美街271號(洲美運動公園)",
    "場所分類":"學校、大型集會場所",
    "AED放置地點":"游泳館飲水機旁",
    "行政區":"北投區"
    }
  },
  {
    "type": "Feature",
    "geometry": {
       "type": "Point",
       "coordinates":  [ 121.502095,25.133249 ]
    },
    "properties": {
    "場所名稱":"Curves女性專用30分鐘環狀運動北投店",
    "場所地址":"磺港路8號4樓",
    "場所分類":"學校、大型集會場所",
    "AED放置地點":"置物櫃旁",
    "行政區":"北投區"
    }
  },
  {
    "type": "Feature",
    "geometry": {
       "type": "Point",
       "coordinates":  [ 121.52698,25.144847 ]
    },
    "properties": {
    "場所名稱":"臺北市私立惇?高級工商職業學校",
    "場所地址":"泉源路221號",
    "場所分類":"學校、大型集會場所",
    "AED放置地點":"學務處",
    "行政區":"北投區"
    }
  },
  {
    "type": "Feature",
    "geometry": {
       "type": "Point",
       "coordinates":  [ 121.5022063,25.1370121 ]
    },
    "properties": {
    "場所名稱":"列特博運動健身機構",
    "場所地址":"大業路700號 (列特博運動健身機構)",
    "場所分類":"學校、大型集會場所",
    "AED放置地點":"列特博運動健身機構休息區",
    "行政區":"北投區"
    }
  },
  {
    "type": "Feature",
    "geometry": {
       "type": "Point",
       "coordinates":  [ 121.5234467,25.11889814 ]
    },
    "properties": {
    "場所名稱":"瓦城泰國料理 天母店",
    "場所地址":"天母西路111號",
    "場所分類":"其他",
    "AED放置地點":"天母西路111號",
    "行政區":"北投區"
    }
  },
  {
    "type": "Feature",
    "geometry": {
       "type": "Point",
       "coordinates":  [ 121.501021,25.125543 ]
    },
    "properties": {
    "場所名稱":"臺北捷運奇岩站R21",
    "場所地址":"三合街2段489號",
    "場所分類":"交通要衝",
    "AED放置地點":"捷運奇岩站一樓大廳",
    "行政區":"北投區"
    }
  },
  {
    "type": "Feature",
    "geometry": {
       "type": "Point",
       "coordinates":  [ 121.498645,25.131956 ]
    },
    "properties": {
    "場所名稱":"臺北捷運北投站R22",
    "場所地址":"光明路1號",
    "場所分類":"交通要衝",
    "AED放置地點":"捷運北投站1號出口大廳付費區詢問處旁",
    "行政區":"北投區"
    }
  },
  {
    "type": "Feature",
    "geometry": {
       "type": "Point",
       "coordinates":  [ 121.4645596,25.12194737 ]
    },
    "properties": {
    "場所名稱":"馬偕學校財團法人馬偕醫護管理專科學校(關渡校區)",
    "場所地址":"聖景路92號",
    "場所分類":"學校、大型集會場所",
    "AED放置地點":"關渡校區慈輝樓1樓",
    "行政區":"北投區"
    }
  },
  {
    "type": "Feature",
    "geometry": {
       "type": "Point",
       "coordinates":  [ 121.50689,25.135921 ]
    },
    "properties": {
    "場所名稱":"日勝生加賀屋國際溫泉飯店",
    "場所地址":"光明路236號",
    "場所分類":"大型公眾浴場或溫泉區",
    "AED放置地點":"5樓櫃台後方逃生口旁走道",
    "行政區":"北投區"
    }
  },
  {
    "type": "Feature",
    "geometry": {
       "type": "Point",
       "coordinates":  [ 121.466847,25.130315 ]
    },
    "properties": {
    "場所名稱":"國立臺北藝術大學_警衛室",
    "場所地址":"學園路1號警衛室",
    "場所分類":"學校、大型集會場所",
    "AED放置地點":"警衛室",
    "行政區":"北投區"
    }
  },
  {
    "type": "Feature",
    "geometry": {
       "type": "Point",
       "coordinates":  [ 121.509851,25.141948 ]
    },
    "properties": {
    "場所名稱":"臺北市北投區義方國民小學",
    "場所地址":"珠海路155號",
    "場所分類":"其他",
    "AED放置地點":"健康中心",
    "行政區":"北投區"
    }
  },
  {
    "type": "Feature",
    "geometry": {
       "type": "Point",
       "coordinates":  [ 121.503983,25.154895 ]
    },
    "properties": {
    "場所名稱":"臺北市北投區大屯國民小學",
    "場所地址":"復興三路312號",
    "場所分類":"其他",
    "AED放置地點":"大屯國小警衛室對面的牆壁",
    "行政區":"北投區"
    }
  },
  {
    "type": "Feature",
    "geometry": {
       "type": "Point",
       "coordinates":  [ 121.514231,25.114965 ]
    },
    "properties": {
    "場所名稱":"臺北市立石牌國民中學",
    "場所地址":"石牌路一段139號",
    "場所分類":"學校、大型集會場所",
    "AED放置地點":"體育館1樓",
    "行政區":"北投區"
    }
  },
  {
    "type": "Feature",
    "geometry": {
       "type": "Point",
       "coordinates":  [ 121.51353,25.1205388 ]
    },
    "properties": {
    "場所名稱":"日本伊藤萬游泳學校-陽明營業所",
    "場所地址":"台北市北投區立農街二段155號",
    "場所分類":"其他",
    "AED放置地點":"本場所二樓大廳",
    "行政區":"北投區"
    }
  },
  {
    "type": "Feature",
    "geometry": {
       "type": "Point",
       "coordinates":  [ 121.4661942,25.1263557 ]
    },
    "properties": {
    "場所名稱":"舞動陽光有限公司關渡國小",
    "場所地址":"中央北路四段581號",
    "場所分類":"學校、大型集會場所",
    "AED放置地點":"運動中心一樓櫃台",
    "行政區":"北投區"
    }
  },
  {
    "type": "Feature",
    "geometry": {
       "type": "Point",
       "coordinates":  [ 121.461921,25.120927 ]
    },
    "properties": {
    "場所名稱":"大河之戀皇后號",
    "場所地址":"關渡碼頭",
    "場所分類":"長距離交通工具",
    "AED放置地點":"大河之戀皇后號",
    "行政區":"北投區"
    }
  },
  {
    "type": "Feature",
    "geometry": {
       "type": "Point",
       "coordinates":  [ 121.514833,25.137952 ]
    },
    "properties": {
    "場所名稱":"北投麗禧溫泉酒店",
    "場所地址":"幽雅路30號",
    "場所分類":"旅宿場所",
    "AED放置地點":"一樓大廳櫃台旁",
    "行政區":"北投區"
    }
  },
  {
    "type": "Feature",
    "geometry": {
       "type": "Point",
       "coordinates":  [ 121.4645596,25.12194737 ]
    },
    "properties": {
    "場所名稱":"馬偕學校財團法人馬偕醫護管理專科學校(關渡校區)",
    "場所地址":"聖景路92號",
    "場所分類":"學校、大型集會場所",
    "AED放置地點":"關渡校區警衛室",
    "行政區":"北投區"
    }
  },
  {
    "type": "Feature",
    "geometry": {
       "type": "Point",
       "coordinates":  [ 121.468879,25.133617 ]
    },
    "properties": {
    "場所名稱":"城市學校財團法人臺北城市科技大學",
    "場所地址":"學園路2號",
    "場所分類":"學校、大型集會場所",
    "AED放置地點":"圖資大樓3樓入口處",
    "行政區":"北投區"
    }
  },
  {
    "type": "Feature",
    "geometry": {
       "type": "Point",
       "coordinates":  [ 121.4645596,25.12194737 ]
    },
    "properties": {
    "場所名稱":"馬偕學校財團法人馬偕醫護管理專科學校(關渡校區)",
    "場所地址":"聖景路92號",
    "場所分類":"學校、大型集會場所",
    "AED放置地點":"關渡校區慈輝樓4樓",
    "行政區":"北投區"
    }
  },
  {
    "type": "Feature",
    "geometry": {
       "type": "Point",
       "coordinates":  [ 121.502361,25.141611 ]
    },
    "properties": {
    "場所名稱":"新北投71園區",
    "場所地址":"開明街71號",
    "場所分類":"其他",
    "AED放置地點":"臺北市北投區開明街71靠",
    "行政區":"北投區"
    }
  },
  {
    "type": "Feature",
    "geometry": {
       "type": "Point",
       "coordinates":  [ 121.504667,25.135224 ]
    },
    "properties": {
    "場所名稱":"漾館時尚溫泉飯店",
    "場所地址":"溫泉路63號",
    "場所分類":"大型公眾浴場或溫泉區",
    "AED放置地點":"大廳公廁前方",
    "行政區":"北投區"
    }
  },
  {
    "type": "Feature",
    "geometry": {
       "type": "Point",
       "coordinates":  [ 121.508675,25.137023 ]
    },
    "properties": {
    "場所名稱":"北投公園露天溫泉浴池",
    "場所地址":"中山路6號旁",
    "場所分類":"大型公眾浴場或溫泉區",
    "AED放置地點":"整容區",
    "行政區":"北投區"
    }
  },
  {
    "type": "Feature",
    "geometry": {
       "type": "Point",
       "coordinates":  [ 121.469682,25.132518 ]
    },
    "properties": {
    "場所名稱":"國立臺北藝術大學_衛生保健組",
    "場所地址":"學園路1號衛生保健組",
    "場所分類":"學校、大型集會場所",
    "AED放置地點":"衛生保健組",
    "行政區":"北投區"
    }
  },
  {
    "type": "Feature",
    "geometry": {
       "type": "Point",
       "coordinates":  [ 121.499694,25.121955 ]
    },
    "properties": {
    "場所名稱":"國都汽車陽明服務廠",
    "場所地址":"大業路6號",
    "場所分類":"其他",
    "AED放置地點":"服務廠客休室",
    "行政區":"北投區"
    }
  },
  {
    "type": "Feature",
    "geometry": {
       "type": "Point",
       "coordinates":  [ 121.540594,25.162652 ]
    },
    "properties": {
    "場所名稱":"內政部國家公園署陽明山國家公園管理處陽明書屋管理站",
    "場所地址":"台北市北投區中興路12號",
    "場所分類":"觀光旅遊地區",
    "AED放置地點":"服務站內",
    "行政區":"北投區"
    }
  },
  {
    "type": "Feature",
    "geometry": {
       "type": "Point",
       "coordinates":  [ 121.50689,25.135921 ]
    },
    "properties": {
    "場所名稱":"日勝生加賀屋國際溫泉飯店",
    "場所地址":"光明路236號",
    "場所分類":"大型公眾浴場或溫泉區",
    "AED放置地點":"4樓櫃檯後方",
    "行政區":"北投區"
    }
  },
  {
    "type": "Feature",
    "geometry": {
       "type": "Point",
       "coordinates":  [ 121.49335,25.145513 ]
    },
    "properties": {
    "場所名稱":"臺北市政府警察局北投分局大屯派出所",
    "場所地址":"中和街534號",
    "場所分類":"公眾服務單位設施",
    "AED放置地點":"值班台後方",
    "行政區":"北投區"
    }
  },
  {
    "type": "Feature",
    "geometry": {
       "type": "Point",
       "coordinates":  [ 121.540207,25.167467 ]
    },
    "properties": {
    "場所名稱":"臺北市政府警察局北投分局竹子湖派出所",
    "場所地址":"竹子湖路16號",
    "場所分類":"公眾服務單位設施",
    "AED放置地點":"派出所內值班台左側",
    "行政區":"北投區"
    }
  },
  {
    "type": "Feature",
    "geometry": {
       "type": "Point",
       "coordinates":  [ 121.498582,25.100116 ]
    },
    "properties": {
    "場所名稱":"臺北市政府環境保護局北投垃圾焚化廠",
    "場所地址":"洲美街271號",
    "場所分類":"其他",
    "AED放置地點":"值班宿舍1樓辦公室",
    "行政區":"北投區"
    }
  },
  {
    "type": "Feature",
    "geometry": {
       "type": "Point",
       "coordinates":  [ 121.483311,25.13455 ]
    },
    "properties": {
    "場所名稱":"臺北捷運北投會館",
    "場所地址":"大業路527巷88號",
    "場所分類":"學校、大型集會場所",
    "AED放置地點":"北投會館捷之旅",
    "行政區":"北投區"
    }
  },
  {
    "type": "Feature",
    "geometry": {
       "type": "Point",
       "coordinates":  [ 121.484481,25.139607 ]
    },
    "properties": {
    "場所名稱":"臺北市北投區桃源國民小學",
    "場所地址":"中央北路三段40巷45號",
    "場所分類":"其他",
    "AED放置地點":"教務處走廊",
    "行政區":"北投區"
    }
  },
  {
    "type": "Feature",
    "geometry": {
       "type": "Point",
       "coordinates":  [ 121.546662,25.155336 ]
    },
    "properties": {
    "場所名稱":"內政部國家公園署陽明山國家公園管理處遊客中心",
    "場所地址":"竹子湖路1-20號",
    "場所分類":"觀光旅遊地區",
    "AED放置地點":"遊客中心服務台旁",
    "行政區":"北投區"
    }
  },
  {
    "type": "Feature",
    "geometry": {
       "type": "Point",
       "coordinates":  [ 121.546896,25.176434 ]
    },
    "properties": {
    "場所名稱":"陽明山國家公園小油坑遊客服務站",
    "場所地址":"竹子湖路69號",
    "場所分類":"觀光旅遊地區",
    "AED放置地點":"小油坑遊客服務站內",
    "行政區":"北投區"
    }
  },
  {
    "type": "Feature",
    "geometry": {
       "type": "Point",
       "coordinates":  [ 121.504243,25.13737 ]
    },
    "properties": {
    "場所名稱":"臺北市政府警察局北投分局光明派出所",
    "場所地址":"泉源路14號",
    "場所分類":"公眾服務單位設施",
    "AED放置地點":"大門進入右側",
    "行政區":"北投區"
    }
  },
  {
    "type": "Feature",
    "geometry": {
       "type": "Point",
       "coordinates":  [ 121.508044,25.127651 ]
    },
    "properties": {
    "場所名稱":"臺北市政府警察局北投分局奇岩派出所",
    "場所地址":"公館路209巷11號",
    "場所分類":"公眾服務單位設施",
    "AED放置地點":"1樓值班台旁",
    "行政區":"北投區"
    }
  },
  {
    "type": "Feature",
    "geometry": {
       "type": "Point",
       "coordinates":  [ 121.501112,25.133906 ]
    },
    "properties": {
    "場所名稱":"北投青磺名湯(沉逸齋有限公司)",
    "場所地址":"中央北路1段12號1樓",
    "場所分類":"大型公眾浴場或溫泉區",
    "AED放置地點":"北投青磺名湯一樓大廳",
    "行政區":"北投區"
    }
  },
  {
    "type": "Feature",
    "geometry": {
       "type": "Point",
       "coordinates":  [ 121.509762,25.116473 ]
    },
    "properties": {
    "場所名稱":"臺北市北投運動中心",
    "場所地址":"石牌路1段39巷100號",
    "場所分類":"學校、大型集會場所",
    "AED放置地點":"5F大廳樓梯旁",
    "行政區":"北投區"
    }
  },
  {
    "type": "Feature",
    "geometry": {
       "type": "Point",
       "coordinates":  [ 121.516541,25.104472 ]
    },
    "properties": {
    "場所名稱":"臺北市立中正高級中學",
    "場所地址":"文林北路77號",
    "場所分類":"學校、大型集會場所",
    "AED放置地點":"校門口警衛室內",
    "行政區":"北投區"
    }
  },
  {
    "type": "Feature",
    "geometry": {
       "type": "Point",
       "coordinates":  [ 121.50748,25.134518 ]
    },
    "properties": {
    "場所名稱":"大地國際酒店股份有限公司",
    "場所地址":"奇岩路1號",
    "場所分類":"大型公眾浴場或溫泉區",
    "AED放置地點":"本飯店獨立湯屋",
    "行政區":"北投區"
    }
  },
  {
    "type": "Feature",
    "geometry": {
       "type": "Point",
       "coordinates":  [ 121.50748,25.134518 ]
    },
    "properties": {
    "場所名稱":"大地國際酒店股份有限公司",
    "場所地址":"奇岩路1號",
    "場所分類":"大型公眾浴場或溫泉區",
    "AED放置地點":"三樓游泳池區",
    "行政區":"北投區"
    }
  },
  {
    "type": "Feature",
    "geometry": {
       "type": "Point",
       "coordinates":  [ 121.467145,25.119885 ]
    },
    "properties": {
    "場所名稱":"臺北市立關渡國民中學",
    "場所地址":"知行路212號",
    "場所分類":"其他",
    "AED放置地點":"學務處走廊",
    "行政區":"北投區"
    }
  },
  {
    "type": "Feature",
    "geometry": {
       "type": "Point",
       "coordinates":  [ 121.508762,25.136932 ]
    },
    "properties": {
    "場所名稱":"梅庭",
    "場所地址":"中山路6號",
    "場所分類":"其他",
    "AED放置地點":"北投梅庭",
    "行政區":"北投區"
    }
  },
  {
    "type": "Feature",
    "geometry": {
       "type": "Point",
       "coordinates":  [ 121.50461,25.134939 ]
    },
    "properties": {
    "場所名稱":"臺北市立北投國民中學",
    "場所地址":"溫泉路62號",
    "場所分類":"其他",
    "AED放置地點":"活動中心一樓",
    "行政區":"北投區"
    }
  },
  {
    "type": "Feature",
    "geometry": {
       "type": "Point",
       "coordinates":  [ 121.507149,25.136692 ]
    },
    "properties": {
    "場所名稱":"北投溫泉博物館",
    "場所地址":"中山路2號",
    "場所分類":"大型休閒場所",
    "AED放置地點":"哺集乳室門口",
    "行政區":"北投區"
    }
  },
  {
    "type": "Feature",
    "geometry": {
       "type": "Point",
       "coordinates":  [ 121.509732,25.111542 ]
    },
    "properties": {
    "場所名稱":"南陽實業 現代汽車北投廠",
    "場所地址":"承德路七段95號",
    "場所分類":"大型購物場所",
    "AED放置地點":"休息區旁邊",
    "行政區":"北投區"
    }
  },
  {
    "type": "Feature",
    "geometry": {
       "type": "Point",
       "coordinates":  [ 121.506039,25.135904 ]
    },
    "properties": {
    "場所名稱":"嘉賓閣旅館股份有限公司",
    "場所地址":"光明路230號",
    "場所分類":"大型公眾浴場或溫泉區",
    "AED放置地點":"光明路230號3樓",
    "行政區":"北投區"
    }
  },
  {
    "type": "Feature",
    "geometry": {
       "type": "Point",
       "coordinates":  [ 121.504245,25.131119 ]
    },
    "properties": {
    "場所名稱":"大豐公園地下停車場",
    "場所地址":"大興街145號B1",
    "場所分類":"其他",
    "AED放置地點":"大興街145號B1",
    "行政區":"北投區"
    }
  },
  {
    "type": "Feature",
    "geometry": {
       "type": "Point",
       "coordinates":  [ 121.509722,25.141783 ]
    },
    "properties": {
    "場所名稱":"泉源公園泡腳池",
    "場所地址":"珠海路155號(義方國小)正對面",
    "場所分類":"大型公眾浴場或溫泉區",
    "AED放置地點":"置櫃物旁",
    "行政區":"北投區"
    }
  },
  {
    "type": "Feature",
    "geometry": {
       "type": "Point",
       "coordinates":  [ 121.4773,25.134647 ]
    },
    "properties": {
    "場所名稱":"臺北市立桃源國民中學",
    "場所地址":"中央北路4段48號",
    "場所分類":"其他",
    "AED放置地點":"學務處",
    "行政區":"北投區"
    }
  },
  {
    "type": "Feature",
    "geometry": {
       "type": "Point",
       "coordinates":  [ 121.516985,25.11654743 ]
    },
    "properties": {
    "場所名稱":"Curves女性30分鐘環狀運動石牌店",
    "場所地址":"裕民一路30號2樓",
    "場所分類":"學校、大型集會場所",
    "AED放置地點":"櫃台左前方",
    "行政區":"北投區"
    }
  },
  {
    "type": "Feature",
    "geometry": {
       "type": "Point",
       "coordinates":  [ 121.515561,25.114496 ]
    },
    "properties": {
    "場所名稱":"健身工廠石牌廠",
    "場所地址":"裕民六路2號B1",
    "場所分類":"其他",
    "AED放置地點":"啞鈴區牆上",
    "行政區":"北投區"
    }
  },
  {
    "type": "Feature",
    "geometry": {
       "type": "Point",
       "coordinates":  [ 121.516949,25.117934 ]
    },
    "properties": {
    "場所名稱":"臺北市政府警察局北投分局永明派出所",
    "場所地址":"石牌路2段101號",
    "場所分類":"公眾服務單位設施",
    "AED放置地點":"值勤臺旁",
    "行政區":"北投區"
    }
  },
  {
    "type": "Feature",
    "geometry": {
       "type": "Point",
       "coordinates":  [ 121.535783,25.150082 ]
    },
    "properties": {
    "場所名稱":"臺北市北投區湖山國民小學",
    "場所地址":"湖底路11號",
    "場所分類":"學校、大型集會場所",
    "AED放置地點":"保健室旁梯間",
    "行政區":"北投區"
    }
  },
  {
    "type": "Feature",
    "geometry": {
       "type": "Point",
       "coordinates":  [ 121.514231,25.114965 ]
    },
    "properties": {
    "場所名稱":"臺北市立石牌國民中學",
    "場所地址":"石牌路一段139號",
    "場所分類":"學校、大型集會場所",
    "AED放置地點":"操場內的司令台後方",
    "行政區":"北投區"
    }
  },
  {
    "type": "Feature",
    "geometry": {
       "type": "Point",
       "coordinates":  [ 121.507974,25.138039 ]
    },
    "properties": {
    "場所名稱":"臺北市立新民國民中學",
    "場所地址":"新民路10號",
    "場所分類":"其他",
    "AED放置地點":"新民國中活動中心",
    "行政區":"北投區"
    }
  },
  {
    "type": "Feature",
    "geometry": {
       "type": "Point",
       "coordinates":  [ 121.471399,25.122762 ]
    },
    "properties": {
    "場所名稱":"臺北市政府環境保護局直屬隊機動二分隊",
    "場所地址":"大度路150巷11號",
    "場所分類":"其他",
    "AED放置地點":"一樓大門入口處",
    "行政區":"北投區"
    }
  },
  {
    "type": "Feature",
    "geometry": {
       "type": "Point",
       "coordinates":  [ 121.505068,25.136189 ]
    },
    "properties": {
    "場所名稱":"水美溫泉浴室企業股份有限公司",
    "場所地址":"光明路224號",
    "場所分類":"大型公眾浴場或溫泉區",
    "AED放置地點":"大廳右方",
    "行政區":"北投區"
    }
  },
  {
    "type": "Feature",
    "geometry": {
       "type": "Point",
       "coordinates":  [ 121.502975,25.12312 ]
    },
    "properties": {
    "場所名稱":"臺北市政府環境保護局北投區清潔隊光明分隊",
    "場所地址":"磺港路275號",
    "場所分類":"其他",
    "AED放置地點":"辦公區",
    "行政區":"北投區"
    }
  },
  {
    "type": "Feature",
    "geometry": {
       "type": "Point",
       "coordinates":  [ 121.4934382,25.12364462 ]
    },
    "properties": {
    "場所名稱":"臺北市政府環境保護局士林區清潔隊停車場(大度)",
    "場所地址":"大度路1段150巷11號",
    "場所分類":"其他",
    "AED放置地點":"辦公室",
    "行政區":"北投區"
    }
  },
  {
    "type": "Feature",
    "geometry": {
       "type": "Point",
       "coordinates":  [ 121.467323,25.122937 ]
    },
    "properties": {
    "場所名稱":"臺北市政府環境保護局北投區清潔隊關渡分隊",
    "場所地址":"大渡路3段臨250號",
    "場所分類":"其他",
    "AED放置地點":"辦公室",
    "行政區":"北投區"
    }
  },
  {
    "type": "Feature",
    "geometry": {
       "type": "Point",
       "coordinates":  [ 121.5127477,25.14114335 ]
    },
    "properties": {
    "場所名稱":"臺北市政府環境保護局北投區清潔隊陽明分隊二班",
    "場所地址":"新民路73-7號",
    "場所分類":"其他",
    "AED放置地點":"辦公室",
    "行政區":"北投區"
    }
  },
  {
    "type": "Feature",
    "geometry": {
       "type": "Point",
       "coordinates":  [ 121.504675,25.1382859 ]
    },
    "properties": {
    "場所名稱":"北投晶泉丰旅",
    "場所地址":"泉源路19號",
    "場所分類":"旅宿場所",
    "AED放置地點":"5F湯屋接待櫃檯",
    "行政區":"北投區"
    }
  },
  {
    "type": "Feature",
    "geometry": {
       "type": "Point",
       "coordinates":  [ 121.504675,25.1382859 ]
    },
    "properties": {
    "場所名稱":"北投晶泉丰旅",
    "場所地址":"泉源路19號",
    "場所分類":"旅宿場所",
    "AED放置地點":"1F溫泉接待櫃檯",
    "行政區":"北投區"
    }
  },
  {
    "type": "Feature",
    "geometry": {
       "type": "Point",
       "coordinates":  [ 121.539439,25.168282 ]
    },
    "properties": {
    "場所名稱":"陽明山國家公園竹子湖蓬萊米原種田故事館",
    "場所地址":"竹子湖路15-1號",
    "場所分類":"觀光旅遊地區",
    "AED放置地點":"竹子湖路15-1號",
    "行政區":"北投區"
    }
  },
  {
    "type": "Feature",
    "geometry": {
       "type": "Point",
       "coordinates":  [ 121.54769,25.155667 ]
    },
    "properties": {
    "場所名稱":"內政部國家公園署陽明山國家公園管理處行政中心",
    "場所地址":"竹子湖路1-20號",
    "場所分類":"觀光旅遊地區",
    "AED放置地點":"大門進入後右側",
    "行政區":"北投區"
    }
  },
  {
    "type": "Feature",
    "geometry": {
       "type": "Point",
       "coordinates":  [ 121.518053,25.117796 ]
    },
    "properties": {
    "場所名稱":"國立臺北護理健康大學水療中心(展昭國際企業(股)公司)",
    "場所地址":"明德路365號(水療中心)",
    "場所分類":"學校、大型集會場所",
    "AED放置地點":"水療中心",
    "行政區":"北投區"
    }
  },
  {
    "type": "Feature",
    "geometry": {
       "type": "Point",
       "coordinates":  [ 121.515089,25.137099 ]
    },
    "properties": {
    "場所名稱":"欣亞國際酒店股份有限公司(北投亞太飯店)",
    "場所地址":"幽雅路31號",
    "場所分類":"大型公眾浴場或溫泉區",
    "AED放置地點":"大廳大門旁",
    "行政區":"北投區"
    }
  },
  {
    "type": "Feature",
    "geometry": {
       "type": "Point",
       "coordinates":  [ 121.540131,25.159213 ]
    },
    "properties": {
    "場所名稱":"陽明公園",
    "場所地址":"湖山路2段26號",
    "場所分類":"其他",
    "AED放置地點":"遊客服務中心",
    "行政區":"北投區"
    }
  },
  {
    "type": "Feature",
    "geometry": {
       "type": "Point",
       "coordinates":  [ 121.533669,25.148526 ]
    },
    "properties": {
    "場所名稱":"臺北市政府環境保護局北投區清潔隊陽明分隊一班",
    "場所地址":"紗帽路141巷23號",
    "場所分類":"其他",
    "AED放置地點":"辦公區休息區",
    "行政區":"北投區"
    }
  },
  {
    "type": "Feature",
    "geometry": {
       "type": "Point",
       "coordinates":  [ 121.471433,25.119378 ]
    },
    "properties": {
    "場所名稱":"關渡自然公園",
    "場所地址":"關渡路55號",
    "場所分類":"觀光旅遊地區",
    "AED放置地點":"自然中心一樓",
    "行政區":"北投區"
    }
  },
  {
    "type": "Feature",
    "geometry": {
       "type": "Point",
       "coordinates":  [ 121.468879,25.133617 ]
    },
    "properties": {
    "場所名稱":"城市學校財團法人臺北城市科技大學",
    "場所地址":"學園路2號",
    "場所分類":"學校、大型集會場所",
    "AED放置地點":"行政大樓一樓學務處旁",
    "行政區":"北投區"
    }
  },
  {
    "type": "Feature",
    "geometry": {
       "type": "Point",
       "coordinates":  [ 121.4934427,25.14857336 ]
    },
    "properties": {
    "場所名稱":"貴子坑露營場",
    "場所地址":"秀山路161號",
    "場所分類":"其他",
    "AED放置地點":"露營區入口處",
    "行政區":"北投區"
    }
  },
  {
    "type": "Feature",
    "geometry": {
       "type": "Point",
       "coordinates":  [ 121.504508,25.117058 ]
    },
    "properties": {
    "場所名稱":"台北市中華基督教青年會唭哩岸會館",
    "場所地址":"承德路七段312號",
    "場所分類":"學校、大型集會場所",
    "AED放置地點":"1樓櫃台旁",
    "行政區":"北投區"
    }
  },
  {
    "type": "Feature",
    "geometry": {
       "type": "Point",
       "coordinates":  [ 121.503,25.132426 ]
    },
    "properties": {
    "場所名稱":"臺北市北投區公所",
    "場所地址":"新市街30號4樓",
    "場所分類":"其他",
    "AED放置地點":"北投區行政中心1樓",
    "行政區":"北投區"
    }
  },
  {
    "type": "Feature",
    "geometry": {
       "type": "Point",
       "coordinates":  [ 121.514231,25.114965 ]
    },
    "properties": {
    "場所名稱":"臺北市立石牌國民中學",
    "場所地址":"石牌路一段139號",
    "場所分類":"學校、大型集會場所",
    "AED放置地點":"總務前穿堂(701教室旁)",
    "行政區":"北投區"
    }
  },
  {
    "type": "Feature",
    "geometry": {
       "type": "Point",
       "coordinates":  [ 121.503,25.132426 ]
    },
    "properties": {
    "場所名稱":"臺北市北投區戶政事務所",
    "場所地址":"新市街30號3樓",
    "場所分類":"其他",
    "AED放置地點":"服務櫃檯旁",
    "行政區":"北投區"
    }
  },
  {
    "type": "Feature",
    "geometry": {
       "type": "Point",
       "coordinates":  [ 121.4773,25.134647 ]
    },
    "properties": {
    "場所名稱":"臺北市立桃源國民中學",
    "場所地址":"中央北路4段48號",
    "場所分類":"其他",
    "AED放置地點":"本校育才樓一樓，健康中心內",
    "行政區":"北投區"
    }
  },
  {
    "type": "Feature",
    "geometry": {
       "type": "Point",
       "coordinates":  [ 121.521788,25.112123 ]
    },
    "properties": {
    "場所名稱":"臺北市北投區明德國民小學",
    "場所地址":"明德路190號",
    "場所分類":"其他",
    "AED放置地點":"仁愛一樓--健康中心--前走廊",
    "行政區":"北投區"
    }
  },
  {
    "type": "Feature",
    "geometry": {
       "type": "Point",
       "coordinates":  [ 121.516541,25.104472 ]
    },
    "properties": {
    "場所名稱":"臺北市立中正高級中學",
    "場所地址":"文林北路77號",
    "場所分類":"學校、大型集會場所",
    "AED放置地點":"中正高中迎曦樓",
    "行政區":"北投區"
    }
  },
  {
    "type": "Feature",
    "geometry": {
       "type": "Point",
       "coordinates":  [ 121.513555,25.137585 ]
    },
    "properties": {
    "場所名稱":"春天酒店股份有限公司",
    "場所地址":"幽雅路18號",
    "場所分類":"旅宿場所",
    "AED放置地點":"1樓大廳櫃台",
    "行政區":"北投區"
    }
  },
  {
    "type": "Feature",
    "geometry": {
       "type": "Point",
       "coordinates":  [ 121.507484,25.138994 ]
    },
    "properties": {
    "場所名稱":"財團法人台北市文化基金會北投中心新村",
    "場所地址":"新民路22巷9號",
    "場所分類":"其他",
    "AED放置地點":"展區入口服務台前",
    "行政區":"北投區"
    }
  },
  {
    "type": "Feature",
    "geometry": {
       "type": "Point",
       "coordinates":  [ 121.5150171,25.1157933 ]
    },
    "properties": {
    "場所名稱":"hamerfitness石牌店",
    "場所地址":"東華街二段6號2樓",
    "場所分類":"學校、大型集會場所",
    "AED放置地點":"場館進門左手邊",
    "行政區":"北投區"
    }
  },
  {
    "type": "Feature",
    "geometry": {
       "type": "Point",
       "coordinates":  [ 121.4985667,25.11328784 ]
    },
    "properties": {
    "場所名稱":"臺北市政府環境保護局北投區清潔隊石牌分隊",
    "場所地址":"承德路7段393巷200號",
    "場所分類":"其他",
    "AED放置地點":"辦公室",
    "行政區":"北投區"
    }
  },
  {
    "type": "Feature",
    "geometry": {
       "type": "Point",
       "coordinates":  [ 121.471599,25.136049 ]
    },
    "properties": {
    "場所名稱":"國立臺北藝術大學(女生第一宿舍)",
    "場所地址":"學園路1號 女生第一宿舍",
    "場所分類":"學校、大型集會場所",
    "AED放置地點":"女生第一宿舍",
    "行政區":"北投區"
    }
  },
  {
    "type": "Feature",
    "geometry": {
       "type": "Point",
       "coordinates":  [ 121.521943,25.143561 ]
    },
    "properties": {
    "場所名稱":"硫磺谷泡腳池",
    "場所地址":"泉源路77號斜對面，陽明山國家公園硫磺谷遊憩區內",
    "場所分類":"大型公眾浴場或溫泉區",
    "AED放置地點":"管理室旁置物櫃上",
    "行政區":"北投區"
    }
  },
  {
    "type": "Feature",
    "geometry": {
       "type": "Point",
       "coordinates":  [ 121.502198,25.138819 ]
    },
    "properties": {
    "場所名稱":"復興公園泡腳池",
    "場所地址":"中和街61號對面",
    "場所分類":"大型公眾浴場或溫泉區",
    "AED放置地點":"管理室前置物櫃上",
    "行政區":"北投區"
    }
  },
  {
    "type": "Feature",
    "geometry": {
       "type": "Point",
       "coordinates":  [ 121.5018,25.143591 ]
    },
    "properties": {
    "場所名稱":"臺北市立復興高級中學",
    "場所地址":"復興四路70號",
    "場所分類":"學校、大型集會場所",
    "AED放置地點":"藝術大樓一樓",
    "行政區":"北投區"
    }
  },
  {
    "type": "Feature",
    "geometry": {
       "type": "Point",
       "coordinates":  [ 121.517118,25.118031 ]
    },
    "properties": {
    "場所名稱":"臺北市北投區健康服務中心",
    "場所地址":"石牌路二段111號",
    "場所分類":"其他",
    "AED放置地點":"1樓服務台",
    "行政區":"北投區"
    }
  },
  {
    "type": "Feature",
    "geometry": {
       "type": "Point",
       "coordinates":  [ 121.516541,25.104472 ]
    },
    "properties": {
    "場所名稱":"臺北市立中正高級中學",
    "場所地址":"文林北路77號",
    "場所分類":"學校、大型集會場所",
    "AED放置地點":"健康中心",
    "行政區":"北投區"
    }
  },
  {
    "type": "Feature",
    "geometry": {
       "type": "Point",
       "coordinates":  [ 121.49926,25.107949 ]
    },
    "properties": {
    "場所名稱":"臺北市政府環境保護局北投區清潔隊停車場",
    "場所地址":"洲美街271號(北投焚化廠內)",
    "場所分類":"其他",
    "AED放置地點":"辦公室",
    "行政區":"北投區"
    }
  },
  {
    "type": "Feature",
    "geometry": {
       "type": "Point",
       "coordinates":  [ 121.500866,25.138462 ]
    },
    "properties": {
    "場所名稱":"飛健身合作社",
    "場所地址":"永興路一段32巷3弄14號",
    "場所分類":"學校、大型集會場所",
    "AED放置地點":"飛健身合作社",
    "行政區":"北投區"
    }
  },
  {
    "type": "Feature",
    "geometry": {
       "type": "Point",
       "coordinates":  [ 121.512507,25.109935 ]
    },
    "properties": {
    "場所名稱":"臺北市政府警察局北投分局石牌派出所",
    "場所地址":"文林北路296號",
    "場所分類":"公眾服務單位設施",
    "AED放置地點":"1樓偵詢室旁",
    "行政區":"北投區"
    }
  },
  {
    "type": "Feature",
    "geometry": {
       "type": "Point",
       "coordinates":  [ 121.548615,25.148752 ]
    },
    "properties": {
    "場所名稱":"臺北市政府警察局北投分局公園派出所",
    "場所地址":"紗帽路110號",
    "場所分類":"公眾服務單位設施",
    "AED放置地點":"門口旁",
    "行政區":"北投區"
    }
  },
  {
    "type": "Feature",
    "geometry": {
       "type": "Point",
       "coordinates":  [ 121.501298,25.133282 ]
    },
    "properties": {
    "場所名稱":"臺北市政府警察局北投分局長安派出所",
    "場所地址":"中央北路1段1號1樓",
    "場所分類":"公眾服務單位設施",
    "AED放置地點":"入口進門左手邊",
    "行政區":"北投區"
    }
  },
  {
    "type": "Feature",
    "geometry": {
       "type": "Point",
       "coordinates":  [ 121.465947,25.122997 ]
    },
    "properties": {
    "場所名稱":"臺北市政府警察局北投分局關渡派出所",
    "場所地址":"關渡里大度路3段305號",
    "場所分類":"公眾服務單位設施",
    "AED放置地點":"值班台右側",
    "行政區":"北投區"
    }
  },
  {
    "type": "Feature",
    "geometry": {
       "type": "Point",
       "coordinates":  [ 121.5018,25.143591 ]
    },
    "properties": {
    "場所名稱":"臺北市立復興高級中學",
    "場所地址":"復興四路70號",
    "場所分類":"學校、大型集會場所",
    "AED放置地點":"篤行1樓男側外",
    "行政區":"北投區"
    }
  },
  {
    "type": "Feature",
    "geometry": {
       "type": "Point",
       "coordinates":  [ 121.5018,25.143591 ]
    },
    "properties": {
    "場所名稱":"臺北市立復興高級中學",
    "場所地址":"復興四路70號",
    "場所分類":"學校、大型集會場所",
    "AED放置地點":"復興大川堂",
    "行政區":"北投區"
    }
  },
  {
    "type": "Feature",
    "geometry": {
       "type": "Point",
       "coordinates":  [ 121.508762,25.136932 ]
    },
    "properties": {
    "場所名稱":"梅庭",
    "場所地址":"中山路6號",
    "場所分類":"其他",
    "AED放置地點":"梅庭",
    "行政區":"北投區"
    }
  },
  {
    "type": "Feature",
    "geometry": {
       "type": "Point",
       "coordinates":  [ 121.526371,25.143153 ]
    },
    "properties": {
    "場所名稱":"陽明山國家公園龍鳳谷遊客服務站",
    "場所地址":"泉源路200號",
    "場所分類":"觀光旅遊地區",
    "AED放置地點":"服務站入口處右方",
    "行政區":"北投區"
    }
  },
  {
    "type": "Feature",
    "geometry": {
       "type": "Point",
       "coordinates":  [ 121.471839,25.126936 ]
    },
    "properties": {
    "場所名稱":"好市多股份有限公司北投分公司",
    "場所地址":"立德路117號",
    "場所分類":"大型購物場所",
    "AED放置地點":"賣場B1",
    "行政區":"北投區"
    }
  },
  {
    "type": "Feature",
    "geometry": {
       "type": "Point",
       "coordinates":  [ 121.5159794,25.1180834 ]
    },
    "properties": {
    "場所名稱":"維京健身工作室",
    "場所地址":"義理街81號",
    "場所分類":"學校、大型集會場所",
    "AED放置地點":"大廳",
    "行政區":"北投區"
    }
  },
  {
    "type": "Feature",
    "geometry": {
       "type": "Point",
       "coordinates":  [ 121.514794,25.120313 ]
    },
    "properties": {
    "場所名稱":"國立陽明交通大學-陽明校區",
    "場所地址":"立農街2段155號（陽明交通大學）",
    "場所分類":"學校、大型集會場所",
    "AED放置地點":"陽明校區-軍艦岩親山步道入口",
    "行政區":"北投區"
    }
  },
  {
    "type": "Feature",
    "geometry": {
       "type": "Point",
       "coordinates":  [ 121.514794,25.120313 ]
    },
    "properties": {
    "場所名稱":"國立陽明交通大學-陽明校區",
    "場所地址":"立農街2段155號（陽明交通大學）",
    "場所分類":"學校、大型集會場所",
    "AED放置地點":"陽明校區守仁樓一樓駐警隊值班室",
    "行政區":"北投區"
    }
  },
  {
    "type": "Feature",
    "geometry": {
       "type": "Point",
       "coordinates":  [ 121.514794,25.120313 ]
    },
    "properties": {
    "場所名稱":"國立陽明交通大學-陽明校區",
    "場所地址":"立農街2段155號（陽明交通大學）",
    "場所分類":"學校、大型集會場所",
    "AED放置地點":"男一舍一樓門口",
    "行政區":"北投區"
    }
  },
  {
    "type": "Feature",
    "geometry": {
       "type": "Point",
       "coordinates":  [ 121.514794,25.120313 ]
    },
    "properties": {
    "場所名稱":"國立陽明交通大學-陽明校區",
    "場所地址":"立農街2段155號（陽明交通大學）",
    "場所分類":"學校、大型集會場所",
    "AED放置地點":"男五舍一樓門口外",
    "行政區":"北投區"
    }
  },
  {
    "type": "Feature",
    "geometry": {
       "type": "Point",
       "coordinates":  [ 121.514794,25.120313 ]
    },
    "properties": {
    "場所名稱":"國立陽明交通大學-陽明校區",
    "場所地址":"立農街2段155號（陽明交通大學）",
    "場所分類":"學校、大型集會場所",
    "AED放置地點":"陽明校區山頂操場",
    "行政區":"北投區"
    }
  },
  {
    "type": "Feature",
    "geometry": {
       "type": "Point",
       "coordinates":  [ 121.514794,25.120313 ]
    },
    "properties": {
    "場所名稱":"國立陽明交通大學-陽明校區",
    "場所地址":"立農街2段155號（陽明交通大學）",
    "場所分類":"學校、大型集會場所",
    "AED放置地點":"生物醫學大樓一樓外面風雨走廊",
    "行政區":"北投區"
    }
  },
  {
    "type": "Feature",
    "geometry": {
       "type": "Point",
       "coordinates":  [ 121.514794,25.120313 ]
    },
    "properties": {
    "場所名稱":"國立陽明交通大學-陽明校區",
    "場所地址":"立農街2段155號（陽明交通大學）",
    "場所分類":"學校、大型集會場所",
    "AED放置地點":"醫學二館一樓門口外",
    "行政區":"北投區"
    }
  },
  {
    "type": "Feature",
    "geometry": {
       "type": "Point",
       "coordinates":  [ 121.514794,25.120313 ]
    },
    "properties": {
    "場所名稱":"國立陽明交通大學-陽明校區",
    "場所地址":"立農街2段155號（陽明交通大學）",
    "場所分類":"學校、大型集會場所",
    "AED放置地點":"知行樓前棟，人社院一樓音前廳",
    "行政區":"北投區"
    }
  },
  {
    "type": "Feature",
    "geometry": {
       "type": "Point",
       "coordinates":  [ 121.514794,25.120313 ]
    },
    "properties": {
    "場所名稱":"國立陽明交通大學-陽明校區",
    "場所地址":"立農街2段155號（陽明交通大學）",
    "場所分類":"學校、大型集會場所",
    "AED放置地點":"實驗大樓一樓東側走廊",
    "行政區":"北投區"
    }
  },
  {
    "type": "Feature",
    "geometry": {
       "type": "Point",
       "coordinates":  [ 121.520679,25.117539 ]
    },
    "properties": {
    "場所名稱":"國立臺北護理健康大學",
    "場所地址":"明德路365號",
    "場所分類":"學校、大型集會場所",
    "AED放置地點":"科技大樓一樓健康中心對面",
    "行政區":"北投區"
    }
  },
  {
    "type": "Feature",
    "geometry": {
       "type": "Point",
       "coordinates":  [ 121.5192037,25.1186138 ]
    },
    "properties": {
    "場所名稱":"力康運動醫學機構天母館",
    "場所地址":"明德路365號學思樓3樓",
    "場所分類":"其他",
    "AED放置地點":"運動教室",
    "行政區":"北投區"
    }
  },
  {
    "type": "Feature",
    "geometry": {
       "type": "Point",
       "coordinates":  [ 121.50689,25.135921 ]
    },
    "properties": {
    "場所名稱":"日勝生加賀屋國際溫泉飯店",
    "場所地址":"光明路236號",
    "場所分類":"大型公眾浴場或溫泉區",
    "AED放置地點":"2樓手扶梯上來右側",
    "行政區":"北投區"
    }
  },
  {
    "type": "Feature",
    "geometry": {
       "type": "Point",
       "coordinates":  [ 121.5034783,25.13661816 ]
    },
    "properties": {
    "場所名稱":"新北投車站",
    "場所地址":"七星街1號1樓",
    "場所分類":"觀光旅遊地區",
    "AED放置地點":"車站展覽大廳",
    "行政區":"北投區"
    }
  },
  {
    "type": "Feature",
    "geometry": {
       "type": "Point",
       "coordinates":  [ 121.537344,25.118013 ]
    },
    "properties": {
    "場所名稱":"臺北市士林區三玉國民小學",
    "場所地址":"天母東路116號",
    "場所分類":"其他",
    "AED放置地點":"健康中心",
    "行政區":"士林區"
    }
  },
  {
    "type": "Feature",
    "geometry": {
       "type": "Point",
       "coordinates":  [ 121.5241572,25.0846148 ]
    },
    "properties": {
    "場所名稱":"臺北表演藝術中心",
    "場所地址":"劍潭路1號",
    "場所分類":"大型休閒場所",
    "AED放置地點":"2樓大廳",
    "行政區":"士林區"
    }
  },
  {
    "type": "Feature",
    "geometry": {
       "type": "Point",
       "coordinates":  [ 121.5241572,25.0846148 ]
    },
    "properties": {
    "場所名稱":"臺北表演藝術中心",
    "場所地址":"劍潭路1號",
    "場所分類":"大型休閒場所",
    "AED放置地點":"本館4樓藍盒子劇場",
    "行政區":"士林區"
    }
  },
  {
    "type": "Feature",
    "geometry": {
       "type": "Point",
       "coordinates":  [ 121.5241572,25.0846148 ]
    },
    "properties": {
    "場所名稱":"臺北表演藝術中心",
    "場所地址":"劍潭路1號",
    "場所分類":"大型休閒場所",
    "AED放置地點":"7樓後場",
    "行政區":"士林區"
    }
  },
  {
    "type": "Feature",
    "geometry": {
       "type": "Point",
       "coordinates":  [ 121.5241572,25.0846148 ]
    },
    "properties": {
    "場所名稱":"臺北表演藝術中心",
    "場所地址":"劍潭路1號",
    "場所分類":"大型休閒場所",
    "AED放置地點":"1F大廳 服務台旁",
    "行政區":"士林區"
    }
  },
  {
    "type": "Feature",
    "geometry": {
       "type": "Point",
       "coordinates":  [ 121.5241572,25.0846148 ]
    },
    "properties": {
    "場所名稱":"臺北表演藝術中心",
    "場所地址":"劍潭路1號",
    "場所分類":"大型休閒場所",
    "AED放置地點":"5F 大劇院門口",
    "行政區":"士林區"
    }
  },
  {
    "type": "Feature",
    "geometry": {
       "type": "Point",
       "coordinates":  [ 121.538749,25.136543 ]
    },
    "properties": {
    "場所名稱":"中國文化大學 大恩館",
    "場所地址":"華岡路55號",
    "場所分類":"學校、大型集會場所",
    "AED放置地點":"大孝館(體育館)",
    "行政區":"士林區"
    }
  },
  {
    "type": "Feature",
    "geometry": {
       "type": "Point",
       "coordinates":  [ 121.548432,25.10235 ]
    },
    "properties": {
    "場所名稱":"國立故宮博物院",
    "場所地址":"至善路2段221號",
    "場所分類":"大型休閒場所",
    "AED放置地點":"地下一樓醫務室醫務室",
    "行政區":"士林區"
    }
  },
  {
    "type": "Feature",
    "geometry": {
       "type": "Point",
       "coordinates":  [ 121.548432,25.10235 ]
    },
    "properties": {
    "場所名稱":"國立故宮博物院",
    "場所地址":"至善路2段221號",
    "場所分類":"大型休閒場所",
    "AED放置地點":"國立故宮博物院研究大樓1樓大廳",
    "行政區":"士林區"
    }
  },
  {
    "type": "Feature",
    "geometry": {
       "type": "Point",
       "coordinates":  [ 121.526814,25.112934 ]
    },
    "properties": {
    "場所名稱":"臺北市士林區士東國民小學",
    "場所地址":"中山北路六段392號",
    "場所分類":"其他",
    "AED放置地點":"士東國小健康中心",
    "行政區":"士林區"
    }
  },
  {
    "type": "Feature",
    "geometry": {
       "type": "Point",
       "coordinates":  [ 121.543237,25.101951 ]
    },
    "properties": {
    "場所名稱":"臺北市至善老人安養護中心",
    "場所地址":"仰德大道二段二巷50號",
    "場所分類":"其他",
    "AED放置地點":"中心大廳",
    "行政區":"士林區"
    }
  },
  {
    "type": "Feature",
    "geometry": {
       "type": "Point",
       "coordinates":  [ 121.55231,25.101757 ]
    },
    "properties": {
    "場所名稱":"臺北市私立衛理女子高級中學",
    "場所地址":"至善路2段321號",
    "場所分類":"學校、大型集會場所",
    "AED放置地點":"桌球教室外面",
    "行政區":"士林區"
    }
  },
  {
    "type": "Feature",
    "geometry": {
       "type": "Point",
       "coordinates":  [ 121.55231,25.101757 ]
    },
    "properties": {
    "場所名稱":"臺北市私立衛理女子高級中學",
    "場所地址":"至善路2段321號",
    "場所分類":"學校、大型集會場所",
    "AED放置地點":"家長會辦公室外",
    "行政區":"士林區"
    }
  },
  {
    "type": "Feature",
    "geometry": {
       "type": "Point",
       "coordinates":  [ 121.516602,25.095757 ]
    },
    "properties": {
    "場所名稱":"國立臺灣科學教育館",
    "場所地址":"士商路189號",
    "場所分類":"大型休閒場所",
    "AED放置地點":"本館1樓服務台旁",
    "行政區":"士林區"
    }
  },
  {
    "type": "Feature",
    "geometry": {
       "type": "Point",
       "coordinates":  [ 121.5204553,25.0891784 ]
    },
    "properties": {
    "場所名稱":"見潭璞旅",
    "場所地址":"承德路四段250號",
    "場所分類":"旅宿場所",
    "AED放置地點":"旅館大廳",
    "行政區":"士林區"
    }
  },
  {
    "type": "Feature",
    "geometry": {
       "type": "Point",
       "coordinates":  [ 121.510873,25.082193 ]
    },
    "properties": {
    "場所名稱":"臺北市立圖書館葫蘆堵分館",
    "場所地址":"延平北路五段136巷1號5樓",
    "場所分類":"大型休閒場所",
    "AED放置地點":"5樓服務台後方",
    "行政區":"士林區"
    }
  },
  {
    "type": "Feature",
    "geometry": {
       "type": "Point",
       "coordinates":  [ 121.5281604,25.09243604 ]
    },
    "properties": {
    "場所名稱":"悅庭牙醫診所",
    "場所地址":"中山北路五段472號6樓",
    "場所分類":"其他",
    "AED放置地點":"櫃台右側後方牆上",
    "行政區":"士林區"
    }
  },
  {
    "type": "Feature",
    "geometry": {
       "type": "Point",
       "coordinates":  [ 121.471255,25.108098 ]
    },
    "properties": {
    "場所名稱":"台北海洋科技大學",
    "場所地址":"延平北路9段212號",
    "場所分類":"學校、大型集會場所",
    "AED放置地點":"台北海洋技術學院士林校區樂群樓101教室旁",
    "行政區":"士林區"
    }
  },
  {
    "type": "Feature",
    "geometry": {
       "type": "Point",
       "coordinates":  [ 121.523022,25.089169 ]
    },
    "properties": {
    "場所名稱":"台南海鮮會館",
    "場所地址":"基河路130號B1",
    "場所分類":"其他",
    "AED放置地點":"會館大廳櫃檯",
    "行政區":"士林區"
    }
  },
  {
    "type": "Feature",
    "geometry": {
       "type": "Point",
       "coordinates":  [ 121.538749,25.136543 ]
    },
    "properties": {
    "場所名稱":"中國文化大學 大恩館",
    "場所地址":"華岡路55號",
    "場所分類":"學校、大型集會場所",
    "AED放置地點":"大恩館",
    "行政區":"士林區"
    }
  },
  {
    "type": "Feature",
    "geometry": {
       "type": "Point",
       "coordinates":  [ 121.5290463,25.0931135 ]
    },
    "properties": {
    "場所名稱":"台北士林萬麗酒店",
    "場所地址":"中山北路5段470巷8號",
    "場所分類":"旅宿場所",
    "AED放置地點":"台北市士林區中山北路5段470巷8號",
    "行政區":"士林區"
    }
  },
  {
    "type": "Feature",
    "geometry": {
       "type": "Point",
       "coordinates":  [ 121.529446,25.098216 ]
    },
    "properties": {
    "場所名稱":"臺北巿士林區福林國民小學",
    "場所地址":"福志路75號",
    "場所分類":"其他",
    "AED放置地點":"健康中心",
    "行政區":"士林區"
    }
  },
  {
    "type": "Feature",
    "geometry": {
       "type": "Point",
       "coordinates":  [ 121.576607,25.129443 ]
    },
    "properties": {
    "場所名稱":"臺北市士林區平等國民小學",
    "場所地址":"平菁街101號",
    "場所分類":"其他",
    "AED放置地點":"一樓穿堂警衛室門前",
    "行政區":"士林區"
    }
  },
  {
    "type": "Feature",
    "geometry": {
       "type": "Point",
       "coordinates":  [ 121.555425,25.103587 ]
    },
    "properties": {
    "場所名稱":"臺北市立至善國民中學",
    "場所地址":"至善路二段360號",
    "場所分類":"其他",
    "AED放置地點":"至善國中健康中心走廊",
    "行政區":"士林區"
    }
  },
  {
    "type": "Feature",
    "geometry": {
       "type": "Point",
       "coordinates":  [ 121.519559,25.092762 ]
    },
    "properties": {
    "場所名稱":"臺北市士林區戶政事務所",
    "場所地址":"中正路439號3樓",
    "場所分類":"其他",
    "AED放置地點":"3樓民眾等待區",
    "行政區":"士林區"
    }
  },
  {
    "type": "Feature",
    "geometry": {
       "type": "Point",
       "coordinates":  [ 121.521789,25.102629 ]
    },
    "properties": {
    "場所名稱":"本部槓鈴有限公司",
    "場所地址":"福國路100-3號",
    "場所分類":"其他",
    "AED放置地點":"台北市士林區福國路100-3號",
    "行政區":"士林區"
    }
  },
  {
    "type": "Feature",
    "geometry": {
       "type": "Point",
       "coordinates":  [ 121.527813,25.094023 ]
    },
    "properties": {
    "場所名稱":"Fun Fitness運動旅程 士林館",
    "場所地址":"中山北路5段519號2樓",
    "場所分類":"其他",
    "AED放置地點":"櫃檯",
    "行政區":"士林區"
    }
  },
  {
    "type": "Feature",
    "geometry": {
       "type": "Point",
       "coordinates":  [ 121.525579,25.109536 ]
    },
    "properties": {
    "場所名稱":"境力健康事業有限公司",
    "場所地址":"中山北路六段258號",
    "場所分類":"學校、大型集會場所",
    "AED放置地點":"境FITNESS",
    "行政區":"士林區"
    }
  },
  {
    "type": "Feature",
    "geometry": {
       "type": "Point",
       "coordinates":  [ 121.5639337,25.16564018 ]
    },
    "properties": {
    "場所名稱":"七星山主峰(冷水坑遊客服務站)-(亞洲形上觀音山揹水隊捐贈)",
    "場所地址":" ",
    "場所分類":"其他",
    "AED放置地點":"陽明山主峰(冷水坑遊客服務站)-(亞洲形上觀音山揹水隊捐贈)",
    "行政區":"士林區"
    }
  },
  {
    "type": "Feature",
    "geometry": {
       "type": "Point",
       "coordinates":  [ 121.530555,25.115072 ]
    },
    "properties": {
    "場所名稱":"Bounce8",
    "場所地址":"天母東路8巷80號",
    "場所分類":"其他",
    "AED放置地點":"教室門口邊",
    "行政區":"士林區"
    }
  },
  {
    "type": "Feature",
    "geometry": {
       "type": "Point",
       "coordinates":  [ 121.552328,25.118447 ]
    },
    "properties": {
    "場所名稱":"臺北市政府警察局士林分局永福派出所",
    "場所地址":"仰德大道三段49號",
    "場所分類":"公眾服務單位設施",
    "AED放置地點":"值班台旁",
    "行政區":"士林區"
    }
  },
  {
    "type": "Feature",
    "geometry": {
       "type": "Point",
       "coordinates":  [ 121.584527,25.119736 ]
    },
    "properties": {
    "場所名稱":"臺北市政府警察局士林分局溪山派出所",
    "場所地址":"至善路3段263號",
    "場所分類":"其他",
    "AED放置地點":"大門入口右側",
    "行政區":"士林區"
    }
  },
  {
    "type": "Feature",
    "geometry": {
       "type": "Point",
       "coordinates":  [ 121.576473,25.131156 ]
    },
    "properties": {
    "場所名稱":"臺北市政府警察局士林分局溪山派出所平等駐在所",
    "場所地址":"平等里平菁街86號",
    "場所分類":"其他",
    "AED放置地點":"值勤臺後方",
    "行政區":"士林區"
    }
  },
  {
    "type": "Feature",
    "geometry": {
       "type": "Point",
       "coordinates":  [ 121.560262,25.108126 ]
    },
    "properties": {
    "場所名稱":"臺北市政府警察局士林分局翠山派出所",
    "場所地址":"中社路一段56號",
    "場所分類":"其他",
    "AED放置地點":"值班台左前方",
    "行政區":"士林區"
    }
  },
  {
    "type": "Feature",
    "geometry": {
       "type": "Point",
       "coordinates":  [ 121.517957,25.08728 ]
    },
    "properties": {
    "場所名稱":"臺北市政府警察局交通警察大隊士林分隊",
    "場所地址":"福港街151號6樓",
    "場所分類":"其他",
    "AED放置地點":"交通分隊辦公室值勤台後方",
    "行政區":"士林區"
    }
  },
  {
    "type": "Feature",
    "geometry": {
       "type": "Point",
       "coordinates":  [ 121.524813,25.094737 ]
    },
    "properties": {
    "場所名稱":"REFINE FITNESS",
    "場所地址":"中正路122號及122號之一地下一樓",
    "場所分類":"學校、大型集會場所",
    "AED放置地點":"入口閘門左側柱子",
    "行政區":"士林區"
    }
  },
  {
    "type": "Feature",
    "geometry": {
       "type": "Point",
       "coordinates":  [ 121.520591,25.097786 ]
    },
    "properties": {
    "場所名稱":"臺北市政府環境保護局士林區清潔隊文林分隊文內班",
    "場所地址":"文昌路臨159-1號",
    "場所分類":"其他",
    "AED放置地點":"辦公室",
    "行政區":"士林區"
    }
  },
  {
    "type": "Feature",
    "geometry": {
       "type": "Point",
       "coordinates":  [ 121.521411,25.089668 ]
    },
    "properties": {
    "場所名稱":"臺北市士林運動中心",
    "場所地址":"士商路一號",
    "場所分類":"學校、大型集會場所",
    "AED放置地點":"二樓健身房設施",
    "行政區":"士林區"
    }
  },
  {
    "type": "Feature",
    "geometry": {
       "type": "Point",
       "coordinates":  [ 121.538749,25.136543 ]
    },
    "properties": {
    "場所名稱":"中國文化大學 大恩館",
    "場所地址":"華岡路55號",
    "場所分類":"學校、大型集會場所",
    "AED放置地點":"曉峰紀念館(圖書館)",
    "行政區":"士林區"
    }
  },
  {
    "type": "Feature",
    "geometry": {
       "type": "Point",
       "coordinates":  [ 121.534969,25.116621 ]
    },
    "properties": {
    "場所名稱":"臺北市立啟明學校",
    "場所地址":"忠誠路二段207巷1號",
    "場所分類":"學校、大型集會場所",
    "AED放置地點":"本校學務處旁川堂",
    "行政區":"士林區"
    }
  },
  {
    "type": "Feature",
    "geometry": {
       "type": "Point",
       "coordinates":  [ 121.532875,25.113451 ]
    },
    "properties": {
    "場所名稱":"天母運動場區棒球場",
    "場所地址":"忠誠路二段77號",
    "場所分類":"大型休閒場所",
    "AED放置地點":"行政辦公室入口右側",
    "行政區":"士林區"
    }
  },
  {
    "type": "Feature",
    "geometry": {
       "type": "Point",
       "coordinates":  [ 121.489133,25.10185101 ]
    },
    "properties": {
    "場所名稱":"臺北市政府環境保護局士林區清潔隊停車場(臨江)",
    "場所地址":"延平北路7段224號",
    "場所分類":"其他",
    "AED放置地點":"辦公室",
    "行政區":"士林區"
    }
  },
  {
    "type": "Feature",
    "geometry": {
       "type": "Point",
       "coordinates":  [ 121.52014,25.09999615 ]
    },
    "properties": {
    "場所名稱":"臺北市政府環境保護局士林區清潔隊蘭雅分隊",
    "場所地址":"文昌路臨211號",
    "場所分類":"其他",
    "AED放置地點":"辦公室",
    "行政區":"士林區"
    }
  },
  {
    "type": "Feature",
    "geometry": {
       "type": "Point",
       "coordinates":  [ 121.523062,25.08699 ]
    },
    "properties": {
    "場所名稱":"臺北市立百齡高級中學",
    "場所地址":"承德路四段177號",
    "場所分類":"學校、大型集會場所",
    "AED放置地點":"活動中心2樓樓梯口右側",
    "行政區":"士林區"
    }
  },
  {
    "type": "Feature",
    "geometry": {
       "type": "Point",
       "coordinates":  [ 121.5262081,25.10440302 ]
    },
    "properties": {
    "場所名稱":"Surmount運動空間-天母店(巧翊體適能館)",
    "場所地址":"忠誠路一段30號",
    "場所分類":"學校、大型集會場所",
    "AED放置地點":"櫃檯旁",
    "行政區":"士林區"
    }
  },
  {
    "type": "Feature",
    "geometry": {
       "type": "Point",
       "coordinates":  [ 121.5245638,25.10297085 ]
    },
    "properties": {
    "場所名稱":"Surmount運動空間-芝山店(巧翊體適能館)",
    "場所地址":"中山北路6段35巷18號",
    "場所分類":"學校、大型集會場所",
    "AED放置地點":"中山北路6段35巷18號",
    "行政區":"士林區"
    }
  },
  {
    "type": "Feature",
    "geometry": {
       "type": "Point",
       "coordinates":  [ 121.5197885,25.10350813 ]
    },
    "properties": {
    "場所名稱":"Curves可爾姿芝山文林店",
    "場所地址":"文林路762號2樓",
    "場所分類":"學校、大型集會場所",
    "AED放置地點":"本店櫃檯",
    "行政區":"士林區"
    }
  },
  {
    "type": "Feature",
    "geometry": {
       "type": "Point",
       "coordinates":  [ 121.530152,25.094898 ]
    },
    "properties": {
    "場所名稱":"士林官邸正館",
    "場所地址":"福林路60號",
    "場所分類":"觀光旅遊地區",
    "AED放置地點":"正館一樓",
    "行政區":"士林區"
    }
  },
  {
    "type": "Feature",
    "geometry": {
       "type": "Point",
       "coordinates":  [ 121.538437,25.104975 ]
    },
    "properties": {
    "場所名稱":"臺北市私立華興小學",
    "場所地址":"仰德大道一段101號",
    "場所分類":"其他",
    "AED放置地點":"教學大樓鐵捲門旁",
    "行政區":"士林區"
    }
  },
  {
    "type": "Feature",
    "geometry": {
       "type": "Point",
       "coordinates":  [ 121.521022,25.095783 ]
    },
    "properties": {
    "場所名稱":"國都汽車士林營業所",
    "場所地址":"文昌路69號",
    "場所分類":"其他",
    "AED放置地點":"營業所展示間",
    "行政區":"士林區"
    }
  },
  {
    "type": "Feature",
    "geometry": {
       "type": "Point",
       "coordinates":  [ 121.53118,25.128423 ]
    },
    "properties": {
    "場所名稱":"天溪綠地游泳池",
    "場所地址":"中山北路7段219巷3弄170號",
    "場所分類":"其他",
    "AED放置地點":"盥洗室出路口",
    "行政區":"士林區"
    }
  },
  {
    "type": "Feature",
    "geometry": {
       "type": "Point",
       "coordinates":  [ 121.5252606,25.1076519 ]
    },
    "properties": {
    "場所名稱":"coffit健身咖",
    "場所地址":"中山北路六段184號",
    "場所分類":"學校、大型集會場所",
    "AED放置地點":"進門左手邊器材後方牆面",
    "行政區":"士林區"
    }
  },
  {
    "type": "Feature",
    "geometry": {
       "type": "Point",
       "coordinates":  [ 121.527551,25.086068 ]
    },
    "properties": {
    "場所名稱":"銘傳大學台北校區(士林區中山北路5段)",
    "場所地址":"中山北路5段250號",
    "場所分類":"學校、大型集會場所",
    "AED放置地點":"男生宿舍2樓",
    "行政區":"士林區"
    }
  },
  {
    "type": "Feature",
    "geometry": {
       "type": "Point",
       "coordinates":  [ 121.5196248,25.0927846 ]
    },
    "properties": {
    "場所名稱":"臺北市士林地政事務所",
    "場所地址":"中正路439號5樓",
    "場所分類":"其他",
    "AED放置地點":"本所5樓服務中心旁",
    "行政區":"士林區"
    }
  },
  {
    "type": "Feature",
    "geometry": {
       "type": "Point",
       "coordinates":  [ 121.5172056,25.09185101 ]
    },
    "properties": {
    "場所名稱":"臺北市立陽明高級中學",
    "場所地址":"中正路510號",
    "場所分類":"學校、大型集會場所",
    "AED放置地點":"健康中心",
    "行政區":"士林區"
    }
  },
  {
    "type": "Feature",
    "geometry": {
       "type": "Point",
       "coordinates":  [ 121.524397,25.105726 ]
    },
    "properties": {
    "場所名稱":"中鼎工程公司",
    "場所地址":"中山北路六段89號",
    "場所分類":"其他",
    "AED放置地點":"1F大廳服務台旁",
    "行政區":"士林區"
    }
  },
  {
    "type": "Feature",
    "geometry": {
       "type": "Point",
       "coordinates":  [ 121.537253,25.115897 ]
    },
    "properties": {
    "場所名稱":"臺北市立大學天母校區",
    "場所地址":"忠誠路二段101號",
    "場所分類":"學校、大型集會場所",
    "AED放置地點":"體育館一樓保全櫃台旁",
    "行政區":"士林區"
    }
  },
  {
    "type": "Feature",
    "geometry": {
       "type": "Point",
       "coordinates":  [ 121.5554774,25.1002116 ]
    },
    "properties": {
    "場所名稱":"九蓮寺",
    "場所地址":"劍南路203巷6號",
    "場所分類":"其他",
    "AED放置地點":"正殿",
    "行政區":"士林區"
    }
  },
  {
    "type": "Feature",
    "geometry": {
       "type": "Point",
       "coordinates":  [ 121.577824,25.114503 ]
    },
    "properties": {
    "場所名稱":"內雙溪自然中心",
    "場所地址":"至善路三段150巷27號",
    "場所分類":"其他",
    "AED放置地點":"辦公室旁",
    "行政區":"士林區"
    }
  },
  {
    "type": "Feature",
    "geometry": {
       "type": "Point",
       "coordinates":  [ 121.518299,25.095829 ]
    },
    "properties": {
    "場所名稱":"臺北市立天文科學教育館",
    "場所地址":"基河路363號",
    "場所分類":"大型休閒場所",
    "AED放置地點":"一樓大廳哺集乳室旁",
    "行政區":"士林區"
    }
  },
  {
    "type": "Feature",
    "geometry": {
       "type": "Point",
       "coordinates":  [ 121.535564,25.113749 ]
    },
    "properties": {
    "場所名稱":"天母運動場區網球場",
    "場所地址":"忠誠路二段77號",
    "場所分類":"其他",
    "AED放置地點":"網球場辦公室南側大門旁",
    "行政區":"士林區"
    }
  },
  {
    "type": "Feature",
    "geometry": {
       "type": "Point",
       "coordinates":  [ 121.546276,25.094004 ]
    },
    "properties": {
    "場所名稱":"東吳大學(雙溪校區)",
    "場所地址":"臨溪路70號",
    "場所分類":"學校、大型集會場所",
    "AED放置地點":"第一教研大樓門口",
    "行政區":"士林區"
    }
  },
  {
    "type": "Feature",
    "geometry": {
       "type": "Point",
       "coordinates":  [ 121.50642,25.08579 ]
    },
    "properties": {
    "場所名稱":"臺北市政府環境保護局士林區清潔隊社子分隊社子班",
    "場所地址":"中正路臨692號對面",
    "場所分類":"其他",
    "AED放置地點":"辦公室",
    "行政區":"士林區"
    }
  },
  {
    "type": "Feature",
    "geometry": {
       "type": "Point",
       "coordinates":  [ 121.5278416,25.08995592 ]
    },
    "properties": {
    "場所名稱":"臺北市政府環境保護局士林區清潔隊文林分隊文外班",
    "場所地址":"中山北路五段376號6樓",
    "場所分類":"其他",
    "AED放置地點":"辦公區",
    "行政區":"士林區"
    }
  },
  {
    "type": "Feature",
    "geometry": {
       "type": "Point",
       "coordinates":  [ 121.536225,25.116617 ]
    },
    "properties": {
    "場所名稱":"臺北市立臺北特殊教育學校",
    "場所地址":"忠誠路二段207巷3號",
    "場所分類":"學校、大型集會場所",
    "AED放置地點":"一樓健康中心",
    "行政區":"士林區"
    }
  },
  {
    "type": "Feature",
    "geometry": {
       "type": "Point",
       "coordinates":  [ 121.52411,25.087887 ]
    },
    "properties": {
    "場所名稱":"臺北市公有士林市場",
    "場所地址":"基河路101號",
    "場所分類":"其他",
    "AED放置地點":"士林市場清潔室入口",
    "行政區":"士林區"
    }
  },
  {
    "type": "Feature",
    "geometry": {
       "type": "Point",
       "coordinates":  [ 121.507947,25.084102 ]
    },
    "properties": {
    "場所名稱":"臺北市士林區葫蘆國民小學",
    "場所地址":"環河北路三段95號",
    "場所分類":"學校、大型集會場所",
    "AED放置地點":"中正樓一樓學務處門外",
    "行政區":"士林區"
    }
  },
  {
    "type": "Feature",
    "geometry": {
       "type": "Point",
       "coordinates":  [ 121.5301123,25.1164004 ]
    },
    "properties": {
    "場所名稱":"台北美國學校",
    "場所地址":"11152 中山北路六段 800號",
    "場所分類":"學校、大型集會場所",
    "AED放置地點":"Main Lobby Entrance",
    "行政區":"士林區"
    }
  },
  {
    "type": "Feature",
    "geometry": {
       "type": "Point",
       "coordinates":  [ 121.525113,25.090228 ]
    },
    "properties": {
    "場所名稱":"波爾管理顧問有限公司",
    "場所地址":"大北路72號1樓",
    "場所分類":"學校、大型集會場所",
    "AED放置地點":"櫃台旁",
    "行政區":"士林區"
    }
  },
  {
    "type": "Feature",
    "geometry": {
       "type": "Point",
       "coordinates":  [ 121.563886,25.106069 ]
    },
    "properties": {
    "場所名稱":"臺北市士林區雙溪國民小學",
    "場所地址":"中社路2段66號",
    "場所分類":"其他",
    "AED放置地點":"吟風樓大門",
    "行政區":"士林區"
    }
  },
  {
    "type": "Feature",
    "geometry": {
       "type": "Point",
       "coordinates":  [ 121.531248,25.121245 ]
    },
    "properties": {
    "場所名稱":"香港商世界健身事業有限公司飛動天母分公司",
    "場所地址":"中山北路七段73號.75號",
    "場所分類":"學校、大型集會場所",
    "AED放置地點":"大廳",
    "行政區":"士林區"
    }
  },
  {
    "type": "Feature",
    "geometry": {
       "type": "Point",
       "coordinates":  [ 121.509312,25.086201 ]
    },
    "properties": {
    "場所名稱":"Curves社子延北店",
    "場所地址":"延平北路五段307號2樓",
    "場所分類":"學校、大型集會場所",
    "AED放置地點":"運動圈",
    "行政區":"士林區"
    }
  },
  {
    "type": "Feature",
    "geometry": {
       "type": "Point",
       "coordinates":  [ 121.519559,25.092762 ]
    },
    "properties": {
    "場所名稱":"臺北市士林區公所",
    "場所地址":"中正路439號1樓",
    "場所分類":"其他",
    "AED放置地點":"士林行政中心一樓電梯左側",
    "行政區":"士林區"
    }
  },
  {
    "type": "Feature",
    "geometry": {
       "type": "Point",
       "coordinates":  [ 121.530587,25.09603 ]
    },
    "properties": {
    "場所名稱":"福林公園地下停車場",
    "場所地址":"中正路17號B1",
    "場所分類":"其他",
    "AED放置地點":"中正路17號B1",
    "行政區":"士林區"
    }
  },
  {
    "type": "Feature",
    "geometry": {
       "type": "Point",
       "coordinates":  [ 121.529277,25.109618 ]
    },
    "properties": {
    "場所名稱":"蘭雅公園地下停車場",
    "場所地址":"德行東路129巷31號B1",
    "場所分類":"其他",
    "AED放置地點":"德行東路129巷31號B1",
    "行政區":"士林區"
    }
  },
  {
    "type": "Feature",
    "geometry": {
       "type": "Point",
       "coordinates":  [ 121.54656,25.137067 ]
    },
    "properties": {
    "場所名稱":"臺北市政府環境保護局士林區清潔隊草山分隊",
    "場所地址":"格致路 34 號",
    "場所分類":"其他",
    "AED放置地點":"辦公休息區",
    "行政區":"士林區"
    }
  },
  {
    "type": "Feature",
    "geometry": {
       "type": "Point",
       "coordinates":  [ 121.547821,25.101359 ]
    },
    "properties": {
    "場所名稱":"故宮晶華股份有限公司",
    "場所地址":"至善路二段221號",
    "場所分類":"其他",
    "AED放置地點":"故宮晶華股份有限公司",
    "行政區":"士林區"
    }
  },
  {
    "type": "Feature",
    "geometry": {
       "type": "Point",
       "coordinates":  [ 121.546276,25.094004 ]
    },
    "properties": {
    "場所名稱":"東吳大學(雙溪校區)",
    "場所地址":"臨溪路70號",
    "場所分類":"學校、大型集會場所",
    "AED放置地點":"雙溪校區綜合大樓1樓軍訓室門口",
    "行政區":"士林區"
    }
  },
  {
    "type": "Feature",
    "geometry": {
       "type": "Point",
       "coordinates":  [ 121.533924,25.11795 ]
    },
    "properties": {
    "場所名稱":"新光三越百貨股份有限公司台北天母分公司-一館",
    "場所地址":"天母東路68號地下一樓.地上1樓至7樓",
    "場所分類":"大型購物場所",
    "AED放置地點":"A棟6樓醫護室",
    "行政區":"士林區"
    }
  },
  {
    "type": "Feature",
    "geometry": {
       "type": "Point",
       "coordinates":  [ 121.518767,25.101359 ]
    },
    "properties": {
    "場所名稱":"臺北高等行政法院",
    "場所地址":"福國路101號",
    "場所分類":"學校、大型集會場所",
    "AED放置地點":"本院1樓法警室",
    "行政區":"士林區"
    }
  },
  {
    "type": "Feature",
    "geometry": {
       "type": "Point",
       "coordinates":  [ 121.506607,25.08589695 ]
    },
    "properties": {
    "場所名稱":"臺北市政府環境保護局士林區清潔隊社子分隊葫蘆班",
    "場所地址":"中正路 臨707-1號",
    "場所分類":"其他",
    "AED放置地點":"辦公室",
    "行政區":"士林區"
    }
  },
  {
    "type": "Feature",
    "geometry": {
       "type": "Point",
       "coordinates":  [ 121.5287632,25.12302961 ]
    },
    "properties": {
    "場所名稱":"合作金庫商業銀行-員工訓練中心",
    "場所地址":"中山北路七段81巷49號",
    "場所分類":"其他",
    "AED放置地點":"1樓警衛櫃台前",
    "行政區":"士林區"
    }
  },
  {
    "type": "Feature",
    "geometry": {
       "type": "Point",
       "coordinates":  [ 121.525007,25.104917 ]
    },
    "properties": {
    "場所名稱":"天母國際聯誼會",
    "場所地址":"中山北路六段88號B1",
    "場所分類":"學校、大型集會場所",
    "AED放置地點":"B2健身房前",
    "行政區":"士林區"
    }
  },
  {
    "type": "Feature",
    "geometry": {
       "type": "Point",
       "coordinates":  [ 121.549095,25.137145 ]
    },
    "properties": {
    "場所名稱":"臺北市私立華岡藝術學校",
    "場所地址":"建業路73巷8號",
    "場所分類":"學校、大型集會場所",
    "AED放置地點":"保健室",
    "行政區":"士林區"
    }
  },
  {
    "type": "Feature",
    "geometry": {
       "type": "Point",
       "coordinates":  [ 121.533946,25.097366 ]
    },
    "properties": {
    "場所名稱":"臺北市私立泰北高級中學",
    "場所地址":"福林路240號",
    "場所分類":"學校、大型集會場所",
    "AED放置地點":"泰北高中向榮樓健康中心前方",
    "行政區":"士林區"
    }
  },
  {
    "type": "Feature",
    "geometry": {
       "type": "Point",
       "coordinates":  [ 121.523062,25.08699 ]
    },
    "properties": {
    "場所名稱":"臺北市立百齡高級中學",
    "場所地址":"承德路四段177號",
    "場所分類":"學校、大型集會場所",
    "AED放置地點":"一樓穿堂 公用電話旁",
    "行政區":"士林區"
    }
  },
  {
    "type": "Feature",
    "geometry": {
       "type": "Point",
       "coordinates":  [ 121.5299913,25.1113989 ]
    },
    "properties": {
    "場所名稱":"觀示苑股份有限公司天母分公司",
    "場所地址":"忠誠路2段二十一巷二十七號1樓",
    "場所分類":"其他",
    "AED放置地點":"會館大廳",
    "行政區":"士林區"
    }
  },
  {
    "type": "Feature",
    "geometry": {
       "type": "Point",
       "coordinates":  [ 121.5055377,25.08965604 ]
    },
    "properties": {
    "場所名稱":"臺北市政府警察局士林分局社子派出所",
    "場所地址":"延平北路6段200號",
    "場所分類":"其他",
    "AED放置地點":"值勤台旁",
    "行政區":"士林區"
    }
  },
  {
    "type": "Feature",
    "geometry": {
       "type": "Point",
       "coordinates":  [ 121.5174605,25.09058619 ]
    },
    "properties": {
    "場所名稱":"臺北市政府環境保護局士林區清潔隊天母分隊",
    "場所地址":"承德路7段413巷內",
    "場所分類":"其他",
    "AED放置地點":"左側休息室",
    "行政區":"士林區"
    }
  },
  {
    "type": "Feature",
    "geometry": {
       "type": "Point",
       "coordinates":  [ 121.537904,25.111802 ]
    },
    "properties": {
    "場所名稱":"香港商世界健身事業有限公司天母德行分公司",
    "場所地址":"德行東路331巷35號",
    "場所分類":"學校、大型集會場所",
    "AED放置地點":"健身中心一樓",
    "行政區":"士林區"
    }
  },
  {
    "type": "Feature",
    "geometry": {
       "type": "Point",
       "coordinates":  [ 121.533665,25.116401 ]
    },
    "properties": {
    "場所名稱":"全真概念健康事業股份有限公司-天母分公司",
    "場所地址":"忠誠路二段188號B1",
    "場所分類":"學校、大型集會場所",
    "AED放置地點":"B1入口櫃台正對面",
    "行政區":"士林區"
    }
  },
  {
    "type": "Feature",
    "geometry": {
       "type": "Point",
       "coordinates":  [ 121.519078,25.10234 ]
    },
    "properties": {
    "場所名稱":"國立傳統藝術中心臺灣戲曲中心",
    "場所地址":"文林路751號",
    "場所分類":"大型休閒場所",
    "AED放置地點":"B2停車場管理室",
    "行政區":"士林區"
    }
  },
  {
    "type": "Feature",
    "geometry": {
       "type": "Point",
       "coordinates":  [ 121.520049,25.102218 ]
    },
    "properties": {
    "場所名稱":"國立傳統藝術中心臺灣音樂館",
    "場所地址":"文林路751號",
    "場所分類":"大型休閒場所",
    "AED放置地點":"臺灣音樂館",
    "行政區":"士林區"
    }
  },
  {
    "type": "Feature",
    "geometry": {
       "type": "Point",
       "coordinates":  [ 121.52113,25.08583 ]
    },
    "properties": {
    "場所名稱":"前港公園地下停車場",
    "場所地址":"前港街45號B1",
    "場所分類":"其他",
    "AED放置地點":"士林區前港街45號B1",
    "行政區":"士林區"
    }
  },
  {
    "type": "Feature",
    "geometry": {
       "type": "Point",
       "coordinates":  [ 121.514709,25.097094 ]
    },
    "properties": {
    "場所名稱":"臺北市立兒童新樂園",
    "場所地址":"承德路5段55號",
    "場所分類":"觀光旅遊地區",
    "AED放置地點":"三樓第二出入口",
    "行政區":"士林區"
    }
  },
  {
    "type": "Feature",
    "geometry": {
       "type": "Point",
       "coordinates":  [ 121.514709,25.097094 ]
    },
    "properties": {
    "場所名稱":"臺北市立兒童新樂園",
    "場所地址":"承德路5段55號",
    "場所分類":"觀光旅遊地區",
    "AED放置地點":"兒童新樂園一樓緊急救護站前方",
    "行政區":"士林區"
    }
  },
  {
    "type": "Feature",
    "geometry": {
       "type": "Point",
       "coordinates":  [ 121.5301123,25.1164004 ]
    },
    "properties": {
    "場所名稱":"台北美國學校",
    "場所地址":"11152 中山北路六段 800號",
    "場所分類":"學校、大型集會場所",
    "AED放置地點":"MS Library Entrance",
    "行政區":"士林區"
    }
  },
  {
    "type": "Feature",
    "geometry": {
       "type": "Point",
       "coordinates":  [ 121.5301123,25.1164004 ]
    },
    "properties": {
    "場所名稱":"台北美國學校",
    "場所地址":"11152 中山北路六段 800號",
    "場所分類":"學校、大型集會場所",
    "AED放置地點":"Mobile US Gym AED",
    "行政區":"士林區"
    }
  },
  {
    "type": "Feature",
    "geometry": {
       "type": "Point",
       "coordinates":  [ 121.5301123,25.1164004 ]
    },
    "properties": {
    "場所名稱":"台北美國學校",
    "場所地址":"11152 中山北路六段 800號",
    "場所分類":"學校、大型集會場所",
    "AED放置地點":"Art Hallway C-block",
    "行政區":"士林區"
    }
  },
  {
    "type": "Feature",
    "geometry": {
       "type": "Point",
       "coordinates":  [ 121.5301123,25.1164004 ]
    },
    "properties": {
    "場所名稱":"台北美國學校",
    "場所地址":"11152 中山北路六段 800號",
    "場所分類":"學校、大型集會場所",
    "AED放置地點":"MS Gym Entrance",
    "行政區":"士林區"
    }
  },
  {
    "type": "Feature",
    "geometry": {
       "type": "Point",
       "coordinates":  [ 121.5301123,25.1164004 ]
    },
    "properties": {
    "場所名稱":"台北美國學校",
    "場所地址":"11152 中山北路六段 800號",
    "場所分類":"學校、大型集會場所",
    "AED放置地點":"LS Stairwell",
    "行政區":"士林區"
    }
  },
  {
    "type": "Feature",
    "geometry": {
       "type": "Point",
       "coordinates":  [ 121.5301123,25.1164004 ]
    },
    "properties": {
    "場所名稱":"台北美國學校",
    "場所地址":"11152 中山北路六段 800號",
    "場所分類":"學校、大型集會場所",
    "AED放置地點":"Performing Arts Hallway",
    "行政區":"士林區"
    }
  },
  {
    "type": "Feature",
    "geometry": {
       "type": "Point",
       "coordinates":  [ 121.508492,25.080934 ]
    },
    "properties": {
    "場所名稱":"海光公園地下停車場",
    "場所地址":"葫蘆街83號B1",
    "場所分類":"其他",
    "AED放置地點":"葫蘆街83號B1",
    "行政區":"士林區"
    }
  },
  {
    "type": "Feature",
    "geometry": {
       "type": "Point",
       "coordinates":  [ 121.56391,25.165613 ]
    },
    "properties": {
    "場所名稱":"陽明山國家公園冷水坑遊客服務站",
    "場所地址":"菁山路101巷170號",
    "場所分類":"觀光旅遊地區",
    "AED放置地點":"一樓展場內",
    "行政區":"士林區"
    }
  },
  {
    "type": "Feature",
    "geometry": {
       "type": "Point",
       "coordinates":  [ 121.574182,25.167212 ]
    },
    "properties": {
    "場所名稱":"內政部國家公園署陽明山國家公園管理處-擎天崗遊客服務站",
    "場所地址":"菁山路101巷246號",
    "場所分類":"觀光旅遊地區",
    "AED放置地點":"服務站大門入口處",
    "行政區":"士林區"
    }
  },
  {
    "type": "Feature",
    "geometry": {
       "type": "Point",
       "coordinates":  [ 121.5275888,25.1188588 ]
    },
    "properties": {
    "場所名稱":"群康健康事業股份有限公司",
    "場所地址":"天母西路41巷2號B1",
    "場所分類":"學校、大型集會場所",
    "AED放置地點":"群康彼拉提斯",
    "行政區":"士林區"
    }
  },
  {
    "type": "Feature",
    "geometry": {
       "type": "Point",
       "coordinates":  [ 121.546354,25.13085 ]
    },
    "properties": {
    "場所名稱":"臺北市立格致國民中學",
    "場所地址":"仰德大道四段75號健康中心",
    "場所分類":"其他",
    "AED放置地點":"格致國中健康中心外走廊牆上",
    "行政區":"士林區"
    }
  },
  {
    "type": "Feature",
    "geometry": {
       "type": "Point",
       "coordinates":  [ 121.543183,25.101946 ]
    },
    "properties": {
    "場所名稱":"臺北市至善老人安養護中心",
    "場所地址":"仰德大道二段二巷50號",
    "場所分類":"其他",
    "AED放置地點":"安養3樓服務台前",
    "行政區":"士林區"
    }
  },
  {
    "type": "Feature",
    "geometry": {
       "type": "Point",
       "coordinates":  [ 121.51417,25.094378 ]
    },
    "properties": {
    "場所名稱":"交通部公路總局台北市區監理所士林監理站",
    "場所地址":"承德路5段80號",
    "場所分類":"其他",
    "AED放置地點":"行政大樓1樓",
    "行政區":"士林區"
    }
  },
  {
    "type": "Feature",
    "geometry": {
       "type": "Point",
       "coordinates":  [ 121.537773,25.11374 ]
    },
    "properties": {
    "場所名稱":"臺北市職能發展學院",
    "場所地址":"士東路301號",
    "場所分類":"其他",
    "AED放置地點":"行政大樓1樓志工服務台旁",
    "行政區":"士林區"
    }
  },
  {
    "type": "Feature",
    "geometry": {
       "type": "Point",
       "coordinates":  [ 121.527551,25.086068 ]
    },
    "properties": {
    "場所名稱":"銘傳大學台北校區(士林區中山北路5段)",
    "場所地址":"中山北路5段250號",
    "場所分類":"學校、大型集會場所",
    "AED放置地點":"A棟學務處1樓誠實商店",
    "行政區":"士林區"
    }
  },
  {
    "type": "Feature",
    "geometry": {
       "type": "Point",
       "coordinates":  [ 121.507988,25.085495 ]
    },
    "properties": {
    "場所名稱":"臺北市士林區社子國民小學",
    "場所地址":"延平北路六段308號",
    "場所分類":"其他",
    "AED放置地點":"校門口左方民族樓穿堂",
    "行政區":"士林區"
    }
  },
  {
    "type": "Feature",
    "geometry": {
       "type": "Point",
       "coordinates":  [ 121.532749,25.1238679 ]
    },
    "properties": {
    "場所名稱":"楷穎運動國際有限公司",
    "場所地址":"中山北路七段156-1號一樓",
    "場所分類":"其他",
    "AED放置地點":"本場所大廳",
    "行政區":"士林區"
    }
  },
  {
    "type": "Feature",
    "geometry": {
       "type": "Point",
       "coordinates":  [ 121.52411,25.087887 ]
    },
    "properties": {
    "場所名稱":"臺北市公有士林市場",
    "場所地址":"基河路101號",
    "場所分類":"其他",
    "AED放置地點":"士林市場清潔室入口",
    "行政區":"士林區"
    }
  },
  {
    "type": "Feature",
    "geometry": {
       "type": "Point",
       "coordinates":  [ 121.532966,25.125001 ]
    },
    "properties": {
    "場所名稱":"臺北市政府警察局士林分局天母派出所",
    "場所地址":"中山北路七段192號",
    "場所分類":"公眾服務單位設施",
    "AED放置地點":"派出所內值勤台旁",
    "行政區":"士林區"
    }
  },
  {
    "type": "Feature",
    "geometry": {
       "type": "Point",
       "coordinates":  [ 121.537886,25.101122 ]
    },
    "properties": {
    "場所名稱":"臺北市政府警察局士林分局芝山岩派出所",
    "場所地址":"仰德大道一段16號",
    "場所分類":"其他",
    "AED放置地點":"一樓便民服務區內",
    "行政區":"士林區"
    }
  },
  {
    "type": "Feature",
    "geometry": {
       "type": "Point",
       "coordinates":  [ 121.546359,25.137285 ]
    },
    "properties": {
    "場所名稱":"臺北市政府警察局士林分局山仔后派出所",
    "場所地址":"格致路39號",
    "場所分類":"公眾服務單位設施",
    "AED放置地點":"派出所內值班台旁",
    "行政區":"士林區"
    }
  },
  {
    "type": "Feature",
    "geometry": {
       "type": "Point",
       "coordinates":  [ 121.531042,25.110656 ]
    },
    "properties": {
    "場所名稱":"臺北市立蘭雅國民中學",
    "場所地址":"忠誠路2段51號",
    "場所分類":"學校、大型集會場所",
    "AED放置地點":"一樓川堂(校門口)",
    "行政區":"士林區"
    }
  },
  {
    "type": "Feature",
    "geometry": {
       "type": "Point",
       "coordinates":  [ 121.515731,25.095825 ]
    },
    "properties": {
    "場所名稱":"臺北市立士林高級商業職業學校",
    "場所地址":"士商路150號",
    "場所分類":"學校、大型集會場所",
    "AED放置地點":"體育組",
    "行政區":"士林區"
    }
  },
  {
    "type": "Feature",
    "geometry": {
       "type": "Point",
       "coordinates":  [ 121.531367,25.111857 ]
    },
    "properties": {
    "場所名稱":"大葉高島屋百貨股份有限公司",
    "場所地址":"忠誠路2段55號",
    "場所分類":"大型購物場所",
    "AED放置地點":"1F員工出入口安全門旁",
    "行政區":"士林區"
    }
  },
  {
    "type": "Feature",
    "geometry": {
       "type": "Point",
       "coordinates":  [ 121.52568,25.110115 ]
    },
    "properties": {
    "場所名稱":"Sweet*慢走體適能",
    "場所地址":"中山北路六段284號",
    "場所分類":"學校、大型集會場所",
    "AED放置地點":"櫃檯前方",
    "行政區":"士林區"
    }
  },
  {
    "type": "Feature",
    "geometry": {
       "type": "Point",
       "coordinates":  [ 121.527387,25.104853 ]
    },
    "properties": {
    "場所名稱":"第一商業銀行天母分行",
    "場所地址":"忠誠路一段62號",
    "場所分類":"其他",
    "AED放置地點":"大門進入後左側、客戶公用電腦旁邊",
    "行政區":"士林區"
    }
  },
  {
    "type": "Feature",
    "geometry": {
       "type": "Point",
       "coordinates":  [ 121.526763,25.090688 ]
    },
    "properties": {
    "場所名稱":"臺北市政府警察局士林分局文林派出所",
    "場所地址":"文林路235號",
    "場所分類":"其他",
    "AED放置地點":"一樓值勤台旁",
    "行政區":"士林區"
    }
  },
  {
    "type": "Feature",
    "geometry": {
       "type": "Point",
       "coordinates":  [ 121.592613,25.132304 ]
    },
    "properties": {
    "場所名稱":"陽明山國家公園天溪園生態教育中心",
    "場所地址":"至善路3段336巷45號",
    "場所分類":"觀光旅遊地區",
    "AED放置地點":"服務站入口進入左側處",
    "行政區":"士林區"
    }
  },
  {
    "type": "Feature",
    "geometry": {
       "type": "Point",
       "coordinates":  [ 121.528655,25.112997 ]
    },
    "properties": {
    "場所名稱":"動動MoveMove體適能教室",
    "場所地址":"士東路９１巷３６號1F",
    "場所分類":"學校、大型集會場所",
    "AED放置地點":"動動櫃檯旁邊",
    "行政區":"士林區"
    }
  },
  {
    "type": "Feature",
    "geometry": {
       "type": "Point",
       "coordinates":  [ 121.5202,25.092605 ]
    },
    "properties": {
    "場所名稱":"特力屋股份有限公司士林分公司",
    "場所地址":"基河路258號1F",
    "場所分類":"大型購物場所",
    "AED放置地點":"1F入口處",
    "行政區":"士林區"
    }
  },
  {
    "type": "Feature",
    "geometry": {
       "type": "Point",
       "coordinates":  [ 121.519078,25.10234 ]
    },
    "properties": {
    "場所名稱":"國立傳統藝術中心臺灣戲曲中心",
    "場所地址":"文林路751號",
    "場所分類":"大型休閒場所",
    "AED放置地點":"大表演廳",
    "行政區":"士林區"
    }
  },
  {
    "type": "Feature",
    "geometry": {
       "type": "Point",
       "coordinates":  [ 121.519078,25.10234 ]
    },
    "properties": {
    "場所名稱":"國立傳統藝術中心臺灣戲曲中心",
    "場所地址":"文林路751號",
    "場所分類":"大型休閒場所",
    "AED放置地點":"小表演廳",
    "行政區":"士林區"
    }
  },
  {
    "type": "Feature",
    "geometry": {
       "type": "Point",
       "coordinates":  [ 121.488071,25.102855 ]
    },
    "properties": {
    "場所名稱":"臺北市立福安國民中學",
    "場所地址":"延平北路七段250號",
    "場所分類":"學校、大型集會場所",
    "AED放置地點":"總務處走廊",
    "行政區":"士林區"
    }
  },
  {
    "type": "Feature",
    "geometry": {
       "type": "Point",
       "coordinates":  [ 121.524536,25.104745 ]
    },
    "properties": {
    "場所名稱":"太平洋崇光百貨股份有限公司天母分公司",
    "場所地址":"中山北路六段77號",
    "場所分類":"大型購物場所",
    "AED放置地點":"SOGO天母店1樓北大門旁",
    "行政區":"士林區"
    }
  },
  {
    "type": "Feature",
    "geometry": {
       "type": "Point",
       "coordinates":  [ 121.517957,25.08728 ]
    },
    "properties": {
    "場所名稱":"臺北市政府警察局士林分局後港派出所",
    "場所地址":"福港街151號1樓",
    "場所分類":"其他",
    "AED放置地點":"大門右邊",
    "行政區":"士林區"
    }
  },
  {
    "type": "Feature",
    "geometry": {
       "type": "Point",
       "coordinates":  [ 121.529834,25.105257 ]
    },
    "properties": {
    "場所名稱":"臺北市士林區雨農國民小學",
    "場所地址":"忠義街1號",
    "場所分類":"學校、大型集會場所",
    "AED放置地點":"學校小穿堂",
    "行政區":"士林區"
    }
  },
  {
    "type": "Feature",
    "geometry": {
       "type": "Point",
       "coordinates":  [ 121.533357,25.117664 ]
    },
    "properties": {
    "場所名稱":"旭昇健康有限公司",
    "場所地址":"天母東路50巷8號",
    "場所分類":"學校、大型集會場所",
    "AED放置地點":"旭昇健康有限公司",
    "行政區":"士林區"
    }
  },
  {
    "type": "Feature",
    "geometry": {
       "type": "Point",
       "coordinates":  [ 121.519559,25.092762 ]
    },
    "properties": {
    "場所名稱":"臺北市士林區公所",
    "場所地址":"中正路439號1樓",
    "場所分類":"其他",
    "AED放置地點":"9樓洽公民眾區",
    "行政區":"士林區"
    }
  },
  {
    "type": "Feature",
    "geometry": {
       "type": "Point",
       "coordinates":  [ 121.531212,25.104846 ]
    },
    "properties": {
    "場所名稱":"臺北市立聯合醫院陽明院區",
    "場所地址":"雨聲街105號",
    "場所分類":"其他",
    "AED放置地點":"健檢中心入口左側櫃檯旁",
    "行政區":"士林區"
    }
  },
  {
    "type": "Feature",
    "geometry": {
       "type": "Point",
       "coordinates":  [ 121.51785,25.086207 ]
    },
    "properties": {
    "場所名稱":"臺北市士林區百齡國民小學",
    "場所地址":"福港街205號",
    "場所分類":"其他",
    "AED放置地點":"百齡國小健康中心內",
    "行政區":"士林區"
    }
  },
  {
    "type": "Feature",
    "geometry": {
       "type": "Point",
       "coordinates":  [ 121.538749,25.136543 ]
    },
    "properties": {
    "場所名稱":"中國文化大學 大恩館",
    "場所地址":"華岡路55號",
    "場所分類":"學校、大型集會場所",
    "AED放置地點":"大雅館（女生宿舍）",
    "行政區":"士林區"
    }
  },
  {
    "type": "Feature",
    "geometry": {
       "type": "Point",
       "coordinates":  [ 121.53308,25.112514 ]
    },
    "properties": {
    "場所名稱":"臺灣士林地方法院",
    "場所地址":"士東路190號",
    "場所分類":"學校、大型集會場所",
    "AED放置地點":"法警室門口",
    "行政區":"士林區"
    }
  },
  {
    "type": "Feature",
    "geometry": {
       "type": "Point",
       "coordinates":  [ 121.515731,25.095825 ]
    },
    "properties": {
    "場所名稱":"臺北市立士林高級商業職業學校",
    "場所地址":"士商路150號",
    "場所分類":"學校、大型集會場所",
    "AED放置地點":"行政大樓1樓廣場",
    "行政區":"士林區"
    }
  },
  {
    "type": "Feature",
    "geometry": {
       "type": "Point",
       "coordinates":  [ 121.52257,25.094366 ]
    },
    "properties": {
    "場所名稱":"臺北市立士林國民中學",
    "場所地址":"中正路345號",
    "場所分類":"學校、大型集會場所",
    "AED放置地點":"士林國中中正樓",
    "行政區":"士林區"
    }
  },
  {
    "type": "Feature",
    "geometry": {
       "type": "Point",
       "coordinates":  [ 121.52257,25.094366 ]
    },
    "properties": {
    "場所名稱":"臺北市立士林國民中學",
    "場所地址":"中正路345號",
    "場所分類":"學校、大型集會場所",
    "AED放置地點":"繁星樓地下室1樓",
    "行政區":"士林區"
    }
  },
  {
    "type": "Feature",
    "geometry": {
       "type": "Point",
       "coordinates":  [ 121.5210223,25.0937342 ]
    },
    "properties": {
    "場所名稱":"407肌力訓練",
    "場所地址":"中正路407號1樓",
    "場所分類":"學校、大型集會場所",
    "AED放置地點":"場所門口",
    "行政區":"士林區"
    }
  },
  {
    "type": "Feature",
    "geometry": {
       "type": "Point",
       "coordinates":  [ 121.5712272,25.1836815 ]
    },
    "properties": {
    "場所名稱":"陽明山大屯山面天山觀景平台(亞洲形上觀音山揹水隊捐贈)",
    "場所地址":"竹子湖路1-20號",
    "場所分類":"其他",
    "AED放置地點":"陽明山大屯山面天山觀景平台(亞洲形上觀音山揹水隊捐贈)",
    "行政區":"士林區"
    }
  },
  {
    "type": "Feature",
    "geometry": {
       "type": "Point",
       "coordinates":  [ 121.5071659,25.0841054 ]
    },
    "properties": {
    "場所名稱":"葫蘆國小-鷹萬游泳學苑",
    "場所地址":"環河北路三段95號1F",
    "場所分類":"學校、大型集會場所",
    "AED放置地點":"救生員辦公室",
    "行政區":"士林區"
    }
  },
  {
    "type": "Feature",
    "geometry": {
       "type": "Point",
       "coordinates":  [ 121.524685,25.106571 ]
    },
    "properties": {
    "場所名稱":"臺北市政府警察局士林分局蘭雅派出所",
    "場所地址":"中山北路6段153號",
    "場所分類":"其他",
    "AED放置地點":"大門口右側，民眾服務區後方",
    "行政區":"士林區"
    }
  },
  {
    "type": "Feature",
    "geometry": {
       "type": "Point",
       "coordinates":  [ 121.524608,25.095049 ]
    },
    "properties": {
    "場所名稱":"臺北市溪山實驗國民小學",
    "場所地址":"至善路3段199號",
    "場所分類":"其他",
    "AED放置地點":"校園內健康中心門口",
    "行政區":"士林區"
    }
  },
  {
    "type": "Feature",
    "geometry": {
       "type": "Point",
       "coordinates":  [ 121.52206,25.085703 ]
    },
    "properties": {
    "場所名稱":"英業達股份有限公司A棟",
    "場所地址":"後港街66號",
    "場所分類":"其他",
    "AED放置地點":"台北市士林區後港街66號",
    "行政區":"士林區"
    }
  },
  {
    "type": "Feature",
    "geometry": {
       "type": "Point",
       "coordinates":  [ 121.531148,25.119924 ]
    },
    "properties": {
    "場所名稱":"香港商世界健身事業有限公司天母分公司",
    "場所地址":"中山北路7段34號",
    "場所分類":"學校、大型集會場所",
    "AED放置地點":"1樓洽談區",
    "行政區":"士林區"
    }
  },
  {
    "type": "Feature",
    "geometry": {
       "type": "Point",
       "coordinates":  [ 121.524608,25.095049 ]
    },
    "properties": {
    "場所名稱":"臺北市私立華興高級中等學校",
    "場所地址":"仰德大道1段101號",
    "場所分類":"學校、大型集會場所",
    "AED放置地點":"美齡樓4樓",
    "行政區":"士林區"
    }
  },
  {
    "type": "Feature",
    "geometry": {
       "type": "Point",
       "coordinates":  [ 121.5639497,25.16564164 ]
    },
    "properties": {
    "場所名稱":"雞心崙觀景平台﹝冷水坑遊客中心﹞-(亞洲形上觀音山揹水隊捐贈)",
    "場所地址":" ",
    "場所分類":"交通要衝",
    "AED放置地點":"雞心崙觀景平台﹝冷水坑遊客中心﹞-(亞洲形上觀音山揹水隊捐贈)",
    "行政區":"士林區"
    }
  },
  {
    "type": "Feature",
    "geometry": {
       "type": "Point",
       "coordinates":  [ 121.54381,25.134983 ]
    },
    "properties": {
    "場所名稱":"臺北市政府工務局公園路燈工程管理處花卉試驗中心",
    "場所地址":"仰德大道四段175巷32號",
    "場所分類":"其他",
    "AED放置地點":"綠化教室",
    "行政區":"士林區"
    }
  },
  {
    "type": "Feature",
    "geometry": {
       "type": "Point",
       "coordinates":  [ 121.538749,25.136543 ]
    },
    "properties": {
    "場所名稱":"中國文化大學 大恩館",
    "場所地址":"華岡路55號",
    "場所分類":"學校、大型集會場所",
    "AED放置地點":"大倫館 (男生宿舍)",
    "行政區":"士林區"
    }
  },
  {
    "type": "Feature",
    "geometry": {
       "type": "Point",
       "coordinates":  [ 121.530027,25.090522 ]
    },
    "properties": {
    "場所名稱":"士林203號公園",
    "場所地址":"中山北路五段378巷26號",
    "場所分類":"其他",
    "AED放置地點":"陽明山公園管理所",
    "行政區":"士林區"
    }
  },
  {
    "type": "Feature",
    "geometry": {
       "type": "Point",
       "coordinates":  [ 121.538749,25.136543 ]
    },
    "properties": {
    "場所名稱":"中國文化大學 大恩館",
    "場所地址":"華岡路55號",
    "場所分類":"學校、大型集會場所",
    "AED放置地點":"大慈館 (女生宿舍)",
    "行政區":"士林區"
    }
  },
  {
    "type": "Feature",
    "geometry": {
       "type": "Point",
       "coordinates":  [ 121.521296,25.09941 ]
    },
    "properties": {
    "場所名稱":"臺北市士林區文昌國民小學",
    "場所地址":"文林路615巷20號",
    "場所分類":"其他",
    "AED放置地點":"健康中心門口外之牆邊",
    "行政區":"士林區"
    }
  },
  {
    "type": "Feature",
    "geometry": {
       "type": "Point",
       "coordinates":  [ 121.536354,25.1102978 ]
    },
    "properties": {
    "場所名稱":"芝山國小",
    "場所地址":"德行東路285號",
    "場所分類":"其他",
    "AED放置地點":"芝山國小穿堂右側",
    "行政區":"士林區"
    }
  },
  {
    "type": "Feature",
    "geometry": {
       "type": "Point",
       "coordinates":  [ 121.5742138,25.16720989 ]
    },
    "properties": {
    "場所名稱":"陽明山國家公園擎天崗中央步道0.5K處牧場教育解說中心(亞洲形上觀音山揹水隊捐贈)",
    "場所地址":"菁山路101巷246號",
    "場所分類":"其他",
    "AED放置地點":"陽明山國家公園擎天崗中央步道0.5K處牧場教育解說中心(亞洲形上觀音山揹水隊捐贈)",
    "行政區":"士林區"
    }
  },
  {
    "type": "Feature",
    "geometry": {
       "type": "Point",
       "coordinates":  [ 121.506612,25.090899 ]
    },
    "properties": {
    "場所名稱":"社子公園",
    "場所地址":"永平街20巷37弄對面",
    "場所分類":"其他",
    "AED放置地點":"社子公園圖書讀書閱覽室",
    "行政區":"士林區"
    }
  },
  {
    "type": "Feature",
    "geometry": {
       "type": "Point",
       "coordinates":  [ 121.534825,25.096268 ]
    },
    "properties": {
    "場所名稱":"內政部警政署保安警察第六總隊第二大隊第三中隊",
    "場所地址":"自祥街36號",
    "場所分類":"其他",
    "AED放置地點":"保六二大三中備勤室",
    "行政區":"士林區"
    }
  },
  {
    "type": "Feature",
    "geometry": {
       "type": "Point",
       "coordinates":  [ 121.52257,25.094366 ]
    },
    "properties": {
    "場所名稱":"臺北市立士林國民中學",
    "場所地址":"中正路345號",
    "場所分類":"學校、大型集會場所",
    "AED放置地點":"騰雲館",
    "行政區":"士林區"
    }
  },
  {
    "type": "Feature",
    "geometry": {
       "type": "Point",
       "coordinates":  [ 121.488071,25.102855 ]
    },
    "properties": {
    "場所名稱":"臺北市立福安國民中學",
    "場所地址":"延平北路七段250號",
    "場所分類":"學校、大型集會場所",
    "AED放置地點":"健康中心外走廊",
    "行政區":"士林區"
    }
  },
  {
    "type": "Feature",
    "geometry": {
       "type": "Point",
       "coordinates":  [ 121.5202,25.092605 ]
    },
    "properties": {
    "場所名稱":"特力屋股份有限公司士林分公司",
    "場所地址":"基河路258號1F",
    "場所分類":"大型購物場所",
    "AED放置地點":"1F入口處",
    "行政區":"士林區"
    }
  },
  {
    "type": "Feature",
    "geometry": {
       "type": "Point",
       "coordinates":  [ 121.527219,25.097215 ]
    },
    "properties": {
    "場所名稱":"Curves可爾姿士林店",
    "場所地址":"中山北路五段687號2樓之1",
    "場所分類":"學校、大型集會場所",
    "AED放置地點":"臺北市士林區中山北路五段687號2樓之1",
    "行政區":"士林區"
    }
  },
  {
    "type": "Feature",
    "geometry": {
       "type": "Point",
       "coordinates":  [ 121.514709,25.097094 ]
    },
    "properties": {
    "場所名稱":"臺北市立兒童新樂園",
    "場所地址":"承德路5段55號",
    "場所分類":"觀光旅遊地區",
    "AED放置地點":"1樓停車場停管室旁",
    "行政區":"士林區"
    }
  },
  {
    "type": "Feature",
    "geometry": {
       "type": "Point",
       "coordinates":  [ 121.548432,25.10235 ]
    },
    "properties": {
    "場所名稱":"國立故宮博物院",
    "場所地址":"至善路2段221號",
    "場所分類":"大型休閒場所",
    "AED放置地點":"南側藝文園區圖書館",
    "行政區":"士林區"
    }
  },
  {
    "type": "Feature",
    "geometry": {
       "type": "Point",
       "coordinates":  [ 121.530248,25.09458725 ]
    },
    "properties": {
    "場所名稱":"士林官邸公園",
    "場所地址":"福林路60-1號",
    "場所分類":"觀光旅遊地區",
    "AED放置地點":"駐衛警室",
    "行政區":"士林區"
    }
  },
  {
    "type": "Feature",
    "geometry": {
       "type": "Point",
       "coordinates":  [ 121.521411,25.089668 ]
    },
    "properties": {
    "場所名稱":"臺北市士林運動中心",
    "場所地址":"士商路一號",
    "場所分類":"學校、大型集會場所",
    "AED放置地點":"放置三樓游泳池場館,靠近服務櫃檯處",
    "行政區":"士林區"
    }
  },
  {
    "type": "Feature",
    "geometry": {
       "type": "Point",
       "coordinates":  [ 121.5640096,25.16567508 ]
    },
    "properties": {
    "場所名稱":"七星公園-雙層涼亭(亞洲形上觀音山揹水隊捐贈)",
    "場所地址":" ",
    "場所分類":"其他",
    "AED放置地點":"七星公園-雙層涼亭(亞洲形上觀音山揹水隊捐贈)",
    "行政區":"士林區"
    }
  },
  {
    "type": "Feature",
    "geometry": {
       "type": "Point",
       "coordinates":  [ 121.5570392,25.16405687 ]
    },
    "properties": {
    "場所名稱":"七星山公園-七星山公園廁所旁(亞洲形上觀音山揹水隊捐贈)",
    "場所地址":" ",
    "場所分類":"交通要衝",
    "AED放置地點":"七星山公園-七星山公園廁所旁(亞洲形上觀音山揹水隊捐贈)",
    "行政區":"士林區"
    }
  },
  {
    "type": "Feature",
    "geometry": {
       "type": "Point",
       "coordinates":  [ 121.546276,25.094004 ]
    },
    "properties": {
    "場所名稱":"東吳大學(雙溪校區)",
    "場所地址":"臨溪路70號",
    "場所分類":"學校、大型集會場所",
    "AED放置地點":"機車停車場管理哨",
    "行政區":"士林區"
    }
  },
  {
    "type": "Feature",
    "geometry": {
       "type": "Point",
       "coordinates":  [ 121.5271348,25.095354 ]
    },
    "properties": {
    "場所名稱":"V Line Fitmess",
    "場所地址":"中正路187巷2號1樓",
    "場所分類":"學校、大型集會場所",
    "AED放置地點":"沙發旁",
    "行政區":"士林區"
    }
  },
  {
    "type": "Feature",
    "geometry": {
       "type": "Point",
       "coordinates":  [ 121.56391,25.165613 ]
    },
    "properties": {
    "場所名稱":"陽明山國家公園冷水坑遊客服務站",
    "場所地址":"菁山路101巷170號",
    "場所分類":"觀光旅遊地區",
    "AED放置地點":"冷水坑公共溫泉浴室",
    "行政區":"士林區"
    }
  },
  {
    "type": "Feature",
    "geometry": {
       "type": "Point",
       "coordinates":  [ 121.541256,25.135194 ]
    },
    "properties": {
    "場所名稱":"臺北市立陽明教養院華岡院區",
    "場所地址":"凱旋路61巷4弄9號",
    "場所分類":"其他",
    "AED放置地點":"行政大樓1樓大廳",
    "行政區":"士林區"
    }
  },
  {
    "type": "Feature",
    "geometry": {
       "type": "Point",
       "coordinates":  [ 121.527422,25.120167 ]
    },
    "properties": {
    "場所名稱":"臺北市士林區天母國民小學",
    "場所地址":"天玉街12號",
    "場所分類":"其他",
    "AED放置地點":"警衛室內",
    "行政區":"士林區"
    }
  },
  {
    "type": "Feature",
    "geometry": {
       "type": "Point",
       "coordinates":  [ 121.525007,25.104917 ]
    },
    "properties": {
    "場所名稱":"天母國際聯誼會",
    "場所地址":"中山北路六段88號B1",
    "場所分類":"學校、大型集會場所",
    "AED放置地點":"B2游泳池旁",
    "行政區":"士林區"
    }
  },
  {
    "type": "Feature",
    "geometry": {
       "type": "Point",
       "coordinates":  [ 121.552817,25.119332 ]
    },
    "properties": {
    "場所名稱":"臺北巿士林區陽明山國民小學",
    "場所地址":"仰德大道3段61號",
    "場所分類":"其他",
    "AED放置地點":"活動中心一樓",
    "行政區":"士林區"
    }
  },
  {
    "type": "Feature",
    "geometry": {
       "type": "Point",
       "coordinates":  [ 121.5270008,25.0901023 ]
    },
    "properties": {
    "場所名稱":"TeamLift運動空間士林館",
    "場所地址":"文林路205號3樓",
    "場所分類":"學校、大型集會場所",
    "AED放置地點":"場館內",
    "行政區":"士林區"
    }
  },
  {
    "type": "Feature",
    "geometry": {
       "type": "Point",
       "coordinates":  [ 121.5253362,25.09258425 ]
    },
    "properties": {
    "場所名稱":"群康彼拉提斯(大東)",
    "場所地址":"大東路162號2樓",
    "場所分類":"學校、大型集會場所",
    "AED放置地點":"行政櫃台旁",
    "行政區":"士林區"
    }
  },
  {
    "type": "Feature",
    "geometry": {
       "type": "Point",
       "coordinates":  [ 121.529745,25.113727 ]
    },
    "properties": {
    "場所名稱":"動動MOVEMOVE體適能教室-天母館",
    "場所地址":"士林區士東路91巷49號",
    "場所分類":"學校、大型集會場所",
    "AED放置地點":"台北市士林區士東路91巷49號",
    "行政區":"士林區"
    }
  },
  {
    "type": "Feature",
    "geometry": {
       "type": "Point",
       "coordinates":  [ 121.509312,25.086201 ]
    },
    "properties": {
    "場所名稱":"Curves社子延北店",
    "場所地址":"延平北路五段307號2樓",
    "場所分類":"學校、大型集會場所",
    "AED放置地點":"健身中心",
    "行政區":"士林區"
    }
  },
  {
    "type": "Feature",
    "geometry": {
       "type": "Point",
       "coordinates":  [ 121.523137,25.10841 ]
    },
    "properties": {
    "場所名稱":"臺北市士林區蘭雅國民小學",
    "場所地址":"磺溪街57號",
    "場所分類":"其他",
    "AED放置地點":"蘭雅國民小學 一樓穿堂",
    "行政區":"士林區"
    }
  },
  {
    "type": "Feature",
    "geometry": {
       "type": "Point",
       "coordinates":  [ 121.524397,25.105726 ]
    },
    "properties": {
    "場所名稱":"中鼎工程公司",
    "場所地址":"中山北路六段89號",
    "場所分類":"其他",
    "AED放置地點":"中鼎大樓10F觀景窗旁",
    "行政區":"士林區"
    }
  },
  {
    "type": "Feature",
    "geometry": {
       "type": "Point",
       "coordinates":  [ 121.5301123,25.1164004 ]
    },
    "properties": {
    "場所名稱":"台北美國學校",
    "場所地址":"11152 中山北路六段 800號",
    "場所分類":"學校、大型集會場所",
    "AED放置地點":"Pool Deck",
    "行政區":"士林區"
    }
  },
  {
    "type": "Feature",
    "geometry": {
       "type": "Point",
       "coordinates":  [ 121.5301123,25.1164004 ]
    },
    "properties": {
    "場所名稱":"台北美國學校",
    "場所地址":"11152 中山北路六段 800號",
    "場所分類":"學校、大型集會場所",
    "AED放置地點":"US 4th Floor",
    "行政區":"士林區"
    }
  },
  {
    "type": "Feature",
    "geometry": {
       "type": "Point",
       "coordinates":  [ 121.5301123,25.1164004 ]
    },
    "properties": {
    "場所名稱":"台北美國學校",
    "場所地址":"11152 中山北路六段 800號",
    "場所分類":"學校、大型集會場所",
    "AED放置地點":"Mobile Nurse’s AED",
    "行政區":"士林區"
    }
  },
  {
    "type": "Feature",
    "geometry": {
       "type": "Point",
       "coordinates":  [ 121.5301123,25.1164004 ]
    },
    "properties": {
    "場所名稱":"台北美國學校",
    "場所地址":"11152 中山北路六段 800號",
    "場所分類":"學校、大型集會場所",
    "AED放置地點":"Tech Cube",
    "行政區":"士林區"
    }
  },
  {
    "type": "Feature",
    "geometry": {
       "type": "Point",
       "coordinates":  [ 121.5301123,25.1164004 ]
    },
    "properties": {
    "場所名稱":"台北美國學校",
    "場所地址":"11152 中山北路六段 800號",
    "場所分類":"學校、大型集會場所",
    "AED放置地點":"LS Gym Back Foyer",
    "行政區":"士林區"
    }
  },
  {
    "type": "Feature",
    "geometry": {
       "type": "Point",
       "coordinates":  [ 121.5301123,25.1164004 ]
    },
    "properties": {
    "場所名稱":"台北美國學校",
    "場所地址":"11152 中山北路六段 800號",
    "場所分類":"學校、大型集會場所",
    "AED放置地點":"MS Outside Entrance",
    "行政區":"士林區"
    }
  },
  {
    "type": "Feature",
    "geometry": {
       "type": "Point",
       "coordinates":  [ 121.523071,25.085741 ]
    },
    "properties": {
    "場所名稱":"英業達股份有限公司D棟",
    "場所地址":"承德路四段166號",
    "場所分類":"其他",
    "AED放置地點":"公司D棟大廳",
    "行政區":"士林區"
    }
  },
  {
    "type": "Feature",
    "geometry": {
       "type": "Point",
       "coordinates":  [ 121.537253,25.115897 ]
    },
    "properties": {
    "場所名稱":"臺北市立大學天母校區",
    "場所地址":"忠誠路二段101號",
    "場所分類":"學校、大型集會場所",
    "AED放置地點":"行政大樓一樓警衛室",
    "行政區":"士林區"
    }
  },
  {
    "type": "Feature",
    "geometry": {
       "type": "Point",
       "coordinates":  [ 121.5301123,25.1164004 ]
    },
    "properties": {
    "場所名稱":"台北美國學校",
    "場所地址":"11152 中山北路六段 800號",
    "場所分類":"學校、大型集會場所",
    "AED放置地點":"Mobile Athletic Trainer’s AED",
    "行政區":"士林區"
    }
  },
  {
    "type": "Feature",
    "geometry": {
       "type": "Point",
       "coordinates":  [ 121.541256,25.135194 ]
    },
    "properties": {
    "場所名稱":"臺北市立陽明教養院華岡院區",
    "場所地址":"凱旋路61巷4弄9號",
    "場所分類":"其他",
    "AED放置地點":"文康大樓1樓",
    "行政區":"士林區"
    }
  },
  {
    "type": "Feature",
    "geometry": {
       "type": "Point",
       "coordinates":  [ 121.482442,25.105869 ]
    },
    "properties": {
    "場所名稱":"臺北市士林區富安國民小學",
    "場所地址":"延平北路8段135號",
    "場所分類":"其他",
    "AED放置地點":"學校穿堂",
    "行政區":"士林區"
    }
  },
  {
    "type": "Feature",
    "geometry": {
       "type": "Point",
       "coordinates":  [ 121.548432,25.10235 ]
    },
    "properties": {
    "場所名稱":"國立故宮博物院",
    "場所地址":"至善路2段221號",
    "場所分類":"大型休閒場所",
    "AED放置地點":"第1展覽館1樓大廳",
    "行政區":"士林區"
    }
  },
  {
    "type": "Feature",
    "geometry": {
       "type": "Point",
       "coordinates":  [ 121.5301123,25.1164004 ]
    },
    "properties": {
    "場所名稱":"台北美國學校",
    "場所地址":"11152 中山北路六段 800號",
    "場所分類":"學校、大型集會場所",
    "AED放置地點":"US Entrance Foyer",
    "行政區":"士林區"
    }
  },
  {
    "type": "Feature",
    "geometry": {
       "type": "Point",
       "coordinates":  [ 121.5301123,25.1164004 ]
    },
    "properties": {
    "場所名稱":"台北美國學校",
    "場所地址":"11152 中山北路六段 800號",
    "場所分類":"學校、大型集會場所",
    "AED放置地點":"LS Playground Entrance",
    "行政區":"士林區"
    }
  },
  {
    "type": "Feature",
    "geometry": {
       "type": "Point",
       "coordinates":  [ 121.524608,25.095049 ]
    },
    "properties": {
    "場所名稱":"臺北市士林區士林國民小學",
    "場所地址":"大東路165號",
    "場所分類":"其他",
    "AED放置地點":"士林國小健康中心",
    "行政區":"士林區"
    }
  },
  {
    "type": "Feature",
    "geometry": {
       "type": "Point",
       "coordinates":  [ 121.535265,25.102662 ]
    },
    "properties": {
    "場所名稱":"臺北市士林區雨聲國民小學",
    "場所地址":"至誠路一段62巷70號",
    "場所分類":"其他",
    "AED放置地點":"穿堂",
    "行政區":"士林區"
    }
  },
  {
    "type": "Feature",
    "geometry": {
       "type": "Point",
       "coordinates":  [ 121.522887,25.079924 ]
    },
    "properties": {
    "場所名稱":"臺北市士林區劍潭國民小學",
    "場所地址":"通河街16號",
    "場所分類":"其他",
    "AED放置地點":"川堂",
    "行政區":"士林區"
    }
  },
  {
    "type": "Feature",
    "geometry": {
       "type": "Point",
       "coordinates":  [ 121.532287,25.111436 ]
    },
    "properties": {
    "場所名稱":"臺北市士林老人服務暨日間照顧中心",
    "場所地址":"忠誠路二段53巷7號6樓",
    "場所分類":"其他",
    "AED放置地點":"日照大廳廁所旁",
    "行政區":"士林區"
    }
  },
  {
    "type": "Feature",
    "geometry": {
       "type": "Point",
       "coordinates":  [ 121.532188,25.097959 ]
    },
    "properties": {
    "場所名稱":"BOSS健身工作室",
    "場所地址":"雨農路19號",
    "場所分類":"學校、大型集會場所",
    "AED放置地點":"啞鈴區旁",
    "行政區":"士林區"
    }
  },
  {
    "type": "Feature",
    "geometry": {
       "type": "Point",
       "coordinates":  [ 121.530618,25.103178 ]
    },
    "properties": {
    "場所名稱":"芝山巖惠濟宮",
    "場所地址":"至誠路一段326巷26號",
    "場所分類":"其他",
    "AED放置地點":"芝山巖惠濟宮福德殿",
    "行政區":"士林區"
    }
  },
  {
    "type": "Feature",
    "geometry": {
       "type": "Point",
       "coordinates":  [ 121.548009,25.094169 ]
    },
    "properties": {
    "場所名稱":"錢穆故居（館所施工中，暫不對外開放）",
    "場所地址":"臨溪路72號",
    "場所分類":"大型休閒場所",
    "AED放置地點":"館所施工中，暫不對外開放，已移置保管。",
    "行政區":"士林區"
    }
  },
  {
    "type": "Feature",
    "geometry": {
       "type": "Point",
       "coordinates":  [ 121.5224909,25.0892243 ]
    },
    "properties": {
    "場所名稱":"A fitness",
    "場所地址":"基河路138號1樓",
    "場所分類":"其他",
    "AED放置地點":"健身房內部",
    "行政區":"士林區"
    }
  },
  {
    "type": "Feature",
    "geometry": {
       "type": "Point",
       "coordinates":  [ 121.5289077,25.1109832 ]
    },
    "properties": {
    "場所名稱":"施達實業有限公司附設臺北市私立施達社區長照機構",
    "場所地址":"德行東路109巷104號2樓",
    "場所分類":"學校、大型集會場所",
    "AED放置地點":"辦公室 (近大門口)",
    "行政區":"士林區"
    }
  },
  {
    "type": "Feature",
    "geometry": {
       "type": "Point",
       "coordinates":  [ 121.537253,25.115897 ]
    },
    "properties": {
    "場所名稱":"臺北市立大學天母校區",
    "場所地址":"忠誠路二段101號",
    "場所分類":"學校、大型集會場所",
    "AED放置地點":"綜合運動館(詩欣館)一樓保全櫃台",
    "行政區":"士林區"
    }
  },
  {
    "type": "Feature",
    "geometry": {
       "type": "Point",
       "coordinates":  [ 121.53383,25.117942 ]
    },
    "properties": {
    "場所名稱":"新光三越百貨股份有限公司台北天母分公司-二館",
    "場所地址":"忠誠路二段200號1樓.202號1樓.206號地下1樓.地上1樓至3樓",
    "場所分類":"大型購物場所",
    "AED放置地點":"B館1F服務台後方",
    "行政區":"士林區"
    }
  },
  {
    "type": "Feature",
    "geometry": {
       "type": "Point",
       "coordinates":  [ 121.538127,25.117097 ]
    },
    "properties": {
    "場所名稱":"臺北市立天母國民中學",
    "場所地址":"天母東路120號",
    "場所分類":"學校、大型集會場所",
    "AED放置地點":"天母國中",
    "行政區":"士林區"
    }
  },
  {
    "type": "Feature",
    "geometry": {
       "type": "Point",
       "coordinates":  [ 121.569343,25.188826 ]
    },
    "properties": {
    "場所名稱":"馬槽花藝商行陽明營業所",
    "場所地址":"竹子湖路251巷20號",
    "場所分類":"大型公眾浴場或溫泉區",
    "AED放置地點":"大眾池收票台左側",
    "行政區":"士林區"
    }
  },
  {
    "type": "Feature",
    "geometry": {
       "type": "Point",
       "coordinates":  [ 121.526814,25.112934 ]
    },
    "properties": {
    "場所名稱":"臺北市士林區士東國民小學",
    "場所地址":"中山北路六段392號",
    "場所分類":"其他",
    "AED放置地點":"士東國小附設幼兒園內",
    "行政區":"士林區"
    }
  },
  {
    "type": "Feature",
    "geometry": {
       "type": "Point",
       "coordinates":  [ 121.5301123,25.1164004 ]
    },
    "properties": {
    "場所名稱":"台北美國學校",
    "場所地址":"11152 中山北路六段 800號",
    "場所分類":"學校、大型集會場所",
    "AED放置地點":"US Gym",
    "行政區":"士林區"
    }
  },
  {
    "type": "Feature",
    "geometry": {
       "type": "Point",
       "coordinates":  [ 121.522514,25.10306 ]
    },
    "properties": {
    "場所名稱":"臺北捷運芝山站R17",
    "場所地址":"福國路70號",
    "場所分類":"交通要衝",
    "AED放置地點":"捷運淡水信義線芝山站1號出口詢問處旁(付費區)",
    "行政區":"士林區"
    }
  },
  {
    "type": "Feature",
    "geometry": {
       "type": "Point",
       "coordinates":  [ 121.52623,25.093535 ]
    },
    "properties": {
    "場所名稱":"臺北捷運士林站R16",
    "場所地址":"福德路1號",
    "場所分類":"交通要衝",
    "AED放置地點":"捷運淡水信義線士林站2號出口男廁旁(付費區)",
    "行政區":"士林區"
    }
  },
  {
    "type": "Feature",
    "geometry": {
       "type": "Point",
       "coordinates":  [ 121.525078,25.084873 ]
    },
    "properties": {
    "場所名稱":"臺北捷運劍潭站R15",
    "場所地址":"中山北路5段65號",
    "場所分類":"交通要衝",
    "AED放置地點":"捷運淡水信義線劍潭站1號出口詢問處旁(付費區)",
    "行政區":"士林區"
    }
  },
  {
    "type": "Feature",
    "geometry": {
       "type": "Point",
       "coordinates":  [ 121.536201,25.12634 ]
    },
    "properties": {
    "場所名稱":"財團法人台北市南海普陀山慧濟寺",
    "場所地址":"中山北路七段190巷34-1號",
    "場所分類":"其他",
    "AED放置地點":"寺務處門口",
    "行政區":"士林區"
    }
  },
  {
    "type": "Feature",
    "geometry": {
       "type": "Point",
       "coordinates":  [ 121.521127,25.085832 ]
    },
    "properties": {
    "場所名稱":"前港公園游泳池",
    "場所地址":"前港街45號",
    "場所分類":"其他",
    "AED放置地點":"入口大廳右側",
    "行政區":"士林區"
    }
  },
  {
    "type": "Feature",
    "geometry": {
       "type": "Point",
       "coordinates":  [ 121.5064568,25.09287155 ]
    },
    "properties": {
    "場所名稱":"百齡左岸河濱公園(社子岸)棒球場",
    "場所地址":"通河西街二段126號堤外",
    "場所分類":"其他",
    "AED放置地點":"百齡左岸河濱公園棒球G場",
    "行政區":"士林區"
    }
  },
  {
    "type": "Feature",
    "geometry": {
       "type": "Point",
       "coordinates":  [ 121.5116571,25.0883275 ]
    },
    "properties": {
    "場所名稱":"百齡左岸河濱公園(社子岸)網球場",
    "場所地址":"通河西街二段10號堤外(百齡橋下)",
    "場所分類":"其他",
    "AED放置地點":"百齡左岸河濱公園(社子岸)網球場",
    "行政區":"士林區"
    }
  },
  {
    "type": "Feature",
    "geometry": {
       "type": "Point",
       "coordinates":  [ 121.531848,25.122814 ]
    },
    "properties": {
    "場所名稱":"沃田有限公司",
    "場所地址":"中山北路7段127號",
    "場所分類":"旅宿場所",
    "AED放置地點":"1樓櫃檯",
    "行政區":"士林區"
    }
  },
  {
    "type": "Feature",
    "geometry": {
       "type": "Point",
       "coordinates":  [ 121.53118,25.128423 ]
    },
    "properties": {
    "場所名稱":"天溪綠地游泳池",
    "場所地址":"中山北路7段219巷3弄170號",
    "場所分類":"其他",
    "AED放置地點":"游泳池入口進入泳池旁",
    "行政區":"士林區"
    }
  },
  {
    "type": "Feature",
    "geometry": {
       "type": "Point",
       "coordinates":  [ 121.52274,25.105749 ]
    },
    "properties": {
    "場所名稱":"家福股份有限公司台北天母分公司(家樂福天母店)",
    "場所地址":"德行西路47號",
    "場所分類":"大型購物場所",
    "AED放置地點":"2F收銀線外",
    "行政區":"士林區"
    }
  },
  {
    "type": "Feature",
    "geometry": {
       "type": "Point",
       "coordinates":  [ 121.529596,25.119208 ]
    },
    "properties": {
    "場所名稱":"Curves女性專用30分鐘健身中心天母店",
    "場所地址":"天母西路3號3樓之11",
    "場所分類":"其他",
    "AED放置地點":"3樓健身房面向運動區左方柱子後側",
    "行政區":"士林區"
    }
  },
  {
    "type": "Feature",
    "geometry": {
       "type": "Point",
       "coordinates":  [ 121.507988,25.085495 ]
    },
    "properties": {
    "場所名稱":"臺北市士林區社子國民小學",
    "場所地址":"延平北路六段308號",
    "場所分類":"其他",
    "AED放置地點":"民生樓 游泳池",
    "行政區":"士林區"
    }
  },
  {
    "type": "Feature",
    "geometry": {
       "type": "Point",
       "coordinates":  [ 121.5272749,25.1048744 ]
    },
    "properties": {
    "場所名稱":"PQ FITNESS",
    "場所地址":"忠誠路一段60號B1F",
    "場所分類":"其他",
    "AED放置地點":"櫃檯前方",
    "行政區":"士林區"
    }
  },
  {
    "type": "Feature",
    "geometry": {
       "type": "Point",
       "coordinates":  [ 121.514709,25.097094 ]
    },
    "properties": {
    "場所名稱":"臺北市立兒童新樂園",
    "場所地址":"承德路5段55號",
    "場所分類":"觀光旅遊地區",
    "AED放置地點":"2樓美食街外廣場",
    "行政區":"士林區"
    }
  },
  {
    "type": "Feature",
    "geometry": {
       "type": "Point",
       "coordinates":  [ 121.523071,25.085741 ]
    },
    "properties": {
    "場所名稱":"英業達股份有限公司D棟",
    "場所地址":"承德路四段166號",
    "場所分類":"其他",
    "AED放置地點":"公司D棟大廳",
    "行政區":"士林區"
    }
  },
  {
    "type": "Feature",
    "geometry": {
       "type": "Point",
       "coordinates":  [ 121.548864,25.14344075 ]
    },
    "properties": {
    "場所名稱":"雀客國際酒店股份有限公司雀客藏居台北陽明山",
    "場所地址":"格致路237號",
    "場所分類":"大型公眾浴場或溫泉區",
    "AED放置地點":"111台北市士林區格致路237號 一樓櫃台",
    "行政區":"士林區"
    }
  },
  {
    "type": "Feature",
    "geometry": {
       "type": "Point",
       "coordinates":  [ 121.548432,25.10235 ]
    },
    "properties": {
    "場所名稱":"國立故宮博物院",
    "場所地址":"至善路2段221號",
    "場所分類":"大型休閒場所",
    "AED放置地點":"至善園入口",
    "行政區":"士林區"
    }
  },
  {
    "type": "Feature",
    "geometry": {
       "type": "Point",
       "coordinates":  [ 121.538749,25.136543 ]
    },
    "properties": {
    "場所名稱":"中國文化大學 大恩館",
    "場所地址":"華岡路55號",
    "場所分類":"學校、大型集會場所",
    "AED放置地點":"本校大成館",
    "行政區":"士林區"
    }
  },
  {
    "type": "Feature",
    "geometry": {
       "type": "Point",
       "coordinates":  [ 121.538749,25.136543 ]
    },
    "properties": {
    "場所名稱":"中國文化大學 大恩館",
    "場所地址":"華岡路55號",
    "場所分類":"學校、大型集會場所",
    "AED放置地點":"大義館",
    "行政區":"士林區"
    }
  },
  {
    "type": "Feature",
    "geometry": {
       "type": "Point",
       "coordinates":  [ 121.538749,25.136543 ]
    },
    "properties": {
    "場所名稱":"中國文化大學 大恩館",
    "場所地址":"華岡路55號",
    "場所分類":"學校、大型集會場所",
    "AED放置地點":"本校大孝館8樓",
    "行政區":"士林區"
    }
  },
  {
    "type": "Feature",
    "geometry": {
       "type": "Point",
       "coordinates":  [ 121.5241572,25.0846148 ]
    },
    "properties": {
    "場所名稱":"臺北表演藝術中心",
    "場所地址":"劍潭路1號",
    "場所分類":"大型休閒場所",
    "AED放置地點":"10樓辦公區",
    "行政區":"士林區"
    }
  },
  {
    "type": "Feature",
    "geometry": {
       "type": "Point",
       "coordinates":  [ 121.579677,25.06307 ]
    },
    "properties": {
    "場所名稱":"騰富科技大樓",
    "場所地址":"新湖二路168號六樓",
    "場所分類":"其他",
    "AED放置地點":"大廳一樓",
    "行政區":"內湖區"
    }
  },
  {
    "type": "Feature",
    "geometry": {
       "type": "Point",
       "coordinates":  [ 121.616068,25.06916 ]
    },
    "properties": {
    "場所名稱":"臺北市內湖區東湖國民小學",
    "場所地址":"東湖路115號",
    "場所分類":"其他",
    "AED放置地點":"穿堂",
    "行政區":"內湖區"
    }
  },
  {
    "type": "Feature",
    "geometry": {
       "type": "Point",
       "coordinates":  [ 121.616068,25.06916 ]
    },
    "properties": {
    "場所名稱":"臺北市內湖區東湖國民小學",
    "場所地址":"東湖路115號",
    "場所分類":"其他",
    "AED放置地點":"健康中心外走廊",
    "行政區":"內湖區"
    }
  },
  {
    "type": "Feature",
    "geometry": {
       "type": "Point",
       "coordinates":  [ 121.572369,25.077252 ]
    },
    "properties": {
    "場所名稱":"中租控股股份有限公司",
    "場所地址":"瑞光路362號",
    "場所分類":"其他",
    "AED放置地點":"公司咖啡廳門口",
    "行政區":"內湖區"
    }
  },
  {
    "type": "Feature",
    "geometry": {
       "type": "Point",
       "coordinates":  [ 121.5705162,25.081453 ]
    },
    "properties": {
    "場所名稱":"力康健康事業股份有限公司",
    "場所地址":"內湖路一段356號2樓",
    "場所分類":"其他",
    "AED放置地點":"健康管理中心內",
    "行政區":"內湖區"
    }
  },
  {
    "type": "Feature",
    "geometry": {
       "type": "Point",
       "coordinates":  [ 121.581583,25.059121 ]
    },
    "properties": {
    "場所名稱":"臺北市內湖區潭美國民小學",
    "場所地址":"行善路179號",
    "場所分類":"其他",
    "AED放置地點":"健康中心外",
    "行政區":"內湖區"
    }
  },
  {
    "type": "Feature",
    "geometry": {
       "type": "Point",
       "coordinates":  [ 121.572465,25.083679 ]
    },
    "properties": {
    "場所名稱":"臺北市內湖區麗山國民小學",
    "場所地址":"港華街100號",
    "場所分類":"其他",
    "AED放置地點":"前棟穿堂(進校門右側)",
    "行政區":"內湖區"
    }
  },
  {
    "type": "Feature",
    "geometry": {
       "type": "Point",
       "coordinates":  [ 121.590903,25.068942 ]
    },
    "properties": {
    "場所名稱":"臺灣士林地方法院民事庭",
    "場所地址":"民權東路六段91號",
    "場所分類":"學校、大型集會場所",
    "AED放置地點":"1F法警室外面",
    "行政區":"內湖區"
    }
  },
  {
    "type": "Feature",
    "geometry": {
       "type": "Point",
       "coordinates":  [ 121.578194,25.077287 ]
    },
    "properties": {
    "場所名稱":"麥克王運動訓練有公司",
    "場所地址":"江南街65巷6號1樓",
    "場所分類":"學校、大型集會場所",
    "AED放置地點":"店內一樓",
    "行政區":"內湖區"
    }
  },
  {
    "type": "Feature",
    "geometry": {
       "type": "Point",
       "coordinates":  [ 121.610761,25.071323 ]
    },
    "properties": {
    "場所名稱":"臺北市內湖區明湖國民小學",
    "場所地址":"康寧路三段105號",
    "場所分類":"其他",
    "AED放置地點":"明湖國小警衛室",
    "行政區":"內湖區"
    }
  },
  {
    "type": "Feature",
    "geometry": {
       "type": "Point",
       "coordinates":  [ 121.578749,25.062436 ]
    },
    "properties": {
    "場所名稱":"台灣新光保全股份有限公司2館優勢領航大樓",
    "場所地址":"新湖二路128號3樓",
    "場所分類":"其他",
    "AED放置地點":"3樓左側屋內",
    "行政區":"內湖區"
    }
  },
  {
    "type": "Feature",
    "geometry": {
       "type": "Point",
       "coordinates":  [ 121.580118,25.063894 ]
    },
    "properties": {
    "場所名稱":"台灣新光保全股份有限公司科技總部",
    "場所地址":"行愛路128號1樓",
    "場所分類":"其他",
    "AED放置地點":"大門入口右側",
    "行政區":"內湖區"
    }
  },
  {
    "type": "Feature",
    "geometry": {
       "type": "Point",
       "coordinates":  [ 121.5780389,25.0609683 ]
    },
    "properties": {
    "場所名稱":"宜家家居股份有限公司內湖店",
    "場所地址":"舊宗路一段128號",
    "場所分類":"大型購物場所",
    "AED放置地點":"2F的瑞典餐廳入口處",
    "行政區":"內湖區"
    }
  },
  {
    "type": "Feature",
    "geometry": {
       "type": "Point",
       "coordinates":  [ 121.5780389,25.0609683 ]
    },
    "properties": {
    "場所名稱":"宜家家居股份有限公司內湖店",
    "場所地址":"舊宗路一段128號",
    "場所分類":"大型購物場所",
    "AED放置地點":"3F斯慕蘭兒童遊樂場前",
    "行政區":"內湖區"
    }
  },
  {
    "type": "Feature",
    "geometry": {
       "type": "Point",
       "coordinates":  [ 121.5780389,25.0609683 ]
    },
    "properties": {
    "場所名稱":"宜家家居股份有限公司內湖店",
    "場所地址":"舊宗路一段128號",
    "場所分類":"大型購物場所",
    "AED放置地點":"1F的2號門入口",
    "行政區":"內湖區"
    }
  },
  {
    "type": "Feature",
    "geometry": {
       "type": "Point",
       "coordinates":  [ 121.5833534,25.05525672 ]
    },
    "properties": {
    "場所名稱":"洲尾庄興安宮",
    "場所地址":"潭美街183號",
    "場所分類":"其他",
    "AED放置地點":"放置於廟公辦公室",
    "行政區":"內湖區"
    }
  },
  {
    "type": "Feature",
    "geometry": {
       "type": "Point",
       "coordinates":  [ 121.5840989,25.0576522 ]
    },
    "properties": {
    "場所名稱":"週美里里民活動場所",
    "場所地址":"南京東路六段330巷18弄12號",
    "場所分類":"其他",
    "AED放置地點":"里辦公處內",
    "行政區":"內湖區"
    }
  },
  {
    "type": "Feature",
    "geometry": {
       "type": "Point",
       "coordinates":  [ 121.594819,25.080064 ]
    },
    "properties": {
    "場所名稱":"臺北市內湖區康寧國民小學",
    "場所地址":"星雲街121號",
    "場所分類":"其他",
    "AED放置地點":"活動中心平台",
    "行政區":"內湖區"
    }
  },
  {
    "type": "Feature",
    "geometry": {
       "type": "Point",
       "coordinates":  [ 121.567116,25.078695 ]
    },
    "properties": {
    "場所名稱":"台灣之星電信股份有限公司",
    "場所地址":"堤頂大道2段239號6樓",
    "場所分類":"其他",
    "AED放置地點":"6樓梯廳",
    "行政區":"內湖區"
    }
  },
  {
    "type": "Feature",
    "geometry": {
       "type": "Point",
       "coordinates":  [ 121.611276,25.070238 ]
    },
    "properties": {
    "場所名稱":"香港商世界健身事業有限公司內湖分公司",
    "場所地址":"康寧路3段72號6樓",
    "場所分類":"學校、大型集會場所",
    "AED放置地點":"8F教練部重訓區",
    "行政區":"內湖區"
    }
  },
  {
    "type": "Feature",
    "geometry": {
       "type": "Point",
       "coordinates":  [ 121.610599,25.063786 ]
    },
    "properties": {
    "場所名稱":"北都汽車股份有限公司-東湖廠",
    "場所地址":"潭美街791號",
    "場所分類":"其他",
    "AED放置地點":"工廠內客戶休息室",
    "行政區":"內湖區"
    }
  },
  {
    "type": "Feature",
    "geometry": {
       "type": "Point",
       "coordinates":  [ 121.605298,25.062515 ]
    },
    "properties": {
    "場所名稱":"臺北市政府環境保護局內湖垃圾焚化廠",
    "場所地址":"安康路290號",
    "場所分類":"其他",
    "AED放置地點":"管理大樓",
    "行政區":"內湖區"
    }
  },
  {
    "type": "Feature",
    "geometry": {
       "type": "Point",
       "coordinates":  [ 121.574173,25.065479 ]
    },
    "properties": {
    "場所名稱":"臺北市政府工務局新建工程處養護工程隊第二分隊",
    "場所地址":"民權東路六段臨8-1號",
    "場所分類":"其他",
    "AED放置地點":"大門口",
    "行政區":"內湖區"
    }
  },
  {
    "type": "Feature",
    "geometry": {
       "type": "Point",
       "coordinates":  [ 121.565225,25.086706 ]
    },
    "properties": {
    "場所名稱":"德明財經科技大學(綜合大樓)",
    "場所地址":"環山路1段56號",
    "場所分類":"學校、大型集會場所",
    "AED放置地點":"學生宿舍1F電梯口",
    "行政區":"內湖區"
    }
  },
  {
    "type": "Feature",
    "geometry": {
       "type": "Point",
       "coordinates":  [ 121.612902,25.067475 ]
    },
    "properties": {
    "場所名稱":"臺北市政府警察局交通警察大隊內湖分隊",
    "場所地址":"五分街8號六樓",
    "場所分類":"其他",
    "AED放置地點":"值班台正後方",
    "行政區":"內湖區"
    }
  },
  {
    "type": "Feature",
    "geometry": {
       "type": "Point",
       "coordinates":  [ 121.601403,25.084248 ]
    },
    "properties": {
    "場所名稱":"臺北市政府警察局內湖分局大湖派出所",
    "場所地址":"成功路五段1號",
    "場所分類":"公眾服務單位設施",
    "AED放置地點":"大湖所值班台左側",
    "行政區":"內湖區"
    }
  },
  {
    "type": "Feature",
    "geometry": {
       "type": "Point",
       "coordinates":  [ 121.605298,25.062515 ]
    },
    "properties": {
    "場所名稱":"臺北市政府環境保護局內湖垃圾焚化廠",
    "場所地址":"安康路290號",
    "場所分類":"其他",
    "AED放置地點":"管理大樓1樓廠房電梯前",
    "行政區":"內湖區"
    }
  },
  {
    "type": "Feature",
    "geometry": {
       "type": "Point",
       "coordinates":  [ 121.5669661,25.0797799 ]
    },
    "properties": {
    "場所名稱":"優勢開發管理顧問有限公司-內科館",
    "場所地址":"瑞光路550號1樓",
    "場所分類":"學校、大型集會場所",
    "AED放置地點":"電視牆後方",
    "行政區":"內湖區"
    }
  },
  {
    "type": "Feature",
    "geometry": {
       "type": "Point",
       "coordinates":  [ 121.6064016,25.0733914 ]
    },
    "properties": {
    "場所名稱":"大湖璞旅",
    "場所地址":"成功路五段462號3樓",
    "場所分類":"旅宿場所",
    "AED放置地點":"一樓大廳",
    "行政區":"內湖區"
    }
  },
  {
    "type": "Feature",
    "geometry": {
       "type": "Point",
       "coordinates":  [ 121.582899,25.082751 ]
    },
    "properties": {
    "場所名稱":"碧湖公園",
    "場所地址":"內湖路2段175號",
    "場所分類":"其他",
    "AED放置地點":"管理室(小白宮)",
    "行政區":"內湖區"
    }
  },
  {
    "type": "Feature",
    "geometry": {
       "type": "Point",
       "coordinates":  [ 121.590059,25.085765 ]
    },
    "properties": {
    "場所名稱":"臺北市金龍發展中心",
    "場所地址":"金龍路136-1號",
    "場所分類":"其他",
    "AED放置地點":"本棟2樓",
    "行政區":"內湖區"
    }
  },
  {
    "type": "Feature",
    "geometry": {
       "type": "Point",
       "coordinates":  [ 121.592457,25.068201 ]
    },
    "properties": {
    "場所名稱":"香港商世界健身事業有限公司內湖民權分公司",
    "場所地址":"民權東路六段180巷6號B2",
    "場所分類":"學校、大型集會場所",
    "AED放置地點":"櫃檯前方",
    "行政區":"內湖區"
    }
  },
  {
    "type": "Feature",
    "geometry": {
       "type": "Point",
       "coordinates":  [ 121.611483,25.067274 ]
    },
    "properties": {
    "場所名稱":"臺北捷運東湖站BR22",
    "場所地址":"康寧路3段235號",
    "場所分類":"交通要衝",
    "AED放置地點":"主詢問處附近",
    "行政區":"內湖區"
    }
  },
  {
    "type": "Feature",
    "geometry": {
       "type": "Point",
       "coordinates":  [ 121.607111,25.072723 ]
    },
    "properties": {
    "場所名稱":"臺北捷運葫洲站BR21",
    "場所地址":"康寧路3段16號",
    "場所分類":"交通要衝",
    "AED放置地點":"主詢問處附近",
    "行政區":"內湖區"
    }
  },
  {
    "type": "Feature",
    "geometry": {
       "type": "Point",
       "coordinates":  [ 121.60209,25.083867 ]
    },
    "properties": {
    "場所名稱":"臺北捷運大湖公園站BR20",
    "場所地址":"成功路5段11號",
    "場所分類":"交通要衝",
    "AED放置地點":"主詢問處附近",
    "行政區":"內湖區"
    }
  },
  {
    "type": "Feature",
    "geometry": {
       "type": "Point",
       "coordinates":  [ 121.594368,25.083682 ]
    },
    "properties": {
    "場所名稱":"臺北捷運內湖站BR19",
    "場所地址":"成功路4段186號",
    "場所分類":"交通要衝",
    "AED放置地點":"主詢問處附近",
    "行政區":"內湖區"
    }
  },
  {
    "type": "Feature",
    "geometry": {
       "type": "Point",
       "coordinates":  [ 121.584714,25.078552 ]
    },
    "properties": {
    "場所名稱":"臺北捷運文德站BR18",
    "場所地址":"文德路214號",
    "場所分類":"交通要衝",
    "AED放置地點":"主詢問處附近",
    "行政區":"內湖區"
    }
  },
  {
    "type": "Feature",
    "geometry": {
       "type": "Point",
       "coordinates":  [ 121.575024,25.080048 ]
    },
    "properties": {
    "場所名稱":"臺北捷運港墘站BR17",
    "場所地址":"內湖路1段663號",
    "場所分類":"交通要衝",
    "AED放置地點":"主詢問處附近",
    "行政區":"內湖區"
    }
  },
  {
    "type": "Feature",
    "geometry": {
       "type": "Point",
       "coordinates":  [ 121.56717,25.082159 ]
    },
    "properties": {
    "場所名稱":"臺北捷運西湖站BR16",
    "場所地址":"內湖路1段256號",
    "場所分類":"交通要衝",
    "AED放置地點":"主詢問處附近",
    "行政區":"內湖區"
    }
  },
  {
    "type": "Feature",
    "geometry": {
       "type": "Point",
       "coordinates":  [ 121.576145,25.073447 ]
    },
    "properties": {
    "場所名稱":"妮飛健身空間",
    "場所地址":"瑞湖街99號",
    "場所分類":"學校、大型集會場所",
    "AED放置地點":"妮飛健身空間",
    "行政區":"內湖區"
    }
  },
  {
    "type": "Feature",
    "geometry": {
       "type": "Point",
       "coordinates":  [ 121.582898,25.065901 ]
    },
    "properties": {
    "場所名稱":"友訊科技股份有限公司",
    "場所地址":"新湖三路289號1樓",
    "場所分類":"其他",
    "AED放置地點":"4樓醫務室前",
    "行政區":"內湖區"
    }
  },
  {
    "type": "Feature",
    "geometry": {
       "type": "Point",
       "coordinates":  [ 121.582898,25.065901 ]
    },
    "properties": {
    "場所名稱":"友訊科技股份有限公司",
    "場所地址":"新湖三路289號1樓",
    "場所分類":"其他",
    "AED放置地點":"1樓服務台旁",
    "行政區":"內湖區"
    }
  },
  {
    "type": "Feature",
    "geometry": {
       "type": "Point",
       "coordinates":  [ 121.5907961,25.09765387 ]
    },
    "properties": {
    "場所名稱":"圓覺寺",
    "場所地址":"碧山路39號",
    "場所分類":"其他",
    "AED放置地點":"寺廟後方涼亭",
    "行政區":"內湖區"
    }
  },
  {
    "type": "Feature",
    "geometry": {
       "type": "Point",
       "coordinates":  [ 121.5716043,25.0897944 ]
    },
    "properties": {
    "場所名稱":"金面山步道竹月寺",
    "場所地址":"環山路二段50巷14弄14號之7號",
    "場所分類":"其他",
    "AED放置地點":"正殿",
    "行政區":"內湖區"
    }
  },
  {
    "type": "Feature",
    "geometry": {
       "type": "Point",
       "coordinates":  [ 121.5811509,25.10417567 ]
    },
    "properties": {
    "場所名稱":"碧山露營場",
    "場所地址":"碧山路26之7號",
    "場所分類":"其他",
    "AED放置地點":"服務中心(管理室)",
    "行政區":"內湖區"
    }
  },
  {
    "type": "Feature",
    "geometry": {
       "type": "Point",
       "coordinates":  [ 121.5847057,25.0940759 ]
    },
    "properties": {
    "場所名稱":"觀音佛祖慈聖宮",
    "場所地址":"內湖路三段256巷16號",
    "場所分類":"其他",
    "AED放置地點":"主殿2樓",
    "行政區":"內湖區"
    }
  },
  {
    "type": "Feature",
    "geometry": {
       "type": "Point",
       "coordinates":  [ 121.5663634,25.08201156 ]
    },
    "properties": {
    "場所名稱":"瓦城泰國料理 - 西湖店",
    "場所地址":"內湖路一段246-1號",
    "場所分類":"其他",
    "AED放置地點":"餐廳內",
    "行政區":"內湖區"
    }
  },
  {
    "type": "Feature",
    "geometry": {
       "type": "Point",
       "coordinates":  [ 121.565225,25.086706 ]
    },
    "properties": {
    "場所名稱":"德明財經科技大學(綜合大樓)",
    "場所地址":"環山路1段56號",
    "場所分類":"學校、大型集會場所",
    "AED放置地點":"綜合大樓六樓重量訓練室門口處",
    "行政區":"內湖區"
    }
  },
  {
    "type": "Feature",
    "geometry": {
       "type": "Point",
       "coordinates":  [ 121.590133,25.082075 ]
    },
    "properties": {
    "場所名稱":"臺北市政府警察局內湖分局內湖派出所",
    "場所地址":"內湖路二段261號",
    "場所分類":"公眾服務單位設施",
    "AED放置地點":"便民服務室內",
    "行政區":"內湖區"
    }
  },
  {
    "type": "Feature",
    "geometry": {
       "type": "Point",
       "coordinates":  [ 121.576762,25.078846 ]
    },
    "properties": {
    "場所名稱":"臺北市政府警察局內湖分局港墘派出所",
    "場所地址":"內湖路1段550號",
    "場所分類":"公眾服務單位設施",
    "AED放置地點":"值勤臺後方",
    "行政區":"內湖區"
    }
  },
  {
    "type": "Feature",
    "geometry": {
       "type": "Point",
       "coordinates":  [ 121.598111,25.06466 ]
    },
    "properties": {
    "場所名稱":"交通部高速公路局北區養護工程分局內湖工務段",
    "場所地址":"民權東路6段206巷143弄93號",
    "場所分類":"其他",
    "AED放置地點":"交通部高速公路局北區養護工程分局內湖工務段",
    "行政區":"內湖區"
    }
  },
  {
    "type": "Feature",
    "geometry": {
       "type": "Point",
       "coordinates":  [ 121.61299,25.067469 ]
    },
    "properties": {
    "場所名稱":"臺北市政府警察局內湖分局東湖派出所",
    "場所地址":"五分街10號",
    "場所分類":"公眾服務單位設施",
    "AED放置地點":"進門左側",
    "行政區":"內湖區"
    }
  },
  {
    "type": "Feature",
    "geometry": {
       "type": "Point",
       "coordinates":  [ 121.575514,25.079369 ]
    },
    "properties": {
    "場所名稱":"臺北市立內湖高級工業職業學校",
    "場所地址":"內湖路一段520號",
    "場所分類":"學校、大型集會場所",
    "AED放置地點":"行政大樓1樓川堂",
    "行政區":"內湖區"
    }
  },
  {
    "type": "Feature",
    "geometry": {
       "type": "Point",
       "coordinates":  [ 121.565225,25.086706 ]
    },
    "properties": {
    "場所名稱":"德明財經科技大學(綜合大樓)",
    "場所地址":"環山路1段56號",
    "場所分類":"學校、大型集會場所",
    "AED放置地點":"綜合大樓學務處衛保組",
    "行政區":"內湖區"
    }
  },
  {
    "type": "Feature",
    "geometry": {
       "type": "Point",
       "coordinates":  [ 121.575345,25.080302 ]
    },
    "properties": {
    "場所名稱":"全真概念健康事業股份有限公司-內湖分公司",
    "場所地址":"內湖路1段659號B1",
    "場所分類":"學校、大型集會場所",
    "AED放置地點":"電腦訂課區",
    "行政區":"內湖區"
    }
  },
  {
    "type": "Feature",
    "geometry": {
       "type": "Point",
       "coordinates":  [ 121.565225,25.086706 ]
    },
    "properties": {
    "場所名稱":"德明財經科技大學(綜合大樓)",
    "場所地址":"環山路1段56號",
    "場所分類":"學校、大型集會場所",
    "AED放置地點":"又新樓1樓電梯旁",
    "行政區":"內湖區"
    }
  },
  {
    "type": "Feature",
    "geometry": {
       "type": "Point",
       "coordinates":  [ 121.588976,25.077971 ]
    },
    "properties": {
    "場所名稱":"臺北市私立文德女子高級中學",
    "場所地址":"成功路3段70號",
    "場所分類":"學校、大型集會場所",
    "AED放置地點":"海星樓一樓穿堂",
    "行政區":"內湖區"
    }
  },
  {
    "type": "Feature",
    "geometry": {
       "type": "Point",
       "coordinates":  [ 121.582828,25.070544 ]
    },
    "properties": {
    "場所名稱":"內政部警政署保安警察第六總隊第二大隊第四中隊",
    "場所地址":"瑞光路63號",
    "場所分類":"其他",
    "AED放置地點":"值班台左側牆面",
    "行政區":"內湖區"
    }
  },
  {
    "type": "Feature",
    "geometry": {
       "type": "Point",
       "coordinates":  [ 121.5880759,25.0693178 ]
    },
    "properties": {
    "場所名稱":"內湖郵局",
    "場所地址":"民權東路六段83號",
    "場所分類":"其他",
    "AED放置地點":"後門警衛室",
    "行政區":"內湖區"
    }
  },
  {
    "type": "Feature",
    "geometry": {
       "type": "Point",
       "coordinates":  [ 121.610897,25.066822 ]
    },
    "properties": {
    "場所名稱":"南湖高中運動中心",
    "場所地址":"康寧路三段220號",
    "場所分類":"學校、大型集會場所",
    "AED放置地點":"游泳池階梯看台",
    "行政區":"內湖區"
    }
  },
  {
    "type": "Feature",
    "geometry": {
       "type": "Point",
       "coordinates":  [ 121.6106211,25.0679496 ]
    },
    "properties": {
    "場所名稱":"南湖國小運動中心",
    "場所地址":"康寧路三段200號運動中心2F",
    "場所分類":"學校、大型集會場所",
    "AED放置地點":"臺北市內湖區康寧路三段200號運動中心2F",
    "行政區":"內湖區"
    }
  },
  {
    "type": "Feature",
    "geometry": {
       "type": "Point",
       "coordinates":  [ 121.577812,25.074192 ]
    },
    "properties": {
    "場所名稱":"台達電子工業股份有限公司",
    "場所地址":"瑞光路186號",
    "場所分類":"其他",
    "AED放置地點":"1F大廳",
    "行政區":"內湖區"
    }
  },
  {
    "type": "Feature",
    "geometry": {
       "type": "Point",
       "coordinates":  [ 121.58869,25.077035 ]
    },
    "properties": {
    "場所名稱":"臺北市內湖國中",
    "場所地址":"台北市內湖區陽光街1號",
    "場所分類":"學校、大型集會場所",
    "AED放置地點":"游泳池旁",
    "行政區":"內湖區"
    }
  },
  {
    "type": "Feature",
    "geometry": {
       "type": "Point",
       "coordinates":  [ 121.60048,25.088121 ]
    },
    "properties": {
    "場所名稱":"臺北市內湖區大湖國民小學",
    "場所地址":"大湖山莊街170號",
    "場所分類":"其他",
    "AED放置地點":"台北市內湖區大湖山莊街170號",
    "行政區":"內湖區"
    }
  },
  {
    "type": "Feature",
    "geometry": {
       "type": "Point",
       "coordinates":  [ 121.619458,25.072199 ]
    },
    "properties": {
    "場所名稱":"臺北市立東湖國民中學",
    "場所地址":"康樂街131號",
    "場所分類":"其他",
    "AED放置地點":"穿堂電梯旁",
    "行政區":"內湖區"
    }
  },
  {
    "type": "Feature",
    "geometry": {
       "type": "Point",
       "coordinates":  [ 121.619458,25.072199 ]
    },
    "properties": {
    "場所名稱":"臺北市立東湖國民中學",
    "場所地址":"康樂街131號",
    "場所分類":"其他",
    "AED放置地點":"東湖國中活動中心1樓(大樓內)",
    "行政區":"內湖區"
    }
  },
  {
    "type": "Feature",
    "geometry": {
       "type": "Point",
       "coordinates":  [ 121.588549,25.068226 ]
    },
    "properties": {
    "場所名稱":"臺北市內湖區新湖國民小學",
    "場所地址":"民權東路6段138號",
    "場所分類":"學校、大型集會場所",
    "AED放置地點":"學務處前",
    "行政區":"內湖區"
    }
  },
  {
    "type": "Feature",
    "geometry": {
       "type": "Point",
       "coordinates":  [ 121.565699,25.08383 ]
    },
    "properties": {
    "場所名稱":"臺北市內湖區西湖國民小學",
    "場所地址":"環山路一段25號",
    "場所分類":"其他",
    "AED放置地點":"大門口川堂",
    "行政區":"內湖區"
    }
  },
  {
    "type": "Feature",
    "geometry": {
       "type": "Point",
       "coordinates":  [ 121.575533,25.0572132 ]
    },
    "properties": {
    "場所名稱":"鎔德股份有限公司(行善服務中心)",
    "場所地址":"行善路48巷9號",
    "場所分類":"其他",
    "AED放置地點":"1F電梯前",
    "行政區":"內湖區"
    }
  },
  {
    "type": "Feature",
    "geometry": {
       "type": "Point",
       "coordinates":  [ 121.5804359,25.0581736 ]
    },
    "properties": {
    "場所名稱":"鎔德股份有限公司(內湖展示中心)",
    "場所地址":"舊宗路一段36號",
    "場所分類":"大型購物場所",
    "AED放置地點":"1F入口處",
    "行政區":"內湖區"
    }
  },
  {
    "type": "Feature",
    "geometry": {
       "type": "Point",
       "coordinates":  [ 121.5748708,25.0612852 ]
    },
    "properties": {
    "場所名稱":"美福食集",
    "場所地址":"民善街128號1樓",
    "場所分類":"大型購物場所",
    "AED放置地點":"美福食集入口",
    "行政區":"內湖區"
    }
  },
  {
    "type": "Feature",
    "geometry": {
       "type": "Point",
       "coordinates":  [ 121.5736941,25.0770378 ]
    },
    "properties": {
    "場所名稱":"奇林樂活股份有限公司",
    "場所地址":"瑞光路337號8樓",
    "場所分類":"大型休閒場所",
    "AED放置地點":"Precap休息區",
    "行政區":"內湖區"
    }
  },
  {
    "type": "Feature",
    "geometry": {
       "type": "Point",
       "coordinates":  [ 121.6017439,25.08604543 ]
    },
    "properties": {
    "場所名稱":"臺北市政府環境保護局內湖區清潔隊內湖分隊",
    "場所地址":"大湖山莊街117號",
    "場所分類":"其他",
    "AED放置地點":"1F梯間",
    "行政區":"內湖區"
    }
  },
  {
    "type": "Feature",
    "geometry": {
       "type": "Point",
       "coordinates":  [ 121.610531,25.076465 ]
    },
    "properties": {
    "場所名稱":"康寧學校財團法人康寧大學",
    "場所地址":"康寧路3段75巷137號",
    "場所分類":"學校、大型集會場所",
    "AED放置地點":"野聲館門口",
    "行政區":"內湖區"
    }
  },
  {
    "type": "Feature",
    "geometry": {
       "type": "Point",
       "coordinates":  [ 121.610531,25.076465 ]
    },
    "properties": {
    "場所名稱":"康寧學校財團法人康寧大學",
    "場所地址":"康寧路3段75巷137號",
    "場所分類":"學校、大型集會場所",
    "AED放置地點":"宿舍門口",
    "行政區":"內湖區"
    }
  },
  {
    "type": "Feature",
    "geometry": {
       "type": "Point",
       "coordinates":  [ 121.594264,25.083992 ]
    },
    "properties": {
    "場所名稱":"潤泰建設股份有限公司(CITYLINK內湖店)",
    "場所地址":"成功路四段188號1樓",
    "場所分類":"大型購物場所",
    "AED放置地點":"一樓服務台旁",
    "行政區":"內湖區"
    }
  },
  {
    "type": "Feature",
    "geometry": {
       "type": "Point",
       "coordinates":  [ 121.610413,25.066494 ]
    },
    "properties": {
    "場所名稱":"臺北市立南湖高級中學",
    "場所地址":"康寧路3段220號",
    "場所分類":"學校、大型集會場所",
    "AED放置地點":"東風樓3樓學務處",
    "行政區":"內湖區"
    }
  },
  {
    "type": "Feature",
    "geometry": {
       "type": "Point",
       "coordinates":  [ 121.5842632,25.06644882 ]
    },
    "properties": {
    "場所名稱":"臺北市政府環境保護局資源回收隊內湖再生家具",
    "場所地址":"行忠路178巷1號",
    "場所分類":"其他",
    "AED放置地點":"展示場一樓",
    "行政區":"內湖區"
    }
  },
  {
    "type": "Feature",
    "geometry": {
       "type": "Point",
       "coordinates":  [ 121.579137,25.073419 ]
    },
    "properties": {
    "場所名稱":"臺北市政府環境保護局內湖區清潔隊科技分隊",
    "場所地址":"瑞光路160號B1",
    "場所分類":"其他",
    "AED放置地點":"辦公室",
    "行政區":"內湖區"
    }
  },
  {
    "type": "Feature",
    "geometry": {
       "type": "Point",
       "coordinates":  [ 121.5941194,25.0614696 ]
    },
    "properties": {
    "場所名稱":"中國信託商業銀行 (行政大樓)",
    "場所地址":"安康路22巷33號",
    "場所分類":"其他",
    "AED放置地點":"行政大樓大廳",
    "行政區":"內湖區"
    }
  },
  {
    "type": "Feature",
    "geometry": {
       "type": "Point",
       "coordinates":  [ 121.616441,25.06805 ]
    },
    "properties": {
    "場所名稱":"斜槓人生實業有限公司（FITLAB健身試驗所)",
    "場所地址":"東湖路126號2樓",
    "場所分類":"學校、大型集會場所",
    "AED放置地點":"櫃檯旁",
    "行政區":"內湖區"
    }
  },
  {
    "type": "Feature",
    "geometry": {
       "type": "Point",
       "coordinates":  [ 121.604383,25.061926 ]
    },
    "properties": {
    "場所名稱":"臺北市政府環境保護局內湖垃圾焚化廠(葫蘆洲運動公園)",
    "場所地址":"安康路228巷20號",
    "場所分類":"學校、大型集會場所",
    "AED放置地點":"游泳池",
    "行政區":"內湖區"
    }
  },
  {
    "type": "Feature",
    "geometry": {
       "type": "Point",
       "coordinates":  [ 121.5843356,25.06365669 ]
    },
    "properties": {
    "場所名稱":"萬海航運股份有限公司(內湖辦公室)",
    "場所地址":"新湖一路361號",
    "場所分類":"其他",
    "AED放置地點":"新湖一路361號4F",
    "行政區":"內湖區"
    }
  },
  {
    "type": "Feature",
    "geometry": {
       "type": "Point",
       "coordinates":  [ 121.611421,25.06982 ]
    },
    "properties": {
    "場所名稱":"哈拉數位影城",
    "場所地址":"康寧路3段72號",
    "場所分類":"大型休閒場所",
    "AED放置地點":"四樓大廳中間",
    "行政區":"內湖區"
    }
  },
  {
    "type": "Feature",
    "geometry": {
       "type": "Point",
       "coordinates":  [ 121.587643,25.081253 ]
    },
    "properties": {
    "場所名稱":"臺北市私立達人高級中學",
    "場所地址":"內湖路2段314號",
    "場所分類":"學校、大型集會場所",
    "AED放置地點":"輔導中心前",
    "行政區":"內湖區"
    }
  },
  {
    "type": "Feature",
    "geometry": {
       "type": "Point",
       "coordinates":  [ 121.5744262,25.0588277 ]
    },
    "properties": {
    "場所名稱":"和泰興業股份有限公司",
    "場所地址":"新湖一路36巷18號1樓",
    "場所分類":"其他",
    "AED放置地點":"1樓大廳",
    "行政區":"內湖區"
    }
  },
  {
    "type": "Feature",
    "geometry": {
       "type": "Point",
       "coordinates":  [ 121.622896,25.087244 ]
    },
    "properties": {
    "場所名稱":"內溝溪生態展示館",
    "場所地址":"康樂街236之3號",
    "場所分類":"其他",
    "AED放置地點":"1樓大門入口右側",
    "行政區":"內湖區"
    }
  },
  {
    "type": "Feature",
    "geometry": {
       "type": "Point",
       "coordinates":  [ 121.5787424,25.05885107 ]
    },
    "properties": {
    "場所名稱":"瀚宇彩晶內湖總部",
    "場所地址":"行善路168巷15號",
    "場所分類":"其他",
    "AED放置地點":"瀚宇彩晶內湖總部5樓公共區域",
    "行政區":"內湖區"
    }
  },
  {
    "type": "Feature",
    "geometry": {
       "type": "Point",
       "coordinates":  [ 121.590903,25.068942 ]
    },
    "properties": {
    "場所名稱":"臺北市政府環境保護局內湖區清潔隊文德分隊",
    "場所地址":"民權東路六段臨10-2號",
    "場所分類":"其他",
    "AED放置地點":"辦公室",
    "行政區":"內湖區"
    }
  },
  {
    "type": "Feature",
    "geometry": {
       "type": "Point",
       "coordinates":  [ 121.589987,25.06769 ]
    },
    "properties": {
    "場所名稱":"臺北市政府環境保護局內湖區清潔隊區隊部",
    "場所地址":"成功路二段320巷19號4樓",
    "場所分類":"其他",
    "AED放置地點":"辦公室",
    "行政區":"內湖區"
    }
  },
  {
    "type": "Feature",
    "geometry": {
       "type": "Point",
       "coordinates":  [ 121.5860526,25.0698092 ]
    },
    "properties": {
    "場所名稱":"臺北市立三民國中",
    "場所地址":"114台北市內湖區民權東路六段45號",
    "場所分類":"學校、大型集會場所",
    "AED放置地點":"活動中心",
    "行政區":"內湖區"
    }
  },
  {
    "type": "Feature",
    "geometry": {
       "type": "Point",
       "coordinates":  [ 121.579352,25.07335225 ]
    },
    "properties": {
    "場所名稱":"臺北市政府環境保護局內湖區清潔隊西湖分隊",
    "場所地址":"瑞光路160號B1F",
    "場所分類":"其他",
    "AED放置地點":"B1F辦公室",
    "行政區":"內湖區"
    }
  },
  {
    "type": "Feature",
    "geometry": {
       "type": "Point",
       "coordinates":  [ 121.612033,25.068697 ]
    },
    "properties": {
    "場所名稱":"臺北市內湖區南湖國民小學（五樓體育科辦公室外）",
    "場所地址":"康寧路三段200號",
    "場所分類":"其他",
    "AED放置地點":"五樓體育組辦公室外",
    "行政區":"內湖區"
    }
  },
  {
    "type": "Feature",
    "geometry": {
       "type": "Point",
       "coordinates":  [ 121.5747656,25.0738669 ]
    },
    "properties": {
    "場所名稱":"香港商世界健身事業有限公司內湖港墘分公司",
    "場所地址":"港墘路221巷33號2-4樓",
    "場所分類":"學校、大型集會場所",
    "AED放置地點":"3樓客服櫃台旁",
    "行政區":"內湖區"
    }
  },
  {
    "type": "Feature",
    "geometry": {
       "type": "Point",
       "coordinates":  [ 121.576059,25.063967 ]
    },
    "properties": {
    "場所名稱":"好市多股份有限公司內湖分公司",
    "場所地址":"舊宗路1段268號",
    "場所分類":"大型購物場所",
    "AED放置地點":"1樓賣場大門出入口旁",
    "行政區":"內湖區"
    }
  },
  {
    "type": "Feature",
    "geometry": {
       "type": "Point",
       "coordinates":  [ 121.565225,25.086706 ]
    },
    "properties": {
    "場所名稱":"德明財經科技大學(綜合大樓)",
    "場所地址":"環山路1段56號",
    "場所分類":"學校、大型集會場所",
    "AED放置地點":"又新樓4F財務經融系辦門口外",
    "行政區":"內湖區"
    }
  },
  {
    "type": "Feature",
    "geometry": {
       "type": "Point",
       "coordinates":  [ 121.565225,25.086706 ]
    },
    "properties": {
    "場所名稱":"德明財經科技大學(綜合大樓)",
    "場所地址":"環山路1段56號",
    "場所分類":"學校、大型集會場所",
    "AED放置地點":"中正樓1F大門口內左側",
    "行政區":"內湖區"
    }
  },
  {
    "type": "Feature",
    "geometry": {
       "type": "Point",
       "coordinates":  [ 121.565225,25.086706 ]
    },
    "properties": {
    "場所名稱":"德明財經科技大學(綜合大樓)",
    "場所地址":"環山路1段56號",
    "場所分類":"學校、大型集會場所",
    "AED放置地點":"研究推廣大樓7F電梯出口左側",
    "行政區":"內湖區"
    }
  },
  {
    "type": "Feature",
    "geometry": {
       "type": "Point",
       "coordinates":  [ 121.565225,25.086706 ]
    },
    "properties": {
    "場所名稱":"德明財經科技大學(綜合大樓)",
    "場所地址":"環山路1段56號",
    "場所分類":"學校、大型集會場所",
    "AED放置地點":"研究推廣大樓1F警衛室門口",
    "行政區":"內湖區"
    }
  },
  {
    "type": "Feature",
    "geometry": {
       "type": "Point",
       "coordinates":  [ 121.575229,25.078266 ]
    },
    "properties": {
    "場所名稱":"臺北市內湖運動中心",
    "場所地址":"洲子街12號",
    "場所分類":"學校、大型集會場所",
    "AED放置地點":"5樓健身房",
    "行政區":"內湖區"
    }
  },
  {
    "type": "Feature",
    "geometry": {
       "type": "Point",
       "coordinates":  [ 121.591632,25.083976 ]
    },
    "properties": {
    "場所名稱":"臺北市內湖區碧湖國民小學",
    "場所地址":"金龍路100號",
    "場所分類":"其他",
    "AED放置地點":"健康中心",
    "行政區":"內湖區"
    }
  },
  {
    "type": "Feature",
    "geometry": {
       "type": "Point",
       "coordinates":  [ 121.560122,25.085771 ]
    },
    "properties": {
    "場所名稱":"臺北市內湖區文湖國民小學",
    "場所地址":"文湖街15號",
    "場所分類":"其他",
    "AED放置地點":"本校穿堂外側",
    "行政區":"內湖區"
    }
  },
  {
    "type": "Feature",
    "geometry": {
       "type": "Point",
       "coordinates":  [ 121.574832,25.070676 ]
    },
    "properties": {
    "場所名稱":"臺北市政府環境保護局內湖區清潔隊停車場",
    "場所地址":"舊宗路二段158號",
    "場所分類":"其他",
    "AED放置地點":"辦公室",
    "行政區":"內湖區"
    }
  },
  {
    "type": "Feature",
    "geometry": {
       "type": "Point",
       "coordinates":  [ 121.621004,25.073111 ]
    },
    "properties": {
    "場所名稱":"臺北市政府環境保護局內湖區清潔隊東湖分隊",
    "場所地址":"康樂街150號4F之1",
    "場所分類":"其他",
    "AED放置地點":"辦公室",
    "行政區":"內湖區"
    }
  },
  {
    "type": "Feature",
    "geometry": {
       "type": "Point",
       "coordinates":  [ 121.586581,25.078396 ]
    },
    "properties": {
    "場所名稱":"臺北市立內湖高級中學",
    "場所地址":"文德路218號",
    "場所分類":"學校、大型集會場所",
    "AED放置地點":"校門口警衛室",
    "行政區":"內湖區"
    }
  },
  {
    "type": "Feature",
    "geometry": {
       "type": "Point",
       "coordinates":  [ 121.5860526,25.0698092 ]
    },
    "properties": {
    "場所名稱":"臺北市立三民國中",
    "場所地址":"114台北市內湖區民權東路六段45號",
    "場所分類":"學校、大型集會場所",
    "AED放置地點":"穿堂",
    "行政區":"內湖區"
    }
  },
  {
    "type": "Feature",
    "geometry": {
       "type": "Point",
       "coordinates":  [ 121.576059,25.063967 ]
    },
    "properties": {
    "場所名稱":"好市多股份有限公司內湖分公司",
    "場所地址":"舊宗路1段268號",
    "場所分類":"大型購物場所",
    "AED放置地點":"3樓藥局櫃台旁",
    "行政區":"內湖區"
    }
  },
  {
    "type": "Feature",
    "geometry": {
       "type": "Point",
       "coordinates":  [ 121.577969,25.08437 ]
    },
    "properties": {
    "場所名稱":"臺北市立麗山高級中學",
    "場所地址":"環山路2段100號",
    "場所分類":"學校、大型集會場所",
    "AED放置地點":"學務處門口",
    "行政區":"內湖區"
    }
  },
  {
    "type": "Feature",
    "geometry": {
       "type": "Point",
       "coordinates":  [ 121.58869,25.077035 ]
    },
    "properties": {
    "場所名稱":"臺北市內湖國中",
    "場所地址":"台北市內湖區陽光街1號",
    "場所分類":"學校、大型集會場所",
    "AED放置地點":"學務處走廊",
    "行政區":"內湖區"
    }
  },
  {
    "type": "Feature",
    "geometry": {
       "type": "Point",
       "coordinates":  [ 121.5728212,25.0636933 ]
    },
    "properties": {
    "場所名稱":"鏡電視股份有限公司",
    "場所地址":"堤頂大道一段365號1、3、4樓",
    "場所分類":"其他",
    "AED放置地點":"台北市內湖區堤頂大道一段365號1樓大廳",
    "行政區":"內湖區"
    }
  },
  {
    "type": "Feature",
    "geometry": {
       "type": "Point",
       "coordinates":  [ 121.5728212,25.0636933 ]
    },
    "properties": {
    "場所名稱":"鏡電視股份有限公司",
    "場所地址":"堤頂大道一段365號1、3、4樓",
    "場所分類":"其他",
    "AED放置地點":"台北市內湖區堤頂大道一段365號4樓大廳",
    "行政區":"內湖區"
    }
  },
  {
    "type": "Feature",
    "geometry": {
       "type": "Point",
       "coordinates":  [ 121.5728212,25.0636933 ]
    },
    "properties": {
    "場所名稱":"鏡電視股份有限公司",
    "場所地址":"堤頂大道一段365號1、3、4樓",
    "場所分類":"其他",
    "AED放置地點":"台北市內湖區堤頂大道一段365號3樓大廳",
    "行政區":"內湖區"
    }
  },
  {
    "type": "Feature",
    "geometry": {
       "type": "Point",
       "coordinates":  [ 121.603348,25.0604342 ]
    },
    "properties": {
    "場所名稱":"臺北市動物之家",
    "場所地址":"安美街191號",
    "場所分類":"其他",
    "AED放置地點":"服務台大廳",
    "行政區":"內湖區"
    }
  },
  {
    "type": "Feature",
    "geometry": {
       "type": "Point",
       "coordinates":  [ 121.5876463,25.0622627 ]
    },
    "properties": {
    "場所名稱":"碩天科技股份有限公司",
    "場所地址":"金莊路26號11樓",
    "場所分類":"其他",
    "AED放置地點":"12樓",
    "行政區":"內湖區"
    }
  },
  {
    "type": "Feature",
    "geometry": {
       "type": "Point",
       "coordinates":  [ 121.574767,25.075678 ]
    },
    "properties": {
    "場所名稱":"至上電子股份有限公司",
    "場所地址":"港墘路189號6樓",
    "場所分類":"其他",
    "AED放置地點":"六樓",
    "行政區":"內湖區"
    }
  },
  {
    "type": "Feature",
    "geometry": {
       "type": "Point",
       "coordinates":  [ 121.571049,25.081241 ]
    },
    "properties": {
    "場所名稱":"Curves可爾姿女性30分鐘環狀運動 內湖西湖店",
    "場所地址":"內湖路1段360巷15號7樓之4",
    "場所分類":"學校、大型集會場所",
    "AED放置地點":"辦公室冰箱上面",
    "行政區":"內湖區"
    }
  },
  {
    "type": "Feature",
    "geometry": {
       "type": "Point",
       "coordinates":  [ 121.589978,25.079545 ]
    },
    "properties": {
    "場所名稱":"上竣運動有限公司",
    "場所地址":"成功路三段141號3樓",
    "場所分類":"學校、大型集會場所",
    "AED放置地點":"壁掛露臺",
    "行政區":"內湖區"
    }
  },
  {
    "type": "Feature",
    "geometry": {
       "type": "Point",
       "coordinates":  [ 121.565225,25.086706 ]
    },
    "properties": {
    "場所名稱":"德明財經科技大學(綜合大樓)",
    "場所地址":"環山路1段56號",
    "場所分類":"學校、大型集會場所",
    "AED放置地點":"四合院服務樓2樓川堂走道處",
    "行政區":"內湖區"
    }
  },
  {
    "type": "Feature",
    "geometry": {
       "type": "Point",
       "coordinates":  [ 121.5755459,25.07786514 ]
    },
    "properties": {
    "場所名稱":"宏匯瑞光廣場337號C棟",
    "場所地址":"瑞光路337號",
    "場所分類":"其他",
    "AED放置地點":"本棟一樓大廳",
    "行政區":"內湖區"
    }
  },
  {
    "type": "Feature",
    "geometry": {
       "type": "Point",
       "coordinates":  [ 121.56227,25.085628 ]
    },
    "properties": {
    "場所名稱":"北都汽車股份有限公司-內湖所廠",
    "場所地址":"內湖路一段91巷34號",
    "場所分類":"其他",
    "AED放置地點":"營業櫃檯後方",
    "行政區":"內湖區"
    }
  },
  {
    "type": "Feature",
    "geometry": {
       "type": "Point",
       "coordinates":  [ 121.572925,25.077034 ]
    },
    "properties": {
    "場所名稱":"北都汽車股份有限公司-lexus內湖所廠",
    "場所地址":"瑞光路356號",
    "場所分類":"其他",
    "AED放置地點":"入口玻璃門旁",
    "行政區":"內湖區"
    }
  },
  {
    "type": "Feature",
    "geometry": {
       "type": "Point",
       "coordinates":  [ 121.5823711,25.079821 ]
    },
    "properties": {
    "場所名稱":"愛健康肌力教室",
    "場所地址":"內湖路二段73號1樓",
    "場所分類":"其他",
    "AED放置地點":"門口",
    "行政區":"內湖區"
    }
  },
  {
    "type": "Feature",
    "geometry": {
       "type": "Point",
       "coordinates":  [ 121.589099,25.069231 ]
    },
    "properties": {
    "場所名稱":"臺北市內湖區公所",
    "場所地址":"民權東路六段99號",
    "場所分類":"其他",
    "AED放置地點":"114台北市內湖區民權東路六段99號",
    "行政區":"內湖區"
    }
  },
  {
    "type": "Feature",
    "geometry": {
       "type": "Point",
       "coordinates":  [ 121.5791368,25.0734188 ]
    },
    "properties": {
    "場所名稱":"臺北市公共運輸處瑞光計程車服務站",
    "場所地址":"瑞光路160號2樓",
    "場所分類":"其他",
    "AED放置地點":"本站閱覽室大廳",
    "行政區":"內湖區"
    }
  },
  {
    "type": "Feature",
    "geometry": {
       "type": "Point",
       "coordinates":  [ 121.591632,25.083976 ]
    },
    "properties": {
    "場所名稱":"臺北市內湖區碧湖國民小學",
    "場所地址":"金龍路100號",
    "場所分類":"其他",
    "AED放置地點":"警衛室",
    "行政區":"內湖區"
    }
  },
  {
    "type": "Feature",
    "geometry": {
       "type": "Point",
       "coordinates":  [ 121.5710139,25.0822673 ]
    },
    "properties": {
    "場所名稱":"TMMA台北格鬥運動館 內科館",
    "場所地址":"內湖路一段411巷10-2號",
    "場所分類":"其他",
    "AED放置地點":"TMMA內科館一樓",
    "行政區":"內湖區"
    }
  },
  {
    "type": "Feature",
    "geometry": {
       "type": "Point",
       "coordinates":  [ 121.575229,25.078266 ]
    },
    "properties": {
    "場所名稱":"臺北市內湖運動中心",
    "場所地址":"洲子街12號",
    "場所分類":"學校、大型集會場所",
    "AED放置地點":"7樓游泳池",
    "行政區":"內湖區"
    }
  },
  {
    "type": "Feature",
    "geometry": {
       "type": "Point",
       "coordinates":  [ 121.584753,25.068474 ]
    },
    "properties": {
    "場所名稱":"重生REBORN體能工作室",
    "場所地址":"民權東路6段56巷1弄4號1樓",
    "場所分類":"其他",
    "AED放置地點":"櫃台旁牆上(壁掛式)",
    "行政區":"內湖區"
    }
  },
  {
    "type": "Feature",
    "geometry": {
       "type": "Point",
       "coordinates":  [ 121.5704511,25.078798 ]
    },
    "properties": {
    "場所名稱":"沛力訓練",
    "場所地址":"瑞光路443號1F",
    "場所分類":"學校、大型集會場所",
    "AED放置地點":"本店中心",
    "行政區":"內湖區"
    }
  },
  {
    "type": "Feature",
    "geometry": {
       "type": "Point",
       "coordinates":  [ 121.569436,25.079278 ]
    },
    "properties": {
    "場所名稱":"洲子立體停車場",
    "場所地址":"瑞光路513巷22弄2號2樓",
    "場所分類":"其他",
    "AED放置地點":"瑞光路513巷22弄2號2樓",
    "行政區":"內湖區"
    }
  },
  {
    "type": "Feature",
    "geometry": {
       "type": "Point",
       "coordinates":  [ 121.593775,25.072194 ]
    },
    "properties": {
    "場所名稱":"微風廣場實業股份有限公司三總分公司(微風三總商店街)",
    "場所地址":"成功路二段325號B1",
    "場所分類":"大型購物場所",
    "AED放置地點":"B1服務台",
    "行政區":"內湖區"
    }
  },
  {
    "type": "Feature",
    "geometry": {
       "type": "Point",
       "coordinates":  [ 121.6039818,25.08283517 ]
    },
    "properties": {
    "場所名稱":"大湖公園游泳池",
    "場所地址":"成功路五段31號",
    "場所分類":"大型公眾浴場或溫泉區",
    "AED放置地點":"二樓健身房",
    "行政區":"內湖區"
    }
  },
  {
    "type": "Feature",
    "geometry": {
       "type": "Point",
       "coordinates":  [ 121.575298,25.060415 ]
    },
    "properties": {
    "場所名稱":"家福股份有限公司台北內湖分公司(家樂福內湖店)",
    "場所地址":"民善街88號",
    "場所分類":"大型購物場所",
    "AED放置地點":"2F收銀線結帳處",
    "行政區":"內湖區"
    }
  },
  {
    "type": "Feature",
    "geometry": {
       "type": "Point",
       "coordinates":  [ 121.570091,25.081281 ]
    },
    "properties": {
    "場所名稱":"南陽實業股份有限公司台北分公司 內湖服務廠",
    "場所地址":"內湖路1段332號",
    "場所分類":"大型購物場所",
    "AED放置地點":"休息區旁邊",
    "行政區":"內湖區"
    }
  },
  {
    "type": "Feature",
    "geometry": {
       "type": "Point",
       "coordinates":  [ 121.618388,25.070427 ]
    },
    "properties": {
    "場所名稱":"臺北市政府警察局內湖分局康樂派出所",
    "場所地址":"康樂街110巷16弄20號",
    "場所分類":"公眾服務單位設施",
    "AED放置地點":"一樓值班臺",
    "行政區":"內湖區"
    }
  },
  {
    "type": "Feature",
    "geometry": {
       "type": "Point",
       "coordinates":  [ 121.597549,25.081261 ]
    },
    "properties": {
    "場所名稱":"臺北市政府警察局內湖分局康寧派出所",
    "場所地址":"金湖路83號",
    "場所分類":"公眾服務單位設施",
    "AED放置地點":"值勤臺後方",
    "行政區":"內湖區"
    }
  },
  {
    "type": "Feature",
    "geometry": {
       "type": "Point",
       "coordinates":  [ 121.57279,25.075892 ]
    },
    "properties": {
    "場所名稱":"F45 Training Neihu",
    "場所地址":"瑞光路358巷38弄一號1F",
    "場所分類":"其他",
    "AED放置地點":"健身工作室",
    "行政區":"內湖區"
    }
  },
  {
    "type": "Feature",
    "geometry": {
       "type": "Point",
       "coordinates":  [ 121.616068,25.06916 ]
    },
    "properties": {
    "場所名稱":"東湖國小地下停車場",
    "場所地址":"東湖路115號之1B1",
    "場所分類":"其他",
    "AED放置地點":"東湖路115號之1B1",
    "行政區":"內湖區"
    }
  },
  {
    "type": "Feature",
    "geometry": {
       "type": "Point",
       "coordinates":  [ 121.578365,25.080523 ]
    },
    "properties": {
    "場所名稱":"港富立體停車場",
    "場所地址":"內湖路1段737巷50弄32號",
    "場所分類":"其他",
    "AED放置地點":"內湖路1段737巷50弄32號",
    "行政區":"內湖區"
    }
  },
  {
    "type": "Feature",
    "geometry": {
       "type": "Point",
       "coordinates":  [ 121.593965,25.071562 ]
    },
    "properties": {
    "場所名稱":"三軍總醫院",
    "場所地址":"成功路二段325號",
    "場所分類":"其他",
    "AED放置地點":"B1演講廳大廳",
    "行政區":"內湖區"
    }
  },
  {
    "type": "Feature",
    "geometry": {
       "type": "Point",
       "coordinates":  [ 121.593965,25.071562 ]
    },
    "properties": {
    "場所名稱":"三軍總醫院",
    "場所地址":"成功路二段325號",
    "場所分類":"其他",
    "AED放置地點":"正子中心1樓",
    "行政區":"內湖區"
    }
  },
  {
    "type": "Feature",
    "geometry": {
       "type": "Point",
       "coordinates":  [ 121.593965,25.071562 ]
    },
    "properties": {
    "場所名稱":"三軍總醫院",
    "場所地址":"成功路二段325號",
    "場所分類":"其他",
    "AED放置地點":"能源事務室2樓",
    "行政區":"內湖區"
    }
  },
  {
    "type": "Feature",
    "geometry": {
       "type": "Point",
       "coordinates":  [ 121.565695,25.085027 ]
    },
    "properties": {
    "場所名稱":"臺北市立西湖國民中學",
    "場所地址":"環山路一段27號",
    "場所分類":"學校、大型集會場所",
    "AED放置地點":"大門口穿堂",
    "行政區":"內湖區"
    }
  },
  {
    "type": "Feature",
    "geometry": {
       "type": "Point",
       "coordinates":  [ 121.593965,25.071562 ]
    },
    "properties": {
    "場所名稱":"三軍總醫院",
    "場所地址":"成功路二段325號",
    "場所分類":"其他",
    "AED放置地點":"一樓門診大廳入口",
    "行政區":"內湖區"
    }
  },
  {
    "type": "Feature",
    "geometry": {
       "type": "Point",
       "coordinates":  [ 121.573044,25.06271 ]
    },
    "properties": {
    "場所名稱":"燦坤實業股份有限公司",
    "場所地址":"堤頂大道一段331號5樓",
    "場所分類":"其他",
    "AED放置地點":"總部5樓會客大廳",
    "行政區":"內湖區"
    }
  },
  {
    "type": "Feature",
    "geometry": {
       "type": "Point",
       "coordinates":  [ 121.5729501,25.0627834 ]
    },
    "properties": {
    "場所名稱":"燦坤內湖旗艦店",
    "場所地址":"堤頂大道一段331號",
    "場所分類":"其他",
    "AED放置地點":"1樓大門口電梯右側WanDau門市前",
    "行政區":"內湖區"
    }
  },
  {
    "type": "Feature",
    "geometry": {
       "type": "Point",
       "coordinates":  [ 121.581773,25.063758 ]
    },
    "properties": {
    "場所名稱":"久舜營造股份有限公司",
    "場所地址":"新湖二路257號2F",
    "場所分類":"其他",
    "AED放置地點":"大門右側",
    "行政區":"內湖區"
    }
  },
  {
    "type": "Feature",
    "geometry": {
       "type": "Point",
       "coordinates":  [ 121.584762,25.07707 ]
    },
    "properties": {
    "場所名稱":"臺北市內湖區紫陽里里民活動場所",
    "場所地址":"文德路210巷30弄27號",
    "場所分類":"其他",
    "AED放置地點":"文德路210巷30弄27號",
    "行政區":"內湖區"
    }
  },
  {
    "type": "Feature",
    "geometry": {
       "type": "Point",
       "coordinates":  [ 121.589994,25.081888 ]
    },
    "properties": {
    "場所名稱":"臺北市內湖區湖濱里區民活動中心",
    "場所地址":"內湖路2段346號1樓",
    "場所分類":"其他",
    "AED放置地點":"內湖路2段346號1樓",
    "行政區":"內湖區"
    }
  },
  {
    "type": "Feature",
    "geometry": {
       "type": "Point",
       "coordinates":  [ 121.590008,25.07958 ]
    },
    "properties": {
    "場所名稱":"第一商業銀行內湖分行",
    "場所地址":"成功路3段143、145號",
    "場所分類":"其他",
    "AED放置地點":"一樓大廳右側客戶寫字檯旁邊",
    "行政區":"內湖區"
    }
  },
  {
    "type": "Feature",
    "geometry": {
       "type": "Point",
       "coordinates":  [ 121.612816,25.068894 ]
    },
    "properties": {
    "場所名稱":"模範體能實業社",
    "場所地址":"東湖路11號二樓",
    "場所分類":"學校、大型集會場所",
    "AED放置地點":"櫃台",
    "行政區":"內湖區"
    }
  },
  {
    "type": "Feature",
    "geometry": {
       "type": "Point",
       "coordinates":  [ 121.5729501,25.0627834 ]
    },
    "properties": {
    "場所名稱":"燦坤內湖旗艦店",
    "場所地址":"堤頂大道一段331號",
    "場所分類":"其他",
    "AED放置地點":"賣場A棟2樓",
    "行政區":"內湖區"
    }
  },
  {
    "type": "Feature",
    "geometry": {
       "type": "Point",
       "coordinates":  [ 121.593965,25.071562 ]
    },
    "properties": {
    "場所名稱":"三軍總醫院",
    "場所地址":"成功路二段325號",
    "場所分類":"其他",
    "AED放置地點":"牙科門診入口",
    "行政區":"內湖區"
    }
  },
  {
    "type": "Feature",
    "geometry": {
       "type": "Point",
       "coordinates":  [ 121.593965,25.071562 ]
    },
    "properties": {
    "場所名稱":"三軍總醫院",
    "場所地址":"成功路二段325號",
    "場所分類":"其他",
    "AED放置地點":"西迴二樓入口",
    "行政區":"內湖區"
    }
  },
  {
    "type": "Feature",
    "geometry": {
       "type": "Point",
       "coordinates":  [ 121.5865892,25.08146821 ]
    },
    "properties": {
    "場所名稱":"國立臺灣戲曲學院-內湖校區",
    "場所地址":"內湖路2段177號",
    "場所分類":"學校、大型集會場所",
    "AED放置地點":"警衛室",
    "行政區":"內湖區"
    }
  },
  {
    "type": "Feature",
    "geometry": {
       "type": "Point",
       "coordinates":  [ 121.574525,25.062877 ]
    },
    "properties": {
    "場所名稱":"臺北市花卉批發市場",
    "場所地址":"新湖三路28號",
    "場所分類":"其他",
    "AED放置地點":"A館管理室入口旁",
    "行政區":"內湖區"
    }
  },
  {
    "type": "Feature",
    "geometry": {
       "type": "Point",
       "coordinates":  [ 121.5637103,25.0811548 ]
    },
    "properties": {
    "場所名稱":"台灣大昌華嘉股份有限公司",
    "場所地址":"堤頂大道２段407巷22號10樓",
    "場所分類":"其他",
    "AED放置地點":"10F大廳",
    "行政區":"內湖區"
    }
  },
  {
    "type": "Feature",
    "geometry": {
       "type": "Point",
       "coordinates":  [ 121.5637103,25.0811548 ]
    },
    "properties": {
    "場所名稱":"台灣大昌華嘉股份有限公司",
    "場所地址":"堤頂大道２段407巷22號10樓",
    "場所分類":"其他",
    "AED放置地點":"5F 大廳",
    "行政區":"內湖區"
    }
  },
  {
    "type": "Feature",
    "geometry": {
       "type": "Point",
       "coordinates":  [ 121.5637103,25.0811548 ]
    },
    "properties": {
    "場所名稱":"台灣大昌華嘉股份有限公司",
    "場所地址":"堤頂大道２段407巷22號10樓",
    "場所分類":"其他",
    "AED放置地點":"9F進門處",
    "行政區":"內湖區"
    }
  },
  {
    "type": "Feature",
    "geometry": {
       "type": "Point",
       "coordinates":  [ 121.593307,25.083084 ]
    },
    "properties": {
    "場所名稱":"達新壯股份有限公司(Hypercore超核心健身中心台北內湖成功館)",
    "場所地址":"成功路4段168號地下二層",
    "場所分類":"學校、大型集會場所",
    "AED放置地點":"有氧器材區",
    "行政區":"內湖區"
    }
  },
  {
    "type": "Feature",
    "geometry": {
       "type": "Point",
       "coordinates":  [ 121.567905,25.082385 ]
    },
    "properties": {
    "場所名稱":"好時光西湖樂園",
    "場所地址":"內湖路一段321號2樓",
    "場所分類":"學校、大型集會場所",
    "AED放置地點":"辦公室內櫃子上",
    "行政區":"內湖區"
    }
  },
  {
    "type": "Feature",
    "geometry": {
       "type": "Point",
       "coordinates":  [ 121.613479,25.069596 ]
    },
    "properties": {
    "場所名稱":"Curves 女性專用30分鐘健身中心東湖店",
    "場所地址":"東湖路33巷17號",
    "場所分類":"學校、大型集會場所",
    "AED放置地點":"運動區",
    "行政區":"內湖區"
    }
  },
  {
    "type": "Feature",
    "geometry": {
       "type": "Point",
       "coordinates":  [ 121.591331,25.066261 ]
    },
    "properties": {
    "場所名稱":"交通部高速公路局北區養護工程分局",
    "場所地址":"成功路2段193巷12號",
    "場所分類":"其他",
    "AED放置地點":"行政大樓1樓大廳",
    "行政區":"內湖區"
    }
  },
  {
    "type": "Feature",
    "geometry": {
       "type": "Point",
       "coordinates":  [ 121.591676,25.081816 ]
    },
    "properties": {
    "場所名稱":"Curves女性專用30分鐘健身中心內湖成功店",
    "場所地址":"成功路四段34號二樓",
    "場所分類":"學校、大型集會場所",
    "AED放置地點":"Curves女性30分鐘環狀運動",
    "行政區":"內湖區"
    }
  },
  {
    "type": "Feature",
    "geometry": {
       "type": "Point",
       "coordinates":  [ 121.5809774,25.08284723 ]
    },
    "properties": {
    "場所名稱":"碧湖公園游泳池",
    "場所地址":"內湖路二段103巷66號",
    "場所分類":"觀光旅遊地區",
    "AED放置地點":"本池櫃台",
    "行政區":"內湖區"
    }
  },
  {
    "type": "Feature",
    "geometry": {
       "type": "Point",
       "coordinates":  [ 121.573572,25.079305 ]
    },
    "properties": {
    "場所名稱":"冠競健康事業股份有限公司",
    "場所地址":"洲子街55號1樓",
    "場所分類":"學校、大型集會場所",
    "AED放置地點":"台北市內湖區洲子街55號一樓",
    "行政區":"內湖區"
    }
  },
  {
    "type": "Feature",
    "geometry": {
       "type": "Point",
       "coordinates":  [ 121.5828,25.068579 ]
    },
    "properties": {
    "場所名稱":"誠隆汽車股份有限公司民權分公司",
    "場所地址":"民權東路六段23號2樓",
    "場所分類":"其他",
    "AED放置地點":"服務廠客休室",
    "行政區":"內湖區"
    }
  },
  {
    "type": "Feature",
    "geometry": {
       "type": "Point",
       "coordinates":  [ 121.596653,25.067445 ]
    },
    "properties": {
    "場所名稱":"臺北市網球中心",
    "場所地址":"民權東路六段208號",
    "場所分類":"學校、大型集會場所",
    "AED放置地點":"美食餐飲區",
    "行政區":"內湖區"
    }
  },
  {
    "type": "Feature",
    "geometry": {
       "type": "Point",
       "coordinates":  [ 121.596653,25.067445 ]
    },
    "properties": {
    "場所名稱":"臺北市網球中心",
    "場所地址":"民權東路六段208號",
    "場所分類":"學校、大型集會場所",
    "AED放置地點":"體適能中心",
    "行政區":"內湖區"
    }
  },
  {
    "type": "Feature",
    "geometry": {
       "type": "Point",
       "coordinates":  [ 121.589172,25.069294 ]
    },
    "properties": {
    "場所名稱":"臺北市內湖區戶政事務所",
    "場所地址":"民權東路六段99號三樓",
    "場所分類":"其他",
    "AED放置地點":"3樓入口服務臺旁",
    "行政區":"內湖區"
    }
  },
  {
    "type": "Feature",
    "geometry": {
       "type": "Point",
       "coordinates":  [ 121.593965,25.071562 ]
    },
    "properties": {
    "場所名稱":"三軍總醫院",
    "場所地址":"成功路二段325號",
    "場所分類":"其他",
    "AED放置地點":"女醫護宿舍",
    "行政區":"內湖區"
    }
  },
  {
    "type": "Feature",
    "geometry": {
       "type": "Point",
       "coordinates":  [ 121.610643,25.07062 ]
    },
    "properties": {
    "場所名稱":"臺北市立明湖國民中學",
    "場所地址":"康寧路3段60號",
    "場所分類":"其他",
    "AED放置地點":"健康中心內",
    "行政區":"內湖區"
    }
  },
  {
    "type": "Feature",
    "geometry": {
       "type": "Point",
       "coordinates":  [ 121.5632798,25.08318814 ]
    },
    "properties": {
    "場所名稱":"夢啟動健身事業有限公司",
    "場所地址":"內湖路一段118號 1樓",
    "場所分類":"學校、大型集會場所",
    "AED放置地點":"櫃台右側",
    "行政區":"內湖區"
    }
  },
  {
    "type": "Feature",
    "geometry": {
       "type": "Point",
       "coordinates":  [ 121.590033,25.079713 ]
    },
    "properties": {
    "場所名稱":"練一下GYMCUBE",
    "場所地址":"成功路三段145號B1",
    "場所分類":"學校、大型集會場所",
    "AED放置地點":"消防栓下方",
    "行政區":"內湖區"
    }
  },
  {
    "type": "Feature",
    "geometry": {
       "type": "Point",
       "coordinates":  [ 121.580239,25.079126 ]
    },
    "properties": {
    "場所名稱":"臺北市內湖區內湖國民小學",
    "場所地址":"內湖路2段41號",
    "場所分類":"學校、大型集會場所",
    "AED放置地點":"一樓北側門警衛室旁",
    "行政區":"內湖區"
    }
  },
  {
    "type": "Feature",
    "geometry": {
       "type": "Point",
       "coordinates":  [ 121.5843356,25.06365669 ]
    },
    "properties": {
    "場所名稱":"萬海航運股份有限公司(內湖辦公室)",
    "場所地址":"新湖一路361號",
    "場所分類":"其他",
    "AED放置地點":"新湖一路361號1F 大廳 Logo 旁",
    "行政區":"內湖區"
    }
  },
  {
    "type": "Feature",
    "geometry": {
       "type": "Point",
       "coordinates":  [ 121.593268,25.079074 ]
    },
    "properties": {
    "場所名稱":"財團法人基督教台灣信義會 思恩堂",
    "場所地址":"星雲街９０號",
    "場所分類":"其他",
    "AED放置地點":"思恩堂教會門廳內",
    "行政區":"內湖區"
    }
  },
  {
    "type": "Feature",
    "geometry": {
       "type": "Point",
       "coordinates":  [ 121.5744301,25.07702458 ]
    },
    "properties": {
    "場所名稱":"宏匯瑞光廣場333號A棟",
    "場所地址":"瑞光路333號",
    "場所分類":"其他",
    "AED放置地點":"本棟一樓大廳",
    "行政區":"內湖區"
    }
  },
  {
    "type": "Feature",
    "geometry": {
       "type": "Point",
       "coordinates":  [ 121.583154,25.07818 ]
    },
    "properties": {
    "場所名稱":"曌躍股份有限公司",
    "場所地址":"文德路108號B1",
    "場所分類":"學校、大型集會場所",
    "AED放置地點":"櫃台入口處",
    "行政區":"內湖區"
    }
  },
  {
    "type": "Feature",
    "geometry": {
       "type": "Point",
       "coordinates":  [ 121.577277,25.082189 ]
    },
    "properties": {
    "場所名稱":"三健客體能顧問工作室",
    "場所地址":"港華街18號1樓",
    "場所分類":"學校、大型集會場所",
    "AED放置地點":"休息室外",
    "行政區":"內湖區"
    }
  },
  {
    "type": "Feature",
    "geometry": {
       "type": "Point",
       "coordinates":  [ 121.581576,25.055359 ]
    },
    "properties": {
    "場所名稱":"臺北市政府警察局內湖分局潭美派出所",
    "場所地址":"新明路324號",
    "場所分類":"公眾服務單位設施",
    "AED放置地點":"辦公室內",
    "行政區":"內湖區"
    }
  },
  {
    "type": "Feature",
    "geometry": {
       "type": "Point",
       "coordinates":  [ 121.578944,25.066589 ]
    },
    "properties": {
    "場所名稱":"臺北市政府警察局內湖分局文德派出所",
    "場所地址":"民權東路6段26號",
    "場所分類":"公眾服務單位設施",
    "AED放置地點":"派出所值班台後方",
    "行政區":"內湖區"
    }
  },
  {
    "type": "Feature",
    "geometry": {
       "type": "Point",
       "coordinates":  [ 121.589565,25.069189 ]
    },
    "properties": {
    "場所名稱":"臺北市政府警察局內湖分局(本部)",
    "場所地址":"民權東路6段101號",
    "場所分類":"公眾服務單位設施",
    "AED放置地點":"1樓便民服務臺後面",
    "行政區":"內湖區"
    }
  },
  {
    "type": "Feature",
    "geometry": {
       "type": "Point",
       "coordinates":  [ 121.569151,25.079179 ]
    },
    "properties": {
    "場所名稱":"臺北市政府警察局內湖分局西湖派出所",
    "場所地址":"瑞光路515號",
    "場所分類":"公眾服務單位設施",
    "AED放置地點":"派出所備勤室",
    "行政區":"內湖區"
    }
  },
  {
    "type": "Feature",
    "geometry": {
       "type": "Point",
       "coordinates":  [ 121.601146,25.072992 ]
    },
    "properties": {
    "場所名稱":"臺北市內湖區麗湖國民小學",
    "場所地址":"金湖路363巷8號",
    "場所分類":"其他",
    "AED放置地點":"3樓游泳池",
    "行政區":"內湖區"
    }
  },
  {
    "type": "Feature",
    "geometry": {
       "type": "Point",
       "coordinates":  [ 121.601146,25.072992 ]
    },
    "properties": {
    "場所名稱":"臺北市內湖區麗湖國民小學",
    "場所地址":"金湖路363巷8號",
    "場所分類":"其他",
    "AED放置地點":"1樓風雨操場(健康中心旁)",
    "行政區":"內湖區"
    }
  },
  {
    "type": "Feature",
    "geometry": {
       "type": "Point",
       "coordinates":  [ 121.589099,25.069231 ]
    },
    "properties": {
    "場所名稱":"臺北市內湖區公所",
    "場所地址":"民權東路六段99號",
    "場所分類":"其他",
    "AED放置地點":"1樓駐警台旁",
    "行政區":"內湖區"
    }
  },
  {
    "type": "Feature",
    "geometry": {
       "type": "Point",
       "coordinates":  [ 121.575688,25.081617 ]
    },
    "properties": {
    "場所名稱":"臺北市立麗山國民中學",
    "場所地址":"內湖路一段629巷42號",
    "場所分類":"其他",
    "AED放置地點":"健康中心",
    "行政區":"內湖區"
    }
  },
  {
    "type": "Feature",
    "geometry": {
       "type": "Point",
       "coordinates":  [ 121.574025,25.072963 ]
    },
    "properties": {
    "場所名稱":"台新國際商業銀行內湖大樓",
    "場所地址":"舊宗路２段207號1樓",
    "場所分類":"其他",
    "AED放置地點":"1樓大廳電梯旁",
    "行政區":"內湖區"
    }
  },
  {
    "type": "Feature",
    "geometry": {
       "type": "Point",
       "coordinates":  [ 121.569847,25.081603 ]
    },
    "properties": {
    "場所名稱":"正能量Fitness",
    "場所地址":"內湖路一段322號2樓",
    "場所分類":"學校、大型集會場所",
    "AED放置地點":"健身區",
    "行政區":"內湖區"
    }
  },
  {
    "type": "Feature",
    "geometry": {
       "type": "Point",
       "coordinates":  [ 121.59278,25.084202 ]
    },
    "properties": {
    "場所名稱":"轉捩點健康工作室",
    "場所地址":"內湖路二段395號2樓",
    "場所分類":"學校、大型集會場所",
    "AED放置地點":"入門右手邊",
    "行政區":"內湖區"
    }
  },
  {
    "type": "Feature",
    "geometry": {
       "type": "Point",
       "coordinates":  [ 121.576463,25.071724 ]
    },
    "properties": {
    "場所名稱":"遊戲橘子數位科技股份有限公司",
    "場所地址":"瑞湖街111號",
    "場所分類":"其他",
    "AED放置地點":"1樓大廳右側匝門口",
    "行政區":"內湖區"
    }
  },
  {
    "type": "Feature",
    "geometry": {
       "type": "Point",
       "coordinates":  [ 121.590844,25.06964 ]
    },
    "properties": {
    "場所名稱":"良想貴工作室",
    "場所地址":"成功路二段309號1樓",
    "場所分類":"其他",
    "AED放置地點":"Charles Fitness",
    "行政區":"內湖區"
    }
  },
  {
    "type": "Feature",
    "geometry": {
       "type": "Point",
       "coordinates":  [ 121.574767,25.064639 ]
    },
    "properties": {
    "場所名稱":"禮客Outlet內湖二館",
    "場所地址":"民善街215號1F",
    "場所分類":"大型購物場所",
    "AED放置地點":"禮客內湖二館服務台前",
    "行政區":"內湖區"
    }
  },
  {
    "type": "Feature",
    "geometry": {
       "type": "Point",
       "coordinates":  [ 121.5750805,25.0774077 ]
    },
    "properties": {
    "場所名稱":"宏匯瑞光廣場335號B棟",
    "場所地址":"瑞光路335號",
    "場所分類":"其他",
    "AED放置地點":"本棟一樓大廳",
    "行政區":"內湖區"
    }
  },
  {
    "type": "Feature",
    "geometry": {
       "type": "Point",
       "coordinates":  [ 121.57685,25.049847 ]
    },
    "properties": {
    "場所名稱":"臺北市政府社會局委託財團法人台北市自閉兒社會福利基金會經營管理臺北市東湖發展中心",
    "場所地址":"東湖路1號4、5樓",
    "場所分類":"其他",
    "AED放置地點":"3樓辦公室",
    "行政區":"內湖區"
    }
  },
  {
    "type": "Feature",
    "geometry": {
       "type": "Point",
       "coordinates":  [ 121.61261,25.067415 ]
    },
    "properties": {
    "場所名稱":"臺北市立圖書館東湖分館",
    "場所地址":"五分街6號",
    "場所分類":"大型休閒場所",
    "AED放置地點":"圖書館大門口內",
    "行政區":"內湖區"
    }
  },
  {
    "type": "Feature",
    "geometry": {
       "type": "Point",
       "coordinates":  [ 121.57476,25.064243 ]
    },
    "properties": {
    "場所名稱":"禮客Outlet內湖一館",
    "場所地址":"民善街205號1F",
    "場所分類":"大型購物場所",
    "AED放置地點":"禮客內湖一館西雅圖旁",
    "行政區":"內湖區"
    }
  },
  {
    "type": "Feature",
    "geometry": {
       "type": "Point",
       "coordinates":  [ 121.605437,25.0741169 ]
    },
    "properties": {
    "場所名稱":"?體能工作室",
    "場所地址":"成功路五段79號",
    "場所分類":"其他",
    "AED放置地點":"本館進門左側",
    "行政區":"內湖區"
    }
  },
  {
    "type": "Feature",
    "geometry": {
       "type": "Point",
       "coordinates":  [ 121.605294,25.083426 ]
    },
    "properties": {
    "場所名稱":"慈濟內湖聯絡處人文館",
    "場所地址":"成功路5段168號",
    "場所分類":"其他",
    "AED放置地點":"人文館入口左側",
    "行政區":"內湖區"
    }
  },
  {
    "type": "Feature",
    "geometry": {
       "type": "Point",
       "coordinates":  [ 121.605294,25.083426 ]
    },
    "properties": {
    "場所名稱":"慈濟內湖聯絡處環保站",
    "場所地址":"成功路5段168號",
    "場所分類":"其他",
    "AED放置地點":"環保站",
    "行政區":"內湖區"
    }
  },
  {
    "type": "Feature",
    "geometry": {
       "type": "Point",
       "coordinates":  [ 121.575896,25.062902 ]
    },
    "properties": {
    "場所名稱":"大潤發流通事業股份有限公司南湖分公司",
    "場所地址":"舊宗路1段188號",
    "場所分類":"大型購物場所",
    "AED放置地點":"3F未購物出口(食品入口)對面柱子上",
    "行政區":"內湖區"
    }
  },
  {
    "type": "Feature",
    "geometry": {
       "type": "Point",
       "coordinates":  [ 121.611276,25.070238 ]
    },
    "properties": {
    "場所名稱":"香港商世界健身事業有限公司內湖分公司",
    "場所地址":"康寧路3段72號6樓",
    "場所分類":"學校、大型集會場所",
    "AED放置地點":"內湖店6樓心肺區",
    "行政區":"內湖區"
    }
  },
  {
    "type": "Feature",
    "geometry": {
       "type": "Point",
       "coordinates":  [ 121.575896,25.062902 ]
    },
    "properties": {
    "場所名稱":"大潤發流通事業股份有限公司南湖分公司",
    "場所地址":"舊宗路1段188號",
    "場所分類":"大型購物場所",
    "AED放置地點":"賣場的入口直走進來的正前方",
    "行政區":"內湖區"
    }
  },
  {
    "type": "Feature",
    "geometry": {
       "type": "Point",
       "coordinates":  [ 121.590343,25.069339 ]
    },
    "properties": {
    "場所名稱":"臺北市政府消防局防災科學教育館",
    "場所地址":"成功路二段376號",
    "場所分類":"大型休閒場所",
    "AED放置地點":"1樓入口處",
    "行政區":"內湖區"
    }
  },
  {
    "type": "Feature",
    "geometry": {
       "type": "Point",
       "coordinates":  [ 121.542709,25.079202 ]
    },
    "properties": {
    "場所名稱":"臺北市立中山女子高級中學",
    "場所地址":"長安東路2段141號",
    "場所分類":"學校、大型集會場所",
    "AED放置地點":"莊敬樓1樓入口",
    "行政區":"中山區"
    }
  },
  {
    "type": "Feature",
    "geometry": {
       "type": "Point",
       "coordinates":  [ 121.5327385,25.0511593 ]
    },
    "properties": {
    "場所名稱":"元大人壽金星大樓",
    "場所地址":"(104)臺北市中山區松江路106號",
    "場所分類":"其他",
    "AED放置地點":"1F信箱區",
    "行政區":"中山區"
    }
  },
  {
    "type": "Feature",
    "geometry": {
       "type": "Point",
       "coordinates":  [ 121.5233558,25.0651017 ]
    },
    "properties": {
    "場所名稱":"GYM RULES 健身規則",
    "場所地址":"農安街9號2樓",
    "場所分類":"學校、大型集會場所",
    "AED放置地點":"櫃台旁",
    "行政區":"中山區"
    }
  },
  {
    "type": "Feature",
    "geometry": {
       "type": "Point",
       "coordinates":  [ 121.522844,25.053924 ]
    },
    "properties": {
    "場所名稱":"老爺大酒店股份有限公司",
    "場所地址":"中山北路2段37-1號",
    "場所分類":"其他",
    "AED放置地點":"在1樓大廳",
    "行政區":"中山區"
    }
  },
  {
    "type": "Feature",
    "geometry": {
       "type": "Point",
       "coordinates":  [ 121.5243036,25.0658309 ]
    },
    "properties": {
    "場所名稱":"台北中山雅樂軒酒店",
    "場所地址":"雙城街一號",
    "場所分類":"旅宿場所",
    "AED放置地點":"台北中山雅樂軒16樓健身房",
    "行政區":"中山區"
    }
  },
  {
    "type": "Feature",
    "geometry": {
       "type": "Point",
       "coordinates":  [ 121.520607,25.052708 ]
    },
    "properties": {
    "場所名稱":"新光三越百貨(股)公司台北南西分公司三館",
    "場所地址":"南京西路15號4樓",
    "場所分類":"大型購物場所",
    "AED放置地點":"4F顧客服務中心",
    "行政區":"中山區"
    }
  },
  {
    "type": "Feature",
    "geometry": {
       "type": "Point",
       "coordinates":  [ 121.526287,25.078611 ]
    },
    "properties": {
    "場所名稱":"財團法人臺灣敦睦聯誼會所屬作業組織圓山大飯店",
    "場所地址":"中山北路4段1巷1號",
    "場所分類":"旅宿場所",
    "AED放置地點":"聯誼會游泳池",
    "行政區":"中山區"
    }
  },
  {
    "type": "Feature",
    "geometry": {
       "type": "Point",
       "coordinates":  [ 121.521052,25.052266 ]
    },
    "properties": {
    "場所名稱":"新光三越百貨（股）公司台北南西分公司",
    "場所地址":"南京西路12號1樓服務台",
    "場所分類":"大型購物場所",
    "AED放置地點":"1樓服務台",
    "行政區":"中山區"
    }
  },
  {
    "type": "Feature",
    "geometry": {
       "type": "Point",
       "coordinates":  [ 121.533901,25.054936 ]
    },
    "properties": {
    "場所名稱":"臺北市中山區長春國民小學",
    "場所地址":"長春路165號",
    "場所分類":"其他",
    "AED放置地點":"信義樓一樓樓梯間",
    "行政區":"中山區"
    }
  },
  {
    "type": "Feature",
    "geometry": {
       "type": "Point",
       "coordinates":  [ 121.541784,25.04524 ]
    },
    "properties": {
    "場所名稱":"臺北市中山區懷生國民小學",
    "場所地址":"安東街16巷2號",
    "場所分類":"其他",
    "AED放置地點":"懷生國小健康中心走廊",
    "行政區":"中山區"
    }
  },
  {
    "type": "Feature",
    "geometry": {
       "type": "Point",
       "coordinates":  [ 121.530163,25.049769 ]
    },
    "properties": {
    "場所名稱":"臺北市中山區長安國民小學",
    "場所地址":"吉林路15號",
    "場所分類":"學校、大型集會場所",
    "AED放置地點":"本校活力新天地大樓1樓",
    "行政區":"中山區"
    }
  },
  {
    "type": "Feature",
    "geometry": {
       "type": "Point",
       "coordinates":  [ 121.5325824,25.0518068 ]
    },
    "properties": {
    "場所名稱":"寒居酒店",
    "場所地址":"松江路116號",
    "場所分類":"旅宿場所",
    "AED放置地點":"飯店大廳",
    "行政區":"中山區"
    }
  },
  {
    "type": "Feature",
    "geometry": {
       "type": "Point",
       "coordinates":  [ 121.5325824,25.0518068 ]
    },
    "properties": {
    "場所名稱":"寒居酒店",
    "場所地址":"松江路116號",
    "場所分類":"旅宿場所",
    "AED放置地點":"健身中心",
    "行政區":"中山區"
    }
  },
  {
    "type": "Feature",
    "geometry": {
       "type": "Point",
       "coordinates":  [ 121.543927,25.035513 ]
    },
    "properties": {
    "場所名稱":"群安健康事業有限公司",
    "場所地址":"長春路368號2樓之1",
    "場所分類":"學校、大型集會場所",
    "AED放置地點":"台北市中山區長春路368號2樓之1",
    "行政區":"中山區"
    }
  },
  {
    "type": "Feature",
    "geometry": {
       "type": "Point",
       "coordinates":  [ 121.533128,25.078381 ]
    },
    "properties": {
    "場所名稱":"國民革命忠烈祠",
    "場所地址":"北安路139號",
    "場所分類":"觀光旅遊地區",
    "AED放置地點":"安管桌後",
    "行政區":"中山區"
    }
  },
  {
    "type": "Feature",
    "geometry": {
       "type": "Point",
       "coordinates":  [ 121.5428451,25.0455188 ]
    },
    "properties": {
    "場所名稱":"萬泰物流供應鏈股份有限公司",
    "場所地址":"八德路二段308號5樓",
    "場所分類":"其他",
    "AED放置地點":"G樓大廳",
    "行政區":"中山區"
    }
  },
  {
    "type": "Feature",
    "geometry": {
       "type": "Point",
       "coordinates":  [ 121.553897,25.080489 ]
    },
    "properties": {
    "場所名稱":"台北美福大飯店",
    "場所地址":"樂群二路55號",
    "場所分類":"其他",
    "AED放置地點":"1樓商務中心",
    "行政區":"中山區"
    }
  },
  {
    "type": "Feature",
    "geometry": {
       "type": "Point",
       "coordinates":  [ 121.536437,25.055047 ]
    },
    "properties": {
    "場所名稱":"Curves可爾姿 建國長春店",
    "場所地址":"建國北路二段74號3F",
    "場所分類":"學校、大型集會場所",
    "AED放置地點":"Curves可爾姿 建國長春店",
    "行政區":"中山區"
    }
  },
  {
    "type": "Feature",
    "geometry": {
       "type": "Point",
       "coordinates":  [ 121.5512333,25.0838246 ]
    },
    "properties": {
    "場所名稱":"OPTiMAX動作重塑與肌力訓練",
    "場所地址":"明水路678號",
    "場所分類":"學校、大型集會場所",
    "AED放置地點":"一樓場館大廳",
    "行政區":"中山區"
    }
  },
  {
    "type": "Feature",
    "geometry": {
       "type": "Point",
       "coordinates":  [ 121.533459,25.05933 ]
    },
    "properties": {
    "場所名稱":"柯達大飯店股份有限公司松江分公司",
    "場所地址":"松江路251號",
    "場所分類":"旅宿場所",
    "AED放置地點":"一樓電梯口左側",
    "行政區":"中山區"
    }
  },
  {
    "type": "Feature",
    "geometry": {
       "type": "Point",
       "coordinates":  [ 121.523346,25.052813 ]
    },
    "properties": {
    "場所名稱":"柯達大飯店台北一店",
    "場所地址":"中山北路二段11巷1號",
    "場所分類":"其他",
    "AED放置地點":"一樓商務中心內",
    "行政區":"中山區"
    }
  },
  {
    "type": "Feature",
    "geometry": {
       "type": "Point",
       "coordinates":  [ 121.521711,25.064449 ]
    },
    "properties": {
    "場所名稱":"大同股份有限公司",
    "場所地址":"中山北路3段22號",
    "場所分類":"其他",
    "AED放置地點":"北設工大樓一樓大廳",
    "行政區":"中山區"
    }
  },
  {
    "type": "Feature",
    "geometry": {
       "type": "Point",
       "coordinates":  [ 121.521711,25.064449 ]
    },
    "properties": {
    "場所名稱":"大同股份有限公司",
    "場所地址":"中山北路3段22號",
    "場所分類":"其他",
    "AED放置地點":"新設工2樓餐廳內",
    "行政區":"中山區"
    }
  },
  {
    "type": "Feature",
    "geometry": {
       "type": "Point",
       "coordinates":  [ 121.535198,25.055031 ]
    },
    "properties": {
    "場所名稱":"臺北市立大同高級中學",
    "場所地址":"長春路167號",
    "場所分類":"學校、大型集會場所",
    "AED放置地點":"臺北市立大同高級中學游泳池",
    "行政區":"中山區"
    }
  },
  {
    "type": "Feature",
    "geometry": {
       "type": "Point",
       "coordinates":  [ 121.540351,25.052397 ]
    },
    "properties": {
    "場所名稱":"好時光南京樂園",
    "場所地址":"龍江路96號4樓",
    "場所分類":"學校、大型集會場所",
    "AED放置地點":"辦公室牆上",
    "行政區":"中山區"
    }
  },
  {
    "type": "Feature",
    "geometry": {
       "type": "Point",
       "coordinates":  [ 121.523316,25.049707 ]
    },
    "properties": {
    "場所名稱":"台北運動健身中心",
    "場所地址":"長安東路一段21號B1",
    "場所分類":"學校、大型集會場所",
    "AED放置地點":"櫃台左前方",
    "行政區":"中山區"
    }
  },
  {
    "type": "Feature",
    "geometry": {
       "type": "Point",
       "coordinates":  [ 121.543635,25.047122 ]
    },
    "properties": {
    "場所名稱":"麥威肌力體能股份有限公司(MYWAY Fitness)",
    "場所地址":"復興南路一段2號B1",
    "場所分類":"學校、大型集會場所",
    "AED放置地點":"大門前柱",
    "行政區":"中山區"
    }
  },
  {
    "type": "Feature",
    "geometry": {
       "type": "Point",
       "coordinates":  [ 121.543869,25.062783 ]
    },
    "properties": {
    "場所名稱":"英屬維京群島商李肇勳國際室內設計顧問股份有限公司台灣分公司",
    "場所地址":"復興北路420號5樓",
    "場所分類":"其他",
    "AED放置地點":"辦公室外面",
    "行政區":"中山區"
    }
  },
  {
    "type": "Feature",
    "geometry": {
       "type": "Point",
       "coordinates":  [ 121.521431,25.050006 ]
    },
    "properties": {
    "場所名稱":"臺北市政府警察局中山分局中山一派出所",
    "場所地址":"中山北路一段110號",
    "場所分類":"公眾服務單位設施",
    "AED放置地點":"志工服務台左側",
    "行政區":"中山區"
    }
  },
  {
    "type": "Feature",
    "geometry": {
       "type": "Point",
       "coordinates":  [ 121.5228309,25.05260935 ]
    },
    "properties": {
    "場所名稱":"臺北市政府警察局中山分局",
    "場所地址":"中山北路2段1號",
    "場所分類":"公眾服務單位設施",
    "AED放置地點":"1樓大廳出入口右側",
    "行政區":"中山區"
    }
  },
  {
    "type": "Feature",
    "geometry": {
       "type": "Point",
       "coordinates":  [ 121.523074,25.061986 ]
    },
    "properties": {
    "場所名稱":"柯達大飯店股份有限公司中山分公司",
    "場所地址":"中山北路二段139號",
    "場所分類":"旅宿場所",
    "AED放置地點":"接待大廳自動門左側",
    "行政區":"中山區"
    }
  },
  {
    "type": "Feature",
    "geometry": {
       "type": "Point",
       "coordinates":  [ 121.527053,25.054791 ]
    },
    "properties": {
    "場所名稱":"香港商世界健身事業有限公司台北長春分公司",
    "場所地址":"長春路90號1樓",
    "場所分類":"學校、大型集會場所",
    "AED放置地點":"一樓大廳處",
    "行政區":"中山區"
    }
  },
  {
    "type": "Feature",
    "geometry": {
       "type": "Point",
       "coordinates":  [ 121.524349,25.05737 ]
    },
    "properties": {
    "場所名稱":"菲特邦健康管理",
    "場所地址":"中山北路二段77巷14號3樓",
    "場所分類":"學校、大型集會場所",
    "AED放置地點":"運動教室內",
    "行政區":"中山區"
    }
  },
  {
    "type": "Feature",
    "geometry": {
       "type": "Point",
       "coordinates":  [ 121.524852,25.072594 ]
    },
    "properties": {
    "場所名稱":"臺北市立美術館",
    "場所地址":"中山北路三段181號",
    "場所分類":"其他",
    "AED放置地點":"南進門入口",
    "行政區":"中山區"
    }
  },
  {
    "type": "Feature",
    "geometry": {
       "type": "Point",
       "coordinates":  [ 121.547395,25.0725 ]
    },
    "properties": {
    "場所名稱":"長源汽車台北服務廠",
    "場所地址":"濱江街321號",
    "場所分類":"其他",
    "AED放置地點":"1F",
    "行政區":"中山區"
    }
  },
  {
    "type": "Feature",
    "geometry": {
       "type": "Point",
       "coordinates":  [ 121.521122,25.050229 ]
    },
    "properties": {
    "場所名稱":"臺北市政府警察局交通警察大隊中山分隊",
    "場所地址":"長安西路3號3樓",
    "場所分類":"公眾服務單位設施",
    "AED放置地點":"值班台右側",
    "行政區":"中山區"
    }
  },
  {
    "type": "Feature",
    "geometry": {
       "type": "Point",
       "coordinates":  [ 121.5241,25.055819 ]
    },
    "properties": {
    "場所名稱":"初健身TRUE GYM",
    "場所地址":"中山北路二段59巷28號",
    "場所分類":"其他",
    "AED放置地點":"門口",
    "行政區":"中山區"
    }
  },
  {
    "type": "Feature",
    "geometry": {
       "type": "Point",
       "coordinates":  [ 121.528203,25.018151 ]
    },
    "properties": {
    "場所名稱":"傑瑞運動整合有限公司",
    "場所地址":"汀州路三段61號",
    "場所分類":"學校、大型集會場所",
    "AED放置地點":"門口",
    "行政區":"中山區"
    }
  },
  {
    "type": "Feature",
    "geometry": {
       "type": "Point",
       "coordinates":  [ 121.536327,25.050301 ]
    },
    "properties": {
    "場所名稱":"PulseGym建國店",
    "場所地址":"建國北路一段96號1樓",
    "場所分類":"學校、大型集會場所",
    "AED放置地點":"入門左側",
    "行政區":"中山區"
    }
  },
  {
    "type": "Feature",
    "geometry": {
       "type": "Point",
       "coordinates":  [ 121.561637,25.078001 ]
    },
    "properties": {
    "場所名稱":"臺北市中山區濱江國民小學",
    "場所地址":"樂群二路266巷99號",
    "場所分類":"其他",
    "AED放置地點":"泳池場館(觀看休息室)",
    "行政區":"中山區"
    }
  },
  {
    "type": "Feature",
    "geometry": {
       "type": "Point",
       "coordinates":  [ 121.523208,25.048823 ]
    },
    "properties": {
    "場所名稱":"柯達大飯店 台北天津",
    "場所地址":"中山北路一段53巷22號",
    "場所分類":"其他",
    "AED放置地點":"一樓大廳旁",
    "行政區":"中山區"
    }
  },
  {
    "type": "Feature",
    "geometry": {
       "type": "Point",
       "coordinates":  [ 121.559553,25.083544 ]
    },
    "properties": {
    "場所名稱":"Hotel Indigo Taipei North 台北大直英迪格酒店",
    "場所地址":"植福路200號",
    "場所分類":"旅宿場所",
    "AED放置地點":"飯店大廳櫃台辦公室",
    "行政區":"中山區"
    }
  },
  {
    "type": "Feature",
    "geometry": {
       "type": "Point",
       "coordinates":  [ 121.536047,25.05464 ]
    },
    "properties": {
    "場所名稱":"臺北市政府警察局中山分局長春路派出所",
    "場所地址":"長春路206號1樓",
    "場所分類":"公眾服務單位設施",
    "AED放置地點":"值班台旁",
    "行政區":"中山區"
    }
  },
  {
    "type": "Feature",
    "geometry": {
       "type": "Point",
       "coordinates":  [ 121.5212012,25.05016305 ]
    },
    "properties": {
    "場所名稱":"臺北市政府警察局中山分局警備隊",
    "場所地址":"長安西路3號五樓",
    "場所分類":"公眾服務單位設施",
    "AED放置地點":"一樓辦公室(大門入口左側)",
    "行政區":"中山區"
    }
  },
  {
    "type": "Feature",
    "geometry": {
       "type": "Point",
       "coordinates":  [ 121.542948,25.048745 ]
    },
    "properties": {
    "場所名稱":"臺北市中山區力行里固定里民活動場所",
    "場所地址":"遼寧街45巷24號",
    "場所分類":"其他",
    "AED放置地點":"力行里固定里民活動場所",
    "行政區":"中山區"
    }
  },
  {
    "type": "Feature",
    "geometry": {
       "type": "Point",
       "coordinates":  [ 121.523334,25.052401 ]
    },
    "properties": {
    "場所名稱":"台北大倉久和大飯店",
    "場所地址":"南京東路一段9號1樓",
    "場所分類":"旅宿場所",
    "AED放置地點":"大廳",
    "行政區":"中山區"
    }
  },
  {
    "type": "Feature",
    "geometry": {
       "type": "Point",
       "coordinates":  [ 121.540529,25.048447 ]
    },
    "properties": {
    "場所名稱":"臺北市政府警察局中山分局長安東路派出所",
    "場所地址":"長安東路2段165號",
    "場所分類":"公眾服務單位設施",
    "AED放置地點":"值班台旁",
    "行政區":"中山區"
    }
  },
  {
    "type": "Feature",
    "geometry": {
       "type": "Point",
       "coordinates":  [ 121.523861,25.072731 ]
    },
    "properties": {
    "場所名稱":"臺北市政府警察局中山分局圓山派出所",
    "場所地址":"中山北路3段62號",
    "場所分類":"公眾服務單位設施",
    "AED放置地點":"一樓值班檯旁",
    "行政區":"中山區"
    }
  },
  {
    "type": "Feature",
    "geometry": {
       "type": "Point",
       "coordinates":  [ 121.536047,25.068007 ]
    },
    "properties": {
    "場所名稱":"臺北市政府警察局中山分局建國派出所",
    "場所地址":"民族東路284號",
    "場所分類":"公眾服務單位設施",
    "AED放置地點":"1樓門口",
    "行政區":"中山區"
    }
  },
  {
    "type": "Feature",
    "geometry": {
       "type": "Point",
       "coordinates":  [ 121.542531,25.072604 ]
    },
    "properties": {
    "場所名稱":"國都濱江服務廠",
    "場所地址":"濱江街269號",
    "場所分類":"其他",
    "AED放置地點":"服務廠展間",
    "行政區":"中山區"
    }
  },
  {
    "type": "Feature",
    "geometry": {
       "type": "Point",
       "coordinates":  [ 121.523313,25.052506 ]
    },
    "properties": {
    "場所名稱":"台北大倉久和大飯店健身俱樂部",
    "場所地址":"南京東路1段9號20樓",
    "場所分類":"學校、大型集會場所",
    "AED放置地點":"20樓健身房入口正前方",
    "行政區":"中山區"
    }
  },
  {
    "type": "Feature",
    "geometry": {
       "type": "Point",
       "coordinates":  [ 121.532543,25.068958 ]
    },
    "properties": {
    "場所名稱":"新生公園棒球場",
    "場所地址":"新生北路3段105號",
    "場所分類":"其他",
    "AED放置地點":"正門入口處",
    "行政區":"中山區"
    }
  },
  {
    "type": "Feature",
    "geometry": {
       "type": "Point",
       "coordinates":  [ 121.528776,25.070256 ]
    },
    "properties": {
    "場所名稱":"新生公園游泳池",
    "場所地址":"新生北路三段105號",
    "場所分類":"大型休閒場所",
    "AED放置地點":"本池櫃台",
    "行政區":"中山區"
    }
  },
  {
    "type": "Feature",
    "geometry": {
       "type": "Point",
       "coordinates":  [ 121.529734,25.057855 ]
    },
    "properties": {
    "場所名稱":"天天健體能訓練",
    "場所地址":"民生東路二段64號",
    "場所分類":"學校、大型集會場所",
    "AED放置地點":"櫃台門口",
    "行政區":"中山區"
    }
  },
  {
    "type": "Feature",
    "geometry": {
       "type": "Point",
       "coordinates":  [ 121.537862,25.0621 ]
    },
    "properties": {
    "場所名稱":"香港商鈦澤集團有限公司-台灣分公司",
    "場所地址":"民權東路三段2-1號2樓",
    "場所分類":"其他",
    "AED放置地點":"進門靠左側1號櫃檯旁",
    "行政區":"中山區"
    }
  },
  {
    "type": "Feature",
    "geometry": {
       "type": "Point",
       "coordinates":  [ 121.535847,25.051839 ]
    },
    "properties": {
    "場所名稱":"奧斯卡建設股份有限公司",
    "場所地址":"南京東路二段206號9樓之1",
    "場所分類":"其他",
    "AED放置地點":"辦公室門口右側",
    "行政區":"中山區"
    }
  },
  {
    "type": "Feature",
    "geometry": {
       "type": "Point",
       "coordinates":  [ 121.525036,25.048894 ]
    },
    "properties": {
    "場所名稱":"第一商業銀行華山分行",
    "場所地址":"長安東路1段22號",
    "場所分類":"其他",
    "AED放置地點":"一樓大廳進入後右側",
    "行政區":"中山區"
    }
  },
  {
    "type": "Feature",
    "geometry": {
       "type": "Point",
       "coordinates":  [ 121.528598,25.051905 ]
    },
    "properties": {
    "場所名稱":"第一商業銀行新生分行",
    "場所地址":"南京東路二段8號",
    "場所分類":"其他",
    "AED放置地點":"一樓大廳進入後右側",
    "行政區":"中山區"
    }
  },
  {
    "type": "Feature",
    "geometry": {
       "type": "Point",
       "coordinates":  [ 121.5392342,25.0467443 ]
    },
    "properties": {
    "場所名稱":"彰化商業銀行中崙分行",
    "場所地址":"八德路二段201號",
    "場所分類":"其他",
    "AED放置地點":"接待大廳保全座位旁",
    "行政區":"中山區"
    }
  },
  {
    "type": "Feature",
    "geometry": {
       "type": "Point",
       "coordinates":  [ 121.526287,25.078611 ]
    },
    "properties": {
    "場所名稱":"財團法人臺灣敦睦聯誼會所屬作業組織圓山大飯店",
    "場所地址":"中山北路4段1巷1號",
    "場所分類":"旅宿場所",
    "AED放置地點":"聯誼會孔二故居",
    "行政區":"中山區"
    }
  },
  {
    "type": "Feature",
    "geometry": {
       "type": "Point",
       "coordinates":  [ 121.527944,25.059955 ]
    },
    "properties": {
    "場所名稱":"臺北市政府警察局中山分局民權一派出所",
    "場所地址":"新生北路二段127之1號",
    "場所分類":"公眾服務單位設施",
    "AED放置地點":"派出所內，詳洽值班台",
    "行政區":"中山區"
    }
  },
  {
    "type": "Feature",
    "geometry": {
       "type": "Point",
       "coordinates":  [ 121.524852,25.072594 ]
    },
    "properties": {
    "場所名稱":"臺北市立美術館",
    "場所地址":"中山北路三段181號",
    "場所分類":"其他",
    "AED放置地點":"D展間",
    "行政區":"中山區"
    }
  },
  {
    "type": "Feature",
    "geometry": {
       "type": "Point",
       "coordinates":  [ 121.533406,25.052523 ]
    },
    "properties": {
    "場所名稱":"和泰汽車股份有限公司",
    "場所地址":"松江路121號4樓",
    "場所分類":"其他",
    "AED放置地點":"4樓大廳",
    "行政區":"中山區"
    }
  },
  {
    "type": "Feature",
    "geometry": {
       "type": "Point",
       "coordinates":  [ 121.531518,25.074788 ]
    },
    "properties": {
    "場所名稱":"大直橋下基層訓練站",
    "場所地址":"基隆河左岸大佳段大直橋下貨櫃屋",
    "場所分類":"其他",
    "AED放置地點":"基隆河左岸大佳段大直橋下貨櫃屋",
    "行政區":"中山區"
    }
  },
  {
    "type": "Feature",
    "geometry": {
       "type": "Point",
       "coordinates":  [ 121.537029,25.044986 ]
    },
    "properties": {
    "場所名稱":"美麗信酒店股份有限公司",
    "場所地址":"市民大道三段83號",
    "場所分類":"其他",
    "AED放置地點":"飯店大廳",
    "行政區":"中山區"
    }
  },
  {
    "type": "Feature",
    "geometry": {
       "type": "Point",
       "coordinates":  [ 121.522161,25.053279 ]
    },
    "properties": {
    "場所名稱":"台北之家（光點台北）",
    "場所地址":"中山北路二段18號",
    "場所分類":"大型休閒場所",
    "AED放置地點":"1F入口處",
    "行政區":"中山區"
    }
  },
  {
    "type": "Feature",
    "geometry": {
       "type": "Point",
       "coordinates":  [ 121.533887,25.062269 ]
    },
    "properties": {
    "場所名稱":"南山人壽保險股份有限公司(南山人壽大樓)",
    "場所地址":"民權東路二段144號",
    "場所分類":"其他",
    "AED放置地點":"1樓大廳",
    "行政區":"中山區"
    }
  },
  {
    "type": "Feature",
    "geometry": {
       "type": "Point",
       "coordinates":  [ 121.536367,25.073294 ]
    },
    "properties": {
    "場所名稱":"臺北市中山區大佳國民小學",
    "場所地址":"濱江街107號",
    "場所分類":"其他",
    "AED放置地點":"穿堂",
    "行政區":"中山區"
    }
  },
  {
    "type": "Feature",
    "geometry": {
       "type": "Point",
       "coordinates":  [ 121.5361858,25.05223435 ]
    },
    "properties": {
    "場所名稱":"合作金庫人壽保險股份有限公司",
    "場所地址":"南京東路二段85.87號5樓",
    "場所分類":"其他",
    "AED放置地點":"台北市中山區南京東路二段85.87號5樓",
    "行政區":"中山區"
    }
  },
  {
    "type": "Feature",
    "geometry": {
       "type": "Point",
       "coordinates":  [ 121.536162,25.057653 ]
    },
    "properties": {
    "場所名稱":"國泰商旅股份有限公司民生分公司(和逸飯店台北民生館)",
    "場所地址":"民生東路二段178號",
    "場所分類":"其他",
    "AED放置地點":"2F The Lounge",
    "行政區":"中山區"
    }
  },
  {
    "type": "Feature",
    "geometry": {
       "type": "Point",
       "coordinates":  [ 121.528306,25.05085 ]
    },
    "properties": {
    "場所名稱":"健鑫體適能有限公司(FREE POWER 器材代購買賣)",
    "場所地址":"新生北路一段83號地下室",
    "場所分類":"學校、大型集會場所",
    "AED放置地點":"地下室",
    "行政區":"中山區"
    }
  },
  {
    "type": "Feature",
    "geometry": {
       "type": "Point",
       "coordinates":  [ 121.52424,25.054187 ]
    },
    "properties": {
    "場所名稱":"晶華國際酒店股份有限公司",
    "場所地址":"中山北路2段39巷3號",
    "場所分類":"旅宿場所",
    "AED放置地點":"地下三樓健身房",
    "行政區":"中山區"
    }
  },
  {
    "type": "Feature",
    "geometry": {
       "type": "Point",
       "coordinates":  [ 121.52424,25.054187 ]
    },
    "properties": {
    "場所名稱":"晶華國際酒店股份有限公司",
    "場所地址":"中山北路2段39巷3號",
    "場所分類":"旅宿場所",
    "AED放置地點":"員工出入口",
    "行政區":"中山區"
    }
  },
  {
    "type": "Feature",
    "geometry": {
       "type": "Point",
       "coordinates":  [ 121.52424,25.054187 ]
    },
    "properties": {
    "場所名稱":"晶華國際酒店股份有限公司",
    "場所地址":"中山北路2段39巷3號",
    "場所分類":"旅宿場所",
    "AED放置地點":"飯店大廳",
    "行政區":"中山區"
    }
  },
  {
    "type": "Feature",
    "geometry": {
       "type": "Point",
       "coordinates":  [ 121.526982,25.05908 ]
    },
    "properties": {
    "場所名稱":"台北市中山區錦州街基地公共住宅新建工程",
    "場所地址":"吉林段三小段982地號土地",
    "場所分類":"其他",
    "AED放置地點":"台北市中山區吉林段三小段982地號土地",
    "行政區":"中山區"
    }
  },
  {
    "type": "Feature",
    "geometry": {
       "type": "Point",
       "coordinates":  [ 121.523837,25.068251 ]
    },
    "properties": {
    "場所名稱":"海克利斯運動器材有限公司",
    "場所地址":"民族東路10號4樓",
    "場所分類":"其他",
    "AED放置地點":"4樓入口大廳",
    "行政區":"中山區"
    }
  },
  {
    "type": "Feature",
    "geometry": {
       "type": "Point",
       "coordinates":  [ 121.533248,25.053374 ]
    },
    "properties": {
    "場所名稱":"國都汽車南松江營業所",
    "場所地址":"松江路127號",
    "場所分類":"其他",
    "AED放置地點":"營業所展示間",
    "行政區":"中山區"
    }
  },
  {
    "type": "Feature",
    "geometry": {
       "type": "Point",
       "coordinates":  [ 121.537108,25.066673 ]
    },
    "properties": {
    "場所名稱":"上引水產有限公司(台北漁市)",
    "場所地址":"民族東路410巷2弄18號",
    "場所分類":"大型購物場所",
    "AED放置地點":"賣場中央位置區",
    "行政區":"中山區"
    }
  },
  {
    "type": "Feature",
    "geometry": {
       "type": "Point",
       "coordinates":  [ 121.541586,25.072852 ]
    },
    "properties": {
    "場所名稱":"國都L濱江廠",
    "場所地址":"濱江街251號",
    "場所分類":"其他",
    "AED放置地點":"服務廠客休室",
    "行政區":"中山區"
    }
  },
  {
    "type": "Feature",
    "geometry": {
       "type": "Point",
       "coordinates":  [ 121.533163,25.04874 ]
    },
    "properties": {
    "場所名稱":"柯達大飯店股份有限公司長安分公司",
    "場所地址":"松江路61-1號",
    "場所分類":"其他",
    "AED放置地點":"一樓接待大廳",
    "行政區":"中山區"
    }
  },
  {
    "type": "Feature",
    "geometry": {
       "type": "Point",
       "coordinates":  [ 121.522525,25.056511 ]
    },
    "properties": {
    "場所名稱":"心安實業(X-Fitstudio體適能健體空間)",
    "場所地址":"中山北路二段56號3樓",
    "場所分類":"其他",
    "AED放置地點":"台北市中山區中山北路二段56號三樓",
    "行政區":"中山區"
    }
  },
  {
    "type": "Feature",
    "geometry": {
       "type": "Point",
       "coordinates":  [ 121.541329,25.052302 ]
    },
    "properties": {
    "場所名稱":"JR東日本大飯店 台北",
    "場所地址":"南京東路三段133號",
    "場所分類":"交通要衝",
    "AED放置地點":"B1",
    "行政區":"中山區"
    }
  },
  {
    "type": "Feature",
    "geometry": {
       "type": "Point",
       "coordinates":  [ 121.541329,25.052302 ]
    },
    "properties": {
    "場所名稱":"JR東日本大飯店 台北",
    "場所地址":"南京東路三段133號",
    "場所分類":"交通要衝",
    "AED放置地點":"1F",
    "行政區":"中山區"
    }
  },
  {
    "type": "Feature",
    "geometry": {
       "type": "Point",
       "coordinates":  [ 121.541329,25.052302 ]
    },
    "properties": {
    "場所名稱":"JR東日本大飯店 台北",
    "場所地址":"南京東路三段133號",
    "場所分類":"交通要衝",
    "AED放置地點":"9F",
    "行政區":"中山區"
    }
  },
  {
    "type": "Feature",
    "geometry": {
       "type": "Point",
       "coordinates":  [ 121.541329,25.052302 ]
    },
    "properties": {
    "場所名稱":"JR東日本大飯店 台北",
    "場所地址":"南京東路三段133號",
    "場所分類":"交通要衝",
    "AED放置地點":"13F",
    "行政區":"中山區"
    }
  },
  {
    "type": "Feature",
    "geometry": {
       "type": "Point",
       "coordinates":  [ 121.5334977,25.06575046 ]
    },
    "properties": {
    "場所名稱":"國都汽車L松江營所",
    "場所地址":"松江路433號",
    "場所分類":"其他",
    "AED放置地點":"營業所展間",
    "行政區":"中山區"
    }
  },
  {
    "type": "Feature",
    "geometry": {
       "type": "Point",
       "coordinates":  [ 121.522184,25.066838 ]
    },
    "properties": {
    "場所名稱":"臺北市私立大同高級中學",
    "場所地址":"中山北路三段40號",
    "場所分類":"學校、大型集會場所",
    "AED放置地點":"健康中心櫃架",
    "行政區":"中山區"
    }
  },
  {
    "type": "Feature",
    "geometry": {
       "type": "Point",
       "coordinates":  [ 121.5423653,25.05279586 ]
    },
    "properties": {
    "場所名稱":"健身工廠長春廠",
    "場所地址":"遼寧街177號B2、B3、B3-2",
    "場所分類":"學校、大型集會場所",
    "AED放置地點":"B2櫃檯右方直行",
    "行政區":"中山區"
    }
  },
  {
    "type": "Feature",
    "geometry": {
       "type": "Point",
       "coordinates":  [ 121.544124,25.079511 ]
    },
    "properties": {
    "場所名稱":"臺北市政府警察局中山分局大直派出所",
    "場所地址":"北安路456號",
    "場所分類":"公眾服務單位設施",
    "AED放置地點":"大門口旁",
    "行政區":"中山區"
    }
  },
  {
    "type": "Feature",
    "geometry": {
       "type": "Point",
       "coordinates":  [ 121.550504,25.080141 ]
    },
    "properties": {
    "場所名稱":"找時間動一動俱樂部",
    "場所地址":"明水路581巷25號地下一樓",
    "場所分類":"學校、大型集會場所",
    "AED放置地點":"找時間動一動俱樂部櫃台前",
    "行政區":"中山區"
    }
  },
  {
    "type": "Feature",
    "geometry": {
       "type": "Point",
       "coordinates":  [ 121.547119,25.059159 ]
    },
    "properties": {
    "場所名稱":"布勒斯運動顧問",
    "場所地址":"復興北路446號",
    "場所分類":"學校、大型集會場所",
    "AED放置地點":"健身房",
    "行政區":"中山區"
    }
  },
  {
    "type": "Feature",
    "geometry": {
       "type": "Point",
       "coordinates":  [ 121.53409,25.057692 ]
    },
    "properties": {
    "場所名稱":"長榮海運股份有限公司(臺北市)",
    "場所地址":"民生東路二段166號",
    "場所分類":"其他",
    "AED放置地點":"一樓大廳",
    "行政區":"中山區"
    }
  },
  {
    "type": "Feature",
    "geometry": {
       "type": "Point",
       "coordinates":  [ 121.537862,25.0621 ]
    },
    "properties": {
    "場所名稱":"香港商鈦澤集團有限公司-台灣分公司",
    "場所地址":"民權東路三段2-1號2樓",
    "場所分類":"其他",
    "AED放置地點":"進門右手邊走到底課表公布欄旁",
    "行政區":"中山區"
    }
  },
  {
    "type": "Feature",
    "geometry": {
       "type": "Point",
       "coordinates":  [ 121.5310963,25.0523188 ]
    },
    "properties": {
    "場所名稱":"元大人壽元泰廣場",
    "場所地址":"南京東路二段77號",
    "場所分類":"其他",
    "AED放置地點":"台北市南京東路二段77號",
    "行政區":"中山區"
    }
  },
  {
    "type": "Feature",
    "geometry": {
       "type": "Point",
       "coordinates":  [ 121.5376446,25.0621023 ]
    },
    "properties": {
    "場所名稱":"美商泰優股份有限公司台灣分公司",
    "場所地址":"民權東路三段2號5樓",
    "場所分類":"其他",
    "AED放置地點":"公司大廳",
    "行政區":"中山區"
    }
  },
  {
    "type": "Feature",
    "geometry": {
       "type": "Point",
       "coordinates":  [ 121.5489498,25.0801763 ]
    },
    "properties": {
    "場所名稱":"香港商世界健身事業有限公司大直北安分公司",
    "場所地址":"北安路554巷19號B1",
    "場所分類":"學校、大型集會場所",
    "AED放置地點":"台北市中山區北安路554巷19號B1",
    "行政區":"中山區"
    }
  },
  {
    "type": "Feature",
    "geometry": {
       "type": "Point",
       "coordinates":  [ 121.5372562,25.0527114 ]
    },
    "properties": {
    "場所名稱":"漢普頓酒店",
    "場所地址":"建國北路二段7號",
    "場所分類":"旅宿場所",
    "AED放置地點":"飯店大廳",
    "行政區":"中山區"
    }
  },
  {
    "type": "Feature",
    "geometry": {
       "type": "Point",
       "coordinates":  [ 121.5392718,25.0448961 ]
    },
    "properties": {
    "場所名稱":"WEEEFITNESS",
    "場所地址":"市民大道三段143號2F",
    "場所分類":"學校、大型集會場所",
    "AED放置地點":"櫃檯",
    "行政區":"中山區"
    }
  },
  {
    "type": "Feature",
    "geometry": {
       "type": "Point",
       "coordinates":  [ 121.5342129,25.052255 ]
    },
    "properties": {
    "場所名稱":"More Fit 松江店",
    "場所地址":"南京東路二段125號B1",
    "場所分類":"學校、大型集會場所",
    "AED放置地點":"門口左手邊",
    "行政區":"中山區"
    }
  },
  {
    "type": "Feature",
    "geometry": {
       "type": "Point",
       "coordinates":  [ 121.541528,25.064084 ]
    },
    "properties": {
    "場所名稱":"臺北市中山區五常國民小學",
    "場所地址":"五常街16號",
    "場所分類":"其他",
    "AED放置地點":"川堂至健康中心之走廊上",
    "行政區":"中山區"
    }
  },
  {
    "type": "Feature",
    "geometry": {
       "type": "Point",
       "coordinates":  [ 121.5248543,25.0506452 ]
    },
    "properties": {
    "場所名稱":"米鈦工作室",
    "場所地址":"林森北路100號8樓之6",
    "場所分類":"其他",
    "AED放置地點":"進門左手邊櫃子",
    "行政區":"中山區"
    }
  },
  {
    "type": "Feature",
    "geometry": {
       "type": "Point",
       "coordinates":  [ 121.52845,25.080496 ]
    },
    "properties": {
    "場所名稱":"圓山風景區藍鵲地景區",
    "場所地址":"中山北路4段1號",
    "場所分類":"其他",
    "AED放置地點":"藍鵲地景區",
    "行政區":"中山區"
    }
  },
  {
    "type": "Feature",
    "geometry": {
       "type": "Point",
       "coordinates":  [ 121.5227989,25.0636027 ]
    },
    "properties": {
    "場所名稱":"巨平方健身房",
    "場所地址":"中山北路二段183之5號",
    "場所分類":"其他",
    "AED放置地點":"二樓",
    "行政區":"中山區"
    }
  },
  {
    "type": "Feature",
    "geometry": {
       "type": "Point",
       "coordinates":  [ 121.52082,25.050578 ]
    },
    "properties": {
    "場所名稱":"臺北市政府身心障礙綜合服務中心",
    "場所地址":"長安西路5巷2號",
    "場所分類":"其他",
    "AED放置地點":"1樓大廳",
    "行政區":"中山區"
    }
  },
  {
    "type": "Feature",
    "geometry": {
       "type": "Point",
       "coordinates":  [ 121.524257,25.058223 ]
    },
    "properties": {
    "場所名稱":"國家住宅及都市更新中心",
    "場所地址":"民生東路一段21號",
    "場所分類":"其他",
    "AED放置地點":"1F大廳",
    "行政區":"中山區"
    }
  },
  {
    "type": "Feature",
    "geometry": {
       "type": "Point",
       "coordinates":  [ 121.528616,25.065354 ]
    },
    "properties": {
    "場所名稱":"臺北市私立稻江高級護理家事職業學校",
    "場所地址":"新生北路3段55號",
    "場所分類":"學校、大型集會場所",
    "AED放置地點":"稻江護家警衛室",
    "行政區":"中山區"
    }
  },
  {
    "type": "Feature",
    "geometry": {
       "type": "Point",
       "coordinates":  [ 121.5418473,25.0481827 ]
    },
    "properties": {
    "場所名稱":"永動定律健身訓練工作室",
    "場所地址":"長安東路二段204號",
    "場所分類":"其他",
    "AED放置地點":"入門後右手邊牆壁上",
    "行政區":"中山區"
    }
  },
  {
    "type": "Feature",
    "geometry": {
       "type": "Point",
       "coordinates":  [ 121.5378032,25.0638648 ]
    },
    "properties": {
    "場所名稱":"榮星花園游泳池",
    "場所地址":"建國北路三段39號",
    "場所分類":"大型休閒場所",
    "AED放置地點":"1F櫃台旁",
    "行政區":"中山區"
    }
  },
  {
    "type": "Feature",
    "geometry": {
       "type": "Point",
       "coordinates":  [ 121.5378032,25.0638648 ]
    },
    "properties": {
    "場所名稱":"榮星花園游泳池",
    "場所地址":"建國北路三段39號",
    "場所分類":"大型休閒場所",
    "AED放置地點":"2F健身房",
    "行政區":"中山區"
    }
  },
  {
    "type": "Feature",
    "geometry": {
       "type": "Point",
       "coordinates":  [ 121.520376,25.064295 ]
    },
    "properties": {
    "場所名稱":"玉山商業銀行股份有限公司(科技大樓)",
    "場所地址":"天祥路86巷1號",
    "場所分類":"其他",
    "AED放置地點":"進大門後左手邊。",
    "行政區":"中山區"
    }
  },
  {
    "type": "Feature",
    "geometry": {
       "type": "Point",
       "coordinates":  [ 121.519508,25.06427 ]
    },
    "properties": {
    "場所名稱":"玉山商業銀行股份有限公司(登峰大樓)",
    "場所地址":"撫順街四十一巷十三號",
    "場所分類":"其他",
    "AED放置地點":"進大門後左手邊。",
    "行政區":"中山區"
    }
  },
  {
    "type": "Feature",
    "geometry": {
       "type": "Point",
       "coordinates":  [ 121.524852,25.072594 ]
    },
    "properties": {
    "場所名稱":"臺北市立美術館",
    "場所地址":"中山北路三段181號",
    "場所分類":"其他",
    "AED放置地點":"大門入口",
    "行政區":"中山區"
    }
  },
  {
    "type": "Feature",
    "geometry": {
       "type": "Point",
       "coordinates":  [ 121.521197,25.055752 ]
    },
    "properties": {
    "場所名稱":"台北捷運行政大樓",
    "場所地址":"中山北路2段48巷7號",
    "場所分類":"其他",
    "AED放置地點":"捷運行政大樓一樓大廳",
    "行政區":"中山區"
    }
  },
  {
    "type": "Feature",
    "geometry": {
       "type": "Point",
       "coordinates":  [ 121.525722,25.060814 ]
    },
    "properties": {
    "場所名稱":"探索國際開股份有限公司新舍商旅林森分公司(新舍商旅xinshe_linsen)",
    "場所地址":"林森北路477號",
    "場所分類":"旅宿場所",
    "AED放置地點":"旅館櫃檯旁",
    "行政區":"中山區"
    }
  },
  {
    "type": "Feature",
    "geometry": {
       "type": "Point",
       "coordinates":  [ 121.546844,25.079497 ]
    },
    "properties": {
    "場所名稱":"臺北捷運大直站BR14",
    "場所地址":"北安路534-1號",
    "場所分類":"交通要衝",
    "AED放置地點":"詢問處附近",
    "行政區":"中山區"
    }
  },
  {
    "type": "Feature",
    "geometry": {
       "type": "Point",
       "coordinates":  [ 121.544151,25.060809 ]
    },
    "properties": {
    "場所名稱":"臺北捷運中山國中站BR12",
    "場所地址":"復興北路376號",
    "場所分類":"交通要衝",
    "AED放置地點":"捷運文湖線中山國中站三樓大廳",
    "行政區":"中山區"
    }
  },
  {
    "type": "Feature",
    "geometry": {
       "type": "Point",
       "coordinates":  [ 121.5222096,25.06684013 ]
    },
    "properties": {
    "場所名稱":"大同大學",
    "場所地址":"中山北路3段40號",
    "場所分類":"學校、大型集會場所",
    "AED放置地點":"體育室-辦公室",
    "行政區":"中山區"
    }
  },
  {
    "type": "Feature",
    "geometry": {
       "type": "Point",
       "coordinates":  [ 121.534973,25.068077 ]
    },
    "properties": {
    "場所名稱":"臺北市中山區行孝里辦公處",
    "場所地址":"民族東路282號5樓",
    "場所分類":"其他",
    "AED放置地點":"行孝里辦公處",
    "行政區":"中山區"
    }
  },
  {
    "type": "Feature",
    "geometry": {
       "type": "Point",
       "coordinates":  [ 121.555537,25.084875 ]
    },
    "properties": {
    "場所名稱":"臺北捷運劍南路站BR15",
    "場所地址":"北安路798號",
    "場所分類":"交通要衝",
    "AED放置地點":"主詢問處附近",
    "行政區":"中山區"
    }
  },
  {
    "type": "Feature",
    "geometry": {
       "type": "Point",
       "coordinates":  [ 121.551862,25.085031 ]
    },
    "properties": {
    "場所名稱":"凱基證券(大直 總公司)",
    "場所地址":"明水路700號4樓",
    "場所分類":"其他",
    "AED放置地點":"四樓電梯出口左方",
    "行政區":"中山區"
    }
  },
  {
    "type": "Feature",
    "geometry": {
       "type": "Point",
       "coordinates":  [ 121.52963,25.054721 ]
    },
    "properties": {
    "場所名稱":"臺北市中山區吉林國民小學",
    "場所地址":"長春路116號",
    "場所分類":"其他",
    "AED放置地點":"穿堂",
    "行政區":"中山區"
    }
  },
  {
    "type": "Feature",
    "geometry": {
       "type": "Point",
       "coordinates":  [ 121.526417,25.062646 ]
    },
    "properties": {
    "場所名稱":"臺北捷運中山國小站O10",
    "場所地址":"民權東路一段71號",
    "場所分類":"交通要衝",
    "AED放置地點":"臺北捷運中山國小站O10詢問處附近",
    "行政區":"中山區"
    }
  },
  {
    "type": "Feature",
    "geometry": {
       "type": "Point",
       "coordinates":  [ 121.533095,25.059759 ]
    },
    "properties": {
    "場所名稱":"臺北捷運行天宮站O09",
    "場所地址":"松江路316號",
    "場所分類":"交通要衝",
    "AED放置地點":"臺北捷運行天宮站O09主詢問處附近",
    "行政區":"中山區"
    }
  },
  {
    "type": "Feature",
    "geometry": {
       "type": "Point",
       "coordinates":  [ 121.533028,25.052042 ]
    },
    "properties": {
    "場所名稱":"臺北捷運松江南京站O08",
    "場所地址":"松江路126號",
    "場所分類":"交通要衝",
    "AED放置地點":"橘線松江南京站大廳層",
    "行政區":"中山區"
    }
  },
  {
    "type": "Feature",
    "geometry": {
       "type": "Point",
       "coordinates":  [ 121.533039,25.052035 ]
    },
    "properties": {
    "場所名稱":"臺北捷運松江南京站G15",
    "場所地址":"南京東路2段108號B1",
    "場所分類":"交通要衝",
    "AED放置地點":"綠線松江南京站大廳",
    "行政區":"中山區"
    }
  },
  {
    "type": "Feature",
    "geometry": {
       "type": "Point",
       "coordinates":  [ 121.526121,25.067585 ]
    },
    "properties": {
    "場所名稱":"跑者肌地有限公司(跑者肌地)",
    "場所地址":"新生北路三段84巷47號",
    "場所分類":"學校、大型集會場所",
    "AED放置地點":"進門左側",
    "行政區":"中山區"
    }
  },
  {
    "type": "Feature",
    "geometry": {
       "type": "Point",
       "coordinates":  [ 121.5283693,25.05188954 ]
    },
    "properties": {
    "場所名稱":"STEPX FITNESS",
    "場所地址":"南京東路二段八號B1",
    "場所分類":"學校、大型集會場所",
    "AED放置地點":"健身房內",
    "行政區":"中山區"
    }
  },
  {
    "type": "Feature",
    "geometry": {
       "type": "Point",
       "coordinates":  [ 121.525639,25.058537 ]
    },
    "properties": {
    "場所名稱":"給力健身房林森店",
    "場所地址":"林森北路381號B1",
    "場所分類":"大型休閒場所",
    "AED放置地點":"健身區",
    "行政區":"中山區"
    }
  },
  {
    "type": "Feature",
    "geometry": {
       "type": "Point",
       "coordinates":  [ 121.520369,25.052694 ]
    },
    "properties": {
    "場所名稱":"臺北捷運中山站R11",
    "場所地址":"南京西路16號",
    "場所分類":"交通要衝",
    "AED放置地點":"紅線中山站大廳層",
    "行政區":"中山區"
    }
  },
  {
    "type": "Feature",
    "geometry": {
       "type": "Point",
       "coordinates":  [ 121.524153,25.066547 ]
    },
    "properties": {
    "場所名稱":"欣葉國際餐飲-台灣料理創始店",
    "場所地址":"雙城街34-1號",
    "場所分類":"其他",
    "AED放置地點":"1樓門市入口處",
    "行政區":"中山區"
    }
  },
  {
    "type": "Feature",
    "geometry": {
       "type": "Point",
       "coordinates":  [ 121.5589431,25.08048916 ]
    },
    "properties": {
    "場所名稱":"Marriott Taipei 台北萬豪酒店",
    "場所地址":"樂群二路199號",
    "場所分類":"旅宿場所",
    "AED放置地點":"5F宴會廳休息區",
    "行政區":"中山區"
    }
  },
  {
    "type": "Feature",
    "geometry": {
       "type": "Point",
       "coordinates":  [ 121.543883,25.05227 ]
    },
    "properties": {
    "場所名稱":"臺北捷運南京復興站G16",
    "場所地址":"南京東路3段172號",
    "場所分類":"交通要衝",
    "AED放置地點":"綠線南京復興站大廳層",
    "行政區":"中山區"
    }
  },
  {
    "type": "Feature",
    "geometry": {
       "type": "Point",
       "coordinates":  [ 121.558549,25.075376 ]
    },
    "properties": {
    "場所名稱":"台北市河濱自行車租借站美堤站",
    "場所地址":"美堤疏散門(敬業三路底)進入後左轉，土坡曲道賽場旁。",
    "場所分類":"其他",
    "AED放置地點":"台北市河濱自行車租借站美堤站",
    "行政區":"中山區"
    }
  },
  {
    "type": "Feature",
    "geometry": {
       "type": "Point",
       "coordinates":  [ 121.56075,25.07955 ]
    },
    "properties": {
    "場所名稱":"臺北市濱江實驗國民中學",
    "場所地址":"樂群二路262號",
    "場所分類":"學校、大型集會場所",
    "AED放置地點":"體三樓左側",
    "行政區":"中山區"
    }
  },
  {
    "type": "Feature",
    "geometry": {
       "type": "Point",
       "coordinates":  [ 121.526986,25.057205 ]
    },
    "properties": {
    "場所名稱":"臺北市政府工務局新建工程處養護工程隊第一分隊",
    "場所地址":"新生北路二段78號",
    "場所分類":"其他",
    "AED放置地點":"台北市中山區新生北路二段78號",
    "行政區":"中山區"
    }
  },
  {
    "type": "Feature",
    "geometry": {
       "type": "Point",
       "coordinates":  [ 121.5589431,25.08048916 ]
    },
    "properties": {
    "場所名稱":"Marriott Taipei 台北萬豪酒店",
    "場所地址":"樂群二路199號",
    "場所分類":"旅宿場所",
    "AED放置地點":"一樓安全部",
    "行政區":"中山區"
    }
  },
  {
    "type": "Feature",
    "geometry": {
       "type": "Point",
       "coordinates":  [ 121.5589431,25.08048916 ]
    },
    "properties": {
    "場所名稱":"Marriott Taipei 台北萬豪酒店",
    "場所地址":"樂群二路199號",
    "場所分類":"旅宿場所",
    "AED放置地點":"一樓FO櫃檯辦公室",
    "行政區":"中山區"
    }
  },
  {
    "type": "Feature",
    "geometry": {
       "type": "Point",
       "coordinates":  [ 121.524643,25.049954 ]
    },
    "properties": {
    "場所名稱":"健生活 Living Fitness(艾斯克健身有限公司)",
    "場所地址":"林森北路96號2樓",
    "場所分類":"其他",
    "AED放置地點":"進門左轉柱子旁",
    "行政區":"中山區"
    }
  },
  {
    "type": "Feature",
    "geometry": {
       "type": "Point",
       "coordinates":  [ 121.549406,25.078776 ]
    },
    "properties": {
    "場所名稱":"臺北市中山區永安國民小學",
    "場所地址":"明水路397巷19弄1號",
    "場所分類":"其他",
    "AED放置地點":"健康中心前走廊",
    "行政區":"中山區"
    }
  },
  {
    "type": "Feature",
    "geometry": {
       "type": "Point",
       "coordinates":  [ 121.540497,25.047436 ]
    },
    "properties": {
    "場所名稱":"臺北市朱崙老人公寓",
    "場所地址":"龍江路15號4樓",
    "場所分類":"其他",
    "AED放置地點":"朱崙老人公寓4樓大廳",
    "行政區":"中山區"
    }
  },
  {
    "type": "Feature",
    "geometry": {
       "type": "Point",
       "coordinates":  [ 121.543139,25.048092 ]
    },
    "properties": {
    "場所名稱":"大地清旅旅店",
    "場所地址":"長安東路2段246號4樓",
    "場所分類":"其他",
    "AED放置地點":"4樓大廳",
    "行政區":"中山區"
    }
  },
  {
    "type": "Feature",
    "geometry": {
       "type": "Point",
       "coordinates":  [ 121.535545,25.048501 ]
    },
    "properties": {
    "場所名稱":"立榮航空股份有限公司",
    "場所地址":"長安東路二段117號8樓",
    "場所分類":"長距離交通工具",
    "AED放置地點":"立榮客機",
    "行政區":"中山區"
    }
  },
  {
    "type": "Feature",
    "geometry": {
       "type": "Point",
       "coordinates":  [ 121.535545,25.048501 ]
    },
    "properties": {
    "場所名稱":"立榮航空股份有限公司",
    "場所地址":"長安東路二段117號8樓",
    "場所分類":"長距離交通工具",
    "AED放置地點":"立榮客機",
    "行政區":"中山區"
    }
  },
  {
    "type": "Feature",
    "geometry": {
       "type": "Point",
       "coordinates":  [ 121.535545,25.048501 ]
    },
    "properties": {
    "場所名稱":"立榮航空股份有限公司",
    "場所地址":"長安東路二段117號8樓",
    "場所分類":"長距離交通工具",
    "AED放置地點":"立榮客機",
    "行政區":"中山區"
    }
  },
  {
    "type": "Feature",
    "geometry": {
       "type": "Point",
       "coordinates":  [ 121.535545,25.048501 ]
    },
    "properties": {
    "場所名稱":"立榮航空股份有限公司",
    "場所地址":"長安東路二段117號8樓",
    "場所分類":"長距離交通工具",
    "AED放置地點":"立榮客機",
    "行政區":"中山區"
    }
  },
  {
    "type": "Feature",
    "geometry": {
       "type": "Point",
       "coordinates":  [ 121.535545,25.048501 ]
    },
    "properties": {
    "場所名稱":"立榮航空股份有限公司",
    "場所地址":"長安東路二段117號8樓",
    "場所分類":"長距離交通工具",
    "AED放置地點":"立榮客機",
    "行政區":"中山區"
    }
  },
  {
    "type": "Feature",
    "geometry": {
       "type": "Point",
       "coordinates":  [ 121.535545,25.048501 ]
    },
    "properties": {
    "場所名稱":"立榮航空股份有限公司",
    "場所地址":"長安東路二段117號8樓",
    "場所分類":"長距離交通工具",
    "AED放置地點":"立榮客機",
    "行政區":"中山區"
    }
  },
  {
    "type": "Feature",
    "geometry": {
       "type": "Point",
       "coordinates":  [ 121.535545,25.048501 ]
    },
    "properties": {
    "場所名稱":"立榮航空股份有限公司",
    "場所地址":"長安東路二段117號8樓",
    "場所分類":"長距離交通工具",
    "AED放置地點":"立榮客機",
    "行政區":"中山區"
    }
  },
  {
    "type": "Feature",
    "geometry": {
       "type": "Point",
       "coordinates":  [ 121.535545,25.048501 ]
    },
    "properties": {
    "場所名稱":"立榮航空股份有限公司",
    "場所地址":"長安東路二段117號8樓",
    "場所分類":"長距離交通工具",
    "AED放置地點":"立榮客機",
    "行政區":"中山區"
    }
  },
  {
    "type": "Feature",
    "geometry": {
       "type": "Point",
       "coordinates":  [ 121.535545,25.048501 ]
    },
    "properties": {
    "場所名稱":"立榮航空股份有限公司",
    "場所地址":"長安東路二段117號8樓",
    "場所分類":"長距離交通工具",
    "AED放置地點":"立榮客機",
    "行政區":"中山區"
    }
  },
  {
    "type": "Feature",
    "geometry": {
       "type": "Point",
       "coordinates":  [ 121.535545,25.048501 ]
    },
    "properties": {
    "場所名稱":"立榮航空股份有限公司",
    "場所地址":"長安東路二段117號8樓",
    "場所分類":"長距離交通工具",
    "AED放置地點":"立榮客機",
    "行政區":"中山區"
    }
  },
  {
    "type": "Feature",
    "geometry": {
       "type": "Point",
       "coordinates":  [ 121.535545,25.048501 ]
    },
    "properties": {
    "場所名稱":"立榮航空股份有限公司",
    "場所地址":"長安東路二段117號8樓",
    "場所分類":"長距離交通工具",
    "AED放置地點":"立榮客機",
    "行政區":"中山區"
    }
  },
  {
    "type": "Feature",
    "geometry": {
       "type": "Point",
       "coordinates":  [ 121.535545,25.048501 ]
    },
    "properties": {
    "場所名稱":"立榮航空股份有限公司",
    "場所地址":"長安東路二段117號8樓",
    "場所分類":"長距離交通工具",
    "AED放置地點":"立榮客機",
    "行政區":"中山區"
    }
  },
  {
    "type": "Feature",
    "geometry": {
       "type": "Point",
       "coordinates":  [ 121.535545,25.048501 ]
    },
    "properties": {
    "場所名稱":"立榮航空股份有限公司",
    "場所地址":"長安東路二段117號8樓",
    "場所分類":"長距離交通工具",
    "AED放置地點":"立榮客機",
    "行政區":"中山區"
    }
  },
  {
    "type": "Feature",
    "geometry": {
       "type": "Point",
       "coordinates":  [ 121.523097,25.050904 ]
    },
    "properties": {
    "場所名稱":"果毅健身有限公司（O.M Fit 運動空間)",
    "場所地址":"林森北路147號2樓",
    "場所分類":"學校、大型集會場所",
    "AED放置地點":"健身運動教室",
    "行政區":"中山區"
    }
  },
  {
    "type": "Feature",
    "geometry": {
       "type": "Point",
       "coordinates":  [ 121.526375,25.055722 ]
    },
    "properties": {
    "場所名稱":"頗行健體運動空間",
    "場所地址":"長春路61巷27號",
    "場所分類":"學校、大型集會場所",
    "AED放置地點":"入口右側",
    "行政區":"中山區"
    }
  },
  {
    "type": "Feature",
    "geometry": {
       "type": "Point",
       "coordinates":  [ 121.5589431,25.08048916 ]
    },
    "properties": {
    "場所名稱":"Marriott Taipei 台北萬豪酒店",
    "場所地址":"樂群二路199號",
    "場所分類":"旅宿場所",
    "AED放置地點":"萬豪酒店19F健身房大門旁",
    "行政區":"中山區"
    }
  },
  {
    "type": "Feature",
    "geometry": {
       "type": "Point",
       "coordinates":  [ 121.522992,25.056177 ]
    },
    "properties": {
    "場所名稱":"第一商業銀行信用卡處(中山大樓)",
    "場所地址":"中山北路二段61號5樓",
    "場所分類":"其他",
    "AED放置地點":"中山大樓5樓",
    "行政區":"中山區"
    }
  },
  {
    "type": "Feature",
    "geometry": {
       "type": "Point",
       "coordinates":  [ 121.535545,25.048501 ]
    },
    "properties": {
    "場所名稱":"立榮航空股份有限公司",
    "場所地址":"長安東路二段117號8樓",
    "場所分類":"長距離交通工具",
    "AED放置地點":"立榮客機",
    "行政區":"中山區"
    }
  },
  {
    "type": "Feature",
    "geometry": {
       "type": "Point",
       "coordinates":  [ 121.535545,25.048501 ]
    },
    "properties": {
    "場所名稱":"立榮航空股份有限公司",
    "場所地址":"長安東路二段117號8樓",
    "場所分類":"長距離交通工具",
    "AED放置地點":"立榮客機",
    "行政區":"中山區"
    }
  },
  {
    "type": "Feature",
    "geometry": {
       "type": "Point",
       "coordinates":  [ 121.535545,25.048501 ]
    },
    "properties": {
    "場所名稱":"立榮航空股份有限公司",
    "場所地址":"長安東路二段117號8樓",
    "場所分類":"長距離交通工具",
    "AED放置地點":"立榮客機",
    "行政區":"中山區"
    }
  },
  {
    "type": "Feature",
    "geometry": {
       "type": "Point",
       "coordinates":  [ 121.535545,25.048501 ]
    },
    "properties": {
    "場所名稱":"立榮航空股份有限公司",
    "場所地址":"長安東路二段117號8樓",
    "場所分類":"長距離交通工具",
    "AED放置地點":"立榮客機",
    "行政區":"中山區"
    }
  },
  {
    "type": "Feature",
    "geometry": {
       "type": "Point",
       "coordinates":  [ 121.535545,25.048501 ]
    },
    "properties": {
    "場所名稱":"立榮航空股份有限公司",
    "場所地址":"長安東路二段117號8樓",
    "場所分類":"長距離交通工具",
    "AED放置地點":"立榮客機",
    "行政區":"中山區"
    }
  },
  {
    "type": "Feature",
    "geometry": {
       "type": "Point",
       "coordinates":  [ 121.535545,25.048501 ]
    },
    "properties": {
    "場所名稱":"立榮航空股份有限公司",
    "場所地址":"長安東路二段117號8樓",
    "場所分類":"長距離交通工具",
    "AED放置地點":"立榮客機",
    "行政區":"中山區"
    }
  },
  {
    "type": "Feature",
    "geometry": {
       "type": "Point",
       "coordinates":  [ 121.535545,25.048501 ]
    },
    "properties": {
    "場所名稱":"立榮航空股份有限公司",
    "場所地址":"長安東路二段117號8樓",
    "場所分類":"長距離交通工具",
    "AED放置地點":"立榮客機",
    "行政區":"中山區"
    }
  },
  {
    "type": "Feature",
    "geometry": {
       "type": "Point",
       "coordinates":  [ 121.551394,25.08888454 ]
    },
    "properties": {
    "場所名稱":"靜修宮",
    "場所地址":"劍南路336巷6號",
    "場所分類":"其他",
    "AED放置地點":"左廂房",
    "行政區":"中山區"
    }
  },
  {
    "type": "Feature",
    "geometry": {
       "type": "Point",
       "coordinates":  [ 121.5467679,25.0819332 ]
    },
    "properties": {
    "場所名稱":"臺北市立圖書館大直分館",
    "場所地址":"大直街25號3-5樓",
    "場所分類":"大型休閒場所",
    "AED放置地點":"本館3樓",
    "行政區":"中山區"
    }
  },
  {
    "type": "Feature",
    "geometry": {
       "type": "Point",
       "coordinates":  [ 121.5298914,25.0536299 ]
    },
    "properties": {
    "場所名稱":"臺北市數位實驗高級中等學校",
    "場所地址":"吉林路110號5樓",
    "場所分類":"學校、大型集會場所",
    "AED放置地點":"電梯出入口處",
    "行政區":"中山區"
    }
  },
  {
    "type": "Feature",
    "geometry": {
       "type": "Point",
       "coordinates":  [ 121.524667,25.060968 ]
    },
    "properties": {
    "場所名稱":"Curves女性專用30分鐘健身中心中山錦州店",
    "場所地址":"中山北路二段115巷45號1樓",
    "場所分類":"學校、大型集會場所",
    "AED放置地點":"門口進入左前方",
    "行政區":"中山區"
    }
  },
  {
    "type": "Feature",
    "geometry": {
       "type": "Point",
       "coordinates":  [ 121.527041,25.051864 ]
    },
    "properties": {
    "場所名稱":"神旺商務酒店",
    "場所地址":"南京東路1段128號",
    "場所分類":"其他",
    "AED放置地點":"一樓柏晶廳",
    "行政區":"中山區"
    }
  },
  {
    "type": "Feature",
    "geometry": {
       "type": "Point",
       "coordinates":  [ 121.526287,25.078611 ]
    },
    "properties": {
    "場所名稱":"財團法人臺灣敦睦聯誼會所屬作業組織圓山大飯店",
    "場所地址":"中山北路4段1巷1號",
    "場所分類":"旅宿場所",
    "AED放置地點":"B1西側3.4號電梯右手邊",
    "行政區":"中山區"
    }
  },
  {
    "type": "Feature",
    "geometry": {
       "type": "Point",
       "coordinates":  [ 121.553897,25.080489 ]
    },
    "properties": {
    "場所名稱":"台北美福大飯店",
    "場所地址":"樂群二路55號",
    "場所分類":"其他",
    "AED放置地點":"4樓健身中心護理站門旁邊",
    "行政區":"中山區"
    }
  },
  {
    "type": "Feature",
    "geometry": {
       "type": "Point",
       "coordinates":  [ 121.5319132,25.07120249 ]
    },
    "properties": {
    "場所名稱":"臺北典藏植物園",
    "場所地址":"濱江街16號",
    "場所分類":"其他",
    "AED放置地點":"臺北典藏植物園 服務台",
    "行政區":"中山區"
    }
  },
  {
    "type": "Feature",
    "geometry": {
       "type": "Point",
       "coordinates":  [ 121.54237,25.057956 ]
    },
    "properties": {
    "場所名稱":"國立臺北大學民生校區",
    "場所地址":"民生東路3段67 號",
    "場所分類":"學校、大型集會場所",
    "AED放置地點":"校門口警衛室",
    "行政區":"中山區"
    }
  },
  {
    "type": "Feature",
    "geometry": {
       "type": "Point",
       "coordinates":  [ 121.526287,25.078611 ]
    },
    "properties": {
    "場所名稱":"財團法人臺灣敦睦聯誼會所屬作業組織圓山大飯店",
    "場所地址":"中山北路4段1巷1號",
    "場所分類":"旅宿場所",
    "AED放置地點":"1樓大廳諮詢櫃檯旁邊",
    "行政區":"中山區"
    }
  },
  {
    "type": "Feature",
    "geometry": {
       "type": "Point",
       "coordinates":  [ 121.5431,25.063482 ]
    },
    "properties": {
    "場所名稱":"臺北市立五常國民中學",
    "場所地址":"復興北路430巷1號",
    "場所分類":"其他",
    "AED放置地點":"1樓東側川堂男廁旁",
    "行政區":"中山區"
    }
  },
  {
    "type": "Feature",
    "geometry": {
       "type": "Point",
       "coordinates":  [ 121.521326,25.054844 ]
    },
    "properties": {
    "場所名稱":"臺北市中山運動中心",
    "場所地址":"中山北路2段44巷2號",
    "場所分類":"學校、大型集會場所",
    "AED放置地點":"2樓健身房旁",
    "行政區":"中山區"
    }
  },
  {
    "type": "Feature",
    "geometry": {
       "type": "Point",
       "coordinates":  [ 121.5230853,25.06256997 ]
    },
    "properties": {
    "場所名稱":"上海商業儲蓄銀行股份有限公司(總行大樓)",
    "場所地址":"民權東路一段2號",
    "場所分類":"其他",
    "AED放置地點":"上海商業儲蓄銀行 總行大樓",
    "行政區":"中山區"
    }
  },
  {
    "type": "Feature",
    "geometry": {
       "type": "Point",
       "coordinates":  [ 121.5245047,25.0560956 ]
    },
    "properties": {
    "場所名稱":"健身工廠-中山北廠",
    "場所地址":"中山北路二段59巷45號B1F-B2F",
    "場所分類":"學校、大型集會場所",
    "AED放置地點":"B2F出入口",
    "行政區":"中山區"
    }
  },
  {
    "type": "Feature",
    "geometry": {
       "type": "Point",
       "coordinates":  [ 121.5411467,25.0521556 ]
    },
    "properties": {
    "場所名稱":"Jexer Fitness & Spa 南京復興",
    "場所地址":"南京東路三段133號B2",
    "場所分類":"學校、大型集會場所",
    "AED放置地點":"出館手扶提附近",
    "行政區":"中山區"
    }
  },
  {
    "type": "Feature",
    "geometry": {
       "type": "Point",
       "coordinates":  [ 121.5589431,25.08048916 ]
    },
    "properties": {
    "場所名稱":"Marriott Taipei 台北萬豪酒店",
    "場所地址":"樂群二路199號",
    "場所分類":"旅宿場所",
    "AED放置地點":"中城廣場",
    "行政區":"中山區"
    }
  },
  {
    "type": "Feature",
    "geometry": {
       "type": "Point",
       "coordinates":  [ 121.525601,25.05421 ]
    },
    "properties": {
    "場所名稱":"欣欣秀泰影城",
    "場所地址":"林森北路247號3~5樓",
    "場所分類":"大型休閒場所",
    "AED放置地點":"5樓客梯左側",
    "行政區":"中山區"
    }
  },
  {
    "type": "Feature",
    "geometry": {
       "type": "Point",
       "coordinates":  [ 121.5328065,25.0524582 ]
    },
    "properties": {
    "場所名稱":"財團法人陽光社會福利基金會陽光活力中心",
    "場所地址":"松江路122號B1",
    "場所分類":"學校、大型集會場所",
    "AED放置地點":"台北市中山區松江路122號",
    "行政區":"中山區"
    }
  },
  {
    "type": "Feature",
    "geometry": {
       "type": "Point",
       "coordinates":  [ 121.5199973,25.0636004 ]
    },
    "properties": {
    "場所名稱":"Transcend勸世健身",
    "場所地址":"撫順街31號1樓",
    "場所分類":"學校、大型集會場所",
    "AED放置地點":"健身房內休息區角落",
    "行政區":"中山區"
    }
  },
  {
    "type": "Feature",
    "geometry": {
       "type": "Point",
       "coordinates":  [ 121.5456244,25.0727943 ]
    },
    "properties": {
    "場所名稱":"臺北市政府環境保護局中山區清潔隊停車場",
    "場所地址":"濱江街301巷內",
    "場所分類":"其他",
    "AED放置地點":"警衛室內",
    "行政區":"中山區"
    }
  },
  {
    "type": "Feature",
    "geometry": {
       "type": "Point",
       "coordinates":  [ 121.55143,25.0794661 ]
    },
    "properties": {
    "場所名稱":"齊天健身",
    "場所地址":"明水路567號一樓",
    "場所分類":"其他",
    "AED放置地點":"館內大廳",
    "行政區":"中山區"
    }
  },
  {
    "type": "Feature",
    "geometry": {
       "type": "Point",
       "coordinates":  [ 121.520136,25.077181 ]
    },
    "properties": {
    "場所名稱":"臺北市政府環境保護局中山區清潔隊中山分隊",
    "場所地址":"新生北路二段臨30-1號",
    "場所分類":"其他",
    "AED放置地點":"大門右側",
    "行政區":"中山區"
    }
  },
  {
    "type": "Feature",
    "geometry": {
       "type": "Point",
       "coordinates":  [ 121.543117,25.062119 ]
    },
    "properties": {
    "場所名稱":"香港商世界健身事業有限公司台北民權東分公司",
    "場所地址":"民權東路三段72號地下1樓",
    "場所分類":"學校、大型集會場所",
    "AED放置地點":"健身中心B1樓",
    "行政區":"中山區"
    }
  },
  {
    "type": "Feature",
    "geometry": {
       "type": "Point",
       "coordinates":  [ 121.520461,25.070457 ]
    },
    "properties": {
    "場所名稱":"MAJI MAJI集食行樂",
    "場所地址":"玉門街1號",
    "場所分類":"大型購物場所",
    "AED放置地點":"服務台前",
    "行政區":"中山區"
    }
  },
  {
    "type": "Feature",
    "geometry": {
       "type": "Point",
       "coordinates":  [ 121.5380262,25.0809269 ]
    },
    "properties": {
    "場所名稱":"海軍司令部醫務所",
    "場所地址":"北安路305號",
    "場所分類":"特殊機構",
    "AED放置地點":"醫務所大門(室內)",
    "行政區":"中山區"
    }
  },
  {
    "type": "Feature",
    "geometry": {
       "type": "Point",
       "coordinates":  [ 121.552802,25.082035 ]
    },
    "properties": {
    "場所名稱":"穆樂牙醫診所",
    "場所地址":"敬業二路69巷61號",
    "場所分類":"其他",
    "AED放置地點":"牙醫診所玄關",
    "行政區":"中山區"
    }
  },
  {
    "type": "Feature",
    "geometry": {
       "type": "Point",
       "coordinates":  [ 121.530769,25.051901 ]
    },
    "properties": {
    "場所名稱":"曼都整形外科診所",
    "場所地址":"南京東路二段76號7樓",
    "場所分類":"其他",
    "AED放置地點":"櫃台旁",
    "行政區":"中山區"
    }
  },
  {
    "type": "Feature",
    "geometry": {
       "type": "Point",
       "coordinates":  [ 121.537041,25.046084 ]
    },
    "properties": {
    "場所名稱":"慈濟中山八德聯絡處",
    "場所地址":"八德路二段118號",
    "場所分類":"其他",
    "AED放置地點":"一樓大廳",
    "行政區":"中山區"
    }
  },
  {
    "type": "Feature",
    "geometry": {
       "type": "Point",
       "coordinates":  [ 121.5369868,25.06025335 ]
    },
    "properties": {
    "場所名稱":"臺北市政府環境保護局中山區清潔隊民權二分隊",
    "場所地址":"錦州街臨306號",
    "場所分類":"其他",
    "AED放置地點":"大門左側",
    "行政區":"中山區"
    }
  },
  {
    "type": "Feature",
    "geometry": {
       "type": "Point",
       "coordinates":  [ 121.542336,25.054729 ]
    },
    "properties": {
    "場所名稱":"臺北市公有長春市場",
    "場所地址":"長春路299號",
    "場所分類":"其他",
    "AED放置地點":"長春路側出入口",
    "行政區":"中山區"
    }
  },
  {
    "type": "Feature",
    "geometry": {
       "type": "Point",
       "coordinates":  [ 121.531294,25.071894 ]
    },
    "properties": {
    "場所名稱":"臺北市政府環境保護局中山區清潔隊圓山分隊",
    "場所地址":"新生北路三段 51 -3號",
    "場所分類":"其他",
    "AED放置地點":"大門進去左前方",
    "行政區":"中山區"
    }
  },
  {
    "type": "Feature",
    "geometry": {
       "type": "Point",
       "coordinates":  [ 121.529693,25.082404 ]
    },
    "properties": {
    "場所名稱":"臺北市政府環境保護局中山區清潔隊長安分隊",
    "場所地址":"建國北路一段臨5-1號",
    "場所分類":"其他",
    "AED放置地點":"在大門左邊",
    "行政區":"中山區"
    }
  },
  {
    "type": "Feature",
    "geometry": {
       "type": "Point",
       "coordinates":  [ 121.520483,25.070064 ]
    },
    "properties": {
    "場所名稱":"財團法人臺北市會展產業發展基金會(花博公園圓山園區)",
    "場所地址":"玉門街一號",
    "場所分類":"其他",
    "AED放置地點":"爭豔館內",
    "行政區":"中山區"
    }
  },
  {
    "type": "Feature",
    "geometry": {
       "type": "Point",
       "coordinates":  [ 121.541728,25.05450328 ]
    },
    "properties": {
    "場所名稱":"臺北市政府環境保護局中山區清潔隊南京分隊",
    "場所地址":"長春路350號2樓",
    "場所分類":"其他",
    "AED放置地點":"大門左側",
    "行政區":"中山區"
    }
  },
  {
    "type": "Feature",
    "geometry": {
       "type": "Point",
       "coordinates":  [ 121.53406,25.06703 ]
    },
    "properties": {
    "場所名稱":"臺北市政府環境保護局溝渠清理第二隊停車場",
    "場所地址":"建國北路3段96-1號",
    "場所分類":"其他",
    "AED放置地點":"貨櫃門口",
    "行政區":"中山區"
    }
  },
  {
    "type": "Feature",
    "geometry": {
       "type": "Point",
       "coordinates":  [ 121.53713,25.056054 ]
    },
    "properties": {
    "場所名稱":"臺北市政府環境保護局溝渠清理第一隊停車場",
    "場所地址":"建國北路2段及興安街交叉橋孔下",
    "場所分類":"其他",
    "AED放置地點":"辦公室",
    "行政區":"中山區"
    }
  },
  {
    "type": "Feature",
    "geometry": {
       "type": "Point",
       "coordinates":  [ 121.547119,25.059159 ]
    },
    "properties": {
    "場所名稱":"布勒斯運動顧問",
    "場所地址":"復興北路446號",
    "場所分類":"學校、大型集會場所",
    "AED放置地點":"布勒斯運動顧問",
    "行政區":"中山區"
    }
  },
  {
    "type": "Feature",
    "geometry": {
       "type": "Point",
       "coordinates":  [ 121.534198,25.047119 ]
    },
    "properties": {
    "場所名稱":"臺灣菸酒股份有限公司台北啤酒工場",
    "場所地址":"八德路二段85號",
    "場所分類":"觀光旅遊地區",
    "AED放置地點":"打卡室內",
    "行政區":"中山區"
    }
  },
  {
    "type": "Feature",
    "geometry": {
       "type": "Point",
       "coordinates":  [ 121.523022,25.048546 ]
    },
    "properties": {
    "場所名稱":"全創適能有限公司 / 橡體有限公司",
    "場所地址":"中山北路1段33巷25號",
    "場所分類":"學校、大型集會場所",
    "AED放置地點":"面對啞鈴區左側柱上",
    "行政區":"中山區"
    }
  },
  {
    "type": "Feature",
    "geometry": {
       "type": "Point",
       "coordinates":  [ 121.542709,25.079202 ]
    },
    "properties": {
    "場所名稱":"台北中山九昱希爾頓逸林酒店",
    "場所地址":"中山北路一段123號",
    "場所分類":"旅宿場所",
    "AED放置地點":"一樓大廳",
    "行政區":"中山區"
    }
  },
  {
    "type": "Feature",
    "geometry": {
       "type": "Point",
       "coordinates":  [ 121.542805,25.053436 ]
    },
    "properties": {
    "場所名稱":"臺北市復華長青多元服務中心",
    "場所地址":"遼寧街185巷11號",
    "場所分類":"其他",
    "AED放置地點":"一樓",
    "行政區":"中山區"
    }
  },
  {
    "type": "Feature",
    "geometry": {
       "type": "Point",
       "coordinates":  [ 121.543749,25.054416 ]
    },
    "properties": {
    "場所名稱":"駿騰事業有限公司(鍛鍊基地Workout Base)",
    "場所地址":"長春路410號2樓",
    "場所分類":"學校、大型集會場所",
    "AED放置地點":"門口",
    "行政區":"中山區"
    }
  },
  {
    "type": "Feature",
    "geometry": {
       "type": "Point",
       "coordinates":  [ 121.53295,25.059861 ]
    },
    "properties": {
    "場所名稱":"康璽運動行銷有限公司(Monkey Training猴子體能訓練)",
    "場所地址":"松江路276號6樓",
    "場所分類":"學校、大型集會場所",
    "AED放置地點":"門口",
    "行政區":"中山區"
    }
  },
  {
    "type": "Feature",
    "geometry": {
       "type": "Point",
       "coordinates":  [ 121.5222096,25.06684013 ]
    },
    "properties": {
    "場所名稱":"大同大學",
    "場所地址":"中山北路3段40號",
    "場所分類":"學校、大型集會場所",
    "AED放置地點":"大同大學警衛室",
    "行政區":"中山區"
    }
  },
  {
    "type": "Feature",
    "geometry": {
       "type": "Point",
       "coordinates":  [ 121.541528,25.064084 ]
    },
    "properties": {
    "場所名稱":"臺北市中山區五常國民小學",
    "場所地址":"五常街16號",
    "場所分類":"其他",
    "AED放置地點":"本校5樓活動中心",
    "行政區":"中山區"
    }
  },
  {
    "type": "Feature",
    "geometry": {
       "type": "Point",
       "coordinates":  [ 121.536367,25.073294 ]
    },
    "properties": {
    "場所名稱":"臺北市中山區大佳國民小學",
    "場所地址":"濱江街107號",
    "場所分類":"其他",
    "AED放置地點":"幼兒園",
    "行政區":"中山區"
    }
  },
  {
    "type": "Feature",
    "geometry": {
       "type": "Point",
       "coordinates":  [ 121.527002,25.077802 ]
    },
    "properties": {
    "場所名稱":"臺北市政府環境保護局中山區清潔隊大直分隊",
    "場所地址":"大直街21巷2號1樓",
    "場所分類":"其他",
    "AED放置地點":"大門進去正左方",
    "行政區":"中山區"
    }
  },
  {
    "type": "Feature",
    "geometry": {
       "type": "Point",
       "coordinates":  [ 121.5255369,25.0681206 ]
    },
    "properties": {
    "場所名稱":"歐華酒店",
    "場所地址":"林森北路646號",
    "場所分類":"旅宿場所",
    "AED放置地點":"飯店大廳",
    "行政區":"中山區"
    }
  },
  {
    "type": "Feature",
    "geometry": {
       "type": "Point",
       "coordinates":  [ 121.545851,25.080638 ]
    },
    "properties": {
    "場所名稱":"臺北市中山區大直國民小學",
    "場所地址":"大直街2號",
    "場所分類":"其他",
    "AED放置地點":"游泳池入口處",
    "行政區":"中山區"
    }
  },
  {
    "type": "Feature",
    "geometry": {
       "type": "Point",
       "coordinates":  [ 121.521326,25.054844 ]
    },
    "properties": {
    "場所名稱":"臺北市中山運動中心",
    "場所地址":"中山北路2段44巷2號",
    "場所分類":"學校、大型集會場所",
    "AED放置地點":"1樓客梯旁",
    "行政區":"中山區"
    }
  },
  {
    "type": "Feature",
    "geometry": {
       "type": "Point",
       "coordinates":  [ 121.52322,25.060735 ]
    },
    "properties": {
    "場所名稱":"台灣水泥股份有限公司",
    "場所地址":"中山北路2段113號",
    "場所分類":"其他",
    "AED放置地點":"3樓前廳",
    "行政區":"中山區"
    }
  },
  {
    "type": "Feature",
    "geometry": {
       "type": "Point",
       "coordinates":  [ 121.525762,25.060423 ]
    },
    "properties": {
    "場所名稱":"薇閣旅館股份有限公司",
    "場所地址":"林森北路419號",
    "場所分類":"其他",
    "AED放置地點":"櫃檯區",
    "行政區":"中山區"
    }
  },
  {
    "type": "Feature",
    "geometry": {
       "type": "Point",
       "coordinates":  [ 121.520509,25.052254 ]
    },
    "properties": {
    "場所名稱":"誠品生活股份有限公司南西店",
    "場所地址":"南京西路14號",
    "場所分類":"大型購物場所",
    "AED放置地點":"4F",
    "行政區":"中山區"
    }
  },
  {
    "type": "Feature",
    "geometry": {
       "type": "Point",
       "coordinates":  [ 121.52424,25.054187 ]
    },
    "properties": {
    "場所名稱":"晶華國際酒店股份有限公司",
    "場所地址":"中山北路2段39巷3號",
    "場所分類":"旅宿場所",
    "AED放置地點":"20樓往游泳池樓梯口",
    "行政區":"中山區"
    }
  },
  {
    "type": "Feature",
    "geometry": {
       "type": "Point",
       "coordinates":  [ 121.5596698,25.0805494 ]
    },
    "properties": {
    "場所名稱":"義華酒店",
    "場所地址":"樂群二路197號",
    "場所分類":"旅宿場所",
    "AED放置地點":"2F義華俱樂部",
    "行政區":"中山區"
    }
  },
  {
    "type": "Feature",
    "geometry": {
       "type": "Point",
       "coordinates":  [ 121.5416244,25.0777879 ]
    },
    "properties": {
    "場所名稱":"臺北市立北安國民中學",
    "場所地址":"明水路325號",
    "場所分類":"學校、大型集會場所",
    "AED放置地點":"北安運動休閒會館櫃檯旁",
    "行政區":"中山區"
    }
  },
  {
    "type": "Feature",
    "geometry": {
       "type": "Point",
       "coordinates":  [ 121.53821,25.057614 ]
    },
    "properties": {
    "場所名稱":"台北國泰萬怡酒店(國泰飯店管理顧問事業(股)公司民生建國分公司)",
    "場所地址":"民生東路三段6號1樓及地下1層",
    "場所分類":"旅宿場所",
    "AED放置地點":"一樓大廳",
    "行政區":"中山區"
    }
  },
  {
    "type": "Feature",
    "geometry": {
       "type": "Point",
       "coordinates":  [ 121.5364955,25.05554676 ]
    },
    "properties": {
    "場所名稱":"DHL_洋基通運股份有限公司_台北服務中心",
    "場所地址":"建國北路二段82號地下一樓",
    "場所分類":"其他",
    "AED放置地點":"B1貨件分流區",
    "行政區":"中山區"
    }
  },
  {
    "type": "Feature",
    "geometry": {
       "type": "Point",
       "coordinates":  [ 121.52322,25.060735 ]
    },
    "properties": {
    "場所名稱":"台灣水泥股份有限公司",
    "場所地址":"中山北路2段113號",
    "場所分類":"其他",
    "AED放置地點":"大廳右側入口",
    "行政區":"中山區"
    }
  },
  {
    "type": "Feature",
    "geometry": {
       "type": "Point",
       "coordinates":  [ 121.5467679,25.0819332 ]
    },
    "properties": {
    "場所名稱":"臺北市立中山幼兒園",
    "場所地址":"大直街25號1樓",
    "場所分類":"其他",
    "AED放置地點":"幼兒園 大門口",
    "行政區":"中山區"
    }
  },
  {
    "type": "Feature",
    "geometry": {
       "type": "Point",
       "coordinates":  [ 121.525601,25.05421 ]
    },
    "properties": {
    "場所名稱":"欣欣大眾市場股份有限公司",
    "場所地址":"林森北路247號",
    "場所分類":"大型購物場所",
    "AED放置地點":"B1美食街",
    "行政區":"中山區"
    }
  },
  {
    "type": "Feature",
    "geometry": {
       "type": "Point",
       "coordinates":  [ 121.526287,25.078611 ]
    },
    "properties": {
    "場所名稱":"財團法人臺灣敦睦聯誼會所屬作業組織圓山大飯店",
    "場所地址":"中山北路4段1巷1號",
    "場所分類":"旅宿場所",
    "AED放置地點":"本館2樓健身房",
    "行政區":"中山區"
    }
  },
  {
    "type": "Feature",
    "geometry": {
       "type": "Point",
       "coordinates":  [ 121.544749,25.084817 ]
    },
    "properties": {
    "場所名稱":"實踐大學台北校區",
    "場所地址":"大直街70號",
    "場所分類":"學校、大型集會場所",
    "AED放置地點":"G棟1樓衛生保健一組前",
    "行政區":"中山區"
    }
  },
  {
    "type": "Feature",
    "geometry": {
       "type": "Point",
       "coordinates":  [ 121.5280762,25.070196 ]
    },
    "properties": {
    "場所名稱":"中山計程車服務站",
    "場所地址":"新生北路3段170號",
    "場所分類":"其他",
    "AED放置地點":"男廁",
    "行政區":"中山區"
    }
  },
  {
    "type": "Feature",
    "geometry": {
       "type": "Point",
       "coordinates":  [ 121.5257759,25.0613556 ]
    },
    "properties": {
    "場所名稱":"趣旅館．林森館",
    "場所地址":"林森北路487號1樓",
    "場所分類":"旅宿場所",
    "AED放置地點":"本旅館1樓大廳",
    "行政區":"中山區"
    }
  },
  {
    "type": "Feature",
    "geometry": {
       "type": "Point",
       "coordinates":  [ 121.542837,25.07922 ]
    },
    "properties": {
    "場所名稱":"臺北市立大直高級中學警衛室旁",
    "場所地址":"北安路420號",
    "場所分類":"學校、大型集會場所",
    "AED放置地點":"台北市立大直高級中學",
    "行政區":"中山區"
    }
  },
  {
    "type": "Feature",
    "geometry": {
       "type": "Point",
       "coordinates":  [ 121.533164,25.046389 ]
    },
    "properties": {
    "場所名稱":"臺北市立長安國民中學",
    "場所地址":"松江路70巷11號",
    "場所分類":"其他",
    "AED放置地點":"學務處前樓梯轉角處",
    "行政區":"中山區"
    }
  },
  {
    "type": "Feature",
    "geometry": {
       "type": "Point",
       "coordinates":  [ 121.5349587,25.0485735 ]
    },
    "properties": {
    "場所名稱":"GonnaFat-權宇",
    "場所地址":"長安東路二段99號2樓",
    "場所分類":"學校、大型集會場所",
    "AED放置地點":"二樓櫃台旁",
    "行政區":"中山區"
    }
  },
  {
    "type": "Feature",
    "geometry": {
       "type": "Point",
       "coordinates":  [ 121.558521,25.079966 ]
    },
    "properties": {
    "場所名稱":"LIGHT WORKER 私人運動招待所",
    "場所地址":"中山區樂群二路187號五樓之2",
    "場所分類":"其他",
    "AED放置地點":"台北市中山區樂群二路187號五樓之2",
    "行政區":"中山區"
    }
  },
  {
    "type": "Feature",
    "geometry": {
       "type": "Point",
       "coordinates":  [ 121.530058,25.06282 ]
    },
    "properties": {
    "場所名稱":"台北亞都麗緻大飯店",
    "場所地址":"民權東路2段41號",
    "場所分類":"其他",
    "AED放置地點":"台北市民權東路二段41號",
    "行政區":"中山區"
    }
  },
  {
    "type": "Feature",
    "geometry": {
       "type": "Point",
       "coordinates":  [ 121.549406,25.078776 ]
    },
    "properties": {
    "場所名稱":"臺北市中山區永安國民小學",
    "場所地址":"明水路397巷19弄1號",
    "場所分類":"其他",
    "AED放置地點":"一年1班教室旁走廊",
    "行政區":"中山區"
    }
  },
  {
    "type": "Feature",
    "geometry": {
       "type": "Point",
       "coordinates":  [ 121.5498998,25.0842757 ]
    },
    "properties": {
    "場所名稱":"大直計程車服務站",
    "場所地址":"北安路676號",
    "場所分類":"其他",
    "AED放置地點":"閱覽室門口",
    "行政區":"中山區"
    }
  },
  {
    "type": "Feature",
    "geometry": {
       "type": "Point",
       "coordinates":  [ 121.544749,25.084817 ]
    },
    "properties": {
    "場所名稱":"實踐大學台北校區",
    "場所地址":"大直街70號",
    "場所分類":"學校、大型集會場所",
    "AED放置地點":"體育館1F",
    "行政區":"中山區"
    }
  },
  {
    "type": "Feature",
    "geometry": {
       "type": "Point",
       "coordinates":  [ 121.561637,25.078001 ]
    },
    "properties": {
    "場所名稱":"臺北市中山區濱江國民小學",
    "場所地址":"樂群二路266巷99號",
    "場所分類":"其他",
    "AED放置地點":"1樓聯合辦公室(靠近總務處)入口處",
    "行政區":"中山區"
    }
  },
  {
    "type": "Feature",
    "geometry": {
       "type": "Point",
       "coordinates":  [ 121.520509,25.052254 ]
    },
    "properties": {
    "場所名稱":"誠品生活股份有限公司南西店",
    "場所地址":"南京西路14號",
    "場所分類":"大型購物場所",
    "AED放置地點":"1F",
    "行政區":"中山區"
    }
  },
  {
    "type": "Feature",
    "geometry": {
       "type": "Point",
       "coordinates":  [ 121.557519,25.08076 ]
    },
    "properties": {
    "場所名稱":"全聯實業股份有限公司(大直總部)",
    "場所地址":"敬業四路31、33號1樓",
    "場所分類":"其他",
    "AED放置地點":"1樓電梯口旁走廊",
    "行政區":"中山區"
    }
  },
  {
    "type": "Feature",
    "geometry": {
       "type": "Point",
       "coordinates":  [ 121.56075,25.07955 ]
    },
    "properties": {
    "場所名稱":"臺北市濱江實驗國民中學",
    "場所地址":"樂群二路262號",
    "場所分類":"學校、大型集會場所",
    "AED放置地點":"B1游泳池",
    "行政區":"中山區"
    }
  },
  {
    "type": "Feature",
    "geometry": {
       "type": "Point",
       "coordinates":  [ 121.5416244,25.0777879 ]
    },
    "properties": {
    "場所名稱":"臺北市立北安國民中學",
    "場所地址":"明水路325號",
    "場所分類":"學校、大型集會場所",
    "AED放置地點":"校門口入口川堂",
    "行政區":"中山區"
    }
  },
  {
    "type": "Feature",
    "geometry": {
       "type": "Point",
       "coordinates":  [ 121.524747,25.059242 ]
    },
    "properties": {
    "場所名稱":"永盛公園地下停車場",
    "場所地址":"中山北路2段93巷30號B1",
    "場所分類":"其他",
    "AED放置地點":"中山北路2段93巷30號B1",
    "行政區":"中山區"
    }
  },
  {
    "type": "Feature",
    "geometry": {
       "type": "Point",
       "coordinates":  [ 121.5230674,25.0556973 ]
    },
    "properties": {
    "場所名稱":"台北中山意舍酒店",
    "場所地址":"中山北路二段57-1號",
    "場所分類":"旅宿場所",
    "AED放置地點":"酒店大廳",
    "行政區":"中山區"
    }
  },
  {
    "type": "Feature",
    "geometry": {
       "type": "Point",
       "coordinates":  [ 121.530187,25.049816 ]
    },
    "properties": {
    "場所名稱":"長安國小地下停車場",
    "場所地址":"吉林路15號B1",
    "場所分類":"其他",
    "AED放置地點":"吉林路15號B1",
    "行政區":"中山區"
    }
  },
  {
    "type": "Feature",
    "geometry": {
       "type": "Point",
       "coordinates":  [ 121.533456,25.064408 ]
    },
    "properties": {
    "場所名稱":"臺北市中山區戶政事務所",
    "場所地址":"松江路367號2樓",
    "場所分類":"其他",
    "AED放置地點":"電機室門口",
    "行政區":"中山區"
    }
  },
  {
    "type": "Feature",
    "geometry": {
       "type": "Point",
       "coordinates":  [ 121.535198,25.055031 ]
    },
    "properties": {
    "場所名稱":"臺北市立大同高級中學",
    "場所地址":"長春路167號",
    "場所分類":"學校、大型集會場所",
    "AED放置地點":"健康中心前走廊",
    "行政區":"中山區"
    }
  },
  {
    "type": "Feature",
    "geometry": {
       "type": "Point",
       "coordinates":  [ 121.535198,25.055031 ]
    },
    "properties": {
    "場所名稱":"臺北市立大同高級中學",
    "場所地址":"長春路167號",
    "場所分類":"學校、大型集會場所",
    "AED放置地點":"活動中心３樓",
    "行政區":"中山區"
    }
  },
  {
    "type": "Feature",
    "geometry": {
       "type": "Point",
       "coordinates":  [ 121.534265,25.053519 ]
    },
    "properties": {
    "場所名稱":"臺北市公有建國市場",
    "場所地址":"伊通街94號",
    "場所分類":"其他",
    "AED放置地點":"公廁外",
    "行政區":"中山區"
    }
  },
  {
    "type": "Feature",
    "geometry": {
       "type": "Point",
       "coordinates":  [ 121.533456,25.064408 ]
    },
    "properties": {
    "場所名稱":"臺北市中山區公所",
    "場所地址":"松江路367號",
    "場所分類":"其他",
    "AED放置地點":"臺北市中山區行政中心1樓大廳",
    "行政區":"中山區"
    }
  },
  {
    "type": "Feature",
    "geometry": {
       "type": "Point",
       "coordinates":  [ 121.5439625,25.0595347 ]
    },
    "properties": {
    "場所名稱":"新驛旅店復興北路店",
    "場所地址":"復興北路338號",
    "場所分類":"旅宿場所",
    "AED放置地點":"旅店1樓辦公室",
    "行政區":"中山區"
    }
  },
  {
    "type": "Feature",
    "geometry": {
       "type": "Point",
       "coordinates":  [ 121.540775,25.072733 ]
    },
    "properties": {
    "場所名稱":"誠隆汽車股份有限公司濱江分公司",
    "場所地址":"濱江街213號",
    "場所分類":"其他",
    "AED放置地點":"服務廠客休室",
    "行政區":"中山區"
    }
  },
  {
    "type": "Feature",
    "geometry": {
       "type": "Point",
       "coordinates":  [ 121.529609,25.068582 ]
    },
    "properties": {
    "場所名稱":"新生公園(閱覽室)",
    "場所地址":"新生北路3段105號",
    "場所分類":"其他",
    "AED放置地點":"新生公園圓山所辦公室1樓",
    "行政區":"中山區"
    }
  },
  {
    "type": "Feature",
    "geometry": {
       "type": "Point",
       "coordinates":  [ 121.5333292,25.05716156 ]
    },
    "properties": {
    "場所名稱":"勞動部",
    "場所地址":"松江路207號",
    "場所分類":"其他",
    "AED放置地點":"1樓大廳服務台旁",
    "行政區":"中山區"
    }
  },
  {
    "type": "Feature",
    "geometry": {
       "type": "Point",
       "coordinates":  [ 121.530628,25.072262 ]
    },
    "properties": {
    "場所名稱":"林安泰古厝民俗文物館",
    "場所地址":"濱江街5號",
    "場所分類":"觀光旅遊地區",
    "AED放置地點":"書房",
    "行政區":"中山區"
    }
  },
  {
    "type": "Feature",
    "geometry": {
       "type": "Point",
       "coordinates":  [ 121.542645,25.047373 ]
    },
    "properties": {
    "場所名稱":"絲瓜運動股份有限公司",
    "場所地址":"八德路二段309號",
    "場所分類":"學校、大型集會場所",
    "AED放置地點":"八德路二段309號",
    "行政區":"中山區"
    }
  },
  {
    "type": "Feature",
    "geometry": {
       "type": "Point",
       "coordinates":  [ 121.5233404,25.0629726 ]
    },
    "properties": {
    "場所名稱":"燦路都飯店",
    "場所地址":"民權東路一段9號",
    "場所分類":"旅宿場所",
    "AED放置地點":"1樓大廳",
    "行政區":"中山區"
    }
  },
  {
    "type": "Feature",
    "geometry": {
       "type": "Point",
       "coordinates":  [ 121.526287,25.078611 ]
    },
    "properties": {
    "場所名稱":"財團法人臺灣敦睦聯誼會所屬作業組織圓山大飯店",
    "場所地址":"中山北路4段1巷1號",
    "場所分類":"旅宿場所",
    "AED放置地點":"聯誼會健身房",
    "行政區":"中山區"
    }
  },
  {
    "type": "Feature",
    "geometry": {
       "type": "Point",
       "coordinates":  [ 121.5340184,25.0636234 ]
    },
    "properties": {
    "場所名稱":"臺北市中山地政事務所",
    "場所地址":"臺北市中山區松江路357巷1號",
    "場所分類":"其他",
    "AED放置地點":"臺北市中山地政事務所1樓洽公大廳",
    "行政區":"中山區"
    }
  },
  {
    "type": "Feature",
    "geometry": {
       "type": "Point",
       "coordinates":  [ 121.539728,25.049685 ]
    },
    "properties": {
    "場所名稱":"教育部體育署",
    "場所地址":"朱崙街20號",
    "場所分類":"其他",
    "AED放置地點":"教育部體育署",
    "行政區":"中山區"
    }
  },
  {
    "type": "Feature",
    "geometry": {
       "type": "Point",
       "coordinates":  [ 121.543218,25.051672 ]
    },
    "properties": {
    "場所名稱":"Curves女性專用30分鐘健身中心南京復興店",
    "場所地址":"南京東路三段208號五樓",
    "場所分類":"學校、大型集會場所",
    "AED放置地點":"伸展區右方",
    "行政區":"中山區"
    }
  },
  {
    "type": "Feature",
    "geometry": {
       "type": "Point",
       "coordinates":  [ 121.528413,25.057314 ]
    },
    "properties": {
    "場所名稱":"臺北市中山老人住宅暨服務中心",
    "場所地址":"新生北路2段101巷2號",
    "場所分類":"其他",
    "AED放置地點":"1F大廳接待區",
    "行政區":"中山區"
    }
  },
  {
    "type": "Feature",
    "geometry": {
       "type": "Point",
       "coordinates":  [ 121.525247,25.058208 ]
    },
    "properties": {
    "場所名稱":"台北健身中心有限公司",
    "場所地址":"民生東路一段29號B1",
    "場所分類":"學校、大型集會場所",
    "AED放置地點":"樓梯口",
    "行政區":"中山區"
    }
  },
  {
    "type": "Feature",
    "geometry": {
       "type": "Point",
       "coordinates":  [ 121.556865,25.079526 ]
    },
    "properties": {
    "場所名稱":"臺北市中山區金泰里辦公處",
    "場所地址":"敬業三路160號2樓",
    "場所分類":"其他",
    "AED放置地點":"里辦公處門口",
    "行政區":"中山區"
    }
  },
  {
    "type": "Feature",
    "geometry": {
       "type": "Point",
       "coordinates":  [ 121.5273834,25.051807 ]
    },
    "properties": {
    "場所名稱":"50+健身薈",
    "場所地址":"南京東路一段138號4樓",
    "場所分類":"其他",
    "AED放置地點":"門口櫃台左側",
    "行政區":"中山區"
    }
  },
  {
    "type": "Feature",
    "geometry": {
       "type": "Point",
       "coordinates":  [ 121.532776,25.053026 ]
    },
    "properties": {
    "場所名稱":"萬海航運股份有限公司(松江辦公室)",
    "場所地址":"松江路136號9樓",
    "場所分類":"其他",
    "AED放置地點":"大門左側",
    "行政區":"中山區"
    }
  },
  {
    "type": "Feature",
    "geometry": {
       "type": "Point",
       "coordinates":  [ 121.560893,25.084132 ]
    },
    "properties": {
    "場所名稱":"香港商世界健身事業有限公司大直分公司",
    "場所地址":"堤頂大道二段588號、590號",
    "場所分類":"學校、大型集會場所",
    "AED放置地點":"一樓心肺區",
    "行政區":"中山區"
    }
  },
  {
    "type": "Feature",
    "geometry": {
       "type": "Point",
       "coordinates":  [ 121.540041,25.073389 ]
    },
    "properties": {
    "場所名稱":"誠隆汽車股份有限公司交車中心",
    "場所地址":"濱江街199巷1號",
    "場所分類":"其他",
    "AED放置地點":"交車中心辦公室",
    "行政區":"中山區"
    }
  },
  {
    "type": "Feature",
    "geometry": {
       "type": "Point",
       "coordinates":  [ 121.526449,25.063005 ]
    },
    "properties": {
    "場所名稱":"臺北市中山區中山國民小學",
    "場所地址":"民權東路1段69號",
    "場所分類":"其他",
    "AED放置地點":"一樓川堂",
    "行政區":"中山區"
    }
  },
  {
    "type": "Feature",
    "geometry": {
       "type": "Point",
       "coordinates":  [ 121.5397017,25.0559733 ]
    },
    "properties": {
    "場所名稱":"甲山林湯旅(JSL HOTEL)",
    "場所地址":"興安街60號",
    "場所分類":"旅宿場所",
    "AED放置地點":"一樓大廳",
    "行政區":"中山區"
    }
  },
  {
    "type": "Feature",
    "geometry": {
       "type": "Point",
       "coordinates":  [ 121.520526,25.052429 ]
    },
    "properties": {
    "場所名稱":"臺北捷運中山地下街",
    "場所地址":"南京西路16號B1樓",
    "場所分類":"大型購物場所",
    "AED放置地點":"中山地下街書街R8逃生出口旁",
    "行政區":"中山區"
    }
  },
  {
    "type": "Feature",
    "geometry": {
       "type": "Point",
       "coordinates":  [ 121.5361642,25.0517133 ]
    },
    "properties": {
    "場所名稱":"維克訓練Victor’s Training",
    "場所地址":"南京東路二段216號B1",
    "場所分類":"學校、大型集會場所",
    "AED放置地點":"場館顯眼位置",
    "行政區":"中山區"
    }
  },
  {
    "type": "Feature",
    "geometry": {
       "type": "Point",
       "coordinates":  [ 121.5319808,25.0517577 ]
    },
    "properties": {
    "場所名稱":"希芙健康股份有限公司",
    "場所地址":"南京東路二段100號",
    "場所分類":"大型休閒場所",
    "AED放置地點":"櫃台前方",
    "行政區":"中山區"
    }
  },
  {
    "type": "Feature",
    "geometry": {
       "type": "Point",
       "coordinates":  [ 121.539723,25.046957 ]
    },
    "properties": {
    "場所名稱":"第一商業銀行信用卡處(八德大樓)",
    "場所地址":"八德路二段203號10樓",
    "場所分類":"其他",
    "AED放置地點":"八德大樓10樓",
    "行政區":"中山區"
    }
  },
  {
    "type": "Feature",
    "geometry": {
       "type": "Point",
       "coordinates":  [ 121.5406666,25.0522472 ]
    },
    "properties": {
    "場所名稱":"富驛時尚酒店",
    "場所地址":"南京東路三段131號",
    "場所分類":"旅宿場所",
    "AED放置地點":"進門左側",
    "行政區":"中山區"
    }
  },
  {
    "type": "Feature",
    "geometry": {
       "type": "Point",
       "coordinates":  [ 121.5336575,25.0672047 ]
    },
    "properties": {
    "場所名稱":"世方旅居文旅",
    "場所地址":"松江路485號",
    "場所分類":"旅宿場所",
    "AED放置地點":"一樓大廳進門左手邊",
    "行政區":"中山區"
    }
  },
  {
    "type": "Feature",
    "geometry": {
       "type": "Point",
       "coordinates":  [ 121.537218,25.067471 ]
    },
    "properties": {
    "場所名稱":"臺北農產運銷股份有限公司",
    "場所地址":"民族東路336號",
    "場所分類":"其他",
    "AED放置地點":"5樓行政中心",
    "行政區":"中山區"
    }
  },
  {
    "type": "Feature",
    "geometry": {
       "type": "Point",
       "coordinates":  [ 121.5222096,25.06684013 ]
    },
    "properties": {
    "場所名稱":"大同大學",
    "場所地址":"中山北路3段40號",
    "場所分類":"學校、大型集會場所",
    "AED放置地點":"德惠宿舍",
    "行政區":"中山區"
    }
  },
  {
    "type": "Feature",
    "geometry": {
       "type": "Point",
       "coordinates":  [ 121.537452,25.054128 ]
    },
    "properties": {
    "場所名稱":"台新國際商業銀行建北分行",
    "場所地址":"建國北路２段17號",
    "場所分類":"其他",
    "AED放置地點":"分行大廳右側",
    "行政區":"中山區"
    }
  },
  {
    "type": "Feature",
    "geometry": {
       "type": "Point",
       "coordinates":  [ 121.530225,25.0522811 ]
    },
    "properties": {
    "場所名稱":"第一華僑大飯店",
    "場所地址":"南京東路二段63號",
    "場所分類":"旅宿場所",
    "AED放置地點":"進門後右前方",
    "行政區":"中山區"
    }
  },
  {
    "type": "Feature",
    "geometry": {
       "type": "Point",
       "coordinates":  [ 121.56075,25.07955 ]
    },
    "properties": {
    "場所名稱":"臺北市濱江實驗國民中學",
    "場所地址":"樂群二路262號",
    "場所分類":"學校、大型集會場所",
    "AED放置地點":"文樓協和廣場",
    "行政區":"中山區"
    }
  },
  {
    "type": "Feature",
    "geometry": {
       "type": "Point",
       "coordinates":  [ 121.526717,25.062062 ]
    },
    "properties": {
    "場所名稱":"臺北市立新興國民中學",
    "場所地址":"林森北路511號",
    "場所分類":"學校、大型集會場所",
    "AED放置地點":"臺北市立新興國民中學健康中心外走廊",
    "行政區":"中山區"
    }
  },
  {
    "type": "Feature",
    "geometry": {
       "type": "Point",
       "coordinates":  [ 121.522528,25.059418 ]
    },
    "properties": {
    "場所名稱":"嘉新水泥股份有限公司",
    "場所地址":"中山北路二段96號",
    "場所分類":"其他",
    "AED放置地點":"一樓大廳",
    "行政區":"中山區"
    }
  },
  {
    "type": "Feature",
    "geometry": {
       "type": "Point",
       "coordinates":  [ 121.539206,25.052205 ]
    },
    "properties": {
    "場所名稱":"財團法人陽光社會福利基金會附設臺北市私立陽光重建中心 ",
    "場所地址":"南京東路三段91號3樓",
    "場所分類":"其他",
    "AED放置地點":"國泰南京商業大樓",
    "行政區":"中山區"
    }
  },
  {
    "type": "Feature",
    "geometry": {
       "type": "Point",
       "coordinates":  [ 121.557863,25.08324 ]
    },
    "properties": {
    "場所名稱":"美麗華大直影城",
    "場所地址":"敬業三路22號6樓",
    "場所分類":"大型休閒場所",
    "AED放置地點":"6樓客梯左方",
    "行政區":"中山區"
    }
  },
  {
    "type": "Feature",
    "geometry": {
       "type": "Point",
       "coordinates":  [ 121.537984,25.052245 ]
    },
    "properties": {
    "場所名稱":"凱羅斯健康有限公司（練健康)",
    "場所地址":"南京東路三段29號B1",
    "場所分類":"學校、大型集會場所",
    "AED放置地點":"台北市中山區南京東路三段29號B1",
    "行政區":"中山區"
    }
  },
  {
    "type": "Feature",
    "geometry": {
       "type": "Point",
       "coordinates":  [ 121.5256057,25.0769595 ]
    },
    "properties": {
    "場所名稱":"圓山步道",
    "場所地址":"中山北路四段登山步道",
    "場所分類":"其他",
    "AED放置地點":"繁榮台北",
    "行政區":"中山區"
    }
  },
  {
    "type": "Feature",
    "geometry": {
       "type": "Point",
       "coordinates":  [ 121.5256057,25.0769595 ]
    },
    "properties": {
    "場所名稱":"圓山步道",
    "場所地址":"中山北路四段登山步道",
    "場所分類":"其他",
    "AED放置地點":"老地方",
    "行政區":"中山區"
    }
  },
  {
    "type": "Feature",
    "geometry": {
       "type": "Point",
       "coordinates":  [ 121.5256057,25.0769595 ]
    },
    "properties": {
    "場所名稱":"圓山步道",
    "場所地址":"中山北路四段登山步道",
    "場所分類":"其他",
    "AED放置地點":"台北市中山區中山北路四段",
    "行政區":"中山區"
    }
  },
  {
    "type": "Feature",
    "geometry": {
       "type": "Point",
       "coordinates":  [ 121.5256057,25.0769595 ]
    },
    "properties": {
    "場所名稱":"圓山步道",
    "場所地址":"中山北路四段登山步道",
    "場所分類":"其他",
    "AED放置地點":"微風平台",
    "行政區":"中山區"
    }
  },
  {
    "type": "Feature",
    "geometry": {
       "type": "Point",
       "coordinates":  [ 121.5256057,25.0769595 ]
    },
    "properties": {
    "場所名稱":"圓山步道",
    "場所地址":"中山北路四段登山步道",
    "場所分類":"其他",
    "AED放置地點":"初二觀景平台",
    "行政區":"中山區"
    }
  },
  {
    "type": "Feature",
    "geometry": {
       "type": "Point",
       "coordinates":  [ 121.522992,25.056177 ]
    },
    "properties": {
    "場所名稱":"第一商業銀行中山分行",
    "場所地址":"中山北路二段61號",
    "場所分類":"其他",
    "AED放置地點":"第一銀行中山分行營業廳",
    "行政區":"中山區"
    }
  },
  {
    "type": "Feature",
    "geometry": {
       "type": "Point",
       "coordinates":  [ 121.5243036,25.0658309 ]
    },
    "properties": {
    "場所名稱":"台北中山雅樂軒酒店",
    "場所地址":"雙城街一號",
    "場所分類":"旅宿場所",
    "AED放置地點":"台北中山雅樂軒 - 一樓大廳電梯前方",
    "行政區":"中山區"
    }
  },
  {
    "type": "Feature",
    "geometry": {
       "type": "Point",
       "coordinates":  [ 121.572785,25.081045 ]
    },
    "properties": {
    "場所名稱":"強大肌力訓練中心有限公司",
    "場所地址":"樂群二路265巷32號",
    "場所分類":"其他",
    "AED放置地點":"台北市中山區樂群二路265巷32號 本中心櫃台上方",
    "行政區":"中山區"
    }
  },
  {
    "type": "Feature",
    "geometry": {
       "type": "Point",
       "coordinates":  [ 121.540072,25.05049 ]
    },
    "properties": {
    "場所名稱":"臺北市中山區中正國民小學",
    "場所地址":"龍江路62號",
    "場所分類":"其他",
    "AED放置地點":"1樓C側樓梯口(健康中心旁)",
    "行政區":"中山區"
    }
  },
  {
    "type": "Feature",
    "geometry": {
       "type": "Point",
       "coordinates":  [ 121.557165,25.083307 ]
    },
    "properties": {
    "場所名稱":"美麗華城市發展股份有限公司(美麗華百樂園)",
    "場所地址":"敬業三路20號",
    "場所分類":"大型購物場所",
    "AED放置地點":"本館1F",
    "行政區":"中山區"
    }
  },
  {
    "type": "Feature",
    "geometry": {
       "type": "Point",
       "coordinates":  [ 121.557165,25.083307 ]
    },
    "properties": {
    "場所名稱":"美麗華城市發展股份有限公司(美麗華百樂園)",
    "場所地址":"敬業三路20號",
    "場所分類":"大型購物場所",
    "AED放置地點":"本館B1",
    "行政區":"中山區"
    }
  },
  {
    "type": "Feature",
    "geometry": {
       "type": "Point",
       "coordinates":  [ 121.557165,25.083307 ]
    },
    "properties": {
    "場所名稱":"美麗華城市發展股份有限公司(美麗華百樂園)",
    "場所地址":"敬業三路20號",
    "場所分類":"大型購物場所",
    "AED放置地點":"本館4F",
    "行政區":"中山區"
    }
  },
  {
    "type": "Feature",
    "geometry": {
       "type": "Point",
       "coordinates":  [ 121.557165,25.083307 ]
    },
    "properties": {
    "場所名稱":"美麗華城市發展股份有限公司(美麗華百樂園)",
    "場所地址":"敬業三路20號",
    "場所分類":"大型購物場所",
    "AED放置地點":"本館2F",
    "行政區":"中山區"
    }
  },
  {
    "type": "Feature",
    "geometry": {
       "type": "Point",
       "coordinates":  [ 121.545851,25.080638 ]
    },
    "properties": {
    "場所名稱":"臺北市中山區大直國民小學",
    "場所地址":"大直街2號",
    "場所分類":"其他",
    "AED放置地點":"健康中心前走廊",
    "行政區":"中山區"
    }
  },
  {
    "type": "Feature",
    "geometry": {
       "type": "Point",
       "coordinates":  [ 121.557165,25.083307 ]
    },
    "properties": {
    "場所名稱":"美麗華城市發展股份有限公司(美麗華百樂園)",
    "場所地址":"敬業三路20號",
    "場所分類":"大型購物場所",
    "AED放置地點":"本館3F",
    "行政區":"中山區"
    }
  },
  {
    "type": "Feature",
    "geometry": {
       "type": "Point",
       "coordinates":  [ 121.5373432,25.0517484 ]
    },
    "properties": {
    "場所名稱":"洛碁大飯店南京館",
    "場所地址":"南京東路三段8號",
    "場所分類":"旅宿場所",
    "AED放置地點":"本館大廳座位區",
    "行政區":"中山區"
    }
  },
  {
    "type": "Feature",
    "geometry": {
       "type": "Point",
       "coordinates":  [ 121.542555,25.046873 ]
    },
    "properties": {
    "場所名稱":"潤泰創新國際股份有限公司中崙分公司",
    "場所地址":"八德路二段306號地下三樓",
    "場所分類":"大型購物場所",
    "AED放置地點":"B2賣場出口",
    "行政區":"中山區"
    }
  },
  {
    "type": "Feature",
    "geometry": {
       "type": "Point",
       "coordinates":  [ 121.537218,25.067471 ]
    },
    "properties": {
    "場所名稱":"臺北農產運銷股份有限公司",
    "場所地址":"民族東路336號",
    "場所分類":"其他",
    "AED放置地點":"中控室旁",
    "行政區":"中山區"
    }
  },
  {
    "type": "Feature",
    "geometry": {
       "type": "Point",
       "coordinates":  [ 121.533479,25.058616 ]
    },
    "properties": {
    "場所名稱":"英屬百慕達商友邦人壽保險股份有限公司台灣分公司(松江路)",
    "場所地址":"松江路223號4樓",
    "場所分類":"其他",
    "AED放置地點":"台北市松江路223號4樓",
    "行政區":"中山區"
    }
  },
  {
    "type": "Feature",
    "geometry": {
       "type": "Point",
       "coordinates":  [ 121.542709,25.079202 ]
    },
    "properties": {
    "場所名稱":"臺北市立中山女子高級中學",
    "場所地址":"長安東路2段141號",
    "場所分類":"學校、大型集會場所",
    "AED放置地點":"逸仙樓一樓",
    "行政區":"中山區"
    }
  },
  {
    "type": "Feature",
    "geometry": {
       "type": "Point",
       "coordinates":  [ 121.552742,25.06369 ]
    },
    "properties": {
    "場所名稱":"交通部民用航空局臺北國際航空站(松山機場)",
    "場所地址":"敦化北路340-9號",
    "場所分類":"交通要衝",
    "AED放置地點":"國際線3樓環亞貴賓室",
    "行政區":"松山區"
    }
  },
  {
    "type": "Feature",
    "geometry": {
       "type": "Point",
       "coordinates":  [ 121.5494055,25.0523227 ]
    },
    "properties": {
    "場所名稱":"臺北嘉佩樂酒吧 Capella Glasshouse",
    "場所地址":"敦化北路129號1F",
    "場所分類":"旅宿場所",
    "AED放置地點":"敦化北路129號1F",
    "行政區":"松山區"
    }
  },
  {
    "type": "Feature",
    "geometry": {
       "type": "Point",
       "coordinates":  [ 121.557636,25.06304 ]
    },
    "properties": {
    "場所名稱":"台灣虎航股份有限公司",
    "場所地址":"敦化北路405巷123弄3號",
    "場所分類":"長距離交通工具",
    "AED放置地點":"B-50021航機, 第13排 DEF行李艙",
    "行政區":"松山區"
    }
  },
  {
    "type": "Feature",
    "geometry": {
       "type": "Point",
       "coordinates":  [ 121.563409,25.051278 ]
    },
    "properties": {
    "場所名稱":"NisoroFit 台北南京三民店",
    "場所地址":"南京東路五段176號",
    "場所分類":"學校、大型集會場所",
    "AED放置地點":"運動區",
    "行政區":"松山區"
    }
  },
  {
    "type": "Feature",
    "geometry": {
       "type": "Point",
       "coordinates":  [ 121.557636,25.06304 ]
    },
    "properties": {
    "場所名稱":"台灣虎航股份有限公司",
    "場所地址":"敦化北路405巷123弄3號",
    "場所分類":"長距離交通工具",
    "AED放置地點":"B-50018航機, 第13排 DEF行李艙",
    "行政區":"松山區"
    }
  },
  {
    "type": "Feature",
    "geometry": {
       "type": "Point",
       "coordinates":  [ 121.557636,25.06304 ]
    },
    "properties": {
    "場所名稱":"台灣虎航股份有限公司",
    "場所地址":"敦化北路405巷123弄3號",
    "場所分類":"長距離交通工具",
    "AED放置地點":"B-50016航機, 第13排 DEF行李艙",
    "行政區":"松山區"
    }
  },
  {
    "type": "Feature",
    "geometry": {
       "type": "Point",
       "coordinates":  [ 121.557636,25.06304 ]
    },
    "properties": {
    "場所名稱":"台灣虎航股份有限公司",
    "場所地址":"敦化北路405巷123弄3號",
    "場所分類":"長距離交通工具",
    "AED放置地點":"B-50001航機，第13排 DEF行李艙",
    "行政區":"松山區"
    }
  },
  {
    "type": "Feature",
    "geometry": {
       "type": "Point",
       "coordinates":  [ 121.557174,25.053597 ]
    },
    "properties": {
    "場所名稱":"欣葉國際餐飲-日本料理健康店",
    "場所地址":"健康路156號",
    "場所分類":"其他",
    "AED放置地點":"餐廳入口處",
    "行政區":"松山區"
    }
  },
  {
    "type": "Feature",
    "geometry": {
       "type": "Point",
       "coordinates":  [ 121.577631,25.050042 ]
    },
    "properties": {
    "場所名稱":"臺北捷運松山站G19",
    "場所地址":"八德路4段742號",
    "場所分類":"交通要衝",
    "AED放置地點":"松山站大廳層",
    "行政區":"松山區"
    }
  },
  {
    "type": "Feature",
    "geometry": {
       "type": "Point",
       "coordinates":  [ 121.563804,25.051449 ]
    },
    "properties": {
    "場所名稱":"臺北捷運南京三民站G18",
    "場所地址":"南京東路5段237號",
    "場所分類":"交通要衝",
    "AED放置地點":"南京三民站大廳層",
    "行政區":"松山區"
    }
  },
  {
    "type": "Feature",
    "geometry": {
       "type": "Point",
       "coordinates":  [ 121.551833,25.051687 ]
    },
    "properties": {
    "場所名稱":"臺北捷運台北小巨蛋站G17",
    "場所地址":"南京東路4段10-1號",
    "場所分類":"交通要衝",
    "AED放置地點":"台北小巨蛋站大廳層",
    "行政區":"松山區"
    }
  },
  {
    "type": "Feature",
    "geometry": {
       "type": "Point",
       "coordinates":  [ 121.5485686,25.05280224 ]
    },
    "properties": {
    "場所名稱":"優勢開發管理顧問有限公司-南京館",
    "場所地址":"敦化北路100號1樓",
    "場所分類":"學校、大型集會場所",
    "AED放置地點":"跑步機旁",
    "行政區":"松山區"
    }
  },
  {
    "type": "Feature",
    "geometry": {
       "type": "Point",
       "coordinates":  [ 121.555272,25.056572 ]
    },
    "properties": {
    "場所名稱":"臺北市松山區東昌里民活動場所",
    "場所地址":"民生東路4段112巷7弄24號",
    "場所分類":"其他",
    "AED放置地點":"台北市松山區東昌里里辦公處大門口",
    "行政區":"松山區"
    }
  },
  {
    "type": "Feature",
    "geometry": {
       "type": "Point",
       "coordinates":  [ 121.551118,25.057665 ]
    },
    "properties": {
    "場所名稱":"長庚生物科技公司-身心靈轉化中心",
    "場所地址":"民生東路4段54號1樓",
    "場所分類":"學校、大型集會場所",
    "AED放置地點":"健身房入口",
    "行政區":"松山區"
    }
  },
  {
    "type": "Feature",
    "geometry": {
       "type": "Point",
       "coordinates":  [ 121.543969,25.052256 ]
    },
    "properties": {
    "場所名稱":"臺北捷運南京復興站BR11",
    "場所地址":"南京東路3段253號",
    "場所分類":"交通要衝",
    "AED放置地點":"捷運文湖線南京復興站",
    "行政區":"松山區"
    }
  },
  {
    "type": "Feature",
    "geometry": {
       "type": "Point",
       "coordinates":  [ 121.544478,25.051998 ]
    },
    "properties": {
    "場所名稱":"兄弟大飯店",
    "場所地址":"南京東路三段255號",
    "場所分類":"旅宿場所",
    "AED放置地點":"商店部門口",
    "行政區":"松山區"
    }
  },
  {
    "type": "Feature",
    "geometry": {
       "type": "Point",
       "coordinates":  [ 121.553517,25.049193 ]
    },
    "properties": {
    "場所名稱":"臺北市松山區美仁里里民活動場所",
    "場所地址":"八德路3段99巷12-8號",
    "場所分類":"其他",
    "AED放置地點":"八德路3段99巷12-8號1樓",
    "行政區":"松山區"
    }
  },
  {
    "type": "Feature",
    "geometry": {
       "type": "Point",
       "coordinates":  [ 121.554447,25.04992 ]
    },
    "properties": {
    "場所名稱":"育達學校財團法人臺北市私立育達高級中等學校",
    "場所地址":"寧安街12號",
    "場所分類":"學校、大型集會場所",
    "AED放置地點":"學校健康中心",
    "行政區":"松山區"
    }
  },
  {
    "type": "Feature",
    "geometry": {
       "type": "Point",
       "coordinates":  [ 121.552833,25.050254 ]
    },
    "properties": {
    "場所名稱":"臺北市松山區美仁里里民活動場所(敦北園中園大樓)",
    "場所地址":"北寧路58號",
    "場所分類":"其他",
    "AED放置地點":"北寧路58號",
    "行政區":"松山區"
    }
  },
  {
    "type": "Feature",
    "geometry": {
       "type": "Point",
       "coordinates":  [ 121.554335,25.051284 ]
    },
    "properties": {
    "場所名稱":"臺北市松山區美仁里里民活動場所(3鄰鄰長住宅)",
    "場所地址":"寧安街68巷15-1號1樓",
    "場所分類":"其他",
    "AED放置地點":"寧安街68巷15-1號1樓",
    "行政區":"松山區"
    }
  },
  {
    "type": "Feature",
    "geometry": {
       "type": "Point",
       "coordinates":  [ 121.573795,25.052849 ]
    },
    "properties": {
    "場所名稱":"台北市河濱自行車租借站彩虹站",
    "場所地址":"開車經越堤坡道(新湖2路與堤頂大道交會口臨河側附近)轉入河濱公園於麥帥一橋右岸下、步行由彩虹橋或行善路前往麥帥一橋右岸)",
    "場所分類":"其他",
    "AED放置地點":"彩虹租車站內",
    "行政區":"松山區"
    }
  },
  {
    "type": "Feature",
    "geometry": {
       "type": "Point",
       "coordinates":  [ 121.541101,25.07469 ]
    },
    "properties": {
    "場所名稱":"台北市河濱自行車租借站大佳站",
    "場所地址":"大佳河濱公園九號水門旁",
    "場所分類":"其他",
    "AED放置地點":"櫃檯後方",
    "行政區":"松山區"
    }
  },
  {
    "type": "Feature",
    "geometry": {
       "type": "Point",
       "coordinates":  [ 121.557636,25.06304 ]
    },
    "properties": {
    "場所名稱":"華信航空股份有限公司",
    "場所地址":"台北市松山區敦化北路405巷123弄3號",
    "場所分類":"長距離交通工具",
    "AED放置地點":"B16860飛機",
    "行政區":"松山區"
    }
  },
  {
    "type": "Feature",
    "geometry": {
       "type": "Point",
       "coordinates":  [ 121.5456185,25.0613514 ]
    },
    "properties": {
    "場所名稱":"中山國中星耀樓",
    "場所地址":"民權東路三段106巷3弄2號",
    "場所分類":"大型休閒場所",
    "AED放置地點":"2樓電梯旁",
    "行政區":"松山區"
    }
  },
  {
    "type": "Feature",
    "geometry": {
       "type": "Point",
       "coordinates":  [ 121.547572,25.057461 ]
    },
    "properties": {
    "場所名稱":"京庚健康世界股份有限公司民生分公司",
    "場所地址":"民生東路3段156號地下1樓",
    "場所分類":"學校、大型集會場所",
    "AED放置地點":"地下1樓入口左側",
    "行政區":"松山區"
    }
  },
  {
    "type": "Feature",
    "geometry": {
       "type": "Point",
       "coordinates":  [ 121.548336,25.055726 ]
    },
    "properties": {
    "場所名稱":"台北文華東方酒店",
    "場所地址":"敦化北路158號",
    "場所分類":"旅宿場所",
    "AED放置地點":"地下2樓宴會廳辦公室",
    "行政區":"松山區"
    }
  },
  {
    "type": "Feature",
    "geometry": {
       "type": "Point",
       "coordinates":  [ 121.563862,25.054159 ]
    },
    "properties": {
    "場所名稱":"臺北市松山區西松國民小學",
    "場所地址":"三民路5號",
    "場所分類":"其他",
    "AED放置地點":"總務處",
    "行政區":"松山區"
    }
  },
  {
    "type": "Feature",
    "geometry": {
       "type": "Point",
       "coordinates":  [ 121.557636,25.06304 ]
    },
    "properties": {
    "場所名稱":"華信航空股份有限公司",
    "場所地址":"台北市松山區敦化北路405巷123弄3號",
    "場所分類":"長距離交通工具",
    "AED放置地點":"B16861飛機",
    "行政區":"松山區"
    }
  },
  {
    "type": "Feature",
    "geometry": {
       "type": "Point",
       "coordinates":  [ 121.5502014,25.05885949 ]
    },
    "properties": {
    "場所名稱":"玉山銀行股份有限公司(第二總部大樓B棟)",
    "場所地址":"敦化北路313巷2號",
    "場所分類":"其他",
    "AED放置地點":"進大門後右側。",
    "行政區":"松山區"
    }
  },
  {
    "type": "Feature",
    "geometry": {
       "type": "Point",
       "coordinates":  [ 121.546642,25.057932 ]
    },
    "properties": {
    "場所名稱":"玉山商業銀行股份有限公司(總部大樓)",
    "場所地址":"民生東路3段115號",
    "場所分類":"其他",
    "AED放置地點":"進大門後右手邊。",
    "行政區":"松山區"
    }
  },
  {
    "type": "Feature",
    "geometry": {
       "type": "Point",
       "coordinates":  [ 121.5502723,25.05935517 ]
    },
    "properties": {
    "場所名稱":"玉山銀行股份有限公司(第二總部大樓A棟)",
    "場所地址":"敦化北路315號",
    "場所分類":"其他",
    "AED放置地點":"進大門後左手邊。",
    "行政區":"松山區"
    }
  },
  {
    "type": "Feature",
    "geometry": {
       "type": "Point",
       "coordinates":  [ 121.551919,25.063039 ]
    },
    "properties": {
    "場所名稱":"臺北捷運松山機場站BR13",
    "場所地址":"敦化北路338號",
    "場所分類":"交通要衝",
    "AED放置地點":"捷運松山機場站地下二樓大廳層",
    "行政區":"松山區"
    }
  },
  {
    "type": "Feature",
    "geometry": {
       "type": "Point",
       "coordinates":  [ 121.557636,25.06304 ]
    },
    "properties": {
    "場所名稱":"台灣虎航股份有限公司",
    "場所地址":"敦化北路405巷123弄3號",
    "場所分類":"長距離交通工具",
    "AED放置地點":"B-50026航機, 第13排 DEF行李艙",
    "行政區":"松山區"
    }
  },
  {
    "type": "Feature",
    "geometry": {
       "type": "Point",
       "coordinates":  [ 121.5523144,25.0483521 ]
    },
    "properties": {
    "場所名稱":"臺北市藝文推廣處",
    "場所地址":"八德路3段25號3樓",
    "場所分類":"大型休閒場所",
    "AED放置地點":"城市舞台前台",
    "行政區":"松山區"
    }
  },
  {
    "type": "Feature",
    "geometry": {
       "type": "Point",
       "coordinates":  [ 121.5523144,25.0483521 ]
    },
    "properties": {
    "場所名稱":"臺北市藝文推廣處",
    "場所地址":"八德路3段25號3樓",
    "場所分類":"大型休閒場所",
    "AED放置地點":"城市舞台後台",
    "行政區":"松山區"
    }
  },
  {
    "type": "Feature",
    "geometry": {
       "type": "Point",
       "coordinates":  [ 121.566513,25.054432 ]
    },
    "properties": {
    "場所名稱":"臺北市政府社會局松山老人服務中心",
    "場所地址":"健康路317號2樓",
    "場所分類":"其他",
    "AED放置地點":"臺北市松山老人服務暨日間照顧中心",
    "行政區":"松山區"
    }
  },
  {
    "type": "Feature",
    "geometry": {
       "type": "Point",
       "coordinates":  [ 121.563141,25.0587 ]
    },
    "properties": {
    "場所名稱":"臺北市立圖書館三民分館",
    "場所地址":"民生東路5段163-1號5樓",
    "場所分類":"其他",
    "AED放置地點":"5樓資訊檢索區",
    "行政區":"松山區"
    }
  },
  {
    "type": "Feature",
    "geometry": {
       "type": "Point",
       "coordinates":  [ 121.557636,25.06304 ]
    },
    "properties": {
    "場所名稱":"台灣虎航股份有限公司",
    "場所地址":"敦化北路405巷123弄3號",
    "場所分類":"長距離交通工具",
    "AED放置地點":"B-50006航機, 第13排 DEF行李艙",
    "行政區":"松山區"
    }
  },
  {
    "type": "Feature",
    "geometry": {
       "type": "Point",
       "coordinates":  [ 121.577092,25.047184 ]
    },
    "properties": {
    "場所名稱":"台北府城隍廟",
    "場所地址":"虎林街3號",
    "場所分類":"其他",
    "AED放置地點":"福德正神旁",
    "行政區":"松山區"
    }
  },
  {
    "type": "Feature",
    "geometry": {
       "type": "Point",
       "coordinates":  [ 121.557636,25.06304 ]
    },
    "properties": {
    "場所名稱":"華信航空股份有限公司",
    "場所地址":"台北市松山區敦化北路405巷123弄3號",
    "場所分類":"長距離交通工具",
    "AED放置地點":"B-16852飛機",
    "行政區":"松山區"
    }
  },
  {
    "type": "Feature",
    "geometry": {
       "type": "Point",
       "coordinates":  [ 121.557636,25.06304 ]
    },
    "properties": {
    "場所名稱":"華信航空股份有限公司",
    "場所地址":"台北市松山區敦化北路405巷123弄3號",
    "場所分類":"長距離交通工具",
    "AED放置地點":"B16856飛機",
    "行政區":"松山區"
    }
  },
  {
    "type": "Feature",
    "geometry": {
       "type": "Point",
       "coordinates":  [ 121.557636,25.06304 ]
    },
    "properties": {
    "場所名稱":"台灣虎航股份有限公司",
    "場所地址":"敦化北路405巷123弄3號",
    "場所分類":"長距離交通工具",
    "AED放置地點":"B-50025航機,第13排 DEF行李艙",
    "行政區":"松山區"
    }
  },
  {
    "type": "Feature",
    "geometry": {
       "type": "Point",
       "coordinates":  [ 121.557636,25.06304 ]
    },
    "properties": {
    "場所名稱":"台灣虎航股份有限公司",
    "場所地址":"敦化北路405巷123弄3號",
    "場所分類":"長距離交通工具",
    "AED放置地點":"B-50023航機, 第13排 DEF行李艙",
    "行政區":"松山區"
    }
  },
  {
    "type": "Feature",
    "geometry": {
       "type": "Point",
       "coordinates":  [ 121.5523144,25.0483521 ]
    },
    "properties": {
    "場所名稱":"臺北市藝文推廣處",
    "場所地址":"八德路3段25號3樓",
    "場所分類":"大型休閒場所",
    "AED放置地點":"藝文大樓4樓",
    "行政區":"松山區"
    }
  },
  {
    "type": "Feature",
    "geometry": {
       "type": "Point",
       "coordinates":  [ 121.557636,25.06304 ]
    },
    "properties": {
    "場所名稱":"華信航空股份有限公司",
    "場所地址":"台北市松山區敦化北路405巷123弄3號",
    "場所分類":"長距離交通工具",
    "AED放置地點":"B16855飛機",
    "行政區":"松山區"
    }
  },
  {
    "type": "Feature",
    "geometry": {
       "type": "Point",
       "coordinates":  [ 121.5523144,25.0483521 ]
    },
    "properties": {
    "場所名稱":"臺北市藝文推廣處",
    "場所地址":"八德路3段25號3樓",
    "場所分類":"大型休閒場所",
    "AED放置地點":"藝文大樓3樓電梯旁",
    "行政區":"松山區"
    }
  },
  {
    "type": "Feature",
    "geometry": {
       "type": "Point",
       "coordinates":  [ 121.5523144,25.0483521 ]
    },
    "properties": {
    "場所名稱":"臺北市藝文推廣處",
    "場所地址":"八德路3段25號3樓",
    "場所分類":"大型休閒場所",
    "AED放置地點":"藝文大樓5樓",
    "行政區":"松山區"
    }
  },
  {
    "type": "Feature",
    "geometry": {
       "type": "Point",
       "coordinates":  [ 121.557636,25.06304 ]
    },
    "properties": {
    "場所名稱":"華信航空股份有限公司",
    "場所地址":"台北市松山區敦化北路405巷123弄3號",
    "場所分類":"長距離交通工具",
    "AED放置地點":"B-16851飛機",
    "行政區":"松山區"
    }
  },
  {
    "type": "Feature",
    "geometry": {
       "type": "Point",
       "coordinates":  [ 121.557636,25.06304 ]
    },
    "properties": {
    "場所名稱":"華信航空股份有限公司",
    "場所地址":"台北市松山區敦化北路405巷123弄3號",
    "場所分類":"長距離交通工具",
    "AED放置地點":"B-16853飛機",
    "行政區":"松山區"
    }
  },
  {
    "type": "Feature",
    "geometry": {
       "type": "Point",
       "coordinates":  [ 121.548336,25.055726 ]
    },
    "properties": {
    "場所名稱":"台北文華東方酒店",
    "場所地址":"敦化北路158號",
    "場所分類":"旅宿場所",
    "AED放置地點":"一樓客務部辦公室",
    "行政區":"松山區"
    }
  },
  {
    "type": "Feature",
    "geometry": {
       "type": "Point",
       "coordinates":  [ 121.54811,25.055711 ]
    },
    "properties": {
    "場所名稱":"台北文華東方酒店",
    "場所地址":"敦化北路158號",
    "場所分類":"旅宿場所",
    "AED放置地點":"6F SPA 辦公室",
    "行政區":"松山區"
    }
  },
  {
    "type": "Feature",
    "geometry": {
       "type": "Point",
       "coordinates":  [ 121.552742,25.06369 ]
    },
    "properties": {
    "場所名稱":"交通部民用航空局臺北國際航空站(松山機場)",
    "場所地址":"敦化北路340-9號",
    "場所分類":"交通要衝",
    "AED放置地點":"國內線2樓美食街",
    "行政區":"松山區"
    }
  },
  {
    "type": "Feature",
    "geometry": {
       "type": "Point",
       "coordinates":  [ 121.5574794,25.05135843 ]
    },
    "properties": {
    "場所名稱":"體線運動工作室",
    "場所地址":"南京東路4段186號6F之9",
    "場所分類":"學校、大型集會場所",
    "AED放置地點":"櫃檯",
    "行政區":"松山區"
    }
  },
  {
    "type": "Feature",
    "geometry": {
       "type": "Point",
       "coordinates":  [ 121.552742,25.06369 ]
    },
    "properties": {
    "場所名稱":"交通部民用航空局臺北國際航空站(松山機場)",
    "場所地址":"敦化北路340-9號",
    "場所分類":"交通要衝",
    "AED放置地點":"國際線2樓外候機室",
    "行政區":"松山區"
    }
  },
  {
    "type": "Feature",
    "geometry": {
       "type": "Point",
       "coordinates":  [ 121.545251,25.045943 ]
    },
    "properties": {
    "場所名稱":"微風廣場實業股份有限公司 ",
    "場所地址":"復興南路一段39號",
    "場所分類":"大型購物場所",
    "AED放置地點":"1樓服務台旁",
    "行政區":"松山區"
    }
  },
  {
    "type": "Feature",
    "geometry": {
       "type": "Point",
       "coordinates":  [ 121.5553266,25.0518323 ]
    },
    "properties": {
    "場所名稱":"唯欣健康股份有限公司",
    "場所地址":"南京東路四段137號7樓",
    "場所分類":"其他",
    "AED放置地點":"休息區",
    "行政區":"松山區"
    }
  },
  {
    "type": "Feature",
    "geometry": {
       "type": "Point",
       "coordinates":  [ 121.565037,25.050314 ]
    },
    "properties": {
    "場所名稱":"統一大樓管理委員會",
    "場所地址":"東興路8號",
    "場所分類":"其他",
    "AED放置地點":"10樓梯廳",
    "行政區":"松山區"
    }
  },
  {
    "type": "Feature",
    "geometry": {
       "type": "Point",
       "coordinates":  [ 121.560518,25.051912 ]
    },
    "properties": {
    "場所名稱":"森蒲有限公司（Energym)",
    "場所地址":"南京東路五段123巷1弄4號1F",
    "場所分類":"學校、大型集會場所",
    "AED放置地點":"店裡室內",
    "行政區":"松山區"
    }
  },
  {
    "type": "Feature",
    "geometry": {
       "type": "Point",
       "coordinates":  [ 121.5644021,25.058566 ]
    },
    "properties": {
    "場所名稱":"香港商世界健身事業有限公司民生圓環分公司",
    "場所地址":"民生東路五段196號B1",
    "場所分類":"學校、大型集會場所",
    "AED放置地點":"客服櫃台前方",
    "行政區":"松山區"
    }
  },
  {
    "type": "Feature",
    "geometry": {
       "type": "Point",
       "coordinates":  [ 121.548262,25.052651 ]
    },
    "properties": {
    "場所名稱":"宜家家居股份有限公司台北城市店小巨蛋分公司",
    "場所地址":"敦化北路100號B1、B2",
    "場所分類":"大型購物場所",
    "AED放置地點":"IKEA B1顧客服務區",
    "行政區":"松山區"
    }
  },
  {
    "type": "Feature",
    "geometry": {
       "type": "Point",
       "coordinates":  [ 121.548262,25.052651 ]
    },
    "properties": {
    "場所名稱":"宜家家居股份有限公司台北城市店小巨蛋分公司",
    "場所地址":"敦化北路100號B1、B2",
    "場所分類":"大型購物場所",
    "AED放置地點":"IKEA B2入口",
    "行政區":"松山區"
    }
  },
  {
    "type": "Feature",
    "geometry": {
       "type": "Point",
       "coordinates":  [ 121.548384,25.055779 ]
    },
    "properties": {
    "場所名稱":"台北文華東方酒店",
    "場所地址":"敦化北路158號",
    "場所分類":"旅宿場所",
    "AED放置地點":"B3 安全辦公室",
    "行政區":"松山區"
    }
  },
  {
    "type": "Feature",
    "geometry": {
       "type": "Point",
       "coordinates":  [ 121.5444084,25.05817995 ]
    },
    "properties": {
    "場所名稱":"1010湘(復北店)",
    "場所地址":"復興北路301號",
    "場所分類":"其他",
    "AED放置地點":"餐廳內",
    "行政區":"松山區"
    }
  },
  {
    "type": "Feature",
    "geometry": {
       "type": "Point",
       "coordinates":  [ 121.546707,25.051542 ]
    },
    "properties": {
    "場所名稱":"臺北市立敦化國民中學",
    "場所地址":"南京東路三段300號",
    "場所分類":"學校、大型集會場所",
    "AED放置地點":"游泳池入口",
    "行政區":"松山區"
    }
  },
  {
    "type": "Feature",
    "geometry": {
       "type": "Point",
       "coordinates":  [ 121.559476,25.051244 ]
    },
    "properties": {
    "場所名稱":"喜都(男仕)三溫暖",
    "場所地址":"南京東路五段38號B1",
    "場所分類":"",
    "AED放置地點":"B區影片室門口",
    "行政區":"松山區"
    }
  },
  {
    "type": "Feature",
    "geometry": {
       "type": "Point",
       "coordinates":  [ 121.5647943,25.0512257 ]
    },
    "properties": {
    "場所名稱":"超人運動事業有限公司",
    "場所地址":"南京東路五段202號2樓",
    "場所分類":"其他",
    "AED放置地點":"教室櫃台",
    "行政區":"松山區"
    }
  },
  {
    "type": "Feature",
    "geometry": {
       "type": "Point",
       "coordinates":  [ 121.5557131,25.05817763 ]
    },
    "properties": {
    "場所名稱":"Joysport樂適能運動",
    "場所地址":"民生東路五段206-6至8號一樓",
    "場所分類":"其他",
    "AED放置地點":"門口",
    "行政區":"松山區"
    }
  },
  {
    "type": "Feature",
    "geometry": {
       "type": "Point",
       "coordinates":  [ 121.546995,25.057173 ]
    },
    "properties": {
    "場所名稱":"給力健身房民生店",
    "場所地址":"民生東路三段128號B1",
    "場所分類":"學校、大型集會場所",
    "AED放置地點":"健身區",
    "行政區":"松山區"
    }
  },
  {
    "type": "Feature",
    "geometry": {
       "type": "Point",
       "coordinates":  [ 121.55342,25.05143 ]
    },
    "properties": {
    "場所名稱":"Curves 女性專用30分鐘健身中心南京小巨蛋店",
    "場所地址":"南京東路4段50號4樓之2",
    "場所分類":"學校、大型集會場所",
    "AED放置地點":"伸展區前方",
    "行政區":"松山區"
    }
  },
  {
    "type": "Feature",
    "geometry": {
       "type": "Point",
       "coordinates":  [ 121.5526449,25.0480759 ]
    },
    "properties": {
    "場所名稱":"阿樹國際旅店",
    "場所地址":"八德路三段76號",
    "場所分類":"旅宿場所",
    "AED放置地點":"飯店4樓大廳",
    "行政區":"松山區"
    }
  },
  {
    "type": "Feature",
    "geometry": {
       "type": "Point",
       "coordinates":  [ 121.564067,25.051197 ]
    },
    "properties": {
    "場所名稱":"香港商世界健身事業有限公司南京分公司",
    "場所地址":"南京東路5段196號1樓",
    "場所分類":"學校、大型集會場所",
    "AED放置地點":"一樓櫃檯",
    "行政區":"松山區"
    }
  },
  {
    "type": "Feature",
    "geometry": {
       "type": "Point",
       "coordinates":  [ 121.560537,25.048609 ]
    },
    "properties": {
    "場所名稱":"李長榮化學工業股份有限公司",
    "場所地址":"八德路4段85號3樓",
    "場所分類":"其他",
    "AED放置地點":"85號3樓電梯旁",
    "行政區":"松山區"
    }
  },
  {
    "type": "Feature",
    "geometry": {
       "type": "Point",
       "coordinates":  [ 121.564752,25.051193 ]
    },
    "properties": {
    "場所名稱":"Curves女性專用30分鐘健身中心南京三民店",
    "場所地址":"南京東路5段202號3F-5",
    "場所分類":"學校、大型集會場所",
    "AED放置地點":"環狀運動區",
    "行政區":"松山區"
    }
  },
  {
    "type": "Feature",
    "geometry": {
       "type": "Point",
       "coordinates":  [ 121.551105,25.04807 ]
    },
    "properties": {
    "場所名稱":"安橋綜合設施管理服務",
    "場所地址":"八德路三段20號10樓之1及之2",
    "場所分類":"其他",
    "AED放置地點":"公司門口",
    "行政區":"松山區"
    }
  },
  {
    "type": "Feature",
    "geometry": {
       "type": "Point",
       "coordinates":  [ 121.553028,25.048356 ]
    },
    "properties": {
    "場所名稱":"臺北市松山區美仁里里民活動場所 (福之鄉大廈)",
    "場所地址":"八德路3段75號",
    "場所分類":"其他",
    "AED放置地點":"八德路3段75號",
    "行政區":"松山區"
    }
  },
  {
    "type": "Feature",
    "geometry": {
       "type": "Point",
       "coordinates":  [ 121.552728,25.048393 ]
    },
    "properties": {
    "場所名稱":"臺北市松山區美仁里里民活動場所(詠堅商業大樓)",
    "場所地址":"八德路3段27號",
    "場所分類":"其他",
    "AED放置地點":"八德路3段27號",
    "行政區":"松山區"
    }
  },
  {
    "type": "Feature",
    "geometry": {
       "type": "Point",
       "coordinates":  [ 121.553013,25.050614 ]
    },
    "properties": {
    "場所名稱":"臺北市松山區美仁里里民活動場所(敦化林園大樓)",
    "場所地址":"北寧路62號",
    "場所分類":"其他",
    "AED放置地點":"北寧路62號",
    "行政區":"松山區"
    }
  },
  {
    "type": "Feature",
    "geometry": {
       "type": "Point",
       "coordinates":  [ 121.552842,25.050896 ]
    },
    "properties": {
    "場所名稱":"臺北市松山區美仁里里民活動場所(祥園)",
    "場所地址":"北寧路66---66-1號",
    "場所分類":"其他",
    "AED放置地點":"北寧路66---66-1號",
    "行政區":"松山區"
    }
  },
  {
    "type": "Feature",
    "geometry": {
       "type": "Point",
       "coordinates":  [ 121.553489,25.05076 ]
    },
    "properties": {
    "場所名稱":"臺北市松山區美仁里里民活動場所(敦傑大樓)",
    "場所地址":"南京東路4段52巷8號",
    "場所分類":"其他",
    "AED放置地點":"南京東路4段52巷8號",
    "行政區":"松山區"
    }
  },
  {
    "type": "Feature",
    "geometry": {
       "type": "Point",
       "coordinates":  [ 121.5447579,25.0626001 ]
    },
    "properties": {
    "場所名稱":"擊客基地",
    "場所地址":"復興北路369號B1",
    "場所分類":"其他",
    "AED放置地點":"入口處",
    "行政區":"松山區"
    }
  },
  {
    "type": "Feature",
    "geometry": {
       "type": "Point",
       "coordinates":  [ 121.5545238,25.05054908 ]
    },
    "properties": {
    "場所名稱":"育達高級中等學校-雙語國小/國中/高中部",
    "場所地址":"寧安街52號",
    "場所分類":"學校、大型集會場所",
    "AED放置地點":"思源大樓",
    "行政區":"松山區"
    }
  },
  {
    "type": "Feature",
    "geometry": {
       "type": "Point",
       "coordinates":  [ 121.5521964,25.0480798 ]
    },
    "properties": {
    "場所名稱":"打鐵健身-松山店",
    "場所地址":"八德路三段36號地下一樓",
    "場所分類":"交通要衝",
    "AED放置地點":"B1樓層",
    "行政區":"松山區"
    }
  },
  {
    "type": "Feature",
    "geometry": {
       "type": "Point",
       "coordinates":  [ 121.570012,25.0515071 ]
    },
    "properties": {
    "場所名稱":"城市商旅台北南東館",
    "場所地址":"南京東路五段411號",
    "場所分類":"旅宿場所",
    "AED放置地點":"一樓大廳",
    "行政區":"松山區"
    }
  },
  {
    "type": "Feature",
    "geometry": {
       "type": "Point",
       "coordinates":  [ 121.552742,25.06369 ]
    },
    "properties": {
    "場所名稱":"交通部民用航空局臺北國際航空站(松山機場)",
    "場所地址":"敦化北路340-9號",
    "場所分類":"交通要衝",
    "AED放置地點":"國際線出境大廳自動查驗通關道後方",
    "行政區":"松山區"
    }
  },
  {
    "type": "Feature",
    "geometry": {
       "type": "Point",
       "coordinates":  [ 121.577126,25.049768 ]
    },
    "properties": {
    "場所名稱":"臺北市松山區公所",
    "場所地址":"八德路4段692號7樓",
    "場所分類":"其他",
    "AED放置地點":"7樓電梯口",
    "行政區":"松山區"
    }
  },
  {
    "type": "Feature",
    "geometry": {
       "type": "Point",
       "coordinates":  [ 121.57726,25.049907 ]
    },
    "properties": {
    "場所名稱":"臺北市松山區戶政事務所",
    "場所地址":"八德路4段692號4樓",
    "場所分類":"其他",
    "AED放置地點":"4樓入口處進門右側服務檯內",
    "行政區":"松山區"
    }
  },
  {
    "type": "Feature",
    "geometry": {
       "type": "Point",
       "coordinates":  [ 121.561213,25.047712 ]
    },
    "properties": {
    "場所名稱":"台北偶戲館",
    "場所地址":"市民大道五段99號2樓",
    "場所分類":"大型休閒場所",
    "AED放置地點":"2樓展場大門旁",
    "行政區":"松山區"
    }
  },
  {
    "type": "Feature",
    "geometry": {
       "type": "Point",
       "coordinates":  [ 121.577742,25.051054 ]
    },
    "properties": {
    "場所名稱":"財團法人台北市松山慈祐宮",
    "場所地址":"八德路4段761號",
    "場所分類":"其他",
    "AED放置地點":"服務台正前方",
    "行政區":"松山區"
    }
  },
  {
    "type": "Feature",
    "geometry": {
       "type": "Point",
       "coordinates":  [ 121.560762,25.053297 ]
    },
    "properties": {
    "場所名稱":"臺北市松山區東光里辦公處",
    "場所地址":"南京東路5段123巷41號",
    "場所分類":"其他",
    "AED放置地點":"臺北市松山區東光里辦公處",
    "行政區":"松山區"
    }
  },
  {
    "type": "Feature",
    "geometry": {
       "type": "Point",
       "coordinates":  [ 121.562908,25.059315 ]
    },
    "properties": {
    "場所名稱":"臺北市民生社區中心(民政局管理樓層)",
    "場所地址":"民生東路5段163之1號",
    "場所分類":"學校、大型集會場所",
    "AED放置地點":"民生社區中心(民政局管理樓層)",
    "行政區":"松山區"
    }
  },
  {
    "type": "Feature",
    "geometry": {
       "type": "Point",
       "coordinates":  [ 121.562908,25.059315 ]
    },
    "properties": {
    "場所名稱":"臺北市民生社區中心(民政局管理樓層)",
    "場所地址":"民生東路5段163之1號",
    "場所分類":"學校、大型集會場所",
    "AED放置地點":"民生社區中心(民政局管理樓層)",
    "行政區":"松山區"
    }
  },
  {
    "type": "Feature",
    "geometry": {
       "type": "Point",
       "coordinates":  [ 121.549426,25.048114 ]
    },
    "properties": {
    "場所名稱":"北都汽車股份有限公司-敦化所",
    "場所地址":"八德路三段2號1樓",
    "場所分類":"其他",
    "AED放置地點":"展示間吧台處",
    "行政區":"松山區"
    }
  },
  {
    "type": "Feature",
    "geometry": {
       "type": "Point",
       "coordinates":  [ 121.538104,25.042019 ]
    },
    "properties": {
    "場所名稱":"北都汽車股份有限公司-lexus大安所",
    "場所地址":"忠孝東路三段1號億光大樓",
    "場所分類":"其他",
    "AED放置地點":"展示間",
    "行政區":"松山區"
    }
  },
  {
    "type": "Feature",
    "geometry": {
       "type": "Point",
       "coordinates":  [ 121.5756847,25.0498897 ]
    },
    "properties": {
    "場所名稱":"首都飯店松山館",
    "場所地址":"八德路四段658號",
    "場所分類":"旅宿場所",
    "AED放置地點":"旅館大廳",
    "行政區":"松山區"
    }
  },
  {
    "type": "Feature",
    "geometry": {
       "type": "Point",
       "coordinates":  [ 121.557636,25.06304 ]
    },
    "properties": {
    "場所名稱":"華信航空股份有限公司",
    "場所地址":"台北市松山區敦化北路405巷123弄3號",
    "場所分類":"長距離交通工具",
    "AED放置地點":"B-16863飛機",
    "行政區":"松山區"
    }
  },
  {
    "type": "Feature",
    "geometry": {
       "type": "Point",
       "coordinates":  [ 121.555723,25.0513946 ]
    },
    "properties": {
    "場所名稱":"Fitness Hub",
    "場所地址":"南京東路四段130號B1",
    "場所分類":"學校、大型集會場所",
    "AED放置地點":"大廳電視旁",
    "行政區":"松山區"
    }
  },
  {
    "type": "Feature",
    "geometry": {
       "type": "Point",
       "coordinates":  [ 121.546707,25.051542 ]
    },
    "properties": {
    "場所名稱":"臺北市立敦化國民中學",
    "場所地址":"南京東路三段300號",
    "場所分類":"學校、大型集會場所",
    "AED放置地點":"1樓穿堂",
    "行政區":"松山區"
    }
  },
  {
    "type": "Feature",
    "geometry": {
       "type": "Point",
       "coordinates":  [ 121.547884,25.049244 ]
    },
    "properties": {
    "場所名稱":"臺北市松山區敦化國民小學",
    "場所地址":"敦化北路2號",
    "場所分類":"其他",
    "AED放置地點":"學生活動中心一樓穿堂",
    "行政區":"松山區"
    }
  },
  {
    "type": "Feature",
    "geometry": {
       "type": "Point",
       "coordinates":  [ 121.547884,25.049244 ]
    },
    "properties": {
    "場所名稱":"臺北市松山區敦化國民小學",
    "場所地址":"敦化北路2號",
    "場所分類":"其他",
    "AED放置地點":"至忠樓穿堂",
    "行政區":"松山區"
    }
  },
  {
    "type": "Feature",
    "geometry": {
       "type": "Point",
       "coordinates":  [ 121.552742,25.06369 ]
    },
    "properties": {
    "場所名稱":"交通部民用航空局臺北國際航空站(松山機場)",
    "場所地址":"敦化北路340-9號",
    "場所分類":"交通要衝",
    "AED放置地點":"本站停車場",
    "行政區":"松山區"
    }
  },
  {
    "type": "Feature",
    "geometry": {
       "type": "Point",
       "coordinates":  [ 121.552742,25.06369 ]
    },
    "properties": {
    "場所名稱":"交通部民用航空局臺北國際航空站(松山機場)",
    "場所地址":"敦化北路340-9號",
    "場所分類":"交通要衝",
    "AED放置地點":"本站停車場",
    "行政區":"松山區"
    }
  },
  {
    "type": "Feature",
    "geometry": {
       "type": "Point",
       "coordinates":  [ 121.561403,25.051262 ]
    },
    "properties": {
    "場所名稱":"窩糕運動事業有限公司",
    "場所地址":"南京東路五段84號2樓",
    "場所分類":"學校、大型集會場所",
    "AED放置地點":"窩糕運動事業有限公司",
    "行政區":"松山區"
    }
  },
  {
    "type": "Feature",
    "geometry": {
       "type": "Point",
       "coordinates":  [ 121.550117,25.057968 ]
    },
    "properties": {
    "場所名稱":"阿基里斯 Fitness GYM",
    "場所地址":"敦化北路207號地下之一、地下一層",
    "場所分類":"學校、大型集會場所",
    "AED放置地點":"置物櫃區",
    "行政區":"松山區"
    }
  },
  {
    "type": "Feature",
    "geometry": {
       "type": "Point",
       "coordinates":  [ 121.5530311,25.0512958 ]
    },
    "properties": {
    "場所名稱":"國泰世紀產物保險股份有限公司-北區行政分公司",
    "場所地址":"南京東路四段16號4樓",
    "場所分類":"其他",
    "AED放置地點":"公司入口處",
    "行政區":"松山區"
    }
  },
  {
    "type": "Feature",
    "geometry": {
       "type": "Point",
       "coordinates":  [ 121.5611154,25.0516691 ]
    },
    "properties": {
    "場所名稱":"新光人壽保險股份有限公司_松山金融大樓",
    "場所地址":"南京東路五段125號11樓",
    "場所分類":"其他",
    "AED放置地點":"台北市松山區南京東路五段125號",
    "行政區":"松山區"
    }
  },
  {
    "type": "Feature",
    "geometry": {
       "type": "Point",
       "coordinates":  [ 121.557636,25.06304 ]
    },
    "properties": {
    "場所名稱":"台灣虎航股份有限公司",
    "場所地址":"敦化北路405巷123弄3號",
    "場所分類":"長距離交通工具",
    "AED放置地點":"B-50022航機, 第13排 DEF行李艙",
    "行政區":"松山區"
    }
  },
  {
    "type": "Feature",
    "geometry": {
       "type": "Point",
       "coordinates":  [ 121.5650519,25.0496968 ]
    },
    "properties": {
    "場所名稱":"中國石油化學工業開發股份有限公司臺北營業所",
    "場所地址":"東興路12號",
    "場所分類":"其他",
    "AED放置地點":"本棟大樓9樓",
    "行政區":"松山區"
    }
  },
  {
    "type": "Feature",
    "geometry": {
       "type": "Point",
       "coordinates":  [ 121.554888,25.051478 ]
    },
    "properties": {
    "場所名稱":"臺北市松山區美仁里里民活動場所(久石讓大樓)",
    "場所地址":"南京東路4段118號",
    "場所分類":"其他",
    "AED放置地點":"南京東路4段118號",
    "行政區":"松山區"
    }
  },
  {
    "type": "Feature",
    "geometry": {
       "type": "Point",
       "coordinates":  [ 121.550707,25.071722 ]
    },
    "properties": {
    "場所名稱":"民航人員訓練所",
    "場所地址":"濱江街362號",
    "場所分類":"其他",
    "AED放置地點":"105教室前面",
    "行政區":"松山區"
    }
  },
  {
    "type": "Feature",
    "geometry": {
       "type": "Point",
       "coordinates":  [ 121.557989,25.047991 ]
    },
    "properties": {
    "場所名稱":"JUNGLE CENTER",
    "場所地址":"台北市松山區光復南路1號B1",
    "場所分類":"其他",
    "AED放置地點":"台北市松山區光復南路1號B1",
    "行政區":"松山區"
    }
  },
  {
    "type": "Feature",
    "geometry": {
       "type": "Point",
       "coordinates":  [ 121.560603,25.05128 ]
    },
    "properties": {
    "場所名稱":"RNA",
    "場所地址":"南京東路五段62號2樓",
    "場所分類":"學校、大型集會場所",
    "AED放置地點":"RNA重訓教室",
    "行政區":"松山區"
    }
  },
  {
    "type": "Feature",
    "geometry": {
       "type": "Point",
       "coordinates":  [ 121.545474,25.048797 ]
    },
    "properties": {
    "場所名稱":"合作金庫商業銀行",
    "場所地址":"台北市松山區長安東路2段225號",
    "場所分類":"其他",
    "AED放置地點":"合作金庫商業銀行總行大樓A棟1樓",
    "行政區":"松山區"
    }
  },
  {
    "type": "Feature",
    "geometry": {
       "type": "Point",
       "coordinates":  [ 121.55344,25.048342 ]
    },
    "properties": {
    "場所名稱":"臺北市松山區美仁里里民活動場所(敦北傑座大樓)",
    "場所地址":"八德路3段97號",
    "場所分類":"其他",
    "AED放置地點":"八德路3段97號",
    "行政區":"松山區"
    }
  },
  {
    "type": "Feature",
    "geometry": {
       "type": "Point",
       "coordinates":  [ 121.55412,25.048789 ]
    },
    "properties": {
    "場所名稱":"寧安街8號1樓",
    "場所地址":"寧安街8號1樓",
    "場所分類":"其他",
    "AED放置地點":"寧安街8號1樓",
    "行政區":"松山區"
    }
  },
  {
    "type": "Feature",
    "geometry": {
       "type": "Point",
       "coordinates":  [ 121.5456185,25.0613514 ]
    },
    "properties": {
    "場所名稱":"中山國中星耀樓",
    "場所地址":"民權東路三段106巷3弄2號",
    "場所分類":"大型休閒場所",
    "AED放置地點":"1樓電梯旁",
    "行政區":"松山區"
    }
  },
  {
    "type": "Feature",
    "geometry": {
       "type": "Point",
       "coordinates":  [ 121.560518,25.051912 ]
    },
    "properties": {
    "場所名稱":"森蒲有限公司（Energym)",
    "場所地址":"南京東路五段123巷1弄4號1F",
    "場所分類":"學校、大型集會場所",
    "AED放置地點":"訓練區內",
    "行政區":"松山區"
    }
  },
  {
    "type": "Feature",
    "geometry": {
       "type": "Point",
       "coordinates":  [ 121.562213,25.049505 ]
    },
    "properties": {
    "場所名稱":"臺北市立中崙高級中學",
    "場所地址":"八德路四段101號",
    "場所分類":"學校、大型集會場所",
    "AED放置地點":"1樓川堂",
    "行政區":"松山區"
    }
  },
  {
    "type": "Feature",
    "geometry": {
       "type": "Point",
       "coordinates":  [ 121.551041,25.052025 ]
    },
    "properties": {
    "場所名稱":"K·Ｄ+ Fitness",
    "場所地址":"南京東路四段51號2樓之1",
    "場所分類":"其他",
    "AED放置地點":"休息區",
    "行政區":"松山區"
    }
  },
  {
    "type": "Feature",
    "geometry": {
       "type": "Point",
       "coordinates":  [ 121.534645,25.044526 ]
    },
    "properties": {
    "場所名稱":"忠初我有限公司",
    "場所地址":"光復北路30號2樓",
    "場所分類":"大型休閒場所",
    "AED放置地點":"啞鈴放置區",
    "行政區":"松山區"
    }
  },
  {
    "type": "Feature",
    "geometry": {
       "type": "Point",
       "coordinates":  [ 121.566188,25.067394 ]
    },
    "properties": {
    "場所名稱":"北都汽車股份有限公司-撫遠廠",
    "場所地址":"撫遠街419號",
    "場所分類":"其他",
    "AED放置地點":"服務接待櫃台後方",
    "行政區":"松山區"
    }
  },
  {
    "type": "Feature",
    "geometry": {
       "type": "Point",
       "coordinates":  [ 121.558073,25.049718 ]
    },
    "properties": {
    "場所名稱":"北都汽車股份有限公司-光復所廠",
    "場所地址":"光復北路15號",
    "場所分類":"其他",
    "AED放置地點":"1樓結帳辦公室",
    "行政區":"松山區"
    }
  },
  {
    "type": "Feature",
    "geometry": {
       "type": "Point",
       "coordinates":  [ 121.544388,25.060561 ]
    },
    "properties": {
    "場所名稱":"臺灣集中保管結算所股份有限公司",
    "場所地址":"復興北路363號2樓",
    "場所分類":"其他",
    "AED放置地點":"台北市松山區復興北路365號5樓",
    "行政區":"松山區"
    }
  },
  {
    "type": "Feature",
    "geometry": {
       "type": "Point",
       "coordinates":  [ 121.5650519,25.0496968 ]
    },
    "properties": {
    "場所名稱":"中國石油化學工業開發股份有限公司臺北營業所",
    "場所地址":"東興路12號",
    "場所分類":"其他",
    "AED放置地點":"本棟大樓11樓",
    "行政區":"松山區"
    }
  },
  {
    "type": "Feature",
    "geometry": {
       "type": "Point",
       "coordinates":  [ 121.551796,25.051289 ]
    },
    "properties": {
    "場所名稱":"臺北網球場",
    "場所地址":"南京東路四段6號",
    "場所分類":"大型休閒場所",
    "AED放置地點":"台北網球場",
    "行政區":"松山區"
    }
  },
  {
    "type": "Feature",
    "geometry": {
       "type": "Point",
       "coordinates":  [ 121.570909,25.050068 ]
    },
    "properties": {
    "場所名稱":"勁能健身俱樂部",
    "場所地址":"八德路四段465號2樓",
    "場所分類":"學校、大型集會場所",
    "AED放置地點":"健身區",
    "行政區":"松山區"
    }
  },
  {
    "type": "Feature",
    "geometry": {
       "type": "Point",
       "coordinates":  [ 121.557636,25.06304 ]
    },
    "properties": {
    "場所名稱":"華信航空股份有限公司",
    "場所地址":"台北市松山區敦化北路405巷123弄3號",
    "場所分類":"長距離交通工具",
    "AED放置地點":"B-16858飛機",
    "行政區":"松山區"
    }
  },
  {
    "type": "Feature",
    "geometry": {
       "type": "Point",
       "coordinates":  [ 121.563066,25.059536 ]
    },
    "properties": {
    "場所名稱":"臺北市政府警察局松山分局三民派出所",
    "場所地址":"三民路5段163之1號",
    "場所分類":"公眾服務單位設施",
    "AED放置地點":"三民派出所備勤室內",
    "行政區":"松山區"
    }
  },
  {
    "type": "Feature",
    "geometry": {
       "type": "Point",
       "coordinates":  [ 121.577389,25.049957 ]
    },
    "properties": {
    "場所名稱":"臺北市政府警察局松山分局松山派出所",
    "場所地址":"八德路4段692號",
    "場所分類":"公眾服務單位設施",
    "AED放置地點":"值班台旁",
    "行政區":"松山區"
    }
  },
  {
    "type": "Feature",
    "geometry": {
       "type": "Point",
       "coordinates":  [ 121.550213,25.056688 ]
    },
    "properties": {
    "場所名稱":"臺北市政府警察局松山分局東社派出所",
    "場所地址":"敦化北路199巷5號",
    "場所分類":"公眾服務單位設施",
    "AED放置地點":"值班台旁",
    "行政區":"松山區"
    }
  },
  {
    "type": "Feature",
    "geometry": {
       "type": "Point",
       "coordinates":  [ 121.553517,25.049193 ]
    },
    "properties": {
    "場所名稱":"臺北市松山區美仁里里民活動場所",
    "場所地址":"八德路3段99巷12-8號",
    "場所分類":"其他",
    "AED放置地點":"八德路3段99巷12-8號",
    "行政區":"松山區"
    }
  },
  {
    "type": "Feature",
    "geometry": {
       "type": "Point",
       "coordinates":  [ 121.553517,25.049193 ]
    },
    "properties": {
    "場所名稱":"臺北市松山區美仁里里民活動場所",
    "場所地址":"八德路3段99巷12-8號",
    "場所分類":"其他",
    "AED放置地點":"八德路3段99巷12-8號",
    "行政區":"松山區"
    }
  },
  {
    "type": "Feature",
    "geometry": {
       "type": "Point",
       "coordinates":  [ 121.552002,25.051128 ]
    },
    "properties": {
    "場所名稱":"臺北體育館技擊館",
    "場所地址":"南京東路4段10號4樓",
    "場所分類":"學校、大型集會場所",
    "AED放置地點":"4樓球場東側走道",
    "行政區":"松山區"
    }
  },
  {
    "type": "Feature",
    "geometry": {
       "type": "Point",
       "coordinates":  [ 121.550231,25.048607 ]
    },
    "properties": {
    "場所名稱":"臺北巿松山運動中心",
    "場所地址":"敦化北路1號",
    "場所分類":"學校、大型集會場所",
    "AED放置地點":"一樓泳池",
    "行政區":"松山區"
    }
  },
  {
    "type": "Feature",
    "geometry": {
       "type": "Point",
       "coordinates":  [ 121.552094,25.051292 ]
    },
    "properties": {
    "場所名稱":"臺北市政府體育局體育行政樓",
    "場所地址":"南京東路4段10號1樓",
    "場所分類":"其他",
    "AED放置地點":"1樓電梯旁",
    "行政區":"松山區"
    }
  },
  {
    "type": "Feature",
    "geometry": {
       "type": "Point",
       "coordinates":  [ 121.552094,25.051292 ]
    },
    "properties": {
    "場所名稱":"臺北體育館羽球場",
    "場所地址":"南京東路4段10號7樓",
    "場所分類":"大型休閒場所",
    "AED放置地點":"7樓羽球場",
    "行政區":"松山區"
    }
  },
  {
    "type": "Feature",
    "geometry": {
       "type": "Point",
       "coordinates":  [ 121.551034,25.049461 ]
    },
    "properties": {
    "場所名稱":"臺北體育園區田徑場",
    "場所地址":"敦化北路3號",
    "場所分類":"大型休閒場所",
    "AED放置地點":"臺北田徑場行政廊道",
    "行政區":"松山區"
    }
  },
  {
    "type": "Feature",
    "geometry": {
       "type": "Point",
       "coordinates":  [ 121.549624,25.048835 ]
    },
    "properties": {
    "場所名稱":"臺北體育園區田徑場(暖身場)",
    "場所地址":"敦化北路3號(暖身場)",
    "場所分類":"大型休閒場所",
    "AED放置地點":"暖身場警衛亭",
    "行政區":"松山區"
    }
  },
  {
    "type": "Feature",
    "geometry": {
       "type": "Point",
       "coordinates":  [ 121.552742,25.06369 ]
    },
    "properties": {
    "場所名稱":"交通部民用航空局臺北國際航空站(松山機場)",
    "場所地址":"敦化北路340-9號",
    "場所分類":"交通要衝",
    "AED放置地點":"國際線入境行李提領大廳",
    "行政區":"松山區"
    }
  },
  {
    "type": "Feature",
    "geometry": {
       "type": "Point",
       "coordinates":  [ 121.552742,25.06369 ]
    },
    "properties": {
    "場所名稱":"交通部民用航空局臺北國際航空站(松山機場)",
    "場所地址":"敦化北路340-9號",
    "場所分類":"交通要衝",
    "AED放置地點":"國際線入境大廳",
    "行政區":"松山區"
    }
  },
  {
    "type": "Feature",
    "geometry": {
       "type": "Point",
       "coordinates":  [ 121.552742,25.06369 ]
    },
    "properties": {
    "場所名稱":"交通部民用航空局臺北國際航空站(松山機場)",
    "場所地址":"敦化北路340-9號",
    "場所分類":"交通要衝",
    "AED放置地點":"國際線入境證照查驗大廳",
    "行政區":"松山區"
    }
  },
  {
    "type": "Feature",
    "geometry": {
       "type": "Point",
       "coordinates":  [ 121.552742,25.06369 ]
    },
    "properties": {
    "場所名稱":"交通部民用航空局臺北國際航空站(松山機場)",
    "場所地址":"敦化北路340-9號",
    "場所分類":"交通要衝",
    "AED放置地點":"國際線3樓入境廊道-6號入境門對面",
    "行政區":"松山區"
    }
  },
  {
    "type": "Feature",
    "geometry": {
       "type": "Point",
       "coordinates":  [ 121.552742,25.06369 ]
    },
    "properties": {
    "場所名稱":"交通部民用航空局臺北國際航空站(松山機場)",
    "場所地址":"敦化北路340-9號",
    "場所分類":"交通要衝",
    "AED放置地點":"國際線共用貴賓室",
    "行政區":"松山區"
    }
  },
  {
    "type": "Feature",
    "geometry": {
       "type": "Point",
       "coordinates":  [ 121.552742,25.06369 ]
    },
    "properties": {
    "場所名稱":"交通部民用航空局臺北國際航空站(松山機場)",
    "場所地址":"敦化北路340-9號",
    "場所分類":"交通要衝",
    "AED放置地點":"國際線報到大廳",
    "行政區":"松山區"
    }
  },
  {
    "type": "Feature",
    "geometry": {
       "type": "Point",
       "coordinates":  [ 121.558625,25.051731 ]
    },
    "properties": {
    "場所名稱":"南京雙星國宅",
    "場所地址":"南京東路五段四十五號、四十七號",
    "場所分類":"其他",
    "AED放置地點":"南京雙星管委會會議室",
    "行政區":"松山區"
    }
  },
  {
    "type": "Feature",
    "geometry": {
       "type": "Point",
       "coordinates":  [ 121.544388,25.060561 ]
    },
    "properties": {
    "場所名稱":"臺灣集中保管結算所股份有限公司",
    "場所地址":"復興北路363號2樓",
    "場所分類":"其他",
    "AED放置地點":"台北市松山區復興北路365號2樓",
    "行政區":"松山區"
    }
  },
  {
    "type": "Feature",
    "geometry": {
       "type": "Point",
       "coordinates":  [ 121.5754394,25.0498402 ]
    },
    "properties": {
    "場所名稱":"台北健身院八德店",
    "場所地址":"台北市松山區八德路四段656號",
    "場所分類":"其他",
    "AED放置地點":"機械拉背的後方走道",
    "行政區":"松山區"
    }
  },
  {
    "type": "Feature",
    "geometry": {
       "type": "Point",
       "coordinates":  [ 121.564352,25.061145 ]
    },
    "properties": {
    "場所名稱":"Curves女性專用30分鐘健身中心民生圓環店",
    "場所地址":"富錦街505號1樓",
    "場所分類":"學校、大型集會場所",
    "AED放置地點":"櫃台前",
    "行政區":"松山區"
    }
  },
  {
    "type": "Feature",
    "geometry": {
       "type": "Point",
       "coordinates":  [ 121.5540851,25.0480485 ]
    },
    "properties": {
    "場所名稱":"Force Fitness 小巨蛋",
    "場所地址":"八德路三段120號2樓",
    "場所分類":"大型休閒場所",
    "AED放置地點":"台北市松山區八德路三段120號2樓",
    "行政區":"松山區"
    }
  },
  {
    "type": "Feature",
    "geometry": {
       "type": "Point",
       "coordinates":  [ 121.5499539,25.05135558 ]
    },
    "properties": {
    "場所名稱":"全真概念健康事業股份有限公司-環亞分公司",
    "場所地址":"南京東路四段2號1樓 14號店鋪",
    "場所分類":"學校、大型集會場所",
    "AED放置地點":"台北市南京東路四段2號1樓14號店鋪",
    "行政區":"松山區"
    }
  },
  {
    "type": "Feature",
    "geometry": {
       "type": "Point",
       "coordinates":  [ 121.547794,25.057202 ]
    },
    "properties": {
    "場所名稱":"元大人壽保險股份有限公司",
    "場所地址":"民生東路3段156號17樓",
    "場所分類":"其他",
    "AED放置地點":"元大人壽保險股份有限公司",
    "行政區":"松山區"
    }
  },
  {
    "type": "Feature",
    "geometry": {
       "type": "Point",
       "coordinates":  [ 121.564911,25.058261 ]
    },
    "properties": {
    "場所名稱":"肌擊有限公司",
    "場所地址":"民生東路5段204號1樓2室",
    "場所分類":"學校、大型集會場所",
    "AED放置地點":"大門右側",
    "行政區":"松山區"
    }
  },
  {
    "type": "Feature",
    "geometry": {
       "type": "Point",
       "coordinates":  [ 121.557207,25.053563 ]
    },
    "properties": {
    "場所名稱":"健身工廠健康廠",
    "場所地址":"健康路156號B1",
    "場所分類":"其他",
    "AED放置地點":"氣密門旁",
    "行政區":"松山區"
    }
  },
  {
    "type": "Feature",
    "geometry": {
       "type": "Point",
       "coordinates":  [ 121.544388,25.060561 ]
    },
    "properties": {
    "場所名稱":"臺灣集中保管結算所股份有限公司",
    "場所地址":"復興北路363號2樓",
    "場所分類":"其他",
    "AED放置地點":"台北市松山區復興北路363號10樓",
    "行政區":"松山區"
    }
  },
  {
    "type": "Feature",
    "geometry": {
       "type": "Point",
       "coordinates":  [ 121.544388,25.060561 ]
    },
    "properties": {
    "場所名稱":"臺灣集中保管結算所股份有限公司",
    "場所地址":"復興北路363號2樓",
    "場所分類":"其他",
    "AED放置地點":"台北市松山區復興北路363號7樓",
    "行政區":"松山區"
    }
  },
  {
    "type": "Feature",
    "geometry": {
       "type": "Point",
       "coordinates":  [ 121.550245,25.051908 ]
    },
    "properties": {
    "場所名稱":"超越體能顧問有限公司",
    "場所地址":"南京東路四段17號b1",
    "場所分類":"學校、大型集會場所",
    "AED放置地點":"下樓梯右側",
    "行政區":"松山區"
    }
  },
  {
    "type": "Feature",
    "geometry": {
       "type": "Point",
       "coordinates":  [ 121.549497,25.060121 ]
    },
    "properties": {
    "場所名稱":"交通部運輸研究所",
    "場所地址":"敦化北路240號",
    "場所分類":"其他",
    "AED放置地點":"1樓大廳",
    "行政區":"松山區"
    }
  },
  {
    "type": "Feature",
    "geometry": {
       "type": "Point",
       "coordinates":  [ 121.566737,25.059805 ]
    },
    "properties": {
    "場所名稱":"臺北市立民生國民中學",
    "場所地址":"新東街30巷1號",
    "場所分類":"其他",
    "AED放置地點":"民生國中室內游泳池",
    "行政區":"松山區"
    }
  },
  {
    "type": "Feature",
    "geometry": {
       "type": "Point",
       "coordinates":  [ 121.545716,25.073015 ]
    },
    "properties": {
    "場所名稱":"臺北市政府環境保護局松山區清潔隊停車場",
    "場所地址":"濱江街301巷底",
    "場所分類":"其他",
    "AED放置地點":"辦公室右側",
    "行政區":"松山區"
    }
  },
  {
    "type": "Feature",
    "geometry": {
       "type": "Point",
       "coordinates":  [ 121.5523144,25.0483521 ]
    },
    "properties": {
    "場所名稱":"臺北市藝文推廣處",
    "場所地址":"八德路3段25號3樓",
    "場所分類":"大型休閒場所",
    "AED放置地點":"藝文大樓1樓",
    "行政區":"松山區"
    }
  },
  {
    "type": "Feature",
    "geometry": {
       "type": "Point",
       "coordinates":  [ 121.565177,25.050271 ]
    },
    "properties": {
    "場所名稱":"統一綜合證券股份有限公司",
    "場所地址":"東興路8號1樓",
    "場所分類":"其他",
    "AED放置地點":"1樓大廳",
    "行政區":"松山區"
    }
  },
  {
    "type": "Feature",
    "geometry": {
       "type": "Point",
       "coordinates":  [ 121.559617,25.0568 ]
    },
    "properties": {
    "場所名稱":"臺北市政府警察局保安警察大隊",
    "場所地址":"延壽街339號",
    "場所分類":"公眾服務單位設施",
    "AED放置地點":"2樓大廳入口處(中庭右側)",
    "行政區":"松山區"
    }
  },
  {
    "type": "Feature",
    "geometry": {
       "type": "Point",
       "coordinates":  [ 121.54812,25.061853 ]
    },
    "properties": {
    "場所名稱":"臺北市政府警察局松山分局民有派出所",
    "場所地址":"民權東路3段162號",
    "場所分類":"公眾服務單位設施",
    "AED放置地點":"民有派所值班台旁",
    "行政區":"松山區"
    }
  },
  {
    "type": "Feature",
    "geometry": {
       "type": "Point",
       "coordinates":  [ 121.552391,25.050613 ]
    },
    "properties": {
    "場所名稱":"臺北市政府警察局松山分局中崙派出所",
    "場所地址":"南京東路4段12號",
    "場所分類":"公眾服務單位設施",
    "AED放置地點":"大門入口右側",
    "行政區":"松山區"
    }
  },
  {
    "type": "Feature",
    "geometry": {
       "type": "Point",
       "coordinates":  [ 121.55628,25.056421 ]
    },
    "properties": {
    "場所名稱":"臺北巿立介壽國民中學",
    "場所地址":"延壽街401號",
    "場所分類":"學校、大型集會場所",
    "AED放置地點":"校門口穿堂活動教室(二)藍廳門口前",
    "行政區":"松山區"
    }
  },
  {
    "type": "Feature",
    "geometry": {
       "type": "Point",
       "coordinates":  [ 121.544388,25.060561 ]
    },
    "properties": {
    "場所名稱":"臺灣集中保管結算所股份有限公司",
    "場所地址":"復興北路363號2樓",
    "場所分類":"其他",
    "AED放置地點":"台北市松山區復興北路363號9樓",
    "行政區":"松山區"
    }
  },
  {
    "type": "Feature",
    "geometry": {
       "type": "Point",
       "coordinates":  [ 121.544388,25.060561 ]
    },
    "properties": {
    "場所名稱":"臺灣集中保管結算所股份有限公司",
    "場所地址":"復興北路363號2樓",
    "場所分類":"其他",
    "AED放置地點":"台北市松山區復興北路363號3樓",
    "行政區":"松山區"
    }
  },
  {
    "type": "Feature",
    "geometry": {
       "type": "Point",
       "coordinates":  [ 121.544388,25.060561 ]
    },
    "properties": {
    "場所名稱":"臺灣集中保管結算所股份有限公司",
    "場所地址":"復興北路363號2樓",
    "場所分類":"其他",
    "AED放置地點":"台北市松山區復興北路363號11樓",
    "行政區":"松山區"
    }
  },
  {
    "type": "Feature",
    "geometry": {
       "type": "Point",
       "coordinates":  [ 121.576095,25.04988 ]
    },
    "properties": {
    "場所名稱":"Curves女性專用30分鐘健身中心松山店",
    "場所地址":"八德路四段666號4樓",
    "場所分類":"學校、大型集會場所",
    "AED放置地點":"櫃台旁置物櫃",
    "行政區":"松山區"
    }
  },
  {
    "type": "Feature",
    "geometry": {
       "type": "Point",
       "coordinates":  [ 121.5765572,25.0506881 ]
    },
    "properties": {
    "場所名稱":"臺北市饒河街觀光夜市",
    "場所地址":"饒河街186號2樓",
    "場所分類":"其他",
    "AED放置地點":"藥局前",
    "行政區":"松山區"
    }
  },
  {
    "type": "Feature",
    "geometry": {
       "type": "Point",
       "coordinates":  [ 121.544388,25.060561 ]
    },
    "properties": {
    "場所名稱":"臺灣集中保管結算所股份有限公司",
    "場所地址":"復興北路363號2樓",
    "場所分類":"其他",
    "AED放置地點":"台北市松山區復興北路365號8樓",
    "行政區":"松山區"
    }
  },
  {
    "type": "Feature",
    "geometry": {
       "type": "Point",
       "coordinates":  [ 121.548598,25.052339 ]
    },
    "properties": {
    "場所名稱":"仙妮蕾德餐旅管理有限公司 茹曦酒店",
    "場所地址":"敦化北路100號",
    "場所分類":"旅宿場所",
    "AED放置地點":"1樓大廳",
    "行政區":"松山區"
    }
  },
  {
    "type": "Feature",
    "geometry": {
       "type": "Point",
       "coordinates":  [ 121.5572099,25.0525144 ]
    },
    "properties": {
    "場所名稱":"Blitz",
    "場所地址":"光復北路129號地下",
    "場所分類":"大型休閒場所",
    "AED放置地點":"一下樓梯右手邊",
    "行政區":"松山區"
    }
  },
  {
    "type": "Feature",
    "geometry": {
       "type": "Point",
       "coordinates":  [ 121.568676,25.051439 ]
    },
    "properties": {
    "場所名稱":"臺北市政府環境保護局松山區清潔隊松山分隊",
    "場所地址":"南京東路5段372號",
    "場所分類":"其他",
    "AED放置地點":"辦公室門口",
    "行政區":"松山區"
    }
  },
  {
    "type": "Feature",
    "geometry": {
       "type": "Point",
       "coordinates":  [ 121.567835,25.063475 ]
    },
    "properties": {
    "場所名稱":"臺北市政府環境保護局松山區清潔隊上塔悠分隊",
    "場所地址":"民權東路5段臨94號",
    "場所分類":"其他",
    "AED放置地點":"辦公室右側",
    "行政區":"松山區"
    }
  },
  {
    "type": "Feature",
    "geometry": {
       "type": "Point",
       "coordinates":  [ 121.553696,25.054676 ]
    },
    "properties": {
    "場所名稱":"臺北市政府環境保護局松山區清潔隊東社分隊",
    "場所地址":"光復北路190巷39號5樓",
    "場所分類":"其他",
    "AED放置地點":"走廊",
    "行政區":"松山區"
    }
  },
  {
    "type": "Feature",
    "geometry": {
       "type": "Point",
       "coordinates":  [ 121.557636,25.06304 ]
    },
    "properties": {
    "場所名稱":"華信航空股份有限公司",
    "場所地址":"台北市松山區敦化北路405巷123弄3號",
    "場所分類":"長距離交通工具",
    "AED放置地點":"B-16862飛機",
    "行政區":"松山區"
    }
  },
  {
    "type": "Feature",
    "geometry": {
       "type": "Point",
       "coordinates":  [ 121.579143,25.051109 ]
    },
    "properties": {
    "場所名稱":"臺北市松山區松山國民小學",
    "場所地址":"八德路4段746號",
    "場所分類":"其他",
    "AED放置地點":"健康中心",
    "行政區":"松山區"
    }
  },
  {
    "type": "Feature",
    "geometry": {
       "type": "Point",
       "coordinates":  [ 121.5515059,25.0567523 ]
    },
    "properties": {
    "場所名稱":"臺北市立松山幼兒園",
    "場所地址":"敦化北路199巷5號2樓",
    "場所分類":"其他",
    "AED放置地點":"臺北市松山區敦化北路199巷5號2樓",
    "行政區":"松山區"
    }
  },
  {
    "type": "Feature",
    "geometry": {
       "type": "Point",
       "coordinates":  [ 121.54535,25.060537 ]
    },
    "properties": {
    "場所名稱":"臺北市立中山國民中學",
    "場所地址":"復興北路361巷7號",
    "場所分類":"其他",
    "AED放置地點":"健康中心內",
    "行政區":"松山區"
    }
  },
  {
    "type": "Feature",
    "geometry": {
       "type": "Point",
       "coordinates":  [ 121.562213,25.049505 ]
    },
    "properties": {
    "場所名稱":"臺北市立中崙高級中學",
    "場所地址":"八德路四段101號",
    "場所分類":"學校、大型集會場所",
    "AED放置地點":"1樓健康中心門口",
    "行政區":"松山區"
    }
  },
  {
    "type": "Feature",
    "geometry": {
       "type": "Point",
       "coordinates":  [ 121.579143,25.051109 ]
    },
    "properties": {
    "場所名稱":"臺北市松山區松山國民小學",
    "場所地址":"八德路4段746號",
    "場所分類":"其他",
    "AED放置地點":"游泳池",
    "行政區":"松山區"
    }
  },
  {
    "type": "Feature",
    "geometry": {
       "type": "Point",
       "coordinates":  [ 121.567082,25.055551 ]
    },
    "properties": {
    "場所名稱":"臺北市立西松高級中學",
    "場所地址":"健康路325巷7號",
    "場所分類":"學校、大型集會場所",
    "AED放置地點":"一樓穿堂",
    "行政區":"松山區"
    }
  },
  {
    "type": "Feature",
    "geometry": {
       "type": "Point",
       "coordinates":  [ 121.567082,25.055551 ]
    },
    "properties": {
    "場所名稱":"臺北市立西松高級中學",
    "場所地址":"健康路325巷7號",
    "場所分類":"學校、大型集會場所",
    "AED放置地點":"活動中心一樓",
    "行政區":"松山區"
    }
  },
  {
    "type": "Feature",
    "geometry": {
       "type": "Point",
       "coordinates":  [ 121.568992,25.057429 ]
    },
    "properties": {
    "場所名稱":"臺北市松山區新東里辦公處",
    "場所地址":"延壽街3號",
    "場所分類":"其他",
    "AED放置地點":"里辦公處大門口左側",
    "行政區":"松山區"
    }
  },
  {
    "type": "Feature",
    "geometry": {
       "type": "Point",
       "coordinates":  [ 121.544499,25.061747 ]
    },
    "properties": {
    "場所名稱":"台灣歐姆龍健康事業股份有限公司",
    "場所地址":"復興北路367號9樓",
    "場所分類":"其他",
    "AED放置地點":"辦公區",
    "行政區":"松山區"
    }
  },
  {
    "type": "Feature",
    "geometry": {
       "type": "Point",
       "coordinates":  [ 121.563252,25.055708 ]
    },
    "properties": {
    "場所名稱":"健安新城D社區管理委員會",
    "場所地址":"三民路35巷2號",
    "場所分類":"其他",
    "AED放置地點":"管理中心門外",
    "行政區":"松山區"
    }
  },
  {
    "type": "Feature",
    "geometry": {
       "type": "Point",
       "coordinates":  [ 121.547848,25.057932 ]
    },
    "properties": {
    "場所名稱":"第一商業銀行民生分行",
    "場所地址":"民生東路3段131號",
    "場所分類":"其他",
    "AED放置地點":"大門進入後右側、數位體驗區旁邊",
    "行政區":"松山區"
    }
  },
  {
    "type": "Feature",
    "geometry": {
       "type": "Point",
       "coordinates":  [ 121.549767,25.051346 ]
    },
    "properties": {
    "場所名稱":"臺北小巨蛋",
    "場所地址":"南京東路4段2號",
    "場所分類":"大型休閒場所",
    "AED放置地點":"2樓售票櫃台前",
    "行政區":"松山區"
    }
  },
  {
    "type": "Feature",
    "geometry": {
       "type": "Point",
       "coordinates":  [ 121.556747,25.048003 ]
    },
    "properties": {
    "場所名稱":"新動力體能顧問有限公司",
    "場所地址":"八德路三段212號4樓",
    "場所分類":"其他",
    "AED放置地點":"入口左側",
    "行政區":"松山區"
    }
  },
  {
    "type": "Feature",
    "geometry": {
       "type": "Point",
       "coordinates":  [ 121.566723,25.051139 ]
    },
    "properties": {
    "場所名稱":"Xjumping 68跳床俱樂部南京店",
    "場所地址":"南京東路五段268號三樓",
    "場所分類":"學校、大型集會場所",
    "AED放置地點":"休憩區",
    "行政區":"松山區"
    }
  },
  {
    "type": "Feature",
    "geometry": {
       "type": "Point",
       "coordinates":  [ 121.563347,25.061641 ]
    },
    "properties": {
    "場所名稱":"家福股份有限公司三民分公司(家樂福三民店)",
    "場所地址":"三民路160號",
    "場所分類":"大型購物場所",
    "AED放置地點":"地下一樓賣場入口",
    "行政區":"松山區"
    }
  },
  {
    "type": "Feature",
    "geometry": {
       "type": "Point",
       "coordinates":  [ 121.549767,25.051346 ]
    },
    "properties": {
    "場所名稱":"臺北小巨蛋",
    "場所地址":"南京東路4段2號",
    "場所分類":"大型休閒場所",
    "AED放置地點":"1樓北大廳",
    "行政區":"松山區"
    }
  },
  {
    "type": "Feature",
    "geometry": {
       "type": "Point",
       "coordinates":  [ 121.5479408,25.0626529 ]
    },
    "properties": {
    "場所名稱":"根基營造-民權東案",
    "場所地址":"民權東路三段175巷旁工地",
    "場所分類":"其他",
    "AED放置地點":"1F組合屋休息區",
    "行政區":"松山區"
    }
  },
  {
    "type": "Feature",
    "geometry": {
       "type": "Point",
       "coordinates":  [ 121.562785,25.056667 ]
    },
    "properties": {
    "場所名稱":"臺北市松山區健康國民小學",
    "場所地址":"延壽街168號",
    "場所分類":"其他",
    "AED放置地點":"健康國小一樓",
    "行政區":"松山區"
    }
  },
  {
    "type": "Feature",
    "geometry": {
       "type": "Point",
       "coordinates":  [ 121.566737,25.059805 ]
    },
    "properties": {
    "場所名稱":"臺北市立民生國民中學",
    "場所地址":"新東街30巷1號",
    "場所分類":"其他",
    "AED放置地點":"警衛室旁",
    "行政區":"松山區"
    }
  },
  {
    "type": "Feature",
    "geometry": {
       "type": "Point",
       "coordinates":  [ 121.550231,25.048607 ]
    },
    "properties": {
    "場所名稱":"臺北巿松山運動中心",
    "場所地址":"敦化北路1號",
    "場所分類":"學校、大型集會場所",
    "AED放置地點":"一樓大廳",
    "行政區":"松山區"
    }
  },
  {
    "type": "Feature",
    "geometry": {
       "type": "Point",
       "coordinates":  [ 121.557636,25.06304 ]
    },
    "properties": {
    "場所名稱":"華信航空股份有限公司",
    "場所地址":"台北市松山區敦化北路405巷123弄3號",
    "場所分類":"長距離交通工具",
    "AED放置地點":"B-16857飛機",
    "行政區":"松山區"
    }
  },
  {
    "type": "Feature",
    "geometry": {
       "type": "Point",
       "coordinates":  [ 121.544425,25.059676 ]
    },
    "properties": {
    "場所名稱":"Curves女性專用30分鐘健身中心復興民權店",
    "場所地址":"復興北路331號2樓",
    "場所分類":"大型休閒場所",
    "AED放置地點":"Curves復興民權店",
    "行政區":"松山區"
    }
  },
  {
    "type": "Feature",
    "geometry": {
       "type": "Point",
       "coordinates":  [ 121.550034,25.051923 ]
    },
    "properties": {
    "場所名稱":"To Do Fitness",
    "場所地址":"南京東路四段15號3樓之一",
    "場所分類":"學校、大型集會場所",
    "AED放置地點":"店門口旁",
    "行政區":"松山區"
    }
  },
  {
    "type": "Feature",
    "geometry": {
       "type": "Point",
       "coordinates":  [ 121.548289,25.052006 ]
    },
    "properties": {
    "場所名稱":"微風置地股份有限公司南京分公司",
    "場所地址":"南京東路三段337號",
    "場所分類":"大型購物場所",
    "AED放置地點":"3F贈獎處旁",
    "行政區":"松山區"
    }
  },
  {
    "type": "Feature",
    "geometry": {
       "type": "Point",
       "coordinates":  [ 121.557636,25.06304 ]
    },
    "properties": {
    "場所名稱":"台灣虎航股份有限公司",
    "場所地址":"敦化北路405巷123弄3號",
    "場所分類":"長距離交通工具",
    "AED放置地點":"B-50027航機，第13排 DEF行李艙",
    "行政區":"松山區"
    }
  },
  {
    "type": "Feature",
    "geometry": {
       "type": "Point",
       "coordinates":  [ 121.557636,25.06304 ]
    },
    "properties": {
    "場所名稱":"台灣虎航股份有限公司",
    "場所地址":"敦化北路405巷123弄3號",
    "場所分類":"長距離交通工具",
    "AED放置地點":"B-50011航機, 第13排 DEF行李艙",
    "行政區":"松山區"
    }
  },
  {
    "type": "Feature",
    "geometry": {
       "type": "Point",
       "coordinates":  [ 121.559462,25.058343 ]
    },
    "properties": {
    "場所名稱":"民生立體停車場",
    "場所地址":"民生東路5段84號",
    "場所分類":"其他",
    "AED放置地點":"民生東路5段84號",
    "行政區":"松山區"
    }
  },
  {
    "type": "Feature",
    "geometry": {
       "type": "Point",
       "coordinates":  [ 121.566093,25.05584 ]
    },
    "properties": {
    "場所名稱":"西松高中地下停車場",
    "場所地址":"健康路325巷19弄1號B1",
    "場所分類":"其他",
    "AED放置地點":"健康路325巷19弄1號B1",
    "行政區":"松山區"
    }
  },
  {
    "type": "Feature",
    "geometry": {
       "type": "Point",
       "coordinates":  [ 121.54535,25.060537 ]
    },
    "properties": {
    "場所名稱":"臺北市立中山國民中學",
    "場所地址":"復興北路361巷7號",
    "場所分類":"其他",
    "AED放置地點":"本校大門川堂",
    "行政區":"松山區"
    }
  },
  {
    "type": "Feature",
    "geometry": {
       "type": "Point",
       "coordinates":  [ 121.5626807,25.0543148 ]
    },
    "properties": {
    "場所名稱":"GYMEFIT健康店",
    "場所地址":"台北市松山區健康路227號",
    "場所分類":"其他",
    "AED放置地點":"入們扣口左側牆上",
    "行政區":"松山區"
    }
  },
  {
    "type": "Feature",
    "geometry": {
       "type": "Point",
       "coordinates":  [ 121.558997,25.048478 ]
    },
    "properties": {
    "場所名稱":"交通部公路總局臺北市區監理所",
    "場所地址":"八德路4段21號",
    "場所分類":"其他",
    "AED放置地點":"監理所1樓",
    "行政區":"松山區"
    }
  },
  {
    "type": "Feature",
    "geometry": {
       "type": "Point",
       "coordinates":  [ 121.564946,25.051162 ]
    },
    "properties": {
    "場所名稱":"祿翊健康事業有限公司（FOCUS TRAINING專注訓練空間)",
    "場所地址":"南京東路五段208號2樓",
    "場所分類":"學校、大型集會場所",
    "AED放置地點":"門口",
    "行政區":"松山區"
    }
  },
  {
    "type": "Feature",
    "geometry": {
       "type": "Point",
       "coordinates":  [ 121.557636,25.06304 ]
    },
    "properties": {
    "場所名稱":"華信航空股份有限公司",
    "場所地址":"台北市松山區敦化北路405巷123弄3號",
    "場所分類":"長距離交通工具",
    "AED放置地點":"B16859飛機",
    "行政區":"松山區"
    }
  },
  {
    "type": "Feature",
    "geometry": {
       "type": "Point",
       "coordinates":  [ 121.547074,25.060401 ]
    },
    "properties": {
    "場所名稱":"民有市場地下停車場",
    "場所地址":"民權東路3段140巷15號B1",
    "場所分類":"其他",
    "AED放置地點":"民權東路3段140巷15號B1",
    "行政區":"松山區"
    }
  },
  {
    "type": "Feature",
    "geometry": {
       "type": "Point",
       "coordinates":  [ 121.557636,25.06304 ]
    },
    "properties": {
    "場所名稱":"台灣虎航股份有限公司",
    "場所地址":"敦化北路405巷123弄3號",
    "場所分類":"長距離交通工具",
    "AED放置地點":"B-50015航機, 第13排 DEF行李艙",
    "行政區":"松山區"
    }
  },
  {
    "type": "Feature",
    "geometry": {
       "type": "Point",
       "coordinates":  [ 121.5650519,25.0496968 ]
    },
    "properties": {
    "場所名稱":"中國石油化學工業開發股份有限公司臺北營業所",
    "場所地址":"東興路12號",
    "場所分類":"其他",
    "AED放置地點":"本棟大樓10樓",
    "行政區":"松山區"
    }
  },
  {
    "type": "Feature",
    "geometry": {
       "type": "Point",
       "coordinates":  [ 121.553116,25.057108 ]
    },
    "properties": {
    "場所名稱":"及人大廈",
    "場所地址":"民生東路4段80巷7號",
    "場所分類":"其他",
    "AED放置地點":"大門左側",
    "行政區":"松山區"
    }
  },
  {
    "type": "Feature",
    "geometry": {
       "type": "Point",
       "coordinates":  [ 121.552226,25.056463 ]
    },
    "properties": {
    "場所名稱":"臺北市松山區民生國民小學",
    "場所地址":"敦化北路199巷18號",
    "場所分類":"其他",
    "AED放置地點":"本校正門進入左側警衛室外",
    "行政區":"松山區"
    }
  },
  {
    "type": "Feature",
    "geometry": {
       "type": "Point",
       "coordinates":  [ 121.5444254,25.04757307 ]
    },
    "properties": {
    "場所名稱":"內政部國土管理署",
    "場所地址":"八德路二段342號",
    "場所分類":"其他",
    "AED放置地點":"一樓大門口",
    "行政區":"松山區"
    }
  },
  {
    "type": "Feature",
    "geometry": {
       "type": "Point",
       "coordinates":  [ 121.552742,25.06369 ]
    },
    "properties": {
    "場所名稱":"交通部民用航空局臺北國際航空站(松山機場)",
    "場所地址":"敦化北路340-9號",
    "場所分類":"交通要衝",
    "AED放置地點":"國際線2樓內候機室:8R登機門東側",
    "行政區":"松山區"
    }
  },
  {
    "type": "Feature",
    "geometry": {
       "type": "Point",
       "coordinates":  [ 121.552742,25.06369 ]
    },
    "properties": {
    "場所名稱":"交通部民用航空局臺北國際航空站(松山機場)",
    "場所地址":"敦化北路340-9號",
    "場所分類":"交通要衝",
    "AED放置地點":"國內線內候機室2樓",
    "行政區":"松山區"
    }
  },
  {
    "type": "Feature",
    "geometry": {
       "type": "Point",
       "coordinates":  [ 121.552742,25.06369 ]
    },
    "properties": {
    "場所名稱":"交通部民用航空局臺北國際航空站(松山機場)",
    "場所地址":"敦化北路340-9號",
    "場所分類":"交通要衝",
    "AED放置地點":"國際線3樓入境廊道:昇恒昌對面",
    "行政區":"松山區"
    }
  },
  {
    "type": "Feature",
    "geometry": {
       "type": "Point",
       "coordinates":  [ 121.552742,25.06369 ]
    },
    "properties": {
    "場所名稱":"交通部民用航空局臺北國際航空站(松山機場)",
    "場所地址":"敦化北路340-9號",
    "場所分類":"交通要衝",
    "AED放置地點":"國內線內候機室1樓",
    "行政區":"松山區"
    }
  },
  {
    "type": "Feature",
    "geometry": {
       "type": "Point",
       "coordinates":  [ 121.552742,25.06369 ]
    },
    "properties": {
    "場所名稱":"交通部民用航空局臺北國際航空站(松山機場)",
    "場所地址":"敦化北路340-9號",
    "場所分類":"交通要衝",
    "AED放置地點":"國內線報到大廳",
    "行政區":"松山區"
    }
  },
  {
    "type": "Feature",
    "geometry": {
       "type": "Point",
       "coordinates":  [ 121.557636,25.06304 ]
    },
    "properties": {
    "場所名稱":"台灣虎航股份有限公司",
    "場所地址":"敦化北路405巷123弄3號",
    "場所分類":"長距離交通工具",
    "AED放置地點":"B-50008航機, 第13排 DEF行李艙",
    "行政區":"松山區"
    }
  },
  {
    "type": "Feature",
    "geometry": {
       "type": "Point",
       "coordinates":  [ 121.563862,25.054159 ]
    },
    "properties": {
    "場所名稱":"好習慣健康企業有限公司（好習慣運動教室)",
    "場所地址":"復興北路217號",
    "場所分類":"學校、大型集會場所",
    "AED放置地點":"側門門口",
    "行政區":"松山區"
    }
  },
  {
    "type": "Feature",
    "geometry": {
       "type": "Point",
       "coordinates":  [ 121.557636,25.06304 ]
    },
    "properties": {
    "場所名稱":"台灣虎航股份有限公司",
    "場所地址":"敦化北路405巷123弄3號",
    "場所分類":"長距離交通工具",
    "AED放置地點":"B-50017航機, 第13排 DEF行李艙",
    "行政區":"松山區"
    }
  },
  {
    "type": "Feature",
    "geometry": {
       "type": "Point",
       "coordinates":  [ 121.557636,25.06304 ]
    },
    "properties": {
    "場所名稱":"台灣虎航股份有限公司",
    "場所地址":"敦化北路405巷123弄3號",
    "場所分類":"長距離交通工具",
    "AED放置地點":"B-50005航機, 第13排 DEF行李艙",
    "行政區":"松山區"
    }
  },
  {
    "type": "Feature",
    "geometry": {
       "type": "Point",
       "coordinates":  [ 121.579136,25.049634 ]
    },
    "properties": {
    "場所名稱":"潤泰建設股份有限公司(CITYLINK松山貳號店)",
    "場所地址":"市民大道六段131號1樓",
    "場所分類":"其他",
    "AED放置地點":"1樓電梯旁",
    "行政區":"松山區"
    }
  },
  {
    "type": "Feature",
    "geometry": {
       "type": "Point",
       "coordinates":  [ 121.548438,25.04732 ]
    },
    "properties": {
    "場所名稱":"元大金控大樓暨元大銀行",
    "場所地址":"敦化南路一段66號",
    "場所分類":"其他",
    "AED放置地點":"B1公共空間",
    "行政區":"松山區"
    }
  },
  {
    "type": "Feature",
    "geometry": {
       "type": "Point",
       "coordinates":  [ 121.548439,25.054305 ]
    },
    "properties": {
    "場所名稱":"萬海航運股份有限公司(敦北辦公室)",
    "場所地址":"敦化北路122號10樓",
    "場所分類":"其他",
    "AED放置地點":"大門右側",
    "行政區":"松山區"
    }
  },
  {
    "type": "Feature",
    "geometry": {
       "type": "Point",
       "coordinates":  [ 121.562072,25.051215 ]
    },
    "properties": {
    "場所名稱":"Dr.Nail足研所",
    "場所地址":"南京東路五段108號6樓",
    "場所分類":"其他",
    "AED放置地點":"大門進入後的右前方",
    "行政區":"松山區"
    }
  },
  {
    "type": "Feature",
    "geometry": {
       "type": "Point",
       "coordinates":  [ 121.577642,25.050016 ]
    },
    "properties": {
    "場所名稱":"松山國小地下停車場",
    "場所地址":"八德路4段746號B1",
    "場所分類":"其他",
    "AED放置地點":"八德路4段746號B1",
    "行政區":"松山區"
    }
  },
  {
    "type": "Feature",
    "geometry": {
       "type": "Point",
       "coordinates":  [ 121.551337,25.05935 ]
    },
    "properties": {
    "場所名稱":"臺北市松山區民族國民小學",
    "場所地址":"民生東路4段97巷7號",
    "場所分類":"其他",
    "AED放置地點":"校門警衛室樓梯旁",
    "行政區":"松山區"
    }
  },
  {
    "type": "Feature",
    "geometry": {
       "type": "Point",
       "coordinates":  [ 121.564286,25.063178 ]
    },
    "properties": {
    "場所名稱":"臺北市松山區三民國民小學",
    "場所地址":"民權東路5段1號",
    "場所分類":"其他",
    "AED放置地點":"三民國小校門口",
    "行政區":"松山區"
    }
  },
  {
    "type": "Feature",
    "geometry": {
       "type": "Point",
       "coordinates":  [ 121.562292,25.062525 ]
    },
    "properties": {
    "場所名稱":"臺北市松山區民權國民小學",
    "場所地址":"民權東路4段200號",
    "場所分類":"其他",
    "AED放置地點":"南大門川堂",
    "行政區":"松山區"
    }
  },
  {
    "type": "Feature",
    "geometry": {
       "type": "Point",
       "coordinates":  [ 121.552742,25.06369 ]
    },
    "properties": {
    "場所名稱":"交通部民用航空局臺北國際航空站(松山機場)",
    "場所地址":"敦化北路340-9號",
    "場所分類":"交通要衝",
    "AED放置地點":"國際線2樓內候機室(東)",
    "行政區":"松山區"
    }
  },
  {
    "type": "Feature",
    "geometry": {
       "type": "Point",
       "coordinates":  [ 121.5499151,25.053229 ]
    },
    "properties": {
    "場所名稱":"臺北嘉佩樂酒店 Capella Taipei",
    "場所地址":"敦化北路139號1-2,14樓",
    "場所分類":"旅宿場所",
    "AED放置地點":"酒店大廳1樓",
    "行政區":"松山區"
    }
  },
  {
    "type": "Feature",
    "geometry": {
       "type": "Point",
       "coordinates":  [ 121.562245,25.03317 ]
    },
    "properties": {
    "場所名稱":"台北世貿中心展覽大樓",
    "場所地址":"信義路5段5號",
    "場所分類":"其他",
    "AED放置地點":"世貿中心展覽大樓西大門郵局旁",
    "行政區":"信義區"
    }
  },
  {
    "type": "Feature",
    "geometry": {
       "type": "Point",
       "coordinates":  [ 121.562245,25.03317 ]
    },
    "properties": {
    "場所名稱":"台北世貿中心展覽大樓",
    "場所地址":"信義路5段5號",
    "場所分類":"其他",
    "AED放置地點":"世貿中心展覽大樓二樓貴賓室旁",
    "行政區":"信義區"
    }
  },
  {
    "type": "Feature",
    "geometry": {
       "type": "Point",
       "coordinates":  [ 121.5606691,25.0323537 ]
    },
    "properties": {
    "場所名稱":"Ynot Fitness 何不相信健身房",
    "場所地址":"信義路五段8巷15號14樓",
    "場所分類":"學校、大型集會場所",
    "AED放置地點":"健身房裡面",
    "行政區":"信義區"
    }
  },
  {
    "type": "Feature",
    "geometry": {
       "type": "Point",
       "coordinates":  [ 121.57026,25.032806 ]
    },
    "properties": {
    "場所名稱":"臺北捷運象山站R02",
    "場所地址":"信義路5段152號",
    "場所分類":"交通要衝",
    "AED放置地點":"台北捷運象山站",
    "行政區":"信義區"
    }
  },
  {
    "type": "Feature",
    "geometry": {
       "type": "Point",
       "coordinates":  [ 121.5614553,25.04260664 ]
    },
    "properties": {
    "場所名稱":"臺北大巨蛋",
    "場所地址":"忠孝東路4段545號",
    "場所分類":"大型休閒場所",
    "AED放置地點":"巨蛋國際中心一樓大廳",
    "行政區":"信義區"
    }
  },
  {
    "type": "Feature",
    "geometry": {
       "type": "Point",
       "coordinates":  [ 121.576233,25.040879 ]
    },
    "properties": {
    "場所名稱":"臺北捷運永春站BL19",
    "場所地址":"忠孝東路5段455號B1",
    "場所分類":"交通要衝",
    "AED放置地點":"永春站出口5進入",
    "行政區":"信義區"
    }
  },
  {
    "type": "Feature",
    "geometry": {
       "type": "Point",
       "coordinates":  [ 121.558469,25.0309321 ]
    },
    "properties": {
    "場所名稱":"越練越好運動事業有限公司",
    "場所地址":"基隆路二段51號B1",
    "場所分類":"學校、大型集會場所",
    "AED放置地點":"櫃檯",
    "行政區":"信義區"
    }
  },
  {
    "type": "Feature",
    "geometry": {
       "type": "Point",
       "coordinates":  [ 121.560814,25.034417 ]
    },
    "properties": {
    "場所名稱":"台北世界貿易中心國際貿易大樓",
    "場所地址":"基隆路1段333號",
    "場所分類":"其他",
    "AED放置地點":"一樓大廳警衛服務台",
    "行政區":"信義區"
    }
  },
  {
    "type": "Feature",
    "geometry": {
       "type": "Point",
       "coordinates":  [ 121.5819729,25.03772618 ]
    },
    "properties": {
    "場所名稱":"臺北市信義區公所",
    "場所地址":"福德街86號",
    "場所分類":"其他",
    "AED放置地點":"1樓大廳",
    "行政區":"信義區"
    }
  },
  {
    "type": "Feature",
    "geometry": {
       "type": "Point",
       "coordinates":  [ 121.574895,25.030508 ]
    },
    "properties": {
    "場所名稱":"臺北市立聯合醫院松德院區",
    "場所地址":"松德路309號",
    "場所分類":"其他",
    "AED放置地點":"松德院區第三院區一樓",
    "行政區":"信義區"
    }
  },
  {
    "type": "Feature",
    "geometry": {
       "type": "Point",
       "coordinates":  [ 121.57203,25.039645 ]
    },
    "properties": {
    "場所名稱":"臺北市立松山高級工農職業學校",
    "場所地址":"忠孝東路5段236巷15號",
    "場所分類":"學校、大型集會場所",
    "AED放置地點":"松山工農警衛室",
    "行政區":"信義區"
    }
  },
  {
    "type": "Feature",
    "geometry": {
       "type": "Point",
       "coordinates":  [ 121.568125,25.028601 ]
    },
    "properties": {
    "場所名稱":"臺北市立信義國民中學",
    "場所地址":"松仁路158巷1號",
    "場所分類":"其他",
    "AED放置地點":"信義國中門口警衛室",
    "行政區":"信義區"
    }
  },
  {
    "type": "Feature",
    "geometry": {
       "type": "Point",
       "coordinates":  [ 121.5687938,25.02445119 ]
    },
    "properties": {
    "場所名稱":"臺北市政府環境保護局信義區清潔隊吳興分隊",
    "場所地址":"松仁路240巷19號3樓之3",
    "場所分類":"其他",
    "AED放置地點":"大門左方",
    "行政區":"信義區"
    }
  },
  {
    "type": "Feature",
    "geometry": {
       "type": "Point",
       "coordinates":  [ 121.5819728,25.0377261 ]
    },
    "properties": {
    "場所名稱":"台北市立圖書館廣慈分館",
    "場所地址":"福德街86號3-4樓",
    "場所分類":"大型休閒場所",
    "AED放置地點":"4樓櫃檯旁",
    "行政區":"信義區"
    }
  },
  {
    "type": "Feature",
    "geometry": {
       "type": "Point",
       "coordinates":  [ 121.567516,25.038884 ]
    },
    "properties": {
    "場所名稱":"寒舍國際酒店股份有限公司",
    "場所地址":"松高路18號",
    "場所分類":"其他",
    "AED放置地點":"8樓健身中心器材區域",
    "行政區":"信義區"
    }
  },
  {
    "type": "Feature",
    "geometry": {
       "type": "Point",
       "coordinates":  [ 121.5551985,25.02367434 ]
    },
    "properties": {
    "場所名稱":"臺北市政府警察局信義分局六張犁派出所",
    "場所地址":"嘉興街301號",
    "場所分類":"公眾服務單位設施",
    "AED放置地點":"派出所大門進入直走到底後門旁",
    "行政區":"信義區"
    }
  },
  {
    "type": "Feature",
    "geometry": {
       "type": "Point",
       "coordinates":  [ 121.562503,25.032981 ]
    },
    "properties": {
    "場所名稱":"臺北捷運台北101/世貿站R03",
    "場所地址":"信義路5段20號",
    "場所分類":"交通要衝",
    "AED放置地點":"捷運台北101世貿站",
    "行政區":"信義區"
    }
  },
  {
    "type": "Feature",
    "geometry": {
       "type": "Point",
       "coordinates":  [ 121.5615707,25.04216558 ]
    },
    "properties": {
    "場所名稱":"星宇航空股份有限公司",
    "場所地址":"忠孝東路四段525號11樓",
    "場所分類":"長距離交通工具",
    "AED放置地點":"星宇客機B-58503",
    "行政區":"信義區"
    }
  },
  {
    "type": "Feature",
    "geometry": {
       "type": "Point",
       "coordinates":  [ 121.565955,25.034307 ]
    },
    "properties": {
    "場所名稱":"微風置地股份有限公司南山分公司",
    "場所地址":"松智路17號",
    "場所分類":"大型購物場所",
    "AED放置地點":"微風南山46電梯旁",
    "行政區":"信義區"
    }
  },
  {
    "type": "Feature",
    "geometry": {
       "type": "Point",
       "coordinates":  [ 121.567002,25.041035 ]
    },
    "properties": {
    "場所名稱":"微風置地股份有限公司信義分公司",
    "場所地址":"忠孝東路五段68號3F",
    "場所分類":"大型購物場所",
    "AED放置地點":"3F服務台旁",
    "行政區":"信義區"
    }
  },
  {
    "type": "Feature",
    "geometry": {
       "type": "Point",
       "coordinates":  [ 121.578054,25.049263 ]
    },
    "properties": {
    "場所名稱":"國營臺灣鐵路股份有限公司北區營運處臺北運務段松山站",
    "場所地址":"永吉里松山路11號",
    "場所分類":"交通要衝",
    "AED放置地點":"松山站旅客諮詢服務中心旁",
    "行政區":"信義區"
    }
  },
  {
    "type": "Feature",
    "geometry": {
       "type": "Point",
       "coordinates":  [ 121.568716,25.025743 ]
    },
    "properties": {
    "場所名稱":"臺北市信義區吳興國民小學",
    "場所地址":"松仁路226號",
    "場所分類":"其他",
    "AED放置地點":"一樓電腦教室2的走廊",
    "行政區":"信義區"
    }
  },
  {
    "type": "Feature",
    "geometry": {
       "type": "Point",
       "coordinates":  [ 121.560265,25.03955 ]
    },
    "properties": {
    "場所名稱":"國立國父紀念館",
    "場所地址":"仁愛路4段505號",
    "場所分類":"觀光旅遊地區",
    "AED放置地點":"臨時辦公室-短棟近園區門內側",
    "行政區":"信義區"
    }
  },
  {
    "type": "Feature",
    "geometry": {
       "type": "Point",
       "coordinates":  [ 121.565888,25.040587 ]
    },
    "properties": {
    "場所名稱":"統一百華股份有限公司(統一時代百貨公司台北店)",
    "場所地址":"忠孝東路5段8號",
    "場所分類":"大型購物場所",
    "AED放置地點":"一樓服務台",
    "行政區":"信義區"
    }
  },
  {
    "type": "Feature",
    "geometry": {
       "type": "Point",
       "coordinates":  [ 121.566594,25.046907 ]
    },
    "properties": {
    "場所名稱":"統一超商股份有限公司總公司",
    "場所地址":"東興路65號2F",
    "場所分類":"其他",
    "AED放置地點":"總公司辦公室2F",
    "行政區":"信義區"
    }
  },
  {
    "type": "Feature",
    "geometry": {
       "type": "Point",
       "coordinates":  [ 121.559901,25.044363 ]
    },
    "properties": {
    "場所名稱":"松山文創園區",
    "場所地址":"光復南路133號",
    "場所分類":"觀光旅遊地區",
    "AED放置地點":"北二門",
    "行政區":"信義區"
    }
  },
  {
    "type": "Feature",
    "geometry": {
       "type": "Point",
       "coordinates":  [ 121.565888,25.040587 ]
    },
    "properties": {
    "場所名稱":"統一百華股份有限公司(統一時代百貨公司台北店)",
    "場所地址":"忠孝東路5段8號",
    "場所分類":"大型購物場所",
    "AED放置地點":"7樓",
    "行政區":"信義區"
    }
  },
  {
    "type": "Feature",
    "geometry": {
       "type": "Point",
       "coordinates":  [ 121.559901,25.044363 ]
    },
    "properties": {
    "場所名稱":"松山文創園區",
    "場所地址":"光復南路133號",
    "場所分類":"觀光旅遊地區",
    "AED放置地點":"二號倉庫旁",
    "行政區":"信義區"
    }
  },
  {
    "type": "Feature",
    "geometry": {
       "type": "Point",
       "coordinates":  [ 121.578562,25.032801 ]
    },
    "properties": {
    "場所名稱":"臺北市立永春高級中學",
    "場所地址":"松山路654號",
    "場所分類":"學校、大型集會場所",
    "AED放置地點":"英華樓圖書館前",
    "行政區":"信義區"
    }
  },
  {
    "type": "Feature",
    "geometry": {
       "type": "Point",
       "coordinates":  [ 121.559901,25.044363 ]
    },
    "properties": {
    "場所名稱":"松山文創園區",
    "場所地址":"光復南路133號",
    "場所分類":"觀光旅遊地區",
    "AED放置地點":"育嬰室",
    "行政區":"信義區"
    }
  },
  {
    "type": "Feature",
    "geometry": {
       "type": "Point",
       "coordinates":  [ 121.566153,25.028846 ]
    },
    "properties": {
    "場所名稱":"臺北市災害應變中心",
    "場所地址":"莊敬路391巷11弄2號(臺北市災害應變中心)",
    "場所分類":"其他",
    "AED放置地點":"5樓整備應變科門口",
    "行政區":"信義區"
    }
  },
  {
    "type": "Feature",
    "geometry": {
       "type": "Point",
       "coordinates":  [ 121.565036,25.028979 ]
    },
    "properties": {
    "場所名稱":"Curves 女性30分鐘環形運動 北醫世貿店",
    "場所地址":"莊敬路325巷60號3樓",
    "場所分類":"學校、大型集會場所",
    "AED放置地點":"臺北市信義區莊敬路325巷60號",
    "行政區":"信義區"
    }
  },
  {
    "type": "Feature",
    "geometry": {
       "type": "Point",
       "coordinates":  [ 121.564359,25.038211 ]
    },
    "properties": {
    "場所名稱":"臺北市政府市政大樓",
    "場所地址":"臺北市市府路1號",
    "場所分類":"其他",
    "AED放置地點":"市政大樓地下1樓府宴餐廳門口",
    "行政區":"信義區"
    }
  },
  {
    "type": "Feature",
    "geometry": {
       "type": "Point",
       "coordinates":  [ 121.564359,25.038211 ]
    },
    "properties": {
    "場所名稱":"臺北市政府市政大樓",
    "場所地址":"臺北市市府路1號",
    "場所分類":"其他",
    "AED放置地點":"市政大樓地下2樓市府生活廣場",
    "行政區":"信義區"
    }
  },
  {
    "type": "Feature",
    "geometry": {
       "type": "Point",
       "coordinates":  [ 121.571808,25.046793 ]
    },
    "properties": {
    "場所名稱":"香港商世界健身事業有限公司台北松隆分公司",
    "場所地址":"松隆路125號",
    "場所分類":"學校、大型集會場所",
    "AED放置地點":"香港商世界健身事業有限公司台北松隆分公司",
    "行政區":"信義區"
    }
  },
  {
    "type": "Feature",
    "geometry": {
       "type": "Point",
       "coordinates":  [ 121.579912,25.045231 ]
    },
    "properties": {
    "場所名稱":"台北市中華基督教青年會永吉會館",
    "場所地址":"永吉路500號",
    "場所分類":"其他",
    "AED放置地點":"一樓櫃台右側",
    "行政區":"信義區"
    }
  },
  {
    "type": "Feature",
    "geometry": {
       "type": "Point",
       "coordinates":  [ 121.5615707,25.04216558 ]
    },
    "properties": {
    "場所名稱":"星宇航空股份有限公司",
    "場所地址":"忠孝東路四段525號11樓",
    "場所分類":"長距離交通工具",
    "AED放置地點":"星宇客機B-58206",
    "行政區":"信義區"
    }
  },
  {
    "type": "Feature",
    "geometry": {
       "type": "Point",
       "coordinates":  [ 121.5615707,25.04216558 ]
    },
    "properties": {
    "場所名稱":"星宇航空股份有限公司",
    "場所地址":"忠孝東路四段525號11樓",
    "場所分類":"長距離交通工具",
    "AED放置地點":"星宇客機B-58210",
    "行政區":"信義區"
    }
  },
  {
    "type": "Feature",
    "geometry": {
       "type": "Point",
       "coordinates":  [ 121.5615707,25.04216558 ]
    },
    "properties": {
    "場所名稱":"星宇航空股份有限公司",
    "場所地址":"忠孝東路四段525號11樓",
    "場所分類":"長距離交通工具",
    "AED放置地點":"星宇客機B-58302",
    "行政區":"信義區"
    }
  },
  {
    "type": "Feature",
    "geometry": {
       "type": "Point",
       "coordinates":  [ 121.555235,25.02652 ]
    },
    "properties": {
    "場所名稱":"北都汽車股份有限公司-信義廠",
    "場所地址":"基隆路二段149-36號",
    "場所分類":"其他",
    "AED放置地點":"客休室助理背後",
    "行政區":"信義區"
    }
  },
  {
    "type": "Feature",
    "geometry": {
       "type": "Point",
       "coordinates":  [ 121.5615707,25.04216558 ]
    },
    "properties": {
    "場所名稱":"星宇航空股份有限公司",
    "場所地址":"忠孝東路四段525號11樓",
    "場所分類":"長距離交通工具",
    "AED放置地點":"星宇客機B-58305",
    "行政區":"信義區"
    }
  },
  {
    "type": "Feature",
    "geometry": {
       "type": "Point",
       "coordinates":  [ 121.5576494,25.0315514 ]
    },
    "properties": {
    "場所名稱":"星球健身股份有限公司",
    "場所地址":"光復南路547號",
    "場所分類":"學校、大型集會場所",
    "AED放置地點":"一樓大廳",
    "行政區":"信義區"
    }
  },
  {
    "type": "Feature",
    "geometry": {
       "type": "Point",
       "coordinates":  [ 121.557764,25.04137 ]
    },
    "properties": {
    "場所名稱":"臺北捷運國父紀念館站BL17",
    "場所地址":"忠孝東路4段400號B1",
    "場所分類":"交通要衝",
    "AED放置地點":"國父紀念館站出口3進入",
    "行政區":"信義區"
    }
  },
  {
    "type": "Feature",
    "geometry": {
       "type": "Point",
       "coordinates":  [ 121.565172,25.041192 ]
    },
    "properties": {
    "場所名稱":"臺北捷運市政府站BL18",
    "場所地址":"忠孝東路5段2號B1",
    "場所分類":"交通要衝",
    "AED放置地點":"市政府站出口3進入",
    "行政區":"信義區"
    }
  },
  {
    "type": "Feature",
    "geometry": {
       "type": "Point",
       "coordinates":  [ 121.5614553,25.04260664 ]
    },
    "properties": {
    "場所名稱":"臺北大巨蛋",
    "場所地址":"忠孝東路4段545號",
    "場所分類":"大型休閒場所",
    "AED放置地點":"棒球博物館入口",
    "行政區":"信義區"
    }
  },
  {
    "type": "Feature",
    "geometry": {
       "type": "Point",
       "coordinates":  [ 121.584669,25.037385 ]
    },
    "properties": {
    "場所名稱":"松山奉天宮",
    "場所地址":"福德街221巷12號",
    "場所分類":"其他",
    "AED放置地點":"1樓大殿東側樓梯旁",
    "行政區":"信義區"
    }
  },
  {
    "type": "Feature",
    "geometry": {
       "type": "Point",
       "coordinates":  [ 121.565783,25.032515 ]
    },
    "properties": {
    "場所名稱":"信義房屋股份有限公司",
    "場所地址":"信義路五段100號1樓",
    "場所分類":"其他",
    "AED放置地點":"1樓",
    "行政區":"信義區"
    }
  },
  {
    "type": "Feature",
    "geometry": {
       "type": "Point",
       "coordinates":  [ 121.5564462,25.02116541 ]
    },
    "properties": {
    "場所名稱":"體育客團體教室",
    "場所地址":"富陽街90號1樓",
    "場所分類":"其他",
    "AED放置地點":"本院大廳",
    "行政區":"信義區"
    }
  },
  {
    "type": "Feature",
    "geometry": {
       "type": "Point",
       "coordinates":  [ 121.5615707,25.04216558 ]
    },
    "properties": {
    "場所名稱":"星宇航空股份有限公司",
    "場所地址":"忠孝東路四段525號11樓",
    "場所分類":"長距離交通工具",
    "AED放置地點":"星宇客機B-58207",
    "行政區":"信義區"
    }
  },
  {
    "type": "Feature",
    "geometry": {
       "type": "Point",
       "coordinates":  [ 121.5615707,25.04216558 ]
    },
    "properties": {
    "場所名稱":"星宇航空股份有限公司",
    "場所地址":"忠孝東路四段525號11樓",
    "場所分類":"長距離交通工具",
    "AED放置地點":"星宇客機B-58506",
    "行政區":"信義區"
    }
  },
  {
    "type": "Feature",
    "geometry": {
       "type": "Point",
       "coordinates":  [ 121.5615707,25.04216558 ]
    },
    "properties": {
    "場所名稱":"星宇航空股份有限公司",
    "場所地址":"忠孝東路四段525號11樓",
    "場所分類":"長距離交通工具",
    "AED放置地點":"星宇客機B-58211",
    "行政區":"信義區"
    }
  },
  {
    "type": "Feature",
    "geometry": {
       "type": "Point",
       "coordinates":  [ 121.5615707,25.04216558 ]
    },
    "properties": {
    "場所名稱":"星宇航空股份有限公司",
    "場所地址":"忠孝東路四段525號11樓",
    "場所分類":"長距離交通工具",
    "AED放置地點":"星宇客機B-58505",
    "行政區":"信義區"
    }
  },
  {
    "type": "Feature",
    "geometry": {
       "type": "Point",
       "coordinates":  [ 121.5615707,25.04216558 ]
    },
    "properties": {
    "場所名稱":"星宇航空股份有限公司",
    "場所地址":"忠孝東路四段525號11樓",
    "場所分類":"長距離交通工具",
    "AED放置地點":"星宇客機B-58304",
    "行政區":"信義區"
    }
  },
  {
    "type": "Feature",
    "geometry": {
       "type": "Point",
       "coordinates":  [ 121.5615707,25.04216558 ]
    },
    "properties": {
    "場所名稱":"星宇航空股份有限公司",
    "場所地址":"忠孝東路四段525號11樓",
    "場所分類":"長距離交通工具",
    "AED放置地點":"星宇客機B-58212",
    "行政區":"信義區"
    }
  },
  {
    "type": "Feature",
    "geometry": {
       "type": "Point",
       "coordinates":  [ 121.562251,25.038463 ]
    },
    "properties": {
    "場所名稱":"臺北市議會",
    "場所地址":"仁愛路4段507號",
    "場所分類":"學校、大型集會場所",
    "AED放置地點":"1樓大廳右側警衛台旁",
    "行政區":"信義區"
    }
  },
  {
    "type": "Feature",
    "geometry": {
       "type": "Point",
       "coordinates":  [ 121.565888,25.040587 ]
    },
    "properties": {
    "場所名稱":"統一百華股份有限公司(統一時代百貨公司台北店)",
    "場所地址":"忠孝東路5段8號",
    "場所分類":"大型購物場所",
    "AED放置地點":"B2樓",
    "行政區":"信義區"
    }
  },
  {
    "type": "Feature",
    "geometry": {
       "type": "Point",
       "coordinates":  [ 121.570994,25.028196 ]
    },
    "properties": {
    "場所名稱":"環球世貿大樓",
    "場所地址":"信義路5段150巷2號",
    "場所分類":"其他",
    "AED放置地點":"台北市信義路五段150巷2號",
    "行政區":"信義區"
    }
  },
  {
    "type": "Feature",
    "geometry": {
       "type": "Point",
       "coordinates":  [ 121.563133,25.0397795 ]
    },
    "properties": {
    "場所名稱":"瀚寓酒店",
    "場所地址":"基隆路一段206號",
    "場所分類":"旅宿場所",
    "AED放置地點":"酒店大廳",
    "行政區":"信義區"
    }
  },
  {
    "type": "Feature",
    "geometry": {
       "type": "Point",
       "coordinates":  [ 121.58005,25.035129 ]
    },
    "properties": {
    "場所名稱":"臺北市立松山高級商業家事職業學校",
    "場所地址":"松山路655號",
    "場所分類":"學校、大型集會場所",
    "AED放置地點":"傳達室",
    "行政區":"信義區"
    }
  },
  {
    "type": "Feature",
    "geometry": {
       "type": "Point",
       "coordinates":  [ 121.5762301,25.0412995 ]
    },
    "properties": {
    "場所名稱":"健身銀行(在一起運動工作室)",
    "場所地址":"忠孝東路五段423巷4弄16號",
    "場所分類":"其他",
    "AED放置地點":"忠孝東路5段423巷4弄16號",
    "行政區":"信義區"
    }
  },
  {
    "type": "Feature",
    "geometry": {
       "type": "Point",
       "coordinates":  [ 121.5615707,25.04216558 ]
    },
    "properties": {
    "場所名稱":"星宇航空股份有限公司",
    "場所地址":"忠孝東路四段525號11樓",
    "場所分類":"長距離交通工具",
    "AED放置地點":"星宇客機B-58502",
    "行政區":"信義區"
    }
  },
  {
    "type": "Feature",
    "geometry": {
       "type": "Point",
       "coordinates":  [ 121.5615707,25.04216558 ]
    },
    "properties": {
    "場所名稱":"星宇航空股份有限公司",
    "場所地址":"忠孝東路四段525號11樓",
    "場所分類":"長距離交通工具",
    "AED放置地點":"星宇客機B-58303",
    "行政區":"信義區"
    }
  },
  {
    "type": "Feature",
    "geometry": {
       "type": "Point",
       "coordinates":  [ 121.561022,25.03369 ]
    },
    "properties": {
    "場所名稱":"外貿協會台北國際會議中心",
    "場所地址":"信義路5段1號",
    "場所分類":"大型休閒場所",
    "AED放置地點":"4樓",
    "行政區":"信義區"
    }
  },
  {
    "type": "Feature",
    "geometry": {
       "type": "Point",
       "coordinates":  [ 121.569739,25.024338 ]
    },
    "properties": {
    "場所名稱":"香港商世界健身事業有限公司台北松仁分公司",
    "場所地址":"松仁路277號B1.1樓",
    "場所分類":"學校、大型集會場所",
    "AED放置地點":"健身中心B1",
    "行政區":"信義區"
    }
  },
  {
    "type": "Feature",
    "geometry": {
       "type": "Point",
       "coordinates":  [ 121.567002,25.041035 ]
    },
    "properties": {
    "場所名稱":"微風置地股份有限公司信義分公司",
    "場所地址":"忠孝東路五段68號3F",
    "場所分類":"大型購物場所",
    "AED放置地點":"45樓電梯出口右手邊",
    "行政區":"信義區"
    }
  },
  {
    "type": "Feature",
    "geometry": {
       "type": "Point",
       "coordinates":  [ 121.58005,25.035129 ]
    },
    "properties": {
    "場所名稱":"臺北市立松山高級商業家事職業學校",
    "場所地址":"松山路655號",
    "場所分類":"學校、大型集會場所",
    "AED放置地點":"健康中心",
    "行政區":"信義區"
    }
  },
  {
    "type": "Feature",
    "geometry": {
       "type": "Point",
       "coordinates":  [ 121.572231,25.03918 ]
    },
    "properties": {
    "場所名稱":"松山工農地下停車場",
    "場所地址":"忠孝東路5段236巷15號B1",
    "場所分類":"其他",
    "AED放置地點":"忠孝東路5段236巷15號B1",
    "行政區":"信義區"
    }
  },
  {
    "type": "Feature",
    "geometry": {
       "type": "Point",
       "coordinates":  [ 121.574878,25.045326 ]
    },
    "properties": {
    "場所名稱":"博俊體能事業有限公司",
    "場所地址":"永吉路302號B1",
    "場所分類":"學校、大型集會場所",
    "AED放置地點":"櫃台右側",
    "行政區":"信義區"
    }
  },
  {
    "type": "Feature",
    "geometry": {
       "type": "Point",
       "coordinates":  [ 121.564359,25.038211 ]
    },
    "properties": {
    "場所名稱":"臺北市政府市政大樓",
    "場所地址":"臺北市市府路1號",
    "場所分類":"其他",
    "AED放置地點":"市政大樓南門",
    "行政區":"信義區"
    }
  },
  {
    "type": "Feature",
    "geometry": {
       "type": "Point",
       "coordinates":  [ 121.564359,25.038211 ]
    },
    "properties": {
    "場所名稱":"臺北市政府市政大樓",
    "場所地址":"臺北市市府路1號",
    "場所分類":"其他",
    "AED放置地點":"本市政大樓2樓親子劇場門口",
    "行政區":"信義區"
    }
  },
  {
    "type": "Feature",
    "geometry": {
       "type": "Point",
       "coordinates":  [ 121.544771,25.038218 ]
    },
    "properties": {
    "場所名稱":"臺北市公有光復市場",
    "場所地址":"仁愛路4段496巷19號",
    "場所分類":"其他",
    "AED放置地點":"市場內47號攤",
    "行政區":"信義區"
    }
  },
  {
    "type": "Feature",
    "geometry": {
       "type": "Point",
       "coordinates":  [ 121.563181,25.031566 ]
    },
    "properties": {
    "場所名稱":"信義國小地下停車場",
    "場所地址":"松勤街60號B1",
    "場所分類":"其他",
    "AED放置地點":"松勤街60號B1",
    "行政區":"信義區"
    }
  },
  {
    "type": "Feature",
    "geometry": {
       "type": "Point",
       "coordinates":  [ 121.567026,25.039329 ]
    },
    "properties": {
    "場所名稱":"新光三越百貨股份有限公司台北信義分公司四館",
    "場所地址":"松高路19號",
    "場所分類":"大型購物場所",
    "AED放置地點":"3F醫護室",
    "行政區":"信義區"
    }
  },
  {
    "type": "Feature",
    "geometry": {
       "type": "Point",
       "coordinates":  [ 121.570903,25.036375 ]
    },
    "properties": {
    "場所名稱":"博愛國小運動中心-舞動陽光有限公司",
    "場所地址":"松仁路95巷20號",
    "場所分類":"學校、大型集會場所",
    "AED放置地點":"B1游泳池",
    "行政區":"信義區"
    }
  },
  {
    "type": "Feature",
    "geometry": {
       "type": "Point",
       "coordinates":  [ 121.574268,25.034413 ]
    },
    "properties": {
    "場所名稱":"誠品生活股份有限公司204號辦公室",
    "場所地址":"松德路204號B1",
    "場所分類":"其他",
    "AED放置地點":"大會議室1門口",
    "行政區":"信義區"
    }
  },
  {
    "type": "Feature",
    "geometry": {
       "type": "Point",
       "coordinates":  [ 121.562439,25.035255 ]
    },
    "properties": {
    "場所名稱":"豐隆大飯店股份有限公司(台北君悅酒店)1樓商務中心",
    "場所地址":"松壽路2號",
    "場所分類":"旅宿場所",
    "AED放置地點":"一樓商務中心旁",
    "行政區":"信義區"
    }
  },
  {
    "type": "Feature",
    "geometry": {
       "type": "Point",
       "coordinates":  [ 121.566763,25.023742 ]
    },
    "properties": {
    "場所名稱":"學校財團法人中華浸信會基督教台灣浸會神學院",
    "場所地址":"吳興街394巷1號",
    "場所分類":"學校、大型集會場所",
    "AED放置地點":"二號辦公室",
    "行政區":"信義區"
    }
  },
  {
    "type": "Feature",
    "geometry": {
       "type": "Point",
       "coordinates":  [ 121.561022,25.03369 ]
    },
    "properties": {
    "場所名稱":"外貿協會台北國際會議中心",
    "場所地址":"信義路5段1號",
    "場所分類":"大型休閒場所",
    "AED放置地點":"2樓",
    "行政區":"信義區"
    }
  },
  {
    "type": "Feature",
    "geometry": {
       "type": "Point",
       "coordinates":  [ 121.561022,25.03369 ]
    },
    "properties": {
    "場所名稱":"外貿協會台北國際會議中心",
    "場所地址":"信義路5段1號",
    "場所分類":"大型休閒場所",
    "AED放置地點":"3樓",
    "行政區":"信義區"
    }
  },
  {
    "type": "Feature",
    "geometry": {
       "type": "Point",
       "coordinates":  [ 121.5615707,25.04216558 ]
    },
    "properties": {
    "場所名稱":"星宇航空股份有限公司",
    "場所地址":"忠孝東路四段525號11樓",
    "場所分類":"長距離交通工具",
    "AED放置地點":"星宇客機B-58508",
    "行政區":"信義區"
    }
  },
  {
    "type": "Feature",
    "geometry": {
       "type": "Point",
       "coordinates":  [ 121.5595295,25.04231503 ]
    },
    "properties": {
    "場所名稱":"臺北大巨蛋",
    "場所地址":"忠孝東路4段515號",
    "場所分類":"大型休閒場所",
    "AED放置地點":"體育館_B1_內野_一壘側_救護站",
    "行政區":"信義區"
    }
  },
  {
    "type": "Feature",
    "geometry": {
       "type": "Point",
       "coordinates":  [ 121.5595295,25.04231503 ]
    },
    "properties": {
    "場所名稱":"臺北大巨蛋",
    "場所地址":"忠孝東路4段515號",
    "場所分類":"大型休閒場所",
    "AED放置地點":"體育館_3F_內野_三壘側_通廊",
    "行政區":"信義區"
    }
  },
  {
    "type": "Feature",
    "geometry": {
       "type": "Point",
       "coordinates":  [ 121.5595295,25.04231503 ]
    },
    "properties": {
    "場所名稱":"臺北大巨蛋",
    "場所地址":"忠孝東路4段515號",
    "場所分類":"大型休閒場所",
    "AED放置地點":"體育館_2F_左外野_通廊",
    "行政區":"信義區"
    }
  },
  {
    "type": "Feature",
    "geometry": {
       "type": "Point",
       "coordinates":  [ 121.5595295,25.04231503 ]
    },
    "properties": {
    "場所名稱":"臺北大巨蛋",
    "場所地址":"忠孝東路4段515號",
    "場所分類":"大型休閒場所",
    "AED放置地點":"體育館_3F_救護站旁通廊",
    "行政區":"信義區"
    }
  },
  {
    "type": "Feature",
    "geometry": {
       "type": "Point",
       "coordinates":  [ 121.5595295,25.04231503 ]
    },
    "properties": {
    "場所名稱":"臺北大巨蛋",
    "場所地址":"忠孝東路4段515號",
    "場所分類":"大型休閒場所",
    "AED放置地點":"體育館_4F_內野_三壘側_通廊",
    "行政區":"信義區"
    }
  },
  {
    "type": "Feature",
    "geometry": {
       "type": "Point",
       "coordinates":  [ 121.5595295,25.04231503 ]
    },
    "properties": {
    "場所名稱":"臺北大巨蛋",
    "場所地址":"忠孝東路4段515號",
    "場所分類":"大型休閒場所",
    "AED放置地點":"體育館_3F_左外野_VIP電梯口",
    "行政區":"信義區"
    }
  },
  {
    "type": "Feature",
    "geometry": {
       "type": "Point",
       "coordinates":  [ 121.5595295,25.04231503 ]
    },
    "properties": {
    "場所名稱":"臺北大巨蛋",
    "場所地址":"忠孝東路4段515號",
    "場所分類":"大型休閒場所",
    "AED放置地點":"體育館_B2_重量訓練室",
    "行政區":"信義區"
    }
  },
  {
    "type": "Feature",
    "geometry": {
       "type": "Point",
       "coordinates":  [ 121.5595295,25.04231503 ]
    },
    "properties": {
    "場所名稱":"臺北大巨蛋",
    "場所地址":"忠孝東路4段515號",
    "場所分類":"大型休閒場所",
    "AED放置地點":"體育館_B1_右外野_GATE8旁",
    "行政區":"信義區"
    }
  },
  {
    "type": "Feature",
    "geometry": {
       "type": "Point",
       "coordinates":  [ 121.554505,25.025907 ]
    },
    "properties": {
    "場所名稱":"臺北市私立喬治高級工商職業學校",
    "場所地址":"基隆路二段155號",
    "場所分類":"學校、大型集會場所",
    "AED放置地點":"浩然樓1樓教務處內",
    "行政區":"信義區"
    }
  },
  {
    "type": "Feature",
    "geometry": {
       "type": "Point",
       "coordinates":  [ 121.572237,25.03642 ]
    },
    "properties": {
    "場所名稱":"臺北市立興雅國民中學",
    "場所地址":"松德路168巷15號",
    "場所分類":"學校、大型集會場所",
    "AED放置地點":"川堂",
    "行政區":"信義區"
    }
  },
  {
    "type": "Feature",
    "geometry": {
       "type": "Point",
       "coordinates":  [ 121.574385,25.044334 ]
    },
    "properties": {
    "場所名稱":"臺北市公有永吉市場",
    "場所地址":"永吉路278巷1弄30號",
    "場所分類":"其他",
    "AED放置地點":"永吉市場自治會辦公室",
    "行政區":"信義區"
    }
  },
  {
    "type": "Feature",
    "geometry": {
       "type": "Point",
       "coordinates":  [ 121.574145,25.048236 ]
    },
    "properties": {
    "場所名稱":"臺北市立永吉國民中學",
    "場所地址":"松隆路161號",
    "場所分類":"其他",
    "AED放置地點":"A1開放廁所入口右側",
    "行政區":"信義區"
    }
  },
  {
    "type": "Feature",
    "geometry": {
       "type": "Point",
       "coordinates":  [ 121.5822926,25.03923282 ]
    },
    "properties": {
    "場所名稱":"永福之家廣慈園區",
    "場所地址":"大道路110號",
    "場所分類":"其他",
    "AED放置地點":"護理站",
    "行政區":"信義區"
    }
  },
  {
    "type": "Feature",
    "geometry": {
       "type": "Point",
       "coordinates":  [ 121.564359,25.038211 ]
    },
    "properties": {
    "場所名稱":"臺北市政府市政大樓",
    "場所地址":"臺北市市府路1號",
    "場所分類":"其他",
    "AED放置地點":"市政大樓1樓北門",
    "行政區":"信義區"
    }
  },
  {
    "type": "Feature",
    "geometry": {
       "type": "Point",
       "coordinates":  [ 121.564359,25.038211 ]
    },
    "properties": {
    "場所名稱":"臺北市政府市政大樓",
    "場所地址":"臺北市市府路1號",
    "場所分類":"其他",
    "AED放置地點":"市政大樓東門(服務臺旁邊)",
    "行政區":"信義區"
    }
  },
  {
    "type": "Feature",
    "geometry": {
       "type": "Point",
       "coordinates":  [ 121.565387,25.043505 ]
    },
    "properties": {
    "場所名稱":"松山高中地下停車場",
    "場所地址":"基隆路1段156號B1",
    "場所分類":"其他",
    "AED放置地點":"基隆路1段156號B1",
    "行政區":"信義區"
    }
  },
  {
    "type": "Feature",
    "geometry": {
       "type": "Point",
       "coordinates":  [ 121.56481,25.033718 ]
    },
    "properties": {
    "場所名稱":"台北金融大樓股份有限公司(辦公大樓)",
    "場所地址":"信義路五段7號59樓",
    "場所分類":"其他",
    "AED放置地點":"88樓",
    "行政區":"信義區"
    }
  },
  {
    "type": "Feature",
    "geometry": {
       "type": "Point",
       "coordinates":  [ 121.56688,25.039943 ]
    },
    "properties": {
    "場所名稱":"時代國際飯店股份有限公司(台北W飯店)安全部",
    "場所地址":"忠孝東路5段10號",
    "場所分類":"旅宿場所",
    "AED放置地點":"12F",
    "行政區":"信義區"
    }
  },
  {
    "type": "Feature",
    "geometry": {
       "type": "Point",
       "coordinates":  [ 121.56688,25.039943 ]
    },
    "properties": {
    "場所名稱":"時代國際飯店股份有限公司(台北W飯店)安全部",
    "場所地址":"忠孝東路5段10號",
    "場所分類":"旅宿場所",
    "AED放置地點":"10樓迎賓櫃檯後方",
    "行政區":"信義區"
    }
  },
  {
    "type": "Feature",
    "geometry": {
       "type": "Point",
       "coordinates":  [ 121.574318,25.033095 ]
    },
    "properties": {
    "場所名稱":"臺北市政府警察局婦幼警察隊",
    "場所地址":"信義路5段180號",
    "場所分類":"其他",
    "AED放置地點":"1樓大廳右方",
    "行政區":"信義區"
    }
  },
  {
    "type": "Feature",
    "geometry": {
       "type": "Point",
       "coordinates":  [ 121.578299,25.04919 ]
    },
    "properties": {
    "場所名稱":"潤泰百益股份有限公司/CITYLINK松山壹號店",
    "場所地址":"松山路11號",
    "場所分類":"大型購物場所",
    "AED放置地點":"2樓服務台 右方",
    "行政區":"信義區"
    }
  },
  {
    "type": "Feature",
    "geometry": {
       "type": "Point",
       "coordinates":  [ 121.558267,25.029467 ]
    },
    "properties": {
    "場所名稱":"臺北市信義區三興國民小學",
    "場所地址":"基隆路二段99號",
    "場所分類":"其他",
    "AED放置地點":"忠孝樓一樓健康中心",
    "行政區":"信義區"
    }
  },
  {
    "type": "Feature",
    "geometry": {
       "type": "Point",
       "coordinates":  [ 121.563556,25.040191 ]
    },
    "properties": {
    "場所名稱":"達新壯股份有限公司(Hypercore超核心健身中心台北忠孝市府館)",
    "場所地址":"基隆路一段200號地下2樓",
    "場所分類":"學校、大型集會場所",
    "AED放置地點":"有氧器材區",
    "行政區":"信義區"
    }
  },
  {
    "type": "Feature",
    "geometry": {
       "type": "Point",
       "coordinates":  [ 121.5615707,25.04216558 ]
    },
    "properties": {
    "場所名稱":"星宇航空股份有限公司",
    "場所地址":"忠孝東路四段525號11樓",
    "場所分類":"長距離交通工具",
    "AED放置地點":"星宇客機B-58203",
    "行政區":"信義區"
    }
  },
  {
    "type": "Feature",
    "geometry": {
       "type": "Point",
       "coordinates":  [ 121.5615707,25.04216558 ]
    },
    "properties": {
    "場所名稱":"星宇航空股份有限公司",
    "場所地址":"忠孝東路四段525號11樓",
    "場所分類":"長距離交通工具",
    "AED放置地點":"星宇客機B-58501",
    "行政區":"信義區"
    }
  },
  {
    "type": "Feature",
    "geometry": {
       "type": "Point",
       "coordinates":  [ 121.5615707,25.04216558 ]
    },
    "properties": {
    "場所名稱":"星宇航空股份有限公司",
    "場所地址":"忠孝東路四段525號11樓",
    "場所分類":"長距離交通工具",
    "AED放置地點":"星宇客機B-58202",
    "行政區":"信義區"
    }
  },
  {
    "type": "Feature",
    "geometry": {
       "type": "Point",
       "coordinates":  [ 121.5772589,25.0413976 ]
    },
    "properties": {
    "場所名稱":"永春活力館",
    "場所地址":"松山路342巷13號1樓",
    "場所分類":"學校、大型集會場所",
    "AED放置地點":"本館二樓",
    "行政區":"信義區"
    }
  },
  {
    "type": "Feature",
    "geometry": {
       "type": "Point",
       "coordinates":  [ 121.564735,25.033719 ]
    },
    "properties": {
    "場所名稱":"台北金融大樓股份有限公司(購物中心)",
    "場所地址":"市府路45號",
    "場所分類":"大型購物場所",
    "AED放置地點":"商場B1美食街",
    "行政區":"信義區"
    }
  },
  {
    "type": "Feature",
    "geometry": {
       "type": "Point",
       "coordinates":  [ 121.564751,25.03388 ]
    },
    "properties": {
    "場所名稱":"台北金融大樓股份有限公司(觀景台)",
    "場所地址":"信義路5段7號",
    "場所分類":"觀光旅遊地區",
    "AED放置地點":"88樓西面出口",
    "行政區":"信義區"
    }
  },
  {
    "type": "Feature",
    "geometry": {
       "type": "Point",
       "coordinates":  [ 121.568102,25.035532 ]
    },
    "properties": {
    "場所名稱":"健身工廠信義廠",
    "場所地址":"松壽路22號4樓",
    "場所分類":"學校、大型集會場所",
    "AED放置地點":"櫃台前方",
    "行政區":"信義區"
    }
  },
  {
    "type": "Feature",
    "geometry": {
       "type": "Point",
       "coordinates":  [ 121.5614553,25.04260664 ]
    },
    "properties": {
    "場所名稱":"臺北大巨蛋",
    "場所地址":"忠孝東路4段545號",
    "場所分類":"大型休閒場所",
    "AED放置地點":"80米通廊",
    "行政區":"信義區"
    }
  },
  {
    "type": "Feature",
    "geometry": {
       "type": "Point",
       "coordinates":  [ 121.5595295,25.04231503 ]
    },
    "properties": {
    "場所名稱":"臺北大巨蛋",
    "場所地址":"忠孝東路4段515號",
    "場所分類":"大型休閒場所",
    "AED放置地點":"體育館_B2_GATE7旁",
    "行政區":"信義區"
    }
  },
  {
    "type": "Feature",
    "geometry": {
       "type": "Point",
       "coordinates":  [ 121.5614553,25.04260664 ]
    },
    "properties": {
    "場所名稱":"臺北大巨蛋",
    "場所地址":"忠孝東路4段545號",
    "場所分類":"大型休閒場所",
    "AED放置地點":"GATE 7 出口",
    "行政區":"信義區"
    }
  },
  {
    "type": "Feature",
    "geometry": {
       "type": "Point",
       "coordinates":  [ 121.5614553,25.04260664 ]
    },
    "properties": {
    "場所名稱":"臺北大巨蛋",
    "場所地址":"忠孝東路4段545號",
    "場所分類":"大型休閒場所",
    "AED放置地點":"GATE 8",
    "行政區":"信義區"
    }
  },
  {
    "type": "Feature",
    "geometry": {
       "type": "Point",
       "coordinates":  [ 121.5614553,25.04260664 ]
    },
    "properties": {
    "場所名稱":"臺北大巨蛋",
    "場所地址":"忠孝東路4段545號",
    "場所分類":"大型休閒場所",
    "AED放置地點":"B1職場辦公室",
    "行政區":"信義區"
    }
  },
  {
    "type": "Feature",
    "geometry": {
       "type": "Point",
       "coordinates":  [ 121.574145,25.048236 ]
    },
    "properties": {
    "場所名稱":"臺北市立永吉國民中學",
    "場所地址":"松隆路161號",
    "場所分類":"其他",
    "AED放置地點":"活動中心一樓，游泳池外川堂",
    "行政區":"信義區"
    }
  },
  {
    "type": "Feature",
    "geometry": {
       "type": "Point",
       "coordinates":  [ 121.5620206,25.0314202 ]
    },
    "properties": {
    "場所名稱":"臺北市信義公民會館（四四南村）",
    "場所地址":"松勤街52號",
    "場所分類":"其他",
    "AED放置地點":"入口大廳左側",
    "行政區":"信義區"
    }
  },
  {
    "type": "Feature",
    "geometry": {
       "type": "Point",
       "coordinates":  [ 121.554505,25.025907 ]
    },
    "properties": {
    "場所名稱":"臺北市私立喬治高級工商職業學校",
    "場所地址":"基隆路二段155號",
    "場所分類":"學校、大型集會場所",
    "AED放置地點":"浩然樓1F實習處辦公室前",
    "行政區":"信義區"
    }
  },
  {
    "type": "Feature",
    "geometry": {
       "type": "Point",
       "coordinates":  [ 121.554505,25.025907 ]
    },
    "properties": {
    "場所名稱":"臺北市私立喬治高級工商職業學校",
    "場所地址":"基隆路二段155號",
    "場所分類":"學校、大型集會場所",
    "AED放置地點":"霞雲樓1F梯廳",
    "行政區":"信義區"
    }
  },
  {
    "type": "Feature",
    "geometry": {
       "type": "Point",
       "coordinates":  [ 121.564735,25.033719 ]
    },
    "properties": {
    "場所名稱":"台北金融大樓股份有限公司(購物中心)",
    "場所地址":"市府路45號",
    "場所分類":"大型購物場所",
    "AED放置地點":"商場3樓",
    "行政區":"信義區"
    }
  },
  {
    "type": "Feature",
    "geometry": {
       "type": "Point",
       "coordinates":  [ 121.5615707,25.04216558 ]
    },
    "properties": {
    "場所名稱":"星宇航空股份有限公司",
    "場所地址":"忠孝東路四段525號11樓",
    "場所分類":"長距離交通工具",
    "AED放置地點":"星宇客機B-58504",
    "行政區":"信義區"
    }
  },
  {
    "type": "Feature",
    "geometry": {
       "type": "Point",
       "coordinates":  [ 121.5615707,25.04216558 ]
    },
    "properties": {
    "場所名稱":"星宇航空股份有限公司",
    "場所地址":"忠孝東路四段525號11樓",
    "場所分類":"長距離交通工具",
    "AED放置地點":"星宇客機B-58208",
    "行政區":"信義區"
    }
  },
  {
    "type": "Feature",
    "geometry": {
       "type": "Point",
       "coordinates":  [ 121.5615707,25.04216558 ]
    },
    "properties": {
    "場所名稱":"星宇航空股份有限公司",
    "場所地址":"忠孝東路四段525號11樓",
    "場所分類":"長距離交通工具",
    "AED放置地點":"星宇客機B-58209",
    "行政區":"信義區"
    }
  },
  {
    "type": "Feature",
    "geometry": {
       "type": "Point",
       "coordinates":  [ 121.5614553,25.04260664 ]
    },
    "properties": {
    "場所名稱":"臺北大巨蛋",
    "場所地址":"忠孝東路4段545號",
    "場所分類":"大型休閒場所",
    "AED放置地點":"影城棟停車場1F出口",
    "行政區":"信義區"
    }
  },
  {
    "type": "Feature",
    "geometry": {
       "type": "Point",
       "coordinates":  [ 121.5595295,25.04231503 ]
    },
    "properties": {
    "場所名稱":"臺北大巨蛋",
    "場所地址":"忠孝東路4段515號",
    "場所分類":"大型休閒場所",
    "AED放置地點":"體育館_B2_三壘側_重量訓練室",
    "行政區":"信義區"
    }
  },
  {
    "type": "Feature",
    "geometry": {
       "type": "Point",
       "coordinates":  [ 121.567099,25.035636 ]
    },
    "properties": {
    "場所名稱":"威秀影城股份有限公司信義分公司",
    "場所地址":"松壽路20號",
    "場所分類":"大型休閒場所",
    "AED放置地點":"2F售票處",
    "行政區":"信義區"
    }
  },
  {
    "type": "Feature",
    "geometry": {
       "type": "Point",
       "coordinates":  [ 121.576252,25.041104 ]
    },
    "properties": {
    "場所名稱":"第一商業銀行永春分行",
    "場所地址":"忠孝東路五段451號",
    "場所分類":"其他",
    "AED放置地點":"大門進入右側數位體驗區處",
    "行政區":"信義區"
    }
  },
  {
    "type": "Feature",
    "geometry": {
       "type": "Point",
       "coordinates":  [ 121.565975,25.040671 ]
    },
    "properties": {
    "場所名稱":"時代國際飯店股份有限公司(台北W飯店) 健身房",
    "場所地址":"忠孝東路5段10號",
    "場所分類":"旅宿場所",
    "AED放置地點":"12樓健身中心",
    "行政區":"信義區"
    }
  },
  {
    "type": "Feature",
    "geometry": {
       "type": "Point",
       "coordinates":  [ 121.569156,25.032515 ]
    },
    "properties": {
    "場所名稱":"新光信義傑仕堡",
    "場所地址":"信義路5段126-128號",
    "場所分類":"其他",
    "AED放置地點":"正門進入1樓大廳",
    "行政區":"信義區"
    }
  },
  {
    "type": "Feature",
    "geometry": {
       "type": "Point",
       "coordinates":  [ 121.565955,25.034307 ]
    },
    "properties": {
    "場所名稱":"微風置地股份有限公司南山分公司",
    "場所地址":"松智路17號",
    "場所分類":"大型購物場所",
    "AED放置地點":"ATRE 3F",
    "行政區":"信義區"
    }
  },
  {
    "type": "Feature",
    "geometry": {
       "type": "Point",
       "coordinates":  [ 121.570785,25.041187 ]
    },
    "properties": {
    "場所名稱":"Curves女性專用30分鐘健身中心市府永春店",
    "場所地址":"忠孝東路5段259號3樓",
    "場所分類":"學校、大型集會場所",
    "AED放置地點":"門口進來右側",
    "行政區":"信義區"
    }
  },
  {
    "type": "Feature",
    "geometry": {
       "type": "Point",
       "coordinates":  [ 121.564359,25.038211 ]
    },
    "properties": {
    "場所名稱":"臺北市政府市政大樓",
    "場所地址":"臺北市市府路1號",
    "場所分類":"其他",
    "AED放置地點":"B2員工健康教室",
    "行政區":"信義區"
    }
  },
  {
    "type": "Feature",
    "geometry": {
       "type": "Point",
       "coordinates":  [ 121.56688,25.039943 ]
    },
    "properties": {
    "場所名稱":"時代國際飯店股份有限公司(台北W飯店)安全部",
    "場所地址":"忠孝東路5段10號",
    "場所分類":"旅宿場所",
    "AED放置地點":"1F",
    "行政區":"信義區"
    }
  },
  {
    "type": "Feature",
    "geometry": {
       "type": "Point",
       "coordinates":  [ 121.561929,25.025685 ]
    },
    "properties": {
    "場所名稱":"臺北醫學大學 環保暨安全衛生處",
    "場所地址":"吳興街250號",
    "場所分類":"學校、大型集會場所",
    "AED放置地點":"綜合大樓",
    "行政區":"信義區"
    }
  },
  {
    "type": "Feature",
    "geometry": {
       "type": "Point",
       "coordinates":  [ 121.561929,25.025685 ]
    },
    "properties": {
    "場所名稱":"臺北醫學大學 環保暨安全衛生處",
    "場所地址":"吳興街250號",
    "場所分類":"學校、大型集會場所",
    "AED放置地點":"體育館",
    "行政區":"信義區"
    }
  },
  {
    "type": "Feature",
    "geometry": {
       "type": "Point",
       "coordinates":  [ 121.561929,25.025685 ]
    },
    "properties": {
    "場所名稱":"臺北醫學大學 環保暨安全衛生處",
    "場所地址":"吳興街250號",
    "場所分類":"學校、大型集會場所",
    "AED放置地點":"拇山學院",
    "行政區":"信義區"
    }
  },
  {
    "type": "Feature",
    "geometry": {
       "type": "Point",
       "coordinates":  [ 121.5595295,25.04231503 ]
    },
    "properties": {
    "場所名稱":"臺北大巨蛋",
    "場所地址":"忠孝東路4段515號",
    "場所分類":"大型休閒場所",
    "AED放置地點":"體育館_4F_內野_一壘側_救護站前",
    "行政區":"信義區"
    }
  },
  {
    "type": "Feature",
    "geometry": {
       "type": "Point",
       "coordinates":  [ 121.5595295,25.04231503 ]
    },
    "properties": {
    "場所名稱":"臺北大巨蛋",
    "場所地址":"忠孝東路4段515號",
    "場所分類":"大型休閒場所",
    "AED放置地點":"體育館_1F_GATE1_入口",
    "行政區":"信義區"
    }
  },
  {
    "type": "Feature",
    "geometry": {
       "type": "Point",
       "coordinates":  [ 121.5667523,25.0474544 ]
    },
    "properties": {
    "場所名稱":"鴻名企業股份有限公司",
    "場所地址":"東興路59號6樓",
    "場所分類":"其他",
    "AED放置地點":"本公司六樓",
    "行政區":"信義區"
    }
  },
  {
    "type": "Feature",
    "geometry": {
       "type": "Point",
       "coordinates":  [ 121.5595295,25.04231503 ]
    },
    "properties": {
    "場所名稱":"臺北大巨蛋",
    "場所地址":"忠孝東路4段515號",
    "場所分類":"大型休閒場所",
    "AED放置地點":"體育館_2F_三壘側_通廊",
    "行政區":"信義區"
    }
  },
  {
    "type": "Feature",
    "geometry": {
       "type": "Point",
       "coordinates":  [ 121.5595295,25.04231503 ]
    },
    "properties": {
    "場所名稱":"臺北大巨蛋",
    "場所地址":"忠孝東路4段515號",
    "場所分類":"大型休閒場所",
    "AED放置地點":"體育館_2F_內野_一壘側_救護站",
    "行政區":"信義區"
    }
  },
  {
    "type": "Feature",
    "geometry": {
       "type": "Point",
       "coordinates":  [ 121.5595295,25.04231503 ]
    },
    "properties": {
    "場所名稱":"臺北大巨蛋",
    "場所地址":"忠孝東路4段515號",
    "場所分類":"大型休閒場所",
    "AED放置地點":"體育館_B2_本後_GATE5內通廊",
    "行政區":"信義區"
    }
  },
  {
    "type": "Feature",
    "geometry": {
       "type": "Point",
       "coordinates":  [ 121.5595295,25.04231503 ]
    },
    "properties": {
    "場所名稱":"臺北大巨蛋",
    "場所地址":"忠孝東路4段515號",
    "場所分類":"大型休閒場所",
    "AED放置地點":"體育館_B2_藥檢室",
    "行政區":"信義區"
    }
  },
  {
    "type": "Feature",
    "geometry": {
       "type": "Point",
       "coordinates":  [ 121.5595295,25.04231503 ]
    },
    "properties": {
    "場所名稱":"臺北大巨蛋",
    "場所地址":"忠孝東路4段515號",
    "場所分類":"大型休閒場所",
    "AED放置地點":"體育館_B2_維修室",
    "行政區":"信義區"
    }
  },
  {
    "type": "Feature",
    "geometry": {
       "type": "Point",
       "coordinates":  [ 121.57859,25.031523 ]
    },
    "properties": {
    "場所名稱":"臺北市政府環境保護局信義區清潔隊福德分隊",
    "場所地址":"松山路658號2樓",
    "場所分類":"其他",
    "AED放置地點":"在大廳",
    "行政區":"信義區"
    }
  },
  {
    "type": "Feature",
    "geometry": {
       "type": "Point",
       "coordinates":  [ 121.5687938,25.02445119 ]
    },
    "properties": {
    "場所名稱":"臺北市政府環境保護局信義區清潔隊六張犁分隊",
    "場所地址":"松仁路240巷19號6樓",
    "場所分類":"其他",
    "AED放置地點":"大門左邊",
    "行政區":"信義區"
    }
  },
  {
    "type": "Feature",
    "geometry": {
       "type": "Point",
       "coordinates":  [ 121.566075,25.035666 ]
    },
    "properties": {
    "場所名稱":"吸引力生活事業股份有限公司 ATT 4 FUN",
    "場所地址":"松壽路12號",
    "場所分類":"大型購物場所",
    "AED放置地點":"ATT4FUN 6F",
    "行政區":"信義區"
    }
  },
  {
    "type": "Feature",
    "geometry": {
       "type": "Point",
       "coordinates":  [ 121.5589862,25.0332978 ]
    },
    "properties": {
    "場所名稱":"新榮恩資產管理有限公司",
    "場所地址":"信義路四段413號2樓",
    "場所分類":"學校、大型集會場所",
    "AED放置地點":"本院大廳",
    "行政區":"信義區"
    }
  },
  {
    "type": "Feature",
    "geometry": {
       "type": "Point",
       "coordinates":  [ 121.5595295,25.04231503 ]
    },
    "properties": {
    "場所名稱":"臺北大巨蛋",
    "場所地址":"忠孝東路4段515號",
    "場所分類":"大型休閒場所",
    "AED放置地點":"體育館_B1_內野_三壘_通廊",
    "行政區":"信義區"
    }
  },
  {
    "type": "Feature",
    "geometry": {
       "type": "Point",
       "coordinates":  [ 121.5595295,25.04231503 ]
    },
    "properties": {
    "場所名稱":"臺北大巨蛋",
    "場所地址":"忠孝東路4段515號",
    "場所分類":"大型休閒場所",
    "AED放置地點":"體育館_B1_左外野_GATE6旁",
    "行政區":"信義區"
    }
  },
  {
    "type": "Feature",
    "geometry": {
       "type": "Point",
       "coordinates":  [ 121.5679889,25.0351042 ]
    },
    "properties": {
    "場所名稱":"意寬精品旅館(HOME HOTEL)",
    "場所地址":"松仁路90號",
    "場所分類":"旅宿場所",
    "AED放置地點":"進門右手邊",
    "行政區":"信義區"
    }
  },
  {
    "type": "Feature",
    "geometry": {
       "type": "Point",
       "coordinates":  [ 121.5614553,25.04260664 ]
    },
    "properties": {
    "場所名稱":"臺北大巨蛋",
    "場所地址":"忠孝東路4段545號",
    "場所分類":"大型休閒場所",
    "AED放置地點":"巨蛋廣場B2",
    "行政區":"信義區"
    }
  },
  {
    "type": "Feature",
    "geometry": {
       "type": "Point",
       "coordinates":  [ 121.564735,25.033719 ]
    },
    "properties": {
    "場所名稱":"台北金融大樓股份有限公司(購物中心)",
    "場所地址":"市府路45號",
    "場所分類":"大型購物場所",
    "AED放置地點":"B2停車場",
    "行政區":"信義區"
    }
  },
  {
    "type": "Feature",
    "geometry": {
       "type": "Point",
       "coordinates":  [ 121.564735,25.033719 ]
    },
    "properties": {
    "場所名稱":"台北金融大樓股份有限公司(購物中心)",
    "場所地址":"市府路45號",
    "場所分類":"大型購物場所",
    "AED放置地點":"商場2樓",
    "行政區":"信義區"
    }
  },
  {
    "type": "Feature",
    "geometry": {
       "type": "Point",
       "coordinates":  [ 121.564751,25.03388 ]
    },
    "properties": {
    "場所名稱":"台北金融大樓股份有限公司(觀景台)",
    "場所地址":"信義路5段7號",
    "場所分類":"觀光旅遊地區",
    "AED放置地點":"101樓西面",
    "行政區":"信義區"
    }
  },
  {
    "type": "Feature",
    "geometry": {
       "type": "Point",
       "coordinates":  [ 121.564735,25.033719 ]
    },
    "properties": {
    "場所名稱":"台北金融大樓股份有限公司(購物中心)",
    "場所地址":"市府路45號",
    "場所分類":"大型購物場所",
    "AED放置地點":"商場B1",
    "行政區":"信義區"
    }
  },
  {
    "type": "Feature",
    "geometry": {
       "type": "Point",
       "coordinates":  [ 121.564751,25.03388 ]
    },
    "properties": {
    "場所名稱":"台北金融大樓股份有限公司(觀景台)",
    "場所地址":"信義路5段7號",
    "場所分類":"觀光旅遊地區",
    "AED放置地點":"觀景台五樓購票口旁",
    "行政區":"信義區"
    }
  },
  {
    "type": "Feature",
    "geometry": {
       "type": "Point",
       "coordinates":  [ 121.578562,25.032801 ]
    },
    "properties": {
    "場所名稱":"臺北市立永春高級中學",
    "場所地址":"松山路654號",
    "場所分類":"學校、大型集會場所",
    "AED放置地點":"行政大樓1樓穿堂",
    "行政區":"信義區"
    }
  },
  {
    "type": "Feature",
    "geometry": {
       "type": "Point",
       "coordinates":  [ 121.564101,25.033493 ]
    },
    "properties": {
    "場所名稱":"京庚健康世界股份有限公司101分公司",
    "場所地址":"市府路45號6樓之2",
    "場所分類":"學校、大型集會場所",
    "AED放置地點":"6F教練櫃台右前方",
    "行政區":"信義區"
    }
  },
  {
    "type": "Feature",
    "geometry": {
       "type": "Point",
       "coordinates":  [ 121.577153,25.043229 ]
    },
    "properties": {
    "場所名稱":"臺北市公有永春市場",
    "場所地址":"松山路294號",
    "場所分類":"其他",
    "AED放置地點":"永春市場一樓128攤位旁",
    "行政區":"信義區"
    }
  },
  {
    "type": "Feature",
    "geometry": {
       "type": "Point",
       "coordinates":  [ 121.5743011,25.0320284 ]
    },
    "properties": {
    "場所名稱":"台北市政府松德辦公大樓",
    "場所地址":"松德路300號",
    "場所分類":"其他",
    "AED放置地點":"3樓大地工程處",
    "行政區":"信義區"
    }
  },
  {
    "type": "Feature",
    "geometry": {
       "type": "Point",
       "coordinates":  [ 121.5743011,25.0320284 ]
    },
    "properties": {
    "場所名稱":"台北市政府松德辦公大樓",
    "場所地址":"松德路300號",
    "場所分類":"其他",
    "AED放置地點":"3樓大地工程處",
    "行政區":"信義區"
    }
  },
  {
    "type": "Feature",
    "geometry": {
       "type": "Point",
       "coordinates":  [ 121.5615707,25.04216558 ]
    },
    "properties": {
    "場所名稱":"星宇航空股份有限公司",
    "場所地址":"忠孝東路四段525號11樓",
    "場所分類":"長距離交通工具",
    "AED放置地點":"星宇客機B-58507",
    "行政區":"信義區"
    }
  },
  {
    "type": "Feature",
    "geometry": {
       "type": "Point",
       "coordinates":  [ 121.5615707,25.04216558 ]
    },
    "properties": {
    "場所名稱":"星宇航空股份有限公司",
    "場所地址":"忠孝東路四段525號11樓",
    "場所分類":"長距離交通工具",
    "AED放置地點":"星宇客機B-58509",
    "行政區":"信義區"
    }
  },
  {
    "type": "Feature",
    "geometry": {
       "type": "Point",
       "coordinates":  [ 121.566075,25.035666 ]
    },
    "properties": {
    "場所名稱":"吸引力生活事業股份有限公司 ATT 4 FUN",
    "場所地址":"松壽路12號",
    "場所分類":"大型購物場所",
    "AED放置地點":"ATT 4 FUN B2F",
    "行政區":"信義區"
    }
  },
  {
    "type": "Feature",
    "geometry": {
       "type": "Point",
       "coordinates":  [ 121.586144,25.03682 ]
    },
    "properties": {
    "場所名稱":"臺北市立?公國民中學",
    "場所地址":"福德街221巷15號",
    "場所分類":"其他",
    "AED放置地點":"健康中心外走廊",
    "行政區":"信義區"
    }
  },
  {
    "type": "Feature",
    "geometry": {
       "type": "Point",
       "coordinates":  [ 121.56645,25.044072 ]
    },
    "properties": {
    "場所名稱":"加減健康管理顧問有限公司台北信義分公司",
    "場所地址":"基隆路一段135號1樓",
    "場所分類":"其他",
    "AED放置地點":"健身房內櫃檯旁",
    "行政區":"信義區"
    }
  },
  {
    "type": "Feature",
    "geometry": {
       "type": "Point",
       "coordinates":  [ 121.557853,25.04027 ]
    },
    "properties": {
    "場所名稱":"臺北市信義區光復國民小學",
    "場所地址":"光復南路271號",
    "場所分類":"其他",
    "AED放置地點":"圓樓1樓",
    "行政區":"信義區"
    }
  },
  {
    "type": "Feature",
    "geometry": {
       "type": "Point",
       "coordinates":  [ 121.56481,25.033718 ]
    },
    "properties": {
    "場所名稱":"台北金融大樓股份有限公司(辦公大樓)",
    "場所地址":"信義路五段7號59樓",
    "場所分類":"其他",
    "AED放置地點":"辦公大樓B2F貨梯管制站",
    "行政區":"信義區"
    }
  },
  {
    "type": "Feature",
    "geometry": {
       "type": "Point",
       "coordinates":  [ 121.564735,25.033719 ]
    },
    "properties": {
    "場所名稱":"台北金融大樓股份有限公司(購物中心)",
    "場所地址":"市府路45號",
    "場所分類":"大型購物場所",
    "AED放置地點":"商場4樓都會廣場",
    "行政區":"信義區"
    }
  },
  {
    "type": "Feature",
    "geometry": {
       "type": "Point",
       "coordinates":  [ 121.559118,25.0317389 ]
    },
    "properties": {
    "場所名稱":"森運動工作室",
    "場所地址":"基隆路二段23號b1",
    "場所分類":"學校、大型集會場所",
    "AED放置地點":"訓練區域",
    "行政區":"信義區"
    }
  },
  {
    "type": "Feature",
    "geometry": {
       "type": "Point",
       "coordinates":  [ 121.5667558,25.03180456 ]
    },
    "properties": {
    "場所名稱":"臺北市信義運動中心",
    "場所地址":"松勤街100號",
    "場所分類":"學校、大型集會場所",
    "AED放置地點":"本館二樓",
    "行政區":"信義區"
    }
  },
  {
    "type": "Feature",
    "geometry": {
       "type": "Point",
       "coordinates":  [ 121.578673,25.048578 ]
    },
    "properties": {
    "場所名稱":"財團法人中華民國佛教慈濟慈善事業基金會-台北東區聯絡處",
    "場所地址":"松隆路327號1樓",
    "場所分類":"其他",
    "AED放置地點":"台北市信義區松隆路327號1樓",
    "行政區":"信義區"
    }
  },
  {
    "type": "Feature",
    "geometry": {
       "type": "Point",
       "coordinates":  [ 121.56481,25.033718 ]
    },
    "properties": {
    "場所名稱":"台北金融大樓股份有限公司(辦公大樓)",
    "場所地址":"信義路五段7號59樓",
    "場所分類":"其他",
    "AED放置地點":"辦公大樓59樓櫃台",
    "行政區":"信義區"
    }
  },
  {
    "type": "Feature",
    "geometry": {
       "type": "Point",
       "coordinates":  [ 121.56481,25.033718 ]
    },
    "properties": {
    "場所名稱":"台北金融大樓股份有限公司(辦公大樓)",
    "場所地址":"信義路五段7號59樓",
    "場所分類":"其他",
    "AED放置地點":"辦公大樓1樓圓形櫃台",
    "行政區":"信義區"
    }
  },
  {
    "type": "Feature",
    "geometry": {
       "type": "Point",
       "coordinates":  [ 121.564751,25.03388 ]
    },
    "properties": {
    "場所名稱":"台北金融大樓股份有限公司(觀景台)",
    "場所地址":"信義路5段7號",
    "場所分類":"觀光旅遊地區",
    "AED放置地點":"91樓南面出口旁",
    "行政區":"信義區"
    }
  },
  {
    "type": "Feature",
    "geometry": {
       "type": "Point",
       "coordinates":  [ 121.579487,25.04308 ]
    },
    "properties": {
    "場所名稱":"臺北市信義區雙永國民小學",
    "場所地址":"松山路287巷5號",
    "場所分類":"其他",
    "AED放置地點":"體育器材室走廊",
    "行政區":"信義區"
    }
  },
  {
    "type": "Feature",
    "geometry": {
       "type": "Point",
       "coordinates":  [ 121.579242,25.041791 ]
    },
    "properties": {
    "場所名稱":"Switch ON 妳的運動空間",
    "場所地址":"忠孝東路五段625號",
    "場所分類":"學校、大型集會場所",
    "AED放置地點":"受信總機上",
    "行政區":"信義區"
    }
  },
  {
    "type": "Feature",
    "geometry": {
       "type": "Point",
       "coordinates":  [ 121.5615707,25.04216558 ]
    },
    "properties": {
    "場所名稱":"星宇航空股份有限公司",
    "場所地址":"忠孝東路四段525號11樓",
    "場所分類":"長距離交通工具",
    "AED放置地點":"星宇客機B-58201",
    "行政區":"信義區"
    }
  },
  {
    "type": "Feature",
    "geometry": {
       "type": "Point",
       "coordinates":  [ 121.568131,25.036718 ]
    },
    "properties": {
    "場所名稱":"遠東百貨股份有限公司信義分公司",
    "場所地址":"松仁路58號",
    "場所分類":"大型購物場所",
    "AED放置地點":"9樓服務台旁",
    "行政區":"信義區"
    }
  },
  {
    "type": "Feature",
    "geometry": {
       "type": "Point",
       "coordinates":  [ 121.568131,25.036718 ]
    },
    "properties": {
    "場所名稱":"遠東百貨股份有限公司信義分公司",
    "場所地址":"松仁路58號",
    "場所分類":"大型購物場所",
    "AED放置地點":"1樓服務台旁",
    "行政區":"信義區"
    }
  },
  {
    "type": "Feature",
    "geometry": {
       "type": "Point",
       "coordinates":  [ 121.578054,25.049263 ]
    },
    "properties": {
    "場所名稱":"國營臺灣鐵路股份有限公司北區營運處臺北運務段松山站",
    "場所地址":"永吉里松山路11號",
    "場所分類":"交通要衝",
    "AED放置地點":"東邊剪收票口入口右前方",
    "行政區":"信義區"
    }
  },
  {
    "type": "Feature",
    "geometry": {
       "type": "Point",
       "coordinates":  [ 121.587484,25.03652 ]
    },
    "properties": {
    "場所名稱":"松山慈惠堂",
    "場所地址":"福德街251巷33號",
    "場所分類":"其他",
    "AED放置地點":"服務台外左側",
    "行政區":"信義區"
    }
  },
  {
    "type": "Feature",
    "geometry": {
       "type": "Point",
       "coordinates":  [ 121.565588,25.043646 ]
    },
    "properties": {
    "場所名稱":"臺北市立松山高級中學",
    "場所地址":"基隆路一段156號",
    "場所分類":"學校、大型集會場所",
    "AED放置地點":"本校穿堂",
    "行政區":"信義區"
    }
  },
  {
    "type": "Feature",
    "geometry": {
       "type": "Point",
       "coordinates":  [ 121.569123,25.048408 ]
    },
    "properties": {
    "場所名稱":"藍陽國際有限公司",
    "場所地址":"基隆路一段25號1樓",
    "場所分類":"學校、大型集會場所",
    "AED放置地點":"體能王區",
    "行政區":"信義區"
    }
  },
  {
    "type": "Feature",
    "geometry": {
       "type": "Point",
       "coordinates":  [ 121.5728493,25.04114669 ]
    },
    "properties": {
    "場所名稱":"柯旅天閣股份有限公司",
    "場所地址":"忠孝東路五段297號",
    "場所分類":"旅宿場所",
    "AED放置地點":"交誼廳",
    "行政區":"信義區"
    }
  },
  {
    "type": "Feature",
    "geometry": {
       "type": "Point",
       "coordinates":  [ 121.564735,25.033719 ]
    },
    "properties": {
    "場所名稱":"台北金融大樓股份有限公司(購物中心)",
    "場所地址":"市府路45號",
    "場所分類":"大型購物場所",
    "AED放置地點":"商場1樓員工出入口",
    "行政區":"信義區"
    }
  },
  {
    "type": "Feature",
    "geometry": {
       "type": "Point",
       "coordinates":  [ 121.564735,25.033719 ]
    },
    "properties": {
    "場所名稱":"台北金融大樓股份有限公司(購物中心)",
    "場所地址":"市府路45號",
    "場所分類":"大型購物場所",
    "AED放置地點":"6樓台北101尊榮俱樂部",
    "行政區":"信義區"
    }
  },
  {
    "type": "Feature",
    "geometry": {
       "type": "Point",
       "coordinates":  [ 121.56481,25.033718 ]
    },
    "properties": {
    "場所名稱":"台北金融大樓股份有限公司(辦公大樓)",
    "場所地址":"信義路五段7號59樓",
    "場所分類":"其他",
    "AED放置地點":"辦公大樓35樓",
    "行政區":"信義區"
    }
  },
  {
    "type": "Feature",
    "geometry": {
       "type": "Point",
       "coordinates":  [ 121.564751,25.03388 ]
    },
    "properties": {
    "場所名稱":"台北金融大樓股份有限公司(觀景台)",
    "場所地址":"信義路5段7號",
    "場所分類":"觀光旅遊地區",
    "AED放置地點":"89樓西面服務台",
    "行政區":"信義區"
    }
  },
  {
    "type": "Feature",
    "geometry": {
       "type": "Point",
       "coordinates":  [ 121.564735,25.033719 ]
    },
    "properties": {
    "場所名稱":"台北金融大樓股份有限公司(購物中心)",
    "場所地址":"市府路45號",
    "場所分類":"大型購物場所",
    "AED放置地點":"商場B2停車場",
    "行政區":"信義區"
    }
  },
  {
    "type": "Feature",
    "geometry": {
       "type": "Point",
       "coordinates":  [ 121.5711121,25.0275872 ]
    },
    "properties": {
    "場所名稱":"象山步道代天殿靈雲宮",
    "場所地址":"信義路五段150巷22弄43號",
    "場所分類":"其他",
    "AED放置地點":"代天殿靈雲宮",
    "行政區":"信義區"
    }
  },
  {
    "type": "Feature",
    "geometry": {
       "type": "Point",
       "coordinates":  [ 121.558182,25.03288 ]
    },
    "properties": {
    "場所名稱":"狂潮健身事業有限公司",
    "場所地址":"信義路四段456號B1",
    "場所分類":"學校、大型集會場所",
    "AED放置地點":"櫃台",
    "行政區":"信義區"
    }
  },
  {
    "type": "Feature",
    "geometry": {
       "type": "Point",
       "coordinates":  [ 121.558744,25.018705 ]
    },
    "properties": {
    "場所名稱":"跨越體適能有限公司",
    "場所地址":"和平東路三段333號地下",
    "場所分類":"學校、大型集會場所",
    "AED放置地點":"場所大廳",
    "行政區":"信義區"
    }
  },
  {
    "type": "Feature",
    "geometry": {
       "type": "Point",
       "coordinates":  [ 121.568314,25.036882 ]
    },
    "properties": {
    "場所名稱":"台北遠百信義A13威秀影城",
    "場所地址":"松仁路58號10樓",
    "場所分類":"大型購物場所",
    "AED放置地點":"售票大廳",
    "行政區":"信義區"
    }
  },
  {
    "type": "Feature",
    "geometry": {
       "type": "Point",
       "coordinates":  [ 121.584669,25.037385 ]
    },
    "properties": {
    "場所名稱":"松山奉天宮",
    "場所地址":"福德街221巷12號",
    "場所分類":"其他",
    "AED放置地點":"香客大樓1樓餐廳外",
    "行政區":"信義區"
    }
  },
  {
    "type": "Feature",
    "geometry": {
       "type": "Point",
       "coordinates":  [ 121.576699,25.0384449 ]
    },
    "properties": {
    "場所名稱":"國揚健康事業有限公司",
    "場所地址":"松德路65號B1",
    "場所分類":"學校、大型集會場所",
    "AED放置地點":"右側入口",
    "行政區":"信義區"
    }
  },
  {
    "type": "Feature",
    "geometry": {
       "type": "Point",
       "coordinates":  [ 121.5615707,25.04216558 ]
    },
    "properties": {
    "場所名稱":"星宇航空股份有限公司",
    "場所地址":"忠孝東路四段525號11樓",
    "場所分類":"長距離交通工具",
    "AED放置地點":"星宇客機B-58204",
    "行政區":"信義區"
    }
  },
  {
    "type": "Feature",
    "geometry": {
       "type": "Point",
       "coordinates":  [ 121.5744552,25.0269 ]
    },
    "properties": {
    "場所名稱":"象山步道",
    "場所地址":"象山步道",
    "場所分類":"觀光旅遊地區",
    "AED放置地點":"六巨石往逸賢亭的交叉路口",
    "行政區":"信義區"
    }
  },
  {
    "type": "Feature",
    "geometry": {
       "type": "Point",
       "coordinates":  [ 121.5744552,25.0269 ]
    },
    "properties": {
    "場所名稱":"象山步道",
    "場所地址":"象山步道",
    "場所分類":"觀光旅遊地區",
    "AED放置地點":"超然亭",
    "行政區":"信義區"
    }
  },
  {
    "type": "Feature",
    "geometry": {
       "type": "Point",
       "coordinates":  [ 121.5744552,25.0269 ]
    },
    "properties": {
    "場所名稱":"象山步道",
    "場所地址":"象山步道",
    "場所分類":"觀光旅遊地區",
    "AED放置地點":"永春亭",
    "行政區":"信義區"
    }
  },
  {
    "type": "Feature",
    "geometry": {
       "type": "Point",
       "coordinates":  [ 121.5667558,25.03180456 ]
    },
    "properties": {
    "場所名稱":"臺北市信義運動中心",
    "場所地址":"松勤街100號",
    "場所分類":"學校、大型集會場所",
    "AED放置地點":"本館四樓",
    "行政區":"信義區"
    }
  },
  {
    "type": "Feature",
    "geometry": {
       "type": "Point",
       "coordinates":  [ 121.568747,25.037165 ]
    },
    "properties": {
    "場所名稱":"達新壯股份有限公司(Hypercore超核心健身中心台北信義松仁館)",
    "場所地址":"松仁路89號地下一樓",
    "場所分類":"學校、大型集會場所",
    "AED放置地點":"有氧器材區",
    "行政區":"信義區"
    }
  },
  {
    "type": "Feature",
    "geometry": {
       "type": "Point",
       "coordinates":  [ 121.5676304,25.0332045 ]
    },
    "properties": {
    "場所名稱":"臺北市政府警察局信義分局三張犁派出所",
    "場所地址":"信義路五段17號1樓",
    "場所分類":"公眾服務單位設施",
    "AED放置地點":"臺北市信義區信義路五段17號1樓(三張犁派出所)",
    "行政區":"信義區"
    }
  },
  {
    "type": "Feature",
    "geometry": {
       "type": "Point",
       "coordinates":  [ 121.5614532,25.0445736 ]
    },
    "properties": {
    "場所名稱":"誠品行旅",
    "場所地址":"菸廠路98號",
    "場所分類":"旅宿場所",
    "AED放置地點":"飯店入口服務中心",
    "行政區":"信義區"
    }
  },
  {
    "type": "Feature",
    "geometry": {
       "type": "Point",
       "coordinates":  [ 121.5615707,25.04216558 ]
    },
    "properties": {
    "場所名稱":"星宇航空股份有限公司",
    "場所地址":"忠孝東路四段525號11樓",
    "場所分類":"長距離交通工具",
    "AED放置地點":"星宇客機B-58301",
    "行政區":"信義區"
    }
  },
  {
    "type": "Feature",
    "geometry": {
       "type": "Point",
       "coordinates":  [ 121.578054,25.049263 ]
    },
    "properties": {
    "場所名稱":"國營臺灣鐵路股份有限公司北區營運處臺北運務段松山站",
    "場所地址":"永吉里松山路11號",
    "場所分類":"交通要衝",
    "AED放置地點":"松山車站B1F東剪票口",
    "行政區":"信義區"
    }
  },
  {
    "type": "Feature",
    "geometry": {
       "type": "Point",
       "coordinates":  [ 121.5814527,25.0383539 ]
    },
    "properties": {
    "場所名稱":"臺北市立浩然敬老院",
    "場所地址":"福德街84巷36號2樓",
    "場所分類":"其他",
    "AED放置地點":"2樓護理站",
    "行政區":"信義區"
    }
  },
  {
    "type": "Feature",
    "geometry": {
       "type": "Point",
       "coordinates":  [ 121.559901,25.044363 ]
    },
    "properties": {
    "場所名稱":"松山文創園區",
    "場所地址":"光復南路133號",
    "場所分類":"觀光旅遊地區",
    "AED放置地點":"辦公區",
    "行政區":"信義區"
    }
  },
  {
    "type": "Feature",
    "geometry": {
       "type": "Point",
       "coordinates":  [ 121.566153,25.028846 ]
    },
    "properties": {
    "場所名稱":"臺北市松山地政事務所",
    "場所地址":"莊敬路391巷11弄2號",
    "場所分類":"其他",
    "AED放置地點":"一樓大廳",
    "行政區":"信義區"
    }
  },
  {
    "type": "Feature",
    "geometry": {
       "type": "Point",
       "coordinates":  [ 121.583725,25.041676 ]
    },
    "properties": {
    "場所名稱":"韻鏗學校財團法人臺北市協和祐德高級中等學校",
    "場所地址":"忠孝東路5段790巷27號",
    "場所分類":"學校、大型集會場所",
    "AED放置地點":"臺北市協和祐德高中校門口警衛室內",
    "行政區":"信義區"
    }
  },
  {
    "type": "Feature",
    "geometry": {
       "type": "Point",
       "coordinates":  [ 121.5832762,25.0388955 ]
    },
    "properties": {
    "場所名稱":"臺北市立浩然敬老院 廣慈園區B棟",
    "場所地址":"大道路116號",
    "場所分類":"其他",
    "AED放置地點":"2樓迎賓大廳",
    "行政區":"信義區"
    }
  },
  {
    "type": "Feature",
    "geometry": {
       "type": "Point",
       "coordinates":  [ 121.570022,25.046751 ]
    },
    "properties": {
    "場所名稱":"臺北市信義區興雅國民小學",
    "場所地址":"基隆路一段83巷9號",
    "場所分類":"學校、大型集會場所",
    "AED放置地點":"臺北市信義區興雅國民小學",
    "行政區":"信義區"
    }
  },
  {
    "type": "Feature",
    "geometry": {
       "type": "Point",
       "coordinates":  [ 121.563206,25.03186 ]
    },
    "properties": {
    "場所名稱":"臺北市信義區信義國民小學",
    "場所地址":"松勤街60號",
    "場所分類":"其他",
    "AED放置地點":"活動中心一樓",
    "行政區":"信義區"
    }
  },
  {
    "type": "Feature",
    "geometry": {
       "type": "Point",
       "coordinates":  [ 121.565885,25.04305517 ]
    },
    "properties": {
    "場所名稱":"More Fit 市府店",
    "場所地址":"基隆路一段139號B1",
    "場所分類":"學校、大型集會場所",
    "AED放置地點":"櫃檯前",
    "行政區":"信義區"
    }
  },
  {
    "type": "Feature",
    "geometry": {
       "type": "Point",
       "coordinates":  [ 121.5744552,25.0269 ]
    },
    "properties": {
    "場所名稱":"象山步道",
    "場所地址":"象山步道",
    "場所分類":"觀光旅遊地區",
    "AED放置地點":"象山步道-攝手平台",
    "行政區":"信義區"
    }
  },
  {
    "type": "Feature",
    "geometry": {
       "type": "Point",
       "coordinates":  [ 121.5744552,25.0269 ]
    },
    "properties": {
    "場所名稱":"象山步道",
    "場所地址":"象山步道",
    "場所分類":"觀光旅遊地區",
    "AED放置地點":"六巨石",
    "行政區":"信義區"
    }
  },
  {
    "type": "Feature",
    "geometry": {
       "type": "Point",
       "coordinates":  [ 121.586503,25.038899 ]
    },
    "properties": {
    "場所名稱":"臺北市信義區福德國民小學",
    "場所地址":"福德街253號",
    "場所分類":"其他",
    "AED放置地點":"福德國小校門口川堂",
    "行政區":"信義區"
    }
  },
  {
    "type": "Feature",
    "geometry": {
       "type": "Point",
       "coordinates":  [ 121.567733,25.039668 ]
    },
    "properties": {
    "場所名稱":"BELLAVITA 寶麗廣場",
    "場所地址":"松仁路28號",
    "場所分類":"大型購物場所",
    "AED放置地點":"B1F客服中心",
    "行政區":"信義區"
    }
  },
  {
    "type": "Feature",
    "geometry": {
       "type": "Point",
       "coordinates":  [ 121.587484,25.03652 ]
    },
    "properties": {
    "場所名稱":"松山慈惠堂",
    "場所地址":"福德街251巷33號",
    "場所分類":"其他",
    "AED放置地點":"文昌帝君殿左側",
    "行政區":"信義區"
    }
  },
  {
    "type": "Feature",
    "geometry": {
       "type": "Point",
       "coordinates":  [ 121.568716,25.025743 ]
    },
    "properties": {
    "場所名稱":"臺北市信義區吳興國民小學",
    "場所地址":"松仁路226號",
    "場所分類":"其他",
    "AED放置地點":"交通安全室外",
    "行政區":"信義區"
    }
  },
  {
    "type": "Feature",
    "geometry": {
       "type": "Point",
       "coordinates":  [ 121.561351,25.044561 ]
    },
    "properties": {
    "場所名稱":"誠品股份有限公司–誠品電影院",
    "場所地址":"菸廠路88號",
    "場所分類":"大型休閒場所",
    "AED放置地點":"B2F誠品電影院",
    "行政區":"信義區"
    }
  },
  {
    "type": "Feature",
    "geometry": {
       "type": "Point",
       "coordinates":  [ 121.567273,25.038983 ]
    },
    "properties": {
    "場所名稱":"微風置地股份有限公司松高分公司",
    "場所地址":"松高路16號",
    "場所分類":"大型購物場所",
    "AED放置地點":"3F女廁前面",
    "行政區":"信義區"
    }
  },
  {
    "type": "Feature",
    "geometry": {
       "type": "Point",
       "coordinates":  [ 121.570456,25.036184 ]
    },
    "properties": {
    "場所名稱":"臺北市信義區博愛國民小學",
    "場所地址":"松仁路95巷20號(博愛國小)",
    "場所分類":"其他",
    "AED放置地點":"1F前穿堂",
    "行政區":"信義區"
    }
  },
  {
    "type": "Feature",
    "geometry": {
       "type": "Point",
       "coordinates":  [ 121.562439,25.035255 ]
    },
    "properties": {
    "場所名稱":"豐隆大飯店股份有限公司(台北君悅酒店)1樓商務中心",
    "場所地址":"松壽路2號",
    "場所分類":"旅宿場所",
    "AED放置地點":"5樓健身中心",
    "行政區":"信義區"
    }
  },
  {
    "type": "Feature",
    "geometry": {
       "type": "Point",
       "coordinates":  [ 121.566478,25.036086 ]
    },
    "properties": {
    "場所名稱":"新光三越百貨股份有限公司台北信義分公司三館",
    "場所地址":"松壽路9號",
    "場所分類":"大型購物場所",
    "AED放置地點":"3樓醫務室",
    "行政區":"信義區"
    }
  },
  {
    "type": "Feature",
    "geometry": {
       "type": "Point",
       "coordinates":  [ 121.574281,25.034946 ]
    },
    "properties": {
    "場所名稱":"誠品股份有限公司196號辦公室",
    "場所地址":"松德路196號B1F",
    "場所分類":"其他",
    "AED放置地點":"松德辦公室門口",
    "行政區":"信義區"
    }
  },
  {
    "type": "Feature",
    "geometry": {
       "type": "Point",
       "coordinates":  [ 121.5819729,25.03772618 ]
    },
    "properties": {
    "場所名稱":"臺北市信義區戶政事務所",
    "場所地址":"福德街86號6樓",
    "場所分類":"其他",
    "AED放置地點":"信義區行政中心6樓戶政事務所",
    "行政區":"信義區"
    }
  },
  {
    "type": "Feature",
    "geometry": {
       "type": "Point",
       "coordinates":  [ 121.575887,25.045646 ]
    },
    "properties": {
    "場所名稱":"臺北市政府警察局信義分局五分埔派出所",
    "場所地址":"永吉路333號",
    "場所分類":"公眾服務單位設施",
    "AED放置地點":"一樓半",
    "行政區":"信義區"
    }
  },
  {
    "type": "Feature",
    "geometry": {
       "type": "Point",
       "coordinates":  [ 121.563928,25.026586 ]
    },
    "properties": {
    "場所名稱":"臺北市政府警察局信義分局吳興街派出所",
    "場所地址":"吳興街262號",
    "場所分類":"公眾服務單位設施",
    "AED放置地點":"派出所大門進入右方",
    "行政區":"信義區"
    }
  },
  {
    "type": "Feature",
    "geometry": {
       "type": "Point",
       "coordinates":  [ 121.5819729,25.03772618 ]
    },
    "properties": {
    "場所名稱":"臺北市政府警察局信義分局福德街派出所",
    "場所地址":"福德街86號(福德街派出所)",
    "場所分類":"公眾服務單位設施",
    "AED放置地點":"1樓值班台後方",
    "行政區":"信義區"
    }
  },
  {
    "type": "Feature",
    "geometry": {
       "type": "Point",
       "coordinates":  [ 121.567508,25.03317 ]
    },
    "properties": {
    "場所名稱":"臺北市政府警察局交通警察大隊信義分隊",
    "場所地址":"信義路5段17號西側",
    "場所分類":"其他",
    "AED放置地點":"一樓辦公室為民服務區",
    "行政區":"信義區"
    }
  },
  {
    "type": "Feature",
    "geometry": {
       "type": "Point",
       "coordinates":  [ 121.56405,25.041589 ]
    },
    "properties": {
    "場所名稱":"全真概念健康事業股份有限公司-忠孝分公司",
    "場所地址":"忠孝東路4段563號地下一樓",
    "場所分類":"其他",
    "AED放置地點":"地下一樓教練部櫃檯旁",
    "行政區":"信義區"
    }
  },
  {
    "type": "Feature",
    "geometry": {
       "type": "Point",
       "coordinates":  [ 121.5615707,25.04216558 ]
    },
    "properties": {
    "場所名稱":"星宇航空股份有限公司",
    "場所地址":"忠孝東路四段525號11樓",
    "場所分類":"長距離交通工具",
    "AED放置地點":"星宇客機B-58205",
    "行政區":"信義區"
    }
  },
  {
    "type": "Feature",
    "geometry": {
       "type": "Point",
       "coordinates":  [ 121.587484,25.03652 ]
    },
    "properties": {
    "場所名稱":"松山慈惠堂",
    "場所地址":"福德街251巷33號",
    "場所分類":"其他",
    "AED放置地點":"義消辦公室外左側",
    "行政區":"信義區"
    }
  },
  {
    "type": "Feature",
    "geometry": {
       "type": "Point",
       "coordinates":  [ 121.567326,25.046411 ]
    },
    "properties": {
    "場所名稱":"北都汽車股份有限公司-松山廠",
    "場所地址":"基隆路一段88號",
    "場所分類":"其他",
    "AED放置地點":"3樓結帳櫃檯後方",
    "行政區":"信義區"
    }
  },
  {
    "type": "Feature",
    "geometry": {
       "type": "Point",
       "coordinates":  [ 121.564359,25.038211 ]
    },
    "properties": {
    "場所名稱":"臺北市政府市政大樓",
    "場所地址":"臺北市市府路1號",
    "場所分類":"其他",
    "AED放置地點":"西大門服務臺",
    "行政區":"信義區"
    }
  },
  {
    "type": "Feature",
    "geometry": {
       "type": "Point",
       "coordinates":  [ 121.567269,25.036218 ]
    },
    "properties": {
    "場所名稱":"新光三越百貨股份有限公司台北信義分公司",
    "場所地址":"松壽路11號",
    "場所分類":"大型購物場所",
    "AED放置地點":"6F醫務室",
    "行政區":"信義區"
    }
  },
  {
    "type": "Feature",
    "geometry": {
       "type": "Point",
       "coordinates":  [ 121.563538,25.040171 ]
    },
    "properties": {
    "場所名稱":"遠雄房地產發展股份有限公司",
    "場所地址":"基隆路一段200號",
    "場所分類":"其他",
    "AED放置地點":"遠雄房地產發展股份有限公司",
    "行政區":"信義區"
    }
  },
  {
    "type": "Feature",
    "geometry": {
       "type": "Point",
       "coordinates":  [ 121.570669,25.041175 ]
    },
    "properties": {
    "場所名稱":"臺北市政府環境保護局信義區清潔隊五分埔分隊",
    "場所地址":"忠孝東路5段257巷2號",
    "場所分類":"其他",
    "AED放置地點":"放梯廳間",
    "行政區":"信義區"
    }
  },
  {
    "type": "Feature",
    "geometry": {
       "type": "Point",
       "coordinates":  [ 121.5875426,25.03661554 ]
    },
    "properties": {
    "場所名稱":"四獸山-象山95峰(亞洲形上觀音山揹水隊捐贈)",
    "場所地址":" ",
    "場所分類":"其他",
    "AED放置地點":"四獸山-象山95峰(亞洲形上觀音山揹水隊捐贈)",
    "行政區":"信義區"
    }
  },
  {
    "type": "Feature",
    "geometry": {
       "type": "Point",
       "coordinates":  [ 121.579005,25.049366 ]
    },
    "properties": {
    "場所名稱":"全球人壽保險股份有限公司",
    "場所地址":"市民大道六段288號4樓",
    "場所分類":"其他",
    "AED放置地點":"全球人壽17樓",
    "行政區":"信義區"
    }
  },
  {
    "type": "Feature",
    "geometry": {
       "type": "Point",
       "coordinates":  [ 121.572799,25.034837 ]
    },
    "properties": {
    "場所名稱":"興雅國中地下停車場",
    "場所地址":"松德路200巷18號B1",
    "場所分類":"其他",
    "AED放置地點":"松德路200巷18號B1",
    "行政區":"信義區"
    }
  },
  {
    "type": "Feature",
    "geometry": {
       "type": "Point",
       "coordinates":  [ 121.567712,25.033211 ]
    },
    "properties": {
    "場所名稱":"信義廣場地下停車場",
    "場所地址":"信義路5段11號B1",
    "場所分類":"其他",
    "AED放置地點":"信義路5段11號B1",
    "行政區":"信義區"
    }
  },
  {
    "type": "Feature",
    "geometry": {
       "type": "Point",
       "coordinates":  [ 121.56822,25.040234 ]
    },
    "properties": {
    "場所名稱":"忠信公園地下停車場",
    "場所地址":"松仁路2號B1",
    "場所分類":"其他",
    "AED放置地點":"松仁路2號B1",
    "行政區":"信義區"
    }
  },
  {
    "type": "Feature",
    "geometry": {
       "type": "Point",
       "coordinates":  [ 121.565955,25.034307 ]
    },
    "properties": {
    "場所名稱":"微風置地股份有限公司南山分公司",
    "場所地址":"松智路17號",
    "場所分類":"大型購物場所",
    "AED放置地點":"B2F服務台旁",
    "行政區":"信義區"
    }
  },
  {
    "type": "Feature",
    "geometry": {
       "type": "Point",
       "coordinates":  [ 121.557853,25.04027 ]
    },
    "properties": {
    "場所名稱":"臺北市信義區光復國民小學",
    "場所地址":"光復南路271號",
    "場所分類":"其他",
    "AED放置地點":"明德樓一樓",
    "行政區":"信義區"
    }
  },
  {
    "type": "Feature",
    "geometry": {
       "type": "Point",
       "coordinates":  [ 121.565136,25.040914 ]
    },
    "properties": {
    "場所名稱":"市府轉運站",
    "場所地址":"忠孝東路五段六號",
    "場所分類":"交通要衝",
    "AED放置地點":"售票大廳",
    "行政區":"信義區"
    }
  },
  {
    "type": "Feature",
    "geometry": {
       "type": "Point",
       "coordinates":  [ 121.568976,25.040833 ]
    },
    "properties": {
    "場所名稱":"臺北市政府消防局信義分隊",
    "場所地址":"松仁路1號",
    "場所分類":"其他",
    "AED放置地點":"1樓值班室",
    "行政區":"信義區"
    }
  },
  {
    "type": "Feature",
    "geometry": {
       "type": "Point",
       "coordinates":  [ 121.580466,25.046731 ]
    },
    "properties": {
    "場所名稱":"五分埔公園地下停車場",
    "場所地址":"中坡北路57號口B1",
    "場所分類":"其他",
    "AED放置地點":"中坡北路57號口B1",
    "行政區":"信義區"
    }
  },
  {
    "type": "Feature",
    "geometry": {
       "type": "Point",
       "coordinates":  [ 121.566153,25.028846 ]
    },
    "properties": {
    "場所名稱":"臺北市災害應變中心地下停車場",
    "場所地址":"莊敬路391巷11弄2號B1",
    "場所分類":"其他",
    "AED放置地點":"莊敬路391巷11弄2號B1",
    "行政區":"信義區"
    }
  },
  {
    "type": "Feature",
    "geometry": {
       "type": "Point",
       "coordinates":  [ 121.578299,25.04919 ]
    },
    "properties": {
    "場所名稱":"松山車站地下停車場",
    "場所地址":"松山路11號B1",
    "場所分類":"其他",
    "AED放置地點":"松山路11號B1",
    "行政區":"信義區"
    }
  },
  {
    "type": "Feature",
    "geometry": {
       "type": "Point",
       "coordinates":  [ 121.574243,25.032054 ]
    },
    "properties": {
    "場所名稱":"臺北市停車管理工程處",
    "場所地址":"松德路300號6樓",
    "場所分類":"其他",
    "AED放置地點":"松德路300號6樓",
    "行政區":"信義區"
    }
  },
  {
    "type": "Feature",
    "geometry": {
       "type": "Point",
       "coordinates":  [ 121.5791373,25.04921453 ]
    },
    "properties": {
    "場所名稱":"台灣飛利浦股份有限公司(台北)",
    "場所地址":"市民大道六段288號10樓之6",
    "場所分類":"其他",
    "AED放置地點":"台灣飛利浦接待大廳",
    "行政區":"信義區"
    }
  },
  {
    "type": "Feature",
    "geometry": {
       "type": "Point",
       "coordinates":  [ 121.5615707,25.04216558 ]
    },
    "properties": {
    "場所名稱":"星宇航空股份有限公司",
    "場所地址":"忠孝東路四段525號11樓",
    "場所分類":"長距離交通工具",
    "AED放置地點":"星宇客機B-58213",
    "行政區":"信義區"
    }
  },
  {
    "type": "Feature",
    "geometry": {
       "type": "Point",
       "coordinates":  [ 121.564472,25.033964 ]
    },
    "properties": {
    "場所名稱":"野村證券投資信託股份有限公司(臺北市)",
    "場所地址":"信義路5段7號30樓",
    "場所分類":"其他",
    "AED放置地點":"野村證券投資信託股份有限公司",
    "行政區":"信義區"
    }
  },
  {
    "type": "Feature",
    "geometry": {
       "type": "Point",
       "coordinates":  [ 121.559302,25.043938 ]
    },
    "properties": {
    "場所名稱":"誠品生活股份有限公司松菸店",
    "場所地址":"菸廠路88號",
    "場所分類":"大型購物場所",
    "AED放置地點":"B1F美食街手扶梯口",
    "行政區":"信義區"
    }
  },
  {
    "type": "Feature",
    "geometry": {
       "type": "Point",
       "coordinates":  [ 121.579005,25.049366 ]
    },
    "properties": {
    "場所名稱":"全球人壽保險股份有限公司",
    "場所地址":"市民大道六段288號4樓",
    "場所分類":"其他",
    "AED放置地點":"4樓大廳",
    "行政區":"信義區"
    }
  },
  {
    "type": "Feature",
    "geometry": {
       "type": "Point",
       "coordinates":  [ 121.5819729,25.03772618 ]
    },
    "properties": {
    "場所名稱":"信義就業服務站",
    "場所地址":"福德街86號8樓",
    "場所分類":"其他",
    "AED放置地點":"信義就業服務站",
    "行政區":"信義區"
    }
  },
  {
    "type": "Feature",
    "geometry": {
       "type": "Point",
       "coordinates":  [ 121.560814,25.034417 ]
    },
    "properties": {
    "場所名稱":"台北世界貿易中心國際貿易大樓",
    "場所地址":"基隆路1段333號",
    "場所分類":"其他",
    "AED放置地點":"一樓大廳服務台",
    "行政區":"信義區"
    }
  },
  {
    "type": "Feature",
    "geometry": {
       "type": "Point",
       "coordinates":  [ 121.561022,25.03369 ]
    },
    "properties": {
    "場所名稱":"外貿協會台北國際會議中心",
    "場所地址":"信義路5段1號",
    "場所分類":"大型休閒場所",
    "AED放置地點":"1樓大廳服務台",
    "行政區":"信義區"
    }
  },
  {
    "type": "Feature",
    "geometry": {
       "type": "Point",
       "coordinates":  [ 121.562245,25.03317 ]
    },
    "properties": {
    "場所名稱":"台北世貿中心展覽大樓",
    "場所地址":"信義路5段5號",
    "場所分類":"其他",
    "AED放置地點":"展覽大樓5樓D區21室前",
    "行政區":"信義區"
    }
  },
  {
    "type": "Feature",
    "geometry": {
       "type": "Point",
       "coordinates":  [ 121.560265,25.03955 ]
    },
    "properties": {
    "場所名稱":"國立國父紀念館",
    "場所地址":"仁愛路4段505號",
    "場所分類":"觀光旅遊地區",
    "AED放置地點":"臨時辦公室-長棟服務台前",
    "行政區":"信義區"
    }
  },
  {
    "type": "Feature",
    "geometry": {
       "type": "Point",
       "coordinates":  [ 121.559302,25.043938 ]
    },
    "properties": {
    "場所名稱":"誠品生活股份有限公司松菸店",
    "場所地址":"菸廠路88號",
    "場所分類":"大型購物場所",
    "AED放置地點":"3F讀者服務中心",
    "行政區":"信義區"
    }
  },
  {
    "type": "Feature",
    "geometry": {
       "type": "Point",
       "coordinates":  [ 121.561219,25.03275 ]
    },
    "properties": {
    "場所名稱":"艾奕康工程顧問股份有限公司",
    "場所地址":"信義路五段8號16樓",
    "場所分類":"其他",
    "AED放置地點":"辦公室管制門內",
    "行政區":"信義區"
    }
  },
  {
    "type": "Feature",
    "geometry": {
       "type": "Point",
       "coordinates":  [ 121.5615707,25.04216558 ]
    },
    "properties": {
    "場所名稱":"星宇航空股份有限公司",
    "場所地址":"忠孝東路四段525號11樓",
    "場所分類":"長距離交通工具",
    "AED放置地點":"星宇客機B-58510",
    "行政區":"信義區"
    }
  },
  {
    "type": "Feature",
    "geometry": {
       "type": "Point",
       "coordinates":  [ 121.56673,25.038021 ]
    },
    "properties": {
    "場所名稱":"新光三越百貨股份有限公司台北信義分公司二館",
    "場所地址":"松高路12號",
    "場所分類":"大型購物場所",
    "AED放置地點":"4F醫務室",
    "行政區":"信義區"
    }
  },
  {
    "type": "Feature",
    "geometry": {
       "type": "Point",
       "coordinates":  [ 121.562245,25.03317 ]
    },
    "properties": {
    "場所名稱":"台北世貿中心展覽大樓",
    "場所地址":"信義路5段5號",
    "場所分類":"其他",
    "AED放置地點":"世貿中心展覽大樓南大門哺乳室旁",
    "行政區":"信義區"
    }
  },
  {
    "type": "Feature",
    "geometry": {
       "type": "Point",
       "coordinates":  [ 121.559024,25.0349859 ]
    },
    "properties": {
    "場所名稱":"臺北市立信義幼兒園",
    "場所地址":"基隆路一段364巷24號",
    "場所分類":"其他",
    "AED放置地點":"台北市信義區基隆路一段364巷24號",
    "行政區":"信義區"
    }
  },
  {
    "type": "Feature",
    "geometry": {
       "type": "Point",
       "coordinates":  [ 121.570022,25.046751 ]
    },
    "properties": {
    "場所名稱":"臺北市信義區興雅國民小學",
    "場所地址":"基隆路一段83巷9號",
    "場所分類":"學校、大型集會場所",
    "AED放置地點":"臺北市信義區興雅國民小學",
    "行政區":"信義區"
    }
  },
  {
    "type": "Feature",
    "geometry": {
       "type": "Point",
       "coordinates":  [ 121.512915,25.04606111 ]
    },
    "properties": {
    "場所名稱":"柯旅天閣股份有限公司開封分公司",
    "場所地址":"開封街一段33號1樓",
    "場所分類":"旅宿場所",
    "AED放置地點":"本館大廳",
    "行政區":"中正區"
    }
  },
  {
    "type": "Feature",
    "geometry": {
       "type": "Point",
       "coordinates":  [ 121.507491,25.035916 ]
    },
    "properties": {
    "場所名稱":"內政部警政署警察廣播電臺",
    "場所地址":"廣州街17號",
    "場所分類":"其他",
    "AED放置地點":"1樓大廳",
    "行政區":"中正區"
    }
  },
  {
    "type": "Feature",
    "geometry": {
       "type": "Point",
       "coordinates":  [ 121.510282,25.035013 ]
    },
    "properties": {
    "場所名稱":"永豐餘消費品實業股份有限公司(臺北市)",
    "場所地址":"重慶南路二段51號(16F)",
    "場所分類":"其他",
    "AED放置地點":"台北市中正區重慶南路二段51號17F",
    "行政區":"中正區"
    }
  },
  {
    "type": "Feature",
    "geometry": {
       "type": "Point",
       "coordinates":  [ 121.529399,25.04413 ]
    },
    "properties": {
    "場所名稱":"華山1914文化創意產業園區",
    "場所地址":"八德路一段一號",
    "場所分類":"觀光旅遊地區",
    "AED放置地點":"中4-2樓文化部小客廳外公共區",
    "行政區":"中正區"
    }
  },
  {
    "type": "Feature",
    "geometry": {
       "type": "Point",
       "coordinates":  [ 121.534973,25.013651 ]
    },
    "properties": {
    "場所名稱":"臺北市水源劇場",
    "場所地址":"羅斯福路四段92號10樓",
    "場所分類":"大型休閒場所",
    "AED放置地點":"水源劇場大廳走廊",
    "行政區":"中正區"
    }
  },
  {
    "type": "Feature",
    "geometry": {
       "type": "Point",
       "coordinates":  [ 121.51822,25.032755 ]
    },
    "properties": {
    "場所名稱":"臺北捷運中正紀念堂站R08",
    "場所地址":"羅斯福路1段8-1號",
    "場所分類":"交通要衝",
    "AED放置地點":"捷運中正紀念堂站",
    "行政區":"中正區"
    }
  },
  {
    "type": "Feature",
    "geometry": {
       "type": "Point",
       "coordinates":  [ 121.515967,25.041297 ]
    },
    "properties": {
    "場所名稱":"臺北捷運臺大醫院站R09",
    "場所地址":"公園路52號",
    "場所分類":"交通要衝",
    "AED放置地點":"捷運台大醫院站",
    "行政區":"中正區"
    }
  },
  {
    "type": "Feature",
    "geometry": {
       "type": "Point",
       "coordinates":  [ 121.5223842,25.042619 ]
    },
    "properties": {
    "場所名稱":"中國航運大樓",
    "場所地址":"濟南路一段15號",
    "場所分類":"觀光旅遊地區",
    "AED放置地點":"本棟4樓",
    "行政區":"中正區"
    }
  },
  {
    "type": "Feature",
    "geometry": {
       "type": "Point",
       "coordinates":  [ 121.528176,25.020785 ]
    },
    "properties": {
    "場所名稱":"臺北捷運台電大樓站G08",
    "場所地址":"羅斯福3段126之5號",
    "場所分類":"交通要衝",
    "AED放置地點":"地下1樓大廳層詢問處附近",
    "行政區":"中正區"
    }
  },
  {
    "type": "Feature",
    "geometry": {
       "type": "Point",
       "coordinates":  [ 121.522814,25.026377 ]
    },
    "properties": {
    "場所名稱":"臺北捷運古亭站G09",
    "場所地址":"羅斯福路2段164-1號",
    "場所分類":"交通要衝",
    "AED放置地點":"地下1樓大廳層詢問處附近",
    "行政區":"中正區"
    }
  },
  {
    "type": "Feature",
    "geometry": {
       "type": "Point",
       "coordinates":  [ 121.510817,25.035569 ]
    },
    "properties": {
    "場所名稱":"臺北捷運小南門站G11",
    "場所地址":"愛國西路22號",
    "場所分類":"交通要衝",
    "AED放置地點":"地下1樓大廳層詢問處附近",
    "行政區":"中正區"
    }
  },
  {
    "type": "Feature",
    "geometry": {
       "type": "Point",
       "coordinates":  [ 121.532342,25.012506 ]
    },
    "properties": {
    "場所名稱":"臺北自來水園區環境教育中心",
    "場所地址":"思源街1號",
    "場所分類":"觀光旅遊地區",
    "AED放置地點":"環教中心1樓",
    "行政區":"中正區"
    }
  },
  {
    "type": "Feature",
    "geometry": {
       "type": "Point",
       "coordinates":  [ 121.524834,25.044194 ]
    },
    "properties": {
    "場所名稱":"臺北市公有華山市場",
    "場所地址":"忠孝東路1段108號",
    "場所分類":"其他",
    "AED放置地點":"2樓1號攤前公共走道",
    "行政區":"中正區"
    }
  },
  {
    "type": "Feature",
    "geometry": {
       "type": "Point",
       "coordinates":  [ 121.520421,25.021649 ]
    },
    "properties": {
    "場所名稱":"財團法人台灣文學發展基金會市定古蹟紀州庵及新館營運管理處",
    "場所地址":"同安街107號",
    "場所分類":"大型休閒場所",
    "AED放置地點":"2F",
    "行政區":"中正區"
    }
  },
  {
    "type": "Feature",
    "geometry": {
       "type": "Point",
       "coordinates":  [ 121.535355,25.012775 ]
    },
    "properties": {
    "場所名稱":"東南亞秀泰影城",
    "場所地址":"羅斯福路4段136巷3號",
    "場所分類":"大型休閒場所",
    "AED放置地點":"2樓販賣部旁邊",
    "行政區":"中正區"
    }
  },
  {
    "type": "Feature",
    "geometry": {
       "type": "Point",
       "coordinates":  [ 121.517081,25.047924 ]
    },
    "properties": {
    "場所名稱":"交通部臺灣鐵路管理局臺北運務段臺北站",
    "場所地址":"北平西路3號1樓",
    "場所分類":"交通要衝",
    "AED放置地點":"B1南迴廊",
    "行政區":"中正區"
    }
  },
  {
    "type": "Feature",
    "geometry": {
       "type": "Point",
       "coordinates":  [ 121.515506,25.045406 ]
    },
    "properties": {
    "場所名稱":"站前聖宜診所",
    "場所地址":"許昌街42號7樓",
    "場所分類":"其他",
    "AED放置地點":"站前聖宜診所",
    "行政區":"中正區"
    }
  },
  {
    "type": "Feature",
    "geometry": {
       "type": "Point",
       "coordinates":  [ 121.5095859,25.0450456 ]
    },
    "properties": {
    "場所名稱":"捷絲旅西門館",
    "場所地址":"中華路一段41號5樓",
    "場所分類":"旅宿場所",
    "AED放置地點":"大門入口左邊休息區",
    "行政區":"中正區"
    }
  },
  {
    "type": "Feature",
    "geometry": {
       "type": "Point",
       "coordinates":  [ 121.5174799,25.04844486 ]
    },
    "properties": {
    "場所名稱":"保證責任臺北市台北地下街場地利用合作社",
    "場所地址":"市民大道1段100號B1",
    "場所分類":"大型購物場所",
    "AED放置地點":"Y28出口",
    "行政區":"中正區"
    }
  },
  {
    "type": "Feature",
    "geometry": {
       "type": "Point",
       "coordinates":  [ 121.509673,25.039029 ]
    },
    "properties": {
    "場所名稱":"中華民國紅十字會台灣省分會(中正區老人服務暨日間照顧中心)(貴陽街)",
    "場所地址":"貴陽街一段60號",
    "場所分類":"其他",
    "AED放置地點":"大廳",
    "行政區":"中正區"
    }
  },
  {
    "type": "Feature",
    "geometry": {
       "type": "Point",
       "coordinates":  [ 121.514734,25.044113 ]
    },
    "properties": {
    "場所名稱":"臺灣土地銀行",
    "場所地址":"館前路46號",
    "場所分類":"其他",
    "AED放置地點":"大樓1樓川堂",
    "行政區":"中正區"
    }
  },
  {
    "type": "Feature",
    "geometry": {
       "type": "Point",
       "coordinates":  [ 121.515826,25.032884 ]
    },
    "properties": {
    "場所名稱":"內政部警政署保安警察第六總隊",
    "場所地址":"南昌路一段10號",
    "場所分類":"其他",
    "AED放置地點":"保六總隊大樓1樓大廳",
    "行政區":"中正區"
    }
  },
  {
    "type": "Feature",
    "geometry": {
       "type": "Point",
       "coordinates":  [ 121.526235,25.019355 ]
    },
    "properties": {
    "場所名稱":"臺北市立螢橋國民中學",
    "場所地址":"汀州路三段4號",
    "場所分類":"學校、大型集會場所",
    "AED放置地點":"螢橋國中學務處前走廊",
    "行政區":"中正區"
    }
  },
  {
    "type": "Feature",
    "geometry": {
       "type": "Point",
       "coordinates":  [ 121.53191,25.045059 ]
    },
    "properties": {
    "場所名稱":"光華數位新天地",
    "場所地址":"市民大道三段8號",
    "場所分類":"大型購物場所",
    "AED放置地點":"一樓服務台",
    "行政區":"中正區"
    }
  },
  {
    "type": "Feature",
    "geometry": {
       "type": "Point",
       "coordinates":  [ 121.5151892,25.02936973 ]
    },
    "properties": {
    "場所名稱":"臺北市政府環境保護局中正區清潔隊區隊部",
    "場所地址":"重慶南路三段6號",
    "場所分類":"其他",
    "AED放置地點":"大門旁",
    "行政區":"中正區"
    }
  },
  {
    "type": "Feature",
    "geometry": {
       "type": "Point",
       "coordinates":  [ 121.5140559,25.04435575 ]
    },
    "properties": {
    "場所名稱":"臺北市政府環境保護局中正區清潔隊博愛分隊",
    "場所地址":"懷寧街58號1樓",
    "場所分類":"其他",
    "AED放置地點":"辦公室門口",
    "行政區":"中正區"
    }
  },
  {
    "type": "Feature",
    "geometry": {
       "type": "Point",
       "coordinates":  [ 121.5289071,25.0392718 ]
    },
    "properties": {
    "場所名稱":"彰化商業銀行中正分行",
    "場所地址":"金山南路一段47號1樓",
    "場所分類":"其他",
    "AED放置地點":"一樓營業廳大門進入左側",
    "行政區":"中正區"
    }
  },
  {
    "type": "Feature",
    "geometry": {
       "type": "Point",
       "coordinates":  [ 121.517002,25.047916 ]
    },
    "properties": {
    "場所名稱":"台灣高速鐵路(股)公司-台北車站",
    "場所地址":"北平西路3號",
    "場所分類":"交通要衝",
    "AED放置地點":"一月台站務室北側柱面",
    "行政區":"中正區"
    }
  },
  {
    "type": "Feature",
    "geometry": {
       "type": "Point",
       "coordinates":  [ 121.517002,25.047916 ]
    },
    "properties": {
    "場所名稱":"台灣高速鐵路(股)公司-台北車站",
    "場所地址":"北平西路3號",
    "場所分類":"交通要衝",
    "AED放置地點":"二月台站務室北側柱面",
    "行政區":"中正區"
    }
  },
  {
    "type": "Feature",
    "geometry": {
       "type": "Point",
       "coordinates":  [ 121.509905,25.040018 ]
    },
    "properties": {
    "場所名稱":"最高法院-6樓東側",
    "場所地址":"長沙街1段6號",
    "場所分類":"學校、大型集會場所",
    "AED放置地點":"本院辦公室6樓東側電梯前空地",
    "行政區":"中正區"
    }
  },
  {
    "type": "Feature",
    "geometry": {
       "type": "Point",
       "coordinates":  [ 121.509663,25.037856 ]
    },
    "properties": {
    "場所名稱":"東吳大學(城中校區)",
    "場所地址":"貴陽街1段56號",
    "場所分類":"學校、大型集會場所",
    "AED放置地點":"第六大樓門口",
    "行政區":"中正區"
    }
  },
  {
    "type": "Feature",
    "geometry": {
       "type": "Point",
       "coordinates":  [ 121.52274,25.026369 ]
    },
    "properties": {
    "場所名稱":"Curves女性專用30分鐘健身中心古亭店",
    "場所地址":"羅斯福路二段116號3樓之1",
    "場所分類":"學校、大型集會場所",
    "AED放置地點":"置物櫃左側",
    "行政區":"中正區"
    }
  },
  {
    "type": "Feature",
    "geometry": {
       "type": "Point",
       "coordinates":  [ 121.511059,25.036728 ]
    },
    "properties": {
    "場所名稱":"臺灣臺北地方法院",
    "場所地址":"博愛路131號",
    "場所分類":"學校、大型集會場所",
    "AED放置地點":"四樓開庭等候區",
    "行政區":"中正區"
    }
  },
  {
    "type": "Feature",
    "geometry": {
       "type": "Point",
       "coordinates":  [ 121.511059,25.036728 ]
    },
    "properties": {
    "場所名稱":"臺灣臺北地方法院",
    "場所地址":"博愛路131號",
    "場所分類":"學校、大型集會場所",
    "AED放置地點":"一樓大廳",
    "行政區":"中正區"
    }
  },
  {
    "type": "Feature",
    "geometry": {
       "type": "Point",
       "coordinates":  [ 121.5127069,25.04715446 ]
    },
    "properties": {
    "場所名稱":"凱基證券股份有限公司(宏啟大樓13樓)",
    "場所地址":"忠孝西路1段100號13樓",
    "場所分類":"其他",
    "AED放置地點":"13樓梯廳",
    "行政區":"中正區"
    }
  },
  {
    "type": "Feature",
    "geometry": {
       "type": "Point",
       "coordinates":  [ 121.524689,25.044253 ]
    },
    "properties": {
    "場所名稱":"臺北市中正區戶政事務所",
    "場所地址":"忠孝東路一段108號7樓",
    "場所分類":"其他",
    "AED放置地點":"AED放置7樓大廳門口電梯旁",
    "行政區":"中正區"
    }
  },
  {
    "type": "Feature",
    "geometry": {
       "type": "Point",
       "coordinates":  [ 121.518325,25.032193 ]
    },
    "properties": {
    "場所名稱":"臺北市中正區公所",
    "場所地址":"忠孝東路一段108號8樓",
    "場所分類":"其他",
    "AED放置地點":"8樓洽公大廳",
    "行政區":"中正區"
    }
  },
  {
    "type": "Feature",
    "geometry": {
       "type": "Point",
       "coordinates":  [ 121.5285113,25.0412035 ]
    },
    "properties": {
    "場所名稱":"國立臺灣文學館 臺北分館（臺灣文學基地）",
    "場所地址":"濟南路二段27號",
    "場所分類":"大型休閒場所",
    "AED放置地點":"悅讀館",
    "行政區":"中正區"
    }
  },
  {
    "type": "Feature",
    "geometry": {
       "type": "Point",
       "coordinates":  [ 121.526707,25.034539 ]
    },
    "properties": {
    "場所名稱":"臺北市公有東門市場",
    "場所地址":"信義路二段81號",
    "場所分類":"其他",
    "AED放置地點":"自治會辦公室",
    "行政區":"中正區"
    }
  },
  {
    "type": "Feature",
    "geometry": {
       "type": "Point",
       "coordinates":  [ 121.519995,25.045221 ]
    },
    "properties": {
    "場所名稱":"監察院",
    "場所地址":"忠孝東路一段2號",
    "場所分類":"其他",
    "AED放置地點":"大門入口",
    "行政區":"中正區"
    }
  },
  {
    "type": "Feature",
    "geometry": {
       "type": "Point",
       "coordinates":  [ 121.521713,25.026785 ]
    },
    "properties": {
    "場所名稱":"全真概念健康事業股份有限公司-古亭館",
    "場所地址":"和平西路一段2號",
    "場所分類":"學校、大型集會場所",
    "AED放置地點":"1F櫃檯旁",
    "行政區":"中正區"
    }
  },
  {
    "type": "Feature",
    "geometry": {
       "type": "Point",
       "coordinates":  [ 121.5156511,25.0467151 ]
    },
    "properties": {
    "場所名稱":"天成大飯店",
    "場所地址":"忠孝西路一段四十三號",
    "場所分類":"旅宿場所",
    "AED放置地點":"17樓健身房",
    "行政區":"中正區"
    }
  },
  {
    "type": "Feature",
    "geometry": {
       "type": "Point",
       "coordinates":  [ 121.514495,25.0467 ]
    },
    "properties": {
    "場所名稱":"國家攝影文化中心",
    "場所地址":"忠孝西路一段70號",
    "場所分類":"大型休閒場所",
    "AED放置地點":"忠孝西路側出入口走廊",
    "行政區":"中正區"
    }
  },
  {
    "type": "Feature",
    "geometry": {
       "type": "Point",
       "coordinates":  [ 121.515185,25.043675 ]
    },
    "properties": {
    "場所名稱":"合作金庫資產管理股份有限公司",
    "場所地址":"館前路77號3樓",
    "場所分類":"其他",
    "AED放置地點":"合作金庫資產管理股份有限公司辦公室內",
    "行政區":"中正區"
    }
  },
  {
    "type": "Feature",
    "geometry": {
       "type": "Point",
       "coordinates":  [ 121.509441,25.044924 ]
    },
    "properties": {
    "場所名稱":"洛碁大飯店中華館",
    "場所地址":"中華路一段41號13樓",
    "場所分類":"旅宿場所",
    "AED放置地點":"飯店大廳 電梯口",
    "行政區":"中正區"
    }
  },
  {
    "type": "Feature",
    "geometry": {
       "type": "Point",
       "coordinates":  [ 121.525715,25.019752 ]
    },
    "properties": {
    "場所名稱":"臺北市客家文化主題公園",
    "場所地址":"汀州路3段2號",
    "場所分類":"觀光旅遊地區",
    "AED放置地點":"客家文化中心",
    "行政區":"中正區"
    }
  },
  {
    "type": "Feature",
    "geometry": {
       "type": "Point",
       "coordinates":  [ 121.5151256,25.0295551 ]
    },
    "properties": {
    "場所名稱":"台北 NPO 聚落",
    "場所地址":"重慶南路三段2號",
    "場所分類":"學校、大型集會場所",
    "AED放置地點":"四樓櫃檯旁",
    "行政區":"中正區"
    }
  },
  {
    "type": "Feature",
    "geometry": {
       "type": "Point",
       "coordinates":  [ 121.531596,25.042475 ]
    },
    "properties": {
    "場所名稱":"北都汽車股份有限公司-中正廠",
    "場所地址":"忠孝東路2段122號",
    "場所分類":"其他",
    "AED放置地點":"1樓辦公室結帳櫃檯後方",
    "行政區":"中正區"
    }
  },
  {
    "type": "Feature",
    "geometry": {
       "type": "Point",
       "coordinates":  [ 121.515246,25.036073 ]
    },
    "properties": {
    "場所名稱":"臺北市立大學附設實驗國民小學",
    "場所地址":"公園路29號",
    "場所分類":"其他",
    "AED放置地點":"教務處前飲水機旁",
    "行政區":"中正區"
    }
  },
  {
    "type": "Feature",
    "geometry": {
       "type": "Point",
       "coordinates":  [ 121.514891,25.031284 ]
    },
    "properties": {
    "場所名稱":"永豐餘營運管理顧問股份有限公司(臺北市)",
    "場所地址":"重慶南路二段51號1F",
    "場所分類":"其他",
    "AED放置地點":"1樓大廳",
    "行政區":"中正區"
    }
  },
  {
    "type": "Feature",
    "geometry": {
       "type": "Point",
       "coordinates":  [ 121.53245,25.040679 ]
    },
    "properties": {
    "場所名稱":"Curves女性專用30分鐘健身中心忠孝新生店",
    "場所地址":"新生南路1段60號3樓",
    "場所分類":"學校、大型集會場所",
    "AED放置地點":"店內櫃台旁",
    "行政區":"中正區"
    }
  },
  {
    "type": "Feature",
    "geometry": {
       "type": "Point",
       "coordinates":  [ 121.509983,25.024756 ]
    },
    "properties": {
    "場所名稱":"臺北市立古亭國民中學",
    "場所地址":"中華路二段465號",
    "場所分類":"學校、大型集會場所",
    "AED放置地點":"綜合大樓一樓",
    "行政區":"中正區"
    }
  },
  {
    "type": "Feature",
    "geometry": {
       "type": "Point",
       "coordinates":  [ 121.519244,25.037355 ]
    },
    "properties": {
    "場所名稱":"國家表演藝術中心國家兩廳院(國家戲劇院)",
    "場所地址":"中山南路21-1號",
    "場所分類":"大型休閒場所",
    "AED放置地點":"實驗劇場",
    "行政區":"中正區"
    }
  },
  {
    "type": "Feature",
    "geometry": {
       "type": "Point",
       "coordinates":  [ 121.516883,25.037241 ]
    },
    "properties": {
    "場所名稱":"國家圖書館",
    "場所地址":"中山南路20號",
    "場所分類":"大型休閒場所",
    "AED放置地點":"入口左側",
    "行政區":"中正區"
    }
  },
  {
    "type": "Feature",
    "geometry": {
       "type": "Point",
       "coordinates":  [ 121.510763,25.039805 ]
    },
    "properties": {
    "場所名稱":"臺灣高等法院民事庭大廈",
    "場所地址":"貴陽路1段233號",
    "場所分類":"學校、大型集會場所",
    "AED放置地點":"1樓大廳",
    "行政區":"中正區"
    }
  },
  {
    "type": "Feature",
    "geometry": {
       "type": "Point",
       "coordinates":  [ 121.509748,25.040388 ]
    },
    "properties": {
    "場所名稱":"臺灣臺北地方法院寶慶院區",
    "場所地址":"長沙街一段27號",
    "場所分類":"學校、大型集會場所",
    "AED放置地點":"一樓孺慕堂大門入口左側",
    "行政區":"中正區"
    }
  },
  {
    "type": "Feature",
    "geometry": {
       "type": "Point",
       "coordinates":  [ 121.513103,25.038561 ]
    },
    "properties": {
    "場所名稱":"臺北市立第一女子高級中學",
    "場所地址":"重慶南路一段165號",
    "場所分類":"學校、大型集會場所",
    "AED放置地點":"大門口內的會客室",
    "行政區":"中正區"
    }
  },
  {
    "type": "Feature",
    "geometry": {
       "type": "Point",
       "coordinates":  [ 121.517498,25.046273 ]
    },
    "properties": {
    "場所名稱":"臺北捷運台北車站BL12",
    "場所地址":"忠孝西路1段49號",
    "場所分類":"交通要衝",
    "AED放置地點":"捷運板南線台北車站B2層3號詢問處旁(付費區)",
    "行政區":"中正區"
    }
  },
  {
    "type": "Feature",
    "geometry": {
       "type": "Point",
       "coordinates":  [ 121.511829,25.037313 ]
    },
    "properties": {
    "場所名稱":"最高行政法院",
    "場所地址":"重慶南路1段126巷1號",
    "場所分類":"學校、大型集會場所",
    "AED放置地點":"法院1樓",
    "行政區":"中正區"
    }
  },
  {
    "type": "Feature",
    "geometry": {
       "type": "Point",
       "coordinates":  [ 121.524693,25.023107 ]
    },
    "properties": {
    "場所名稱":"智澄體能有限公司",
    "場所地址":"金門街2-5號1樓",
    "場所分類":"其他",
    "AED放置地點":"櫃檯後側",
    "行政區":"中正區"
    }
  },
  {
    "type": "Feature",
    "geometry": {
       "type": "Point",
       "coordinates":  [ 121.519291,25.038234 ]
    },
    "properties": {
    "場所名稱":"臺北市中正運動中心",
    "場所地址":"信義路一段1號",
    "場所分類":"學校、大型集會場所",
    "AED放置地點":"B1游泳池入口",
    "行政區":"中正區"
    }
  },
  {
    "type": "Feature",
    "geometry": {
       "type": "Point",
       "coordinates":  [ 121.5174799,25.04844486 ]
    },
    "properties": {
    "場所名稱":"保證責任臺北市台北地下街場地利用合作社",
    "場所地址":"市民大道1段100號B1",
    "場所分類":"大型購物場所",
    "AED放置地點":"Y13廁所",
    "行政區":"中正區"
    }
  },
  {
    "type": "Feature",
    "geometry": {
       "type": "Point",
       "coordinates":  [ 121.5174799,25.04844486 ]
    },
    "properties": {
    "場所名稱":"保證責任臺北市台北地下街場地利用合作社",
    "場所地址":"市民大道1段100號B1",
    "場所分類":"大型購物場所",
    "AED放置地點":"Y17廁所",
    "行政區":"中正區"
    }
  },
  {
    "type": "Feature",
    "geometry": {
       "type": "Point",
       "coordinates":  [ 121.5174799,25.04844486 ]
    },
    "properties": {
    "場所名稱":"保證責任臺北市台北地下街場地利用合作社",
    "場所地址":"市民大道1段100號B1",
    "場所分類":"大型購物場所",
    "AED放置地點":"Y5廁所",
    "行政區":"中正區"
    }
  },
  {
    "type": "Feature",
    "geometry": {
       "type": "Point",
       "coordinates":  [ 121.516797,25.03035872 ]
    },
    "properties": {
    "場所名稱":"BeeFit蜂運動寧波教室",
    "場所地址":"寧波西街79號",
    "場所分類":"學校、大型集會場所",
    "AED放置地點":"櫃台後方",
    "行政區":"中正區"
    }
  },
  {
    "type": "Feature",
    "geometry": {
       "type": "Point",
       "coordinates":  [ 121.519244,25.037355 ]
    },
    "properties": {
    "場所名稱":"國家表演藝術中心國家兩廳院(國家戲劇院)",
    "場所地址":"中山南路21-1號",
    "場所分類":"大型休閒場所",
    "AED放置地點":"戲劇院一號門售票口",
    "行政區":"中正區"
    }
  },
  {
    "type": "Feature",
    "geometry": {
       "type": "Point",
       "coordinates":  [ 121.5235742,25.0439639 ]
    },
    "properties": {
    "場所名稱":"台北時代寓所",
    "場所地址":"幸福里林森南路7號",
    "場所分類":"旅宿場所",
    "AED放置地點":"本館大廳",
    "行政區":"中正區"
    }
  },
  {
    "type": "Feature",
    "geometry": {
       "type": "Point",
       "coordinates":  [ 121.506346,25.02963 ]
    },
    "properties": {
    "場所名稱":"臺北市中正區忠義國民小學",
    "場所地址":"中華路二段307巷17號",
    "場所分類":"其他",
    "AED放置地點":"川堂",
    "行政區":"中正區"
    }
  },
  {
    "type": "Feature",
    "geometry": {
       "type": "Point",
       "coordinates":  [ 121.512237,25.026566 ]
    },
    "properties": {
    "場所名稱":"臺北市中正區永功里民活動場所",
    "場所地址":"汀州路1段324號",
    "場所分類":"其他",
    "AED放置地點":"永功里民活動場所入口飲水機旁",
    "行政區":"中正區"
    }
  },
  {
    "type": "Feature",
    "geometry": {
       "type": "Point",
       "coordinates":  [ 121.521134,25.029217 ]
    },
    "properties": {
    "場所名稱":"社團法人愛福家協會附設私立愛活樂園社區長照機構",
    "場所地址":"羅斯福路2段5號2樓",
    "場所分類":"其他",
    "AED放置地點":"中正多元照顧中心",
    "行政區":"中正區"
    }
  },
  {
    "type": "Feature",
    "geometry": {
       "type": "Point",
       "coordinates":  [ 121.5235742,25.0439639 ]
    },
    "properties": {
    "場所名稱":"台北時代寓所",
    "場所地址":"幸福里林森南路7號",
    "場所分類":"旅宿場所",
    "AED放置地點":"本館3F健身房",
    "行政區":"中正區"
    }
  },
  {
    "type": "Feature",
    "geometry": {
       "type": "Point",
       "coordinates":  [ 121.512766,25.046128 ]
    },
    "properties": {
    "場所名稱":"綺樂文旅飯店股份有限公司",
    "場所地址":"開封街一段35號",
    "場所分類":"其他",
    "AED放置地點":"享樂文旅開封館",
    "行政區":"中正區"
    }
  },
  {
    "type": "Feature",
    "geometry": {
       "type": "Point",
       "coordinates":  [ 121.514239,25.048674 ]
    },
    "properties": {
    "場所名稱":"桃園大眾捷運股份有限公司(桃園捷運A1台北車站)",
    "場所地址":"鄭州路8號",
    "場所分類":"交通要衝",
    "AED放置地點":"B1層地下街Y24U入口旁 (非付費區)",
    "行政區":"中正區"
    }
  },
  {
    "type": "Feature",
    "geometry": {
       "type": "Point",
       "coordinates":  [ 121.510806,25.046713 ]
    },
    "properties": {
    "場所名稱":"市定古蹟臺北撫臺街洋樓",
    "場所地址":"延平南路26號",
    "場所分類":"其他",
    "AED放置地點":"一樓閱覽室",
    "行政區":"中正區"
    }
  },
  {
    "type": "Feature",
    "geometry": {
       "type": "Point",
       "coordinates":  [ 121.520876,25.038642 ]
    },
    "properties": {
    "場所名稱":"臺北市中正區東門國民小學",
    "場所地址":"仁愛路一段2-4號",
    "場所分類":"其他",
    "AED放置地點":"川堂",
    "行政區":"中正區"
    }
  },
  {
    "type": "Feature",
    "geometry": {
       "type": "Point",
       "coordinates":  [ 121.520655,25.040772 ]
    },
    "properties": {
    "場所名稱":"國立臺灣大學(醫學校區)",
    "場所地址":"仁愛路1段1號",
    "場所分類":"學校、大型集會場所",
    "AED放置地點":"公衛學院",
    "行政區":"中正區"
    }
  },
  {
    "type": "Feature",
    "geometry": {
       "type": "Point",
       "coordinates":  [ 121.517081,25.047924 ]
    },
    "properties": {
    "場所名稱":"交通部臺灣鐵路管理局臺北運務段臺北站",
    "場所地址":"北平西路3號1樓",
    "場所分類":"交通要衝",
    "AED放置地點":"1樓北側鐵路警察局外",
    "行政區":"中正區"
    }
  },
  {
    "type": "Feature",
    "geometry": {
       "type": "Point",
       "coordinates":  [ 121.517081,25.047924 ]
    },
    "properties": {
    "場所名稱":"交通部臺灣鐵路管理局臺北運務段臺北站",
    "場所地址":"北平西路3號1樓",
    "場所分類":"交通要衝",
    "AED放置地點":"1樓大廳南側服務中心內",
    "行政區":"中正區"
    }
  },
  {
    "type": "Feature",
    "geometry": {
       "type": "Point",
       "coordinates":  [ 121.517081,25.047924 ]
    },
    "properties": {
    "場所名稱":"交通部臺灣鐵路管理局臺北運務段臺北站",
    "場所地址":"北平西路3號1樓",
    "場所分類":"交通要衝",
    "AED放置地點":"B2F月台層第四月台嚮導室內",
    "行政區":"中正區"
    }
  },
  {
    "type": "Feature",
    "geometry": {
       "type": "Point",
       "coordinates":  [ 121.5174799,25.04844486 ]
    },
    "properties": {
    "場所名稱":"保證責任臺北市台北地下街場地利用合作社",
    "場所地址":"市民大道1段100號B1",
    "場所分類":"大型購物場所",
    "AED放置地點":"Y2出口",
    "行政區":"中正區"
    }
  },
  {
    "type": "Feature",
    "geometry": {
       "type": "Point",
       "coordinates":  [ 121.5174799,25.04844486 ]
    },
    "properties": {
    "場所名稱":"保證責任臺北市台北地下街場地利用合作社",
    "場所地址":"市民大道1段100號B1",
    "場所分類":"大型購物場所",
    "AED放置地點":"Y8出口",
    "行政區":"中正區"
    }
  },
  {
    "type": "Feature",
    "geometry": {
       "type": "Point",
       "coordinates":  [ 121.5174799,25.04844486 ]
    },
    "properties": {
    "場所名稱":"保證責任臺北市台北地下街場地利用合作社",
    "場所地址":"市民大道1段100號B1",
    "場所分類":"大型購物場所",
    "AED放置地點":"Y21廁所",
    "行政區":"中正區"
    }
  },
  {
    "type": "Feature",
    "geometry": {
       "type": "Point",
       "coordinates":  [ 121.5174799,25.04844486 ]
    },
    "properties": {
    "場所名稱":"保證責任臺北市台北地下街場地利用合作社",
    "場所地址":"市民大道1段100號B1",
    "場所分類":"大型購物場所",
    "AED放置地點":"Y22出口",
    "行政區":"中正區"
    }
  },
  {
    "type": "Feature",
    "geometry": {
       "type": "Point",
       "coordinates":  [ 121.509309,25.042787 ]
    },
    "properties": {
    "場所名稱":"德立莊酒店",
    "場所地址":"秀山街4號",
    "場所分類":"旅宿場所",
    "AED放置地點":"飯店大廳",
    "行政區":"中正區"
    }
  },
  {
    "type": "Feature",
    "geometry": {
       "type": "Point",
       "coordinates":  [ 121.532383,25.010654 ]
    },
    "properties": {
    "場所名稱":"寶藏巖國際藝術村",
    "場所地址":"汀洲路3段230巷14弄2號",
    "場所分類":"觀光旅遊地區",
    "AED放置地點":"寶藏巖國際藝術村",
    "行政區":"中正區"
    }
  },
  {
    "type": "Feature",
    "geometry": {
       "type": "Point",
       "coordinates":  [ 121.53423,25.014616 ]
    },
    "properties": {
    "場所名稱":"香港商世界健身事業有限公司公館分公司",
    "場所地址":"羅斯福路四段68號2F",
    "場所分類":"學校、大型集會場所",
    "AED放置地點":"2F櫃檯飲料販賣機旁邊",
    "行政區":"中正區"
    }
  },
  {
    "type": "Feature",
    "geometry": {
       "type": "Point",
       "coordinates":  [ 121.522318,25.044786 ]
    },
    "properties": {
    "場所名稱":"台北寒舍喜來登大飯店",
    "場所地址":"忠孝東路1段12號",
    "場所分類":"旅宿場所",
    "AED放置地點":"B2宴會廳吸菸室旁",
    "行政區":"中正區"
    }
  },
  {
    "type": "Feature",
    "geometry": {
       "type": "Point",
       "coordinates":  [ 121.517503,25.024734 ]
    },
    "properties": {
    "場所名稱":"尋動率",
    "場所地址":"廈門街75-1號1樓",
    "場所分類":"學校、大型集會場所",
    "AED放置地點":"健身房門口",
    "行政區":"中正區"
    }
  },
  {
    "type": "Feature",
    "geometry": {
       "type": "Point",
       "coordinates":  [ 121.525078,25.040115 ]
    },
    "properties": {
    "場所名稱":"教育部第三辦公室",
    "場所地址":"徐州路48-1號",
    "場所分類":"其他",
    "AED放置地點":"2樓大廳正面左側",
    "行政區":"中正區"
    }
  },
  {
    "type": "Feature",
    "geometry": {
       "type": "Point",
       "coordinates":  [ 121.5134161,25.0468931 ]
    },
    "properties": {
    "場所名稱":"凱基證券(台開大樓)",
    "場所地址":"重慶南路1段2號14樓",
    "場所分類":"其他",
    "AED放置地點":"台開大樓14樓",
    "行政區":"中正區"
    }
  },
  {
    "type": "Feature",
    "geometry": {
       "type": "Point",
       "coordinates":  [ 121.51099,25.02829299 ]
    },
    "properties": {
    "場所名稱":"臺北市政府環境保護局中正區清潔隊南昌分隊",
    "場所地址":"三元街131號7樓",
    "場所分類":"其他",
    "AED放置地點":"辦公室",
    "行政區":"中正區"
    }
  },
  {
    "type": "Feature",
    "geometry": {
       "type": "Point",
       "coordinates":  [ 121.517081,25.047924 ]
    },
    "properties": {
    "場所名稱":"交通部臺灣鐵路管理局臺北運務段臺北站",
    "場所地址":"北平西路3號1樓",
    "場所分類":"交通要衝",
    "AED放置地點":"1F值班站長室旁",
    "行政區":"中正區"
    }
  },
  {
    "type": "Feature",
    "geometry": {
       "type": "Point",
       "coordinates":  [ 121.517081,25.047924 ]
    },
    "properties": {
    "場所名稱":"交通部臺灣鐵路管理局臺北運務段臺北站",
    "場所地址":"北平西路3號1樓",
    "場所分類":"交通要衝",
    "AED放置地點":"B3F捷運共構轉乘處候車休息區內",
    "行政區":"中正區"
    }
  },
  {
    "type": "Feature",
    "geometry": {
       "type": "Point",
       "coordinates":  [ 121.5240874,25.04531265 ]
    },
    "properties": {
    "場所名稱":"臺北市政府環境保護局中正區清潔隊仁愛分隊",
    "場所地址":"林森北路5巷7號",
    "場所分類":"其他",
    "AED放置地點":"辦公室",
    "行政區":"中正區"
    }
  },
  {
    "type": "Feature",
    "geometry": {
       "type": "Point",
       "coordinates":  [ 121.527439,25.013179 ]
    },
    "properties": {
    "場所名稱":"臺北市政府環境保護局中正區清潔隊公館分隊",
    "場所地址":"水源路臨2號",
    "場所分類":"其他",
    "AED放置地點":"大門進去右手邊",
    "行政區":"中正區"
    }
  },
  {
    "type": "Feature",
    "geometry": {
       "type": "Point",
       "coordinates":  [ 121.519159,25.040274 ]
    },
    "properties": {
    "場所名稱":"微風廣場實業股份有限公司台大分公司",
    "場所地址":"中山南路7號B1",
    "場所分類":"大型購物場所",
    "AED放置地點":"微風台大醫院商場服務台左側",
    "行政區":"中正區"
    }
  },
  {
    "type": "Feature",
    "geometry": {
       "type": "Point",
       "coordinates":  [ 121.517081,25.047924 ]
    },
    "properties": {
    "場所名稱":"交通部臺灣鐵路管理局臺北運務段臺北站",
    "場所地址":"北平西路3號1樓",
    "場所分類":"交通要衝",
    "AED放置地點":"B2F月台層第三月台旅客響導室內",
    "行政區":"中正區"
    }
  },
  {
    "type": "Feature",
    "geometry": {
       "type": "Point",
       "coordinates":  [ 121.512982,25.043012 ]
    },
    "properties": {
    "場所名稱":"虎鐵健身工作室",
    "場所地址":"重慶南路一段88號2樓",
    "場所分類":"大型休閒場所",
    "AED放置地點":"辦公室內",
    "行政區":"中正區"
    }
  },
  {
    "type": "Feature",
    "geometry": {
       "type": "Point",
       "coordinates":  [ 121.514159,25.04184 ]
    },
    "properties": {
    "場所名稱":"二二八和平公園",
    "場所地址":"懷寧街103號",
    "場所分類":"其他",
    "AED放置地點":"二二八和平公園駐警室",
    "行政區":"中正區"
    }
  },
  {
    "type": "Feature",
    "geometry": {
       "type": "Point",
       "coordinates":  [ 121.509983,25.024756 ]
    },
    "properties": {
    "場所名稱":"臺北市立古亭國民中學",
    "場所地址":"中華路二段465號",
    "場所分類":"學校、大型集會場所",
    "AED放置地點":"古亭國中一校健康中心門口",
    "行政區":"中正區"
    }
  },
  {
    "type": "Feature",
    "geometry": {
       "type": "Point",
       "coordinates":  [ 121.515283,25.046245 ]
    },
    "properties": {
    "場所名稱":"新光人壽保險股份有限公司",
    "場所地址":"忠孝西路一段66號",
    "場所分類":"其他",
    "AED放置地點":"一樓大廳左側",
    "行政區":"中正區"
    }
  },
  {
    "type": "Feature",
    "geometry": {
       "type": "Point",
       "coordinates":  [ 121.515185,25.043675 ]
    },
    "properties": {
    "場所名稱":"合作金庫資產管理股份有限公司",
    "場所地址":"館前路77號3樓",
    "場所分類":"其他",
    "AED放置地點":"合作金庫資產管理公司三樓辦公室",
    "行政區":"中正區"
    }
  },
  {
    "type": "Feature",
    "geometry": {
       "type": "Point",
       "coordinates":  [ 121.511829,25.037313 ]
    },
    "properties": {
    "場所名稱":"最高行政法院",
    "場所地址":"重慶南路1段126巷1號",
    "場所分類":"學校、大型集會場所",
    "AED放置地點":"法院5樓",
    "行政區":"中正區"
    }
  },
  {
    "type": "Feature",
    "geometry": {
       "type": "Point",
       "coordinates":  [ 121.520421,25.021649 ]
    },
    "properties": {
    "場所名稱":"財團法人台灣文學發展基金會市定古蹟紀州庵及新館營運管理處",
    "場所地址":"同安街107號",
    "場所分類":"大型休閒場所",
    "AED放置地點":"1F",
    "行政區":"中正區"
    }
  },
  {
    "type": "Feature",
    "geometry": {
       "type": "Point",
       "coordinates":  [ 121.517685,25.025864 ]
    },
    "properties": {
    "場所名稱":"臺北市政府警察局中正第二分局廈門街派出所",
    "場所地址":"廈門街43號",
    "場所分類":"公眾服務單位設施",
    "AED放置地點":"值班台旁",
    "行政區":"中正區"
    }
  },
  {
    "type": "Feature",
    "geometry": {
       "type": "Point",
       "coordinates":  [ 121.5220569,25.0323216 ]
    },
    "properties": {
    "場所名稱":"台北市立中正國中游泳池",
    "場所地址":"愛國東路158號-游泳池",
    "場所分類":"學校、大型集會場所",
    "AED放置地點":"藍鯨游泳學校(中正國中校區)",
    "行政區":"中正區"
    }
  },
  {
    "type": "Feature",
    "geometry": {
       "type": "Point",
       "coordinates":  [ 121.523687,25.042334 ]
    },
    "properties": {
    "場所名稱":"臺北市立成功高級中學",
    "場所地址":"濟南路一段71號",
    "場所分類":"學校、大型集會場所",
    "AED放置地點":"學務處前走廊",
    "行政區":"中正區"
    }
  },
  {
    "type": "Feature",
    "geometry": {
       "type": "Point",
       "coordinates":  [ 121.522573,25.039163 ]
    },
    "properties": {
    "場所名稱":"臺北市政府警察局中正第一分局仁愛路派出所",
    "場所地址":"仁愛路1段19號",
    "場所分類":"公眾服務單位設施",
    "AED放置地點":"值班臺旁",
    "行政區":"中正區"
    }
  },
  {
    "type": "Feature",
    "geometry": {
       "type": "Point",
       "coordinates":  [ 121.519291,25.038234 ]
    },
    "properties": {
    "場所名稱":"臺北市中正運動中心",
    "場所地址":"信義路一段1號",
    "場所分類":"學校、大型集會場所",
    "AED放置地點":"3樓籃球場",
    "行政區":"中正區"
    }
  },
  {
    "type": "Feature",
    "geometry": {
       "type": "Point",
       "coordinates":  [ 121.519291,25.038234 ]
    },
    "properties": {
    "場所名稱":"臺北市中正運動中心",
    "場所地址":"信義路一段1號",
    "場所分類":"學校、大型集會場所",
    "AED放置地點":"2樓體適能中心",
    "行政區":"中正區"
    }
  },
  {
    "type": "Feature",
    "geometry": {
       "type": "Point",
       "coordinates":  [ 121.5108887,25.0304771 ]
    },
    "properties": {
    "場所名稱":"臺北市國語實驗國民小學",
    "場所地址":"南海路58號",
    "場所分類":"其他",
    "AED放置地點":"游泳池",
    "行政區":"中正區"
    }
  },
  {
    "type": "Feature",
    "geometry": {
       "type": "Point",
       "coordinates":  [ 121.513103,25.038561 ]
    },
    "properties": {
    "場所名稱":"臺北市立第一女子高級中學",
    "場所地址":"重慶南路一段165號",
    "場所分類":"學校、大型集會場所",
    "AED放置地點":"至善樓扇形廣場",
    "行政區":"中正區"
    }
  },
  {
    "type": "Feature",
    "geometry": {
       "type": "Point",
       "coordinates":  [ 121.519872,25.042141 ]
    },
    "properties": {
    "場所名稱":"臺北市中正區河堤國民小學",
    "場所地址":"汀州路2段180號",
    "場所分類":"其他",
    "AED放置地點":"河堤國小警衛室外牆",
    "行政區":"中正區"
    }
  },
  {
    "type": "Feature",
    "geometry": {
       "type": "Point",
       "coordinates":  [ 121.529829,25.016476 ]
    },
    "properties": {
    "場所名稱":"三軍總醫院汀州院區",
    "場所地址":"汀州路三段40號",
    "場所分類":"其他",
    "AED放置地點":"綜合大樓2樓大廳",
    "行政區":"中正區"
    }
  },
  {
    "type": "Feature",
    "geometry": {
       "type": "Point",
       "coordinates":  [ 121.517081,25.047924 ]
    },
    "properties": {
    "場所名稱":"交通部臺灣鐵路管理局臺北運務段臺北站",
    "場所地址":"北平西路3號1樓",
    "場所分類":"交通要衝",
    "AED放置地點":"B1剪票口",
    "行政區":"中正區"
    }
  },
  {
    "type": "Feature",
    "geometry": {
       "type": "Point",
       "coordinates":  [ 121.517081,25.047924 ]
    },
    "properties": {
    "場所名稱":"交通部臺灣鐵路管理局臺北運務段臺北站",
    "場所地址":"北平西路3號1樓",
    "場所分類":"交通要衝",
    "AED放置地點":"B1東出口",
    "行政區":"中正區"
    }
  },
  {
    "type": "Feature",
    "geometry": {
       "type": "Point",
       "coordinates":  [ 121.5283754,25.03789699 ]
    },
    "properties": {
    "場所名稱":"波克萊體能顧問有限公司",
    "場所地址":"金山南路一段65號1樓",
    "場所分類":"學校、大型集會場所",
    "AED放置地點":"進入門口左手邊置物櫃上方",
    "行政區":"中正區"
    }
  },
  {
    "type": "Feature",
    "geometry": {
       "type": "Point",
       "coordinates":  [ 121.524221,25.0453245 ]
    },
    "properties": {
    "場所名稱":"藝響空間-林森59",
    "場所地址":"林森北路5巷9號",
    "場所分類":"其他",
    "AED放置地點":"1樓梯間",
    "行政區":"中正區"
    }
  },
  {
    "type": "Feature",
    "geometry": {
       "type": "Point",
       "coordinates":  [ 121.529829,25.016476 ]
    },
    "properties": {
    "場所名稱":"三軍總醫院汀州院區",
    "場所地址":"汀州路三段40號",
    "場所分類":"其他",
    "AED放置地點":"介壽大樓1樓大廳",
    "行政區":"中正區"
    }
  },
  {
    "type": "Feature",
    "geometry": {
       "type": "Point",
       "coordinates":  [ 121.509089,25.033992 ]
    },
    "properties": {
    "場所名稱":"臺北市立南門國民中學",
    "場所地址":"廣州街6號",
    "場所分類":"其他",
    "AED放置地點":"南門國中",
    "行政區":"中正區"
    }
  },
  {
    "type": "Feature",
    "geometry": {
       "type": "Point",
       "coordinates":  [ 121.514239,25.048674 ]
    },
    "properties": {
    "場所名稱":"桃園大眾捷運股份有限公司(桃園捷運A1台北車站)",
    "場所地址":"鄭州路8號",
    "場所分類":"交通要衝",
    "AED放置地點":"B1臨停車道P3前(非付費區)",
    "行政區":"中正區"
    }
  },
  {
    "type": "Feature",
    "geometry": {
       "type": "Point",
       "coordinates":  [ 121.509748,25.040388 ]
    },
    "properties": {
    "場所名稱":"最高法院第二辦公室寶慶院區",
    "場所地址":"長沙街一段27號",
    "場所分類":"學校、大型集會場所",
    "AED放置地點":"最高法院第二辦公室寶慶院區",
    "行政區":"中正區"
    }
  },
  {
    "type": "Feature",
    "geometry": {
       "type": "Point",
       "coordinates":  [ 121.512074,25.032293 ]
    },
    "properties": {
    "場所名稱":"國立臺灣藝術教育館",
    "場所地址":"南海路43號",
    "場所分類":"大型休閒場所",
    "AED放置地點":"南海書院1樓警衛室旁",
    "行政區":"中正區"
    }
  },
  {
    "type": "Feature",
    "geometry": {
       "type": "Point",
       "coordinates":  [ 121.5307463,25.0143914 ]
    },
    "properties": {
    "場所名稱":"管家婆科技股份有限公司(禮客時尚館公館店)",
    "場所地址":"思源街16號1F",
    "場所分類":"大型購物場所",
    "AED放置地點":"特賣區正對面走道上",
    "行政區":"中正區"
    }
  },
  {
    "type": "Feature",
    "geometry": {
       "type": "Point",
       "coordinates":  [ 121.529829,25.016476 ]
    },
    "properties": {
    "場所名稱":"三軍總醫院汀州院區",
    "場所地址":"汀州路三段40號",
    "場所分類":"其他",
    "AED放置地點":"綜合大樓1樓門診大廳",
    "行政區":"中正區"
    }
  },
  {
    "type": "Feature",
    "geometry": {
       "type": "Point",
       "coordinates":  [ 121.527171,25.043674 ]
    },
    "properties": {
    "場所名稱":"臺北市政府警察局中正第一分局忠孝東路派出所",
    "場所地址":"忠孝東路二段10號",
    "場所分類":"公眾服務單位設施",
    "AED放置地點":"大門口旁",
    "行政區":"中正區"
    }
  },
  {
    "type": "Feature",
    "geometry": {
       "type": "Point",
       "coordinates":  [ 121.532063,25.015134 ]
    },
    "properties": {
    "場所名稱":"臺北市政府警察局中正第二分局思源街派出所",
    "場所地址":"汀州路三段72號",
    "場所分類":"公眾服務單位設施",
    "AED放置地點":"值班台右前方",
    "行政區":"中正區"
    }
  },
  {
    "type": "Feature",
    "geometry": {
       "type": "Point",
       "coordinates":  [ 121.517314,25.045088 ]
    },
    "properties": {
    "場所名稱":"臺北市政府警察局中正第一分局忠孝西路派出所",
    "場所地址":"公園路15號",
    "場所分類":"公眾服務單位設施",
    "AED放置地點":"一樓值勤台旁",
    "行政區":"中正區"
    }
  },
  {
    "type": "Feature",
    "geometry": {
       "type": "Point",
       "coordinates":  [ 121.512129,25.024225 ]
    },
    "properties": {
    "場所名稱":"臺北市政府警察局交通警察大隊直屬第三分隊",
    "場所地址":"泉州街40號10樓",
    "場所分類":"其他",
    "AED放置地點":"10樓值班台前",
    "行政區":"中正區"
    }
  },
  {
    "type": "Feature",
    "geometry": {
       "type": "Point",
       "coordinates":  [ 121.512073,25.024304 ]
    },
    "properties": {
    "場所名稱":"臺北市政府警察局中正第二分局泉州街派出所",
    "場所地址":"中華路二段503號",
    "場所分類":"公眾服務單位設施",
    "AED放置地點":"值班台旁",
    "行政區":"中正區"
    }
  },
  {
    "type": "Feature",
    "geometry": {
       "type": "Point",
       "coordinates":  [ 121.512328,25.024511 ]
    },
    "properties": {
    "場所名稱":"臺北市政府警察局交通警察大隊中正第二分隊",
    "場所地址":"泉州街40號8樓",
    "場所分類":"其他",
    "AED放置地點":"8樓勤臺旁",
    "行政區":"中正區"
    }
  },
  {
    "type": "Feature",
    "geometry": {
       "type": "Point",
       "coordinates":  [ 121.522243,25.044742 ]
    },
    "properties": {
    "場所名稱":"寒舍台北喜來登大飯店",
    "場所地址":"忠孝東路一段12號",
    "場所分類":"旅宿場所",
    "AED放置地點":"17樓會員俱樂部內",
    "行政區":"中正區"
    }
  },
  {
    "type": "Feature",
    "geometry": {
       "type": "Point",
       "coordinates":  [ 121.522318,25.044786 ]
    },
    "properties": {
    "場所名稱":"台北寒舍喜來登大飯店",
    "場所地址":"忠孝東路1段12號",
    "場所分類":"旅宿場所",
    "AED放置地點":"一樓團體報到櫃檯旁",
    "行政區":"中正區"
    }
  },
  {
    "type": "Feature",
    "geometry": {
       "type": "Point",
       "coordinates":  [ 121.524593,25.044355 ]
    },
    "properties": {
    "場所名稱":"臺北市政府環境保護局中正區清潔隊忠孝分隊",
    "場所地址":"台北市中正區忠孝東路一段108號3樓之3",
    "場所分類":"其他",
    "AED放置地點":"辦公室門口",
    "行政區":"中正區"
    }
  },
  {
    "type": "Feature",
    "geometry": {
       "type": "Point",
       "coordinates":  [ 121.522626,25.063935 ]
    },
    "properties": {
    "場所名稱":"好時光民權樂園",
    "場所地址":"中山區中山北路三段1號",
    "場所分類":"學校、大型集會場所",
    "AED放置地點":"休息區椅子上",
    "行政區":"中正區"
    }
  },
  {
    "type": "Feature",
    "geometry": {
       "type": "Point",
       "coordinates":  [ 121.5095664,25.0439422 ]
    },
    "properties": {
    "場所名稱":"臺北市政府警察局",
    "場所地址":"延平南路96號1樓",
    "場所分類":"公眾服務單位設施",
    "AED放置地點":"外事服務中心",
    "行政區":"中正區"
    }
  },
  {
    "type": "Feature",
    "geometry": {
       "type": "Point",
       "coordinates":  [ 121.516608,25.032327 ]
    },
    "properties": {
    "場所名稱":"臺北市政府警察局中正第二分局南昌路派出所",
    "場所地址":"南昌路1段7號",
    "場所分類":"公眾服務單位設施",
    "AED放置地點":"值班台後方往二樓樓梯間。",
    "行政區":"中正區"
    }
  },
  {
    "type": "Feature",
    "geometry": {
       "type": "Point",
       "coordinates":  [ 121.511619,25.041737 ]
    },
    "properties": {
    "場所名稱":"臺北市政府警察局中正第一分局博愛路派出所",
    "場所地址":"博愛路119號",
    "場所分類":"公眾服務單位設施",
    "AED放置地點":"民眾服務區櫃檯前",
    "行政區":"中正區"
    }
  },
  {
    "type": "Feature",
    "geometry": {
       "type": "Point",
       "coordinates":  [ 121.515142,25.045439 ]
    },
    "properties": {
    "場所名稱":"遠傳股份有限公司-台北館前門市",
    "場所地址":"館前路43號",
    "場所分類":"其他",
    "AED放置地點":"櫃檯後方",
    "行政區":"中正區"
    }
  },
  {
    "type": "Feature",
    "geometry": {
       "type": "Point",
       "coordinates":  [ 121.530429,25.045092 ]
    },
    "properties": {
    "場所名稱":"新生高架橋下運動場",
    "場所地址":"八德路一段1號附近",
    "場所分類":"其他",
    "AED放置地點":"滑板場與籃球場中間",
    "行政區":"中正區"
    }
  },
  {
    "type": "Feature",
    "geometry": {
       "type": "Point",
       "coordinates":  [ 121.510506,25.047181 ]
    },
    "properties": {
    "場所名稱":"citizenM Taipei Northgate世民酒店",
    "場所地址":"中華路一段3號",
    "場所分類":"旅宿場所",
    "AED放置地點":"飯店 1F 大廳",
    "行政區":"中正區"
    }
  },
  {
    "type": "Feature",
    "geometry": {
       "type": "Point",
       "coordinates":  [ 121.5219939,25.0271784 ]
    },
    "properties": {
    "場所名稱":"TutorABC  麥奇數位股份有限公司",
    "場所地址":"和平西路一段3號2樓",
    "場所分類":"其他",
    "AED放置地點":"2樓辦公室內",
    "行政區":"中正區"
    }
  },
  {
    "type": "Feature",
    "geometry": {
       "type": "Point",
       "coordinates":  [ 121.53419,25.014576 ]
    },
    "properties": {
    "場所名稱":"Curves女性專用30分鐘健身中心台大公館店",
    "場所地址":"羅斯福路4段64號4樓",
    "場所分類":"學校、大型集會場所",
    "AED放置地點":"櫃檯後方",
    "行政區":"中正區"
    }
  },
  {
    "type": "Feature",
    "geometry": {
       "type": "Point",
       "coordinates":  [ 121.51333,25.037044 ]
    },
    "properties": {
    "場所名稱":"臺北市立大學博愛校區",
    "場所地址":"愛國西路1號",
    "場所分類":"學校、大型集會場所",
    "AED放置地點":"勤樸樓一樓健康促進中心門外",
    "行政區":"中正區"
    }
  },
  {
    "type": "Feature",
    "geometry": {
       "type": "Point",
       "coordinates":  [ 121.511059,25.036728 ]
    },
    "properties": {
    "場所名稱":"臺灣臺北地方法院",
    "場所地址":"博愛路131號",
    "場所分類":"學校、大型集會場所",
    "AED放置地點":"二樓開庭等候區",
    "行政區":"中正區"
    }
  },
  {
    "type": "Feature",
    "geometry": {
       "type": "Point",
       "coordinates":  [ 121.511059,25.036728 ]
    },
    "properties": {
    "場所名稱":"臺灣臺北地方法院",
    "場所地址":"博愛路131號",
    "場所分類":"學校、大型集會場所",
    "AED放置地點":"地下一樓",
    "行政區":"中正區"
    }
  },
  {
    "type": "Feature",
    "geometry": {
       "type": "Point",
       "coordinates":  [ 121.520938,25.047222 ]
    },
    "properties": {
    "場所名稱":"臺北市政府警察局交通警察大隊中正第一交通分隊",
    "場所地址":"北平東路1號",
    "場所分類":"其他",
    "AED放置地點":"駐地大門外側",
    "行政區":"中正區"
    }
  },
  {
    "type": "Feature",
    "geometry": {
       "type": "Point",
       "coordinates":  [ 121.513975,25.032041 ]
    },
    "properties": {
    "場所名稱":"臺北市政府警察局中正第二分局南海路派出所",
    "場所地址":"南海路35號",
    "場所分類":"公眾服務單位設施",
    "AED放置地點":"值班台旁",
    "行政區":"中正區"
    }
  },
  {
    "type": "Feature",
    "geometry": {
       "type": "Point",
       "coordinates":  [ 121.530253,25.013286 ]
    },
    "properties": {
    "場所名稱":"臺北自來水園區",
    "場所地址":"思源街1號(臺北自來水園區)",
    "場所分類":"觀光旅遊地區",
    "AED放置地點":"思源票口",
    "行政區":"中正區"
    }
  },
  {
    "type": "Feature",
    "geometry": {
       "type": "Point",
       "coordinates":  [ 121.515469,25.040363 ]
    },
    "properties": {
    "場所名稱":"台北二二八紀念館",
    "場所地址":"凱達格蘭大道3號",
    "場所分類":"大型休閒場所",
    "AED放置地點":"1樓服務台",
    "行政區":"中正區"
    }
  },
  {
    "type": "Feature",
    "geometry": {
       "type": "Point",
       "coordinates":  [ 121.510978,25.035289 ]
    },
    "properties": {
    "場所名稱":"臺北市政府警察局交通警察大隊",
    "場所地址":"愛國西路26號",
    "場所分類":"公眾服務單位設施",
    "AED放置地點":"1樓值勤臺左側門旁",
    "行政區":"中正區"
    }
  },
  {
    "type": "Feature",
    "geometry": {
       "type": "Point",
       "coordinates":  [ 121.515535,25.039994 ]
    },
    "properties": {
    "場所名稱":"臺北市政府警察局中正第一分局介壽路派出所",
    "場所地址":"公園路54號",
    "場所分類":"公眾服務單位設施",
    "AED放置地點":"派出所1樓辦公室後方",
    "行政區":"中正區"
    }
  },
  {
    "type": "Feature",
    "geometry": {
       "type": "Point",
       "coordinates":  [ 121.508698,25.040286 ]
    },
    "properties": {
    "場所名稱":"社團法人中華民國軍人之友社台北國軍英雄館",
    "場所地址":"長沙街1段20號",
    "場所分類":"其他",
    "AED放置地點":"7樓1至3號電梯外",
    "行政區":"中正區"
    }
  },
  {
    "type": "Feature",
    "geometry": {
       "type": "Point",
       "coordinates":  [ 121.5075731,25.02867945 ]
    },
    "properties": {
    "場所名稱":"臺北市政府環境保護局中正區清潔隊泉州分隊",
    "場所地址":"惠安街47號",
    "場所分類":"其他",
    "AED放置地點":"大門右側",
    "行政區":"中正區"
    }
  },
  {
    "type": "Feature",
    "geometry": {
       "type": "Point",
       "coordinates":  [ 121.506825,25.028629 ]
    },
    "properties": {
    "場所名稱":"南機場臨時攤販集中場",
    "場所地址":"中華路2段313巷30號1樓",
    "場所分類":"其他",
    "AED放置地點":"南機場夜市自治會辦公室(台北市中華路2段309巷26號)",
    "行政區":"中正區"
    }
  },
  {
    "type": "Feature",
    "geometry": {
       "type": "Point",
       "coordinates":  [ 121.5174415,25.0465183 ]
    },
    "properties": {
    "場所名稱":"K區東森廣場",
    "場所地址":"忠孝西路一段47號B1",
    "場所分類":"大型購物場所",
    "AED放置地點":"東森K區商場",
    "行政區":"中正區"
    }
  },
  {
    "type": "Feature",
    "geometry": {
       "type": "Point",
       "coordinates":  [ 121.520956,25.046317 ]
    },
    "properties": {
    "場所名稱":"行政院",
    "場所地址":"忠孝東路一段1號",
    "場所分類":"其他",
    "AED放置地點":"1樓會客室",
    "行政區":"中正區"
    }
  },
  {
    "type": "Feature",
    "geometry": {
       "type": "Point",
       "coordinates":  [ 121.514353,25.025138 ]
    },
    "properties": {
    "場所名稱":"臺北市中正區螢橋國民小學",
    "場所地址":"詔安街29號",
    "場所分類":"其他",
    "AED放置地點":"穿堂",
    "行政區":"中正區"
    }
  },
  {
    "type": "Feature",
    "geometry": {
       "type": "Point",
       "coordinates":  [ 121.522007,25.032339 ]
    },
    "properties": {
    "場所名稱":"臺北市立中正國民中學",
    "場所地址":"愛國東路158號",
    "場所分類":"學校、大型集會場所",
    "AED放置地點":"大門口",
    "行政區":"中正區"
    }
  },
  {
    "type": "Feature",
    "geometry": {
       "type": "Point",
       "coordinates":  [ 121.512947,25.04614 ]
    },
    "properties": {
    "場所名稱":"摩莎曼拉精品旅館-台北車站館",
    "場所地址":"開封街一段33號",
    "場所分類":"其他",
    "AED放置地點":"台北市中正區開封街一段33號",
    "行政區":"中正區"
    }
  },
  {
    "type": "Feature",
    "geometry": {
       "type": "Point",
       "coordinates":  [ 121.511856,25.039065 ]
    },
    "properties": {
    "場所名稱":"總統府",
    "場所地址":"重慶南路一段122號",
    "場所分類":"其他",
    "AED放置地點":"醫務所",
    "行政區":"中正區"
    }
  },
  {
    "type": "Feature",
    "geometry": {
       "type": "Point",
       "coordinates":  [ 121.5188189,25.0442304 ]
    },
    "properties": {
    "場所名稱":"台大兒醫杏一商場",
    "場所地址":"中山南路8號B1",
    "場所分類":"大型購物場所",
    "AED放置地點":"台大兒醫杏一商場B1客席區",
    "行政區":"中正區"
    }
  },
  {
    "type": "Feature",
    "geometry": {
       "type": "Point",
       "coordinates":  [ 121.531127,25.045482 ]
    },
    "properties": {
    "場所名稱":"遠傳電信台北資訊園區",
    "場所地址":"市民大道三段2號1樓",
    "場所分類":"其他",
    "AED放置地點":"包膜櫃台旁",
    "行政區":"中正區"
    }
  },
  {
    "type": "Feature",
    "geometry": {
       "type": "Point",
       "coordinates":  [ 121.51532,25.04691 ]
    },
    "properties": {
    "場所名稱":"保證責任臺北市站前地下街場地利用合作社",
    "場所地址":"忠孝西路1段50-1號 B1",
    "場所分類":"大型購物場所",
    "AED放置地點":"控制中心門口",
    "行政區":"中正區"
    }
  },
  {
    "type": "Feature",
    "geometry": {
       "type": "Point",
       "coordinates":  [ 121.533814,25.022008 ]
    },
    "properties": {
    "場所名稱":"臺北市政府環境保護局中正區清潔隊停車場(辛亥)",
    "場所地址":"辛亥路1段臨136號",
    "場所分類":"其他",
    "AED放置地點":"辦公室",
    "行政區":"中正區"
    }
  },
  {
    "type": "Feature",
    "geometry": {
       "type": "Point",
       "coordinates":  [ 121.522569,25.020418 ]
    },
    "properties": {
    "場所名稱":"臺北市政府環境保護局中正區清潔隊停車場(師大)",
    "場所地址":"師大路臨241號",
    "場所分類":"其他",
    "AED放置地點":"分隊長辦公室門口",
    "行政區":"中正區"
    }
  },
  {
    "type": "Feature",
    "geometry": {
       "type": "Point",
       "coordinates":  [ 121.535005,25.013743 ]
    },
    "properties": {
    "場所名稱":"臺北市公有水源市場",
    "場所地址":"羅斯福路4段92號",
    "場所分類":"其他",
    "AED放置地點":"水源市場一樓機房旁走道",
    "行政區":"中正區"
    }
  },
  {
    "type": "Feature",
    "geometry": {
       "type": "Point",
       "coordinates":  [ 121.519291,25.038234 ]
    },
    "properties": {
    "場所名稱":"臺北市中正運動中心",
    "場所地址":"信義路一段1號",
    "場所分類":"學校、大型集會場所",
    "AED放置地點":"7樓羽球場",
    "行政區":"中正區"
    }
  },
  {
    "type": "Feature",
    "geometry": {
       "type": "Point",
       "coordinates":  [ 121.510168,25.043085 ]
    },
    "properties": {
    "場所名稱":"臺北市中山堂管理所",
    "場所地址":"延平南路98號",
    "場所分類":"大型休閒場所",
    "AED放置地點":"中正廳入口",
    "行政區":"中正區"
    }
  },
  {
    "type": "Feature",
    "geometry": {
       "type": "Point",
       "coordinates":  [ 121.522318,25.044786 ]
    },
    "properties": {
    "場所名稱":"台北寒舍喜來登大飯店",
    "場所地址":"忠孝東路1段12號",
    "場所分類":"旅宿場所",
    "AED放置地點":"一樓安全室外面",
    "行政區":"中正區"
    }
  },
  {
    "type": "Feature",
    "geometry": {
       "type": "Point",
       "coordinates":  [ 121.5148529,25.0317071 ]
    },
    "properties": {
    "場所名稱":"郵政博物館",
    "場所地址":"重慶南路2段45號",
    "場所分類":"大型休閒場所",
    "AED放置地點":"郵政博物館一樓",
    "行政區":"中正區"
    }
  },
  {
    "type": "Feature",
    "geometry": {
       "type": "Point",
       "coordinates":  [ 121.517406,25.044786 ]
    },
    "properties": {
    "場所名稱":"衛生福利部中央健康保險署臺北業務組",
    "場所地址":"公園路15之1號5樓",
    "場所分類":"其他",
    "AED放置地點":"聯合服務中心一樓領卡櫃台左側",
    "行政區":"中正區"
    }
  },
  {
    "type": "Feature",
    "geometry": {
       "type": "Point",
       "coordinates":  [ 121.518307,25.029942 ]
    },
    "properties": {
    "場所名稱":"Force Fitness 中正",
    "場所地址":"南昌路一段123號2樓之2",
    "場所分類":"學校、大型集會場所",
    "AED放置地點":"置物櫃門前",
    "行政區":"中正區"
    }
  },
  {
    "type": "Feature",
    "geometry": {
       "type": "Point",
       "coordinates":  [ 121.5170109,25.03249266 ]
    },
    "properties": {
    "場所名稱":"國立歷史博物館南海行政辦公室",
    "場所地址":"南海路20號9樓",
    "場所分類":"其他",
    "AED放置地點":"9樓大門入口旁",
    "行政區":"中正區"
    }
  },
  {
    "type": "Feature",
    "geometry": {
       "type": "Point",
       "coordinates":  [ 121.5192452,25.0212387 ]
    },
    "properties": {
    "場所名稱":"陪你健身運動空間",
    "場所地址":"水源路91號",
    "場所分類":"學校、大型集會場所",
    "AED放置地點":"台北市中正區水源路91號",
    "行政區":"中正區"
    }
  },
  {
    "type": "Feature",
    "geometry": {
       "type": "Point",
       "coordinates":  [ 121.512152,25.0312 ]
    },
    "properties": {
    "場所名稱":"臺北市立建國高級中學",
    "場所地址":"南海路56號",
    "場所分類":"學校、大型集會場所",
    "AED放置地點":"建國中學校門",
    "行政區":"中正區"
    }
  },
  {
    "type": "Feature",
    "geometry": {
       "type": "Point",
       "coordinates":  [ 121.5354606,25.0110471 ]
    },
    "properties": {
    "場所名稱":"公館計程車服務站",
    "場所地址":"汀州路3段230巷15號",
    "場所分類":"其他",
    "AED放置地點":"建物大門左側繳費機旁",
    "行政區":"中正區"
    }
  },
  {
    "type": "Feature",
    "geometry": {
       "type": "Point",
       "coordinates":  [ 121.5085894,25.0416743 ]
    },
    "properties": {
    "場所名稱":"相鐵Grand Fresa台北西門",
    "場所地址":"中華路一段57號",
    "場所分類":"旅宿場所",
    "AED放置地點":"飯店2樓大廳",
    "行政區":"中正區"
    }
  },
  {
    "type": "Feature",
    "geometry": {
       "type": "Point",
       "coordinates":  [ 121.530698,25.0431085 ]
    },
    "properties": {
    "場所名稱":"格拉斯麗台北飯店",
    "場所地址":"忠孝東路二段89號3樓",
    "場所分類":"旅宿場所",
    "AED放置地點":"飯店3樓大廳禮賓桌旁",
    "行政區":"中正區"
    }
  },
  {
    "type": "Feature",
    "geometry": {
       "type": "Point",
       "coordinates":  [ 121.5241242,25.0448673 ]
    },
    "properties": {
    "場所名稱":"鴻鑫運動企業社",
    "場所地址":"忠孝東路一段15號3樓",
    "場所分類":"其他",
    "AED放置地點":"台北市中正區忠孝東路一段15號3樓",
    "行政區":"中正區"
    }
  },
  {
    "type": "Feature",
    "geometry": {
       "type": "Point",
       "coordinates":  [ 121.509952,25.033752 ]
    },
    "properties": {
    "場所名稱":"中華民國紅十字會台灣省分會",
    "場所地址":"博愛路230巷6號",
    "場所分類":"其他",
    "AED放置地點":"走道",
    "行政區":"中正區"
    }
  },
  {
    "type": "Feature",
    "geometry": {
       "type": "Point",
       "coordinates":  [ 121.517002,25.047916 ]
    },
    "properties": {
    "場所名稱":"台灣高速鐵路(股)公司-台北車站",
    "場所地址":"北平西路3號",
    "場所分類":"交通要衝",
    "AED放置地點":"B1西進候車區",
    "行政區":"中正區"
    }
  },
  {
    "type": "Feature",
    "geometry": {
       "type": "Point",
       "coordinates":  [ 121.530447,25.013948 ]
    },
    "properties": {
    "場所名稱":"國立臺灣大學(水源校區)",
    "場所地址":"思源街18號",
    "場所分類":"學校、大型集會場所",
    "AED放置地點":"水源校區C棟宿舍",
    "行政區":"中正區"
    }
  },
  {
    "type": "Feature",
    "geometry": {
       "type": "Point",
       "coordinates":  [ 121.513307,25.041934 ]
    },
    "properties": {
    "場所名稱":"第一商業銀行總行營業部",
    "場所地址":"重慶南路1段30號",
    "場所分類":"其他",
    "AED放置地點":"一樓營業大廳左側健康量測站旁邊",
    "行政區":"中正區"
    }
  },
  {
    "type": "Feature",
    "geometry": {
       "type": "Point",
       "coordinates":  [ 121.530447,25.013948 ]
    },
    "properties": {
    "場所名稱":"國立臺灣大學(水源校區)",
    "場所地址":"思源街18號",
    "場所分類":"學校、大型集會場所",
    "AED放置地點":"水源校區修齊會館",
    "行政區":"中正區"
    }
  },
  {
    "type": "Feature",
    "geometry": {
       "type": "Point",
       "coordinates":  [ 121.512606,25.045296 ]
    },
    "properties": {
    "場所名稱":"元大銀行中正分行",
    "場所地址":"漢口街一段45號3樓",
    "場所分類":"其他",
    "AED放置地點":"3樓辦公場所",
    "行政區":"中正區"
    }
  },
  {
    "type": "Feature",
    "geometry": {
       "type": "Point",
       "coordinates":  [ 121.531941,25.016753 ]
    },
    "properties": {
    "場所名稱":"Fun Fitness運動旅程 公館館",
    "場所地址":"羅斯福路三段272號7樓",
    "場所分類":"其他",
    "AED放置地點":"櫃檯",
    "行政區":"中正區"
    }
  },
  {
    "type": "Feature",
    "geometry": {
       "type": "Point",
       "coordinates":  [ 121.5106789,25.04618843 ]
    },
    "properties": {
    "場所名稱":"第一商業銀行延平大樓",
    "場所地址":"延平南路38號",
    "場所分類":"其他",
    "AED放置地點":"大門入口左側、客戶等候椅旁邊",
    "行政區":"中正區"
    }
  },
  {
    "type": "Feature",
    "geometry": {
       "type": "Point",
       "coordinates":  [ 121.512982,25.043012 ]
    },
    "properties": {
    "場所名稱":"虎鐵健身工作室",
    "場所地址":"重慶南路一段88號2樓",
    "場所分類":"大型休閒場所",
    "AED放置地點":"入口處",
    "行政區":"中正區"
    }
  },
  {
    "type": "Feature",
    "geometry": {
       "type": "Point",
       "coordinates":  [ 121.5174799,25.04844486 ]
    },
    "properties": {
    "場所名稱":"保證責任臺北市台北地下街場地利用合作社",
    "場所地址":"市民大道1段100號B1",
    "場所分類":"大型購物場所",
    "AED放置地點":"B2停車管理處",
    "行政區":"中正區"
    }
  },
  {
    "type": "Feature",
    "geometry": {
       "type": "Point",
       "coordinates":  [ 121.521664,25.034594 ]
    },
    "properties": {
    "場所名稱":"國立中正紀念堂管理處",
    "場所地址":"中山南路21號",
    "場所分類":"觀光旅遊地區",
    "AED放置地點":"大孝門廳護理站前",
    "行政區":"中正區"
    }
  },
  {
    "type": "Feature",
    "geometry": {
       "type": "Point",
       "coordinates":  [ 121.511884,25.047245 ]
    },
    "properties": {
    "場所名稱":"國立陽明交通大學台北北門校區",
    "場所地址":"忠孝西路1段118號",
    "場所分類":"學校、大型集會場所",
    "AED放置地點":"警衛室後方",
    "行政區":"中正區"
    }
  },
  {
    "type": "Feature",
    "geometry": {
       "type": "Point",
       "coordinates":  [ 121.51333,25.037044 ]
    },
    "properties": {
    "場所名稱":"臺北市立大學博愛校區",
    "場所地址":"愛國西路1號",
    "場所分類":"學校、大型集會場所",
    "AED放置地點":"公誠樓地下2樓游泳池櫃台對面",
    "行政區":"中正區"
    }
  },
  {
    "type": "Feature",
    "geometry": {
       "type": "Point",
       "coordinates":  [ 121.5221648,25.04358799 ]
    },
    "properties": {
    "場所名稱":"臺北市非政府組織NGO會館",
    "場所地址":"青島東路8號",
    "場所分類":"其他",
    "AED放置地點":"臺北市青島東路8號",
    "行政區":"中正區"
    }
  },
  {
    "type": "Feature",
    "geometry": {
       "type": "Point",
       "coordinates":  [ 121.522007,25.032339 ]
    },
    "properties": {
    "場所名稱":"臺北市立中正國民中學",
    "場所地址":"愛國東路158號",
    "場所分類":"學校、大型集會場所",
    "AED放置地點":"中正國中活動中心2樓",
    "行政區":"中正區"
    }
  },
  {
    "type": "Feature",
    "geometry": {
       "type": "Point",
       "coordinates":  [ 121.529399,25.04413 ]
    },
    "properties": {
    "場所名稱":"華山1914文化創意產業園區",
    "場所地址":"八德路一段一號",
    "場所分類":"觀光旅遊地區",
    "AED放置地點":"紅磚區哨所",
    "行政區":"中正區"
    }
  },
  {
    "type": "Feature",
    "geometry": {
       "type": "Point",
       "coordinates":  [ 121.529399,25.04413 ]
    },
    "properties": {
    "場所名稱":"華山1914文化創意產業園區",
    "場所地址":"八德路一段一號",
    "場所分類":"觀光旅遊地區",
    "AED放置地點":"側門警衛室",
    "行政區":"中正區"
    }
  },
  {
    "type": "Feature",
    "geometry": {
       "type": "Point",
       "coordinates":  [ 121.508698,25.040286 ]
    },
    "properties": {
    "場所名稱":"社團法人中華民國軍人之友社台北國軍英雄館",
    "場所地址":"長沙街1段20號",
    "場所分類":"其他",
    "AED放置地點":"一樓大廳服務櫃檯旁",
    "行政區":"中正區"
    }
  },
  {
    "type": "Feature",
    "geometry": {
       "type": "Point",
       "coordinates":  [ 121.515575,25.046495 ]
    },
    "properties": {
    "場所名稱":"美亞商旅股份有限公司",
    "場所地址":"忠孝西路1段50號3~5F",
    "場所分類":"旅宿場所",
    "AED放置地點":"5樓大廳",
    "行政區":"中正區"
    }
  },
  {
    "type": "Feature",
    "geometry": {
       "type": "Point",
       "coordinates":  [ 121.525656,25.041874 ]
    },
    "properties": {
    "場所名稱":"國立臺北商業大學",
    "場所地址":"濟南路一段321號",
    "場所分類":"學校、大型集會場所",
    "AED放置地點":"環境暨健康保健組",
    "行政區":"中正區"
    }
  },
  {
    "type": "Feature",
    "geometry": {
       "type": "Point",
       "coordinates":  [ 121.520172,25.025111 ]
    },
    "properties": {
    "場所名稱":"臺北市私立強恕高級中學",
    "場所地址":"汀州路2段143號",
    "場所分類":"學校、大型集會場所",
    "AED放置地點":"健康中心內",
    "行政區":"中正區"
    }
  },
  {
    "type": "Feature",
    "geometry": {
       "type": "Point",
       "coordinates":  [ 121.523005,25.046835 ]
    },
    "properties": {
    "場所名稱":"臺北市稅捐稽徵處",
    "場所地址":"北平東路7之2號",
    "場所分類":"其他",
    "AED放置地點":"前棟1樓東側走廊",
    "行政區":"中正區"
    }
  },
  {
    "type": "Feature",
    "geometry": {
       "type": "Point",
       "coordinates":  [ 121.53565,25.04246 ]
    },
    "properties": {
    "場所名稱":"國泰商旅股份有限公司忠孝分公司(和逸飯店台北忠孝館)",
    "場所地址":"忠孝東路1段31號",
    "場所分類":"其他",
    "AED放置地點":"2樓餐廳",
    "行政區":"中正區"
    }
  },
  {
    "type": "Feature",
    "geometry": {
       "type": "Point",
       "coordinates":  [ 121.511894,25.031741 ]
    },
    "properties": {
    "場所名稱":"國立臺灣藝術教育館-南海劇場",
    "場所地址":"南海路47號",
    "場所分類":"大型休閒場所",
    "AED放置地點":"南海劇場1樓大廳",
    "行政區":"中正區"
    }
  },
  {
    "type": "Feature",
    "geometry": {
       "type": "Point",
       "coordinates":  [ 121.515293,25.037488 ]
    },
    "properties": {
    "場所名稱":"臺北市立弘道國民中學",
    "場所地址":"公園路21號",
    "場所分類":"其他",
    "AED放置地點":"川堂",
    "行政區":"中正區"
    }
  },
  {
    "type": "Feature",
    "geometry": {
       "type": "Point",
       "coordinates":  [ 121.512152,25.0312 ]
    },
    "properties": {
    "場所名稱":"臺北市立建國高級中學",
    "場所地址":"南海路56號",
    "場所分類":"學校、大型集會場所",
    "AED放置地點":"體育組",
    "行政區":"中正區"
    }
  },
  {
    "type": "Feature",
    "geometry": {
       "type": "Point",
       "coordinates":  [ 121.5269975,25.0156342 ]
    },
    "properties": {
    "場所名稱":"嘉禾新村",
    "場所地址":"永春街131巷",
    "場所分類":"觀光旅遊地區",
    "AED放置地點":"嘉禾故事館服務台",
    "行政區":"中正區"
    }
  },
  {
    "type": "Feature",
    "geometry": {
       "type": "Point",
       "coordinates":  [ 121.516835,25.044454 ]
    },
    "properties": {
    "場所名稱":"醫療財團法人好心肝基金會好心肝診所",
    "場所地址":"公園路30號2樓之2",
    "場所分類":"其他",
    "AED放置地點":"醫療財團法人好心肝基金會好心肝診所",
    "行政區":"中正區"
    }
  },
  {
    "type": "Feature",
    "geometry": {
       "type": "Point",
       "coordinates":  [ 121.517406,25.044786 ]
    },
    "properties": {
    "場所名稱":"衛生福利部中央健康保險署臺北業務組",
    "場所地址":"公園路15之1號5樓",
    "場所分類":"其他",
    "AED放置地點":"聯合服務中心五樓服務台前方",
    "行政區":"中正區"
    }
  },
  {
    "type": "Feature",
    "geometry": {
       "type": "Point",
       "coordinates":  [ 121.509521,25.04542 ]
    },
    "properties": {
    "場所名稱":"台糖台北會館",
    "場所地址":"光復里中華路一段39號",
    "場所分類":"其他",
    "AED放置地點":"台糖台北會館",
    "行政區":"中正區"
    }
  },
  {
    "type": "Feature",
    "geometry": {
       "type": "Point",
       "coordinates":  [ 121.5108022,25.04338689 ]
    },
    "properties": {
    "場所名稱":"合作金庫商業銀行集中作業中心",
    "場所地址":"延平南路85號6樓",
    "場所分類":"其他",
    "AED放置地點":"台北市中正區延平南路85號6樓",
    "行政區":"中正區"
    }
  },
  {
    "type": "Feature",
    "geometry": {
       "type": "Point",
       "coordinates":  [ 121.516535,25.048203 ]
    },
    "properties": {
    "場所名稱":"微風場站開發股份有限公司",
    "場所地址":"北平西路3號2樓",
    "場所分類":"大型購物場所",
    "AED放置地點":"二樓東北角落",
    "行政區":"中正區"
    }
  },
  {
    "type": "Feature",
    "geometry": {
       "type": "Point",
       "coordinates":  [ 121.51379,25.031614 ]
    },
    "properties": {
    "場所名稱":"二二八國家紀念館",
    "場所地址":"南海路54號",
    "場所分類":"大型休閒場所",
    "AED放置地點":"一樓大廳右側(志工服務台前方)",
    "行政區":"中正區"
    }
  },
  {
    "type": "Feature",
    "geometry": {
       "type": "Point",
       "coordinates":  [ 121.523687,25.042334 ]
    },
    "properties": {
    "場所名稱":"成功高中運動中心(舞動陽光有限公司)",
    "場所地址":"濟南路一段71號",
    "場所分類":"學校、大型集會場所",
    "AED放置地點":"綜合大樓B1游泳池",
    "行政區":"中正區"
    }
  },
  {
    "type": "Feature",
    "geometry": {
       "type": "Point",
       "coordinates":  [ 121.523687,25.042334 ]
    },
    "properties": {
    "場所名稱":"成功高中運動中心(舞動陽光有限公司)",
    "場所地址":"濟南路一段71號",
    "場所分類":"學校、大型集會場所",
    "AED放置地點":"綜合大樓8F球場",
    "行政區":"中正區"
    }
  },
  {
    "type": "Feature",
    "geometry": {
       "type": "Point",
       "coordinates":  [ 121.555713,25.0363 ]
    },
    "properties": {
    "場所名稱":"好時光女生運動樂園(古亭樂園)",
    "場所地址":"南昌路二段53號1樓",
    "場所分類":"學校、大型集會場所",
    "AED放置地點":"櫃檯旁邊",
    "行政區":"中正區"
    }
  },
  {
    "type": "Feature",
    "geometry": {
       "type": "Point",
       "coordinates":  [ 121.531533,25.042927 ]
    },
    "properties": {
    "場所名稱":"臺北市中正區忠孝國民小學",
    "場所地址":"忠孝東路二段101號",
    "場所分類":"其他",
    "AED放置地點":"忠孝國小",
    "行政區":"中正區"
    }
  },
  {
    "type": "Feature",
    "geometry": {
       "type": "Point",
       "coordinates":  [ 121.5133545,25.0458122 ]
    },
    "properties": {
    "場所名稱":"洛碁大飯店驛",
    "場所地址":"黎明里重慶南路一段21號",
    "場所分類":"旅宿場所",
    "AED放置地點":"大廳座位區",
    "行政區":"中正區"
    }
  },
  {
    "type": "Feature",
    "geometry": {
       "type": "Point",
       "coordinates":  [ 121.519537,25.043902 ]
    },
    "properties": {
    "場所名稱":"立法院(中山南路1號)",
    "場所地址":"中山南路1號",
    "場所分類":"學校、大型集會場所",
    "AED放置地點":"本院會客室",
    "行政區":"中正區"
    }
  },
  {
    "type": "Feature",
    "geometry": {
       "type": "Point",
       "coordinates":  [ 121.519537,25.043902 ]
    },
    "properties": {
    "場所名稱":"立法院(中山南路1號)",
    "場所地址":"中山南路1號",
    "場所分類":"學校、大型集會場所",
    "AED放置地點":"醫務室",
    "行政區":"中正區"
    }
  },
  {
    "type": "Feature",
    "geometry": {
       "type": "Point",
       "coordinates":  [ 121.519895,25.043252 ]
    },
    "properties": {
    "場所名稱":"立法院(濟南路一段1號)",
    "場所地址":"濟南路一段1號",
    "場所分類":"學校、大型集會場所",
    "AED放置地點":"群賢樓-1樓",
    "行政區":"中正區"
    }
  },
  {
    "type": "Feature",
    "geometry": {
       "type": "Point",
       "coordinates":  [ 121.528235,25.011213 ]
    },
    "properties": {
    "場所名稱":"台北市河濱自行車租借站景福站",
    "場所地址":"自來水園區公館水岸廣場上(思源路底)永福橋旁",
    "場所分類":"其他",
    "AED放置地點":"景福租借站內",
    "行政區":"中正區"
    }
  },
  {
    "type": "Feature",
    "geometry": {
       "type": "Point",
       "coordinates":  [ 121.53263,25.01609713 ]
    },
    "properties": {
    "場所名稱":"NOWGO 健身工作室",
    "場所地址":"羅斯福路三段312號8樓",
    "場所分類":"其他",
    "AED放置地點":"NOWGO健身工作室",
    "行政區":"中正區"
    }
  },
  {
    "type": "Feature",
    "geometry": {
       "type": "Point",
       "coordinates":  [ 121.521664,25.034594 ]
    },
    "properties": {
    "場所名稱":"國立中正紀念堂管理處",
    "場所地址":"中山南路21號",
    "場所分類":"觀光旅遊地區",
    "AED放置地點":"國立中正紀念堂4樓上廳",
    "行政區":"中正區"
    }
  },
  {
    "type": "Feature",
    "geometry": {
       "type": "Point",
       "coordinates":  [ 121.51123,25.032621 ]
    },
    "properties": {
    "場所名稱":"國立教育廣播電臺",
    "場所地址":"南海路45號",
    "場所分類":"其他",
    "AED放置地點":"大門進入後之大廳右側",
    "行政區":"中正區"
    }
  },
  {
    "type": "Feature",
    "geometry": {
       "type": "Point",
       "coordinates":  [ 121.521821,25.04242 ]
    },
    "properties": {
    "場所名稱":"開南學校財團法人臺北市開南高級中等學校",
    "場所地址":"濟南路一段6號",
    "場所分類":"學校、大型集會場所",
    "AED放置地點":"健康中心",
    "行政區":"中正區"
    }
  },
  {
    "type": "Feature",
    "geometry": {
       "type": "Point",
       "coordinates":  [ 121.5174415,25.0465183 ]
    },
    "properties": {
    "場所名稱":"K區東森廣場",
    "場所地址":"忠孝西路一段47號B1",
    "場所分類":"大型購物場所",
    "AED放置地點":"東森商場",
    "行政區":"中正區"
    }
  },
  {
    "type": "Feature",
    "geometry": {
       "type": "Point",
       "coordinates":  [ 121.511074,25.043193 ]
    },
    "properties": {
    "場所名稱":"玉山商業銀行股份有限公司(博愛大樓)",
    "場所地址":"永綏街5號",
    "場所分類":"其他",
    "AED放置地點":"進大門後右手邊。",
    "行政區":"中正區"
    }
  },
  {
    "type": "Feature",
    "geometry": {
       "type": "Point",
       "coordinates":  [ 121.51217,25.047901 ]
    },
    "properties": {
    "場所名稱":"台北記憶倉庫",
    "場所地址":"忠孝西路一段265號",
    "場所分類":"大型休閒場所",
    "AED放置地點":"記憶倉庫",
    "行政區":"中正區"
    }
  },
  {
    "type": "Feature",
    "geometry": {
       "type": "Point",
       "coordinates":  [ 121.497512,25.0373367 ]
    },
    "properties": {
    "場所名稱":"臺北市立萬華幼兒園",
    "場所地址":"梧州街36號",
    "場所分類":"學校、大型集會場所",
    "AED放置地點":"台北市萬華區梧州街36號",
    "行政區":"中正區"
    }
  },
  {
    "type": "Feature",
    "geometry": {
       "type": "Point",
       "coordinates":  [ 121.519244,25.037355 ]
    },
    "properties": {
    "場所名稱":"國家表演藝術中心國家兩廳院(國家音樂廳)",
    "場所地址":"中山南路21-1號",
    "場所分類":"大型休閒場所",
    "AED放置地點":"音樂廳1樓",
    "行政區":"中正區"
    }
  },
  {
    "type": "Feature",
    "geometry": {
       "type": "Point",
       "coordinates":  [ 121.516389,25.031667 ]
    },
    "properties": {
    "場所名稱":"臺北市中正區健康服務中心",
    "場所地址":"牯嶺街24號",
    "場所分類":"其他",
    "AED放置地點":"側門入口電梯旁",
    "行政區":"中正區"
    }
  },
  {
    "type": "Feature",
    "geometry": {
       "type": "Point",
       "coordinates":  [ 121.5108887,25.0304771 ]
    },
    "properties": {
    "場所名稱":"臺北市國語實驗國民小學",
    "場所地址":"南海路58號",
    "場所分類":"其他",
    "AED放置地點":"健康中心走廊",
    "行政區":"中正區"
    }
  },
  {
    "type": "Feature",
    "geometry": {
       "type": "Point",
       "coordinates":  [ 121.525817,25.044512 ]
    },
    "properties": {
    "場所名稱":"中國文化大學推廣教育部 忠孝館",
    "場所地址":"忠孝東路1段41號1樓",
    "場所分類":"學校、大型集會場所",
    "AED放置地點":"忠孝分部國際語言中心一樓服務櫃台旁",
    "行政區":"中正區"
    }
  },
  {
    "type": "Feature",
    "geometry": {
       "type": "Point",
       "coordinates":  [ 121.508178,25.04205 ]
    },
    "properties": {
    "場所名稱":"臺北捷運西門站BL11",
    "場所地址":"寶慶路32之1號",
    "場所分類":"交通要衝",
    "AED放置地點":"捷運西門站B1層",
    "行政區":"中正區"
    }
  },
  {
    "type": "Feature",
    "geometry": {
       "type": "Point",
       "coordinates":  [ 121.523133,25.044746 ]
    },
    "properties": {
    "場所名稱":"臺北捷運善導寺站BL13",
    "場所地址":"忠孝東路1段58號B1",
    "場所分類":"交通要衝",
    "AED放置地點":"善導寺站出口3進入",
    "行政區":"中正區"
    }
  },
  {
    "type": "Feature",
    "geometry": {
       "type": "Point",
       "coordinates":  [ 121.532862,25.042378 ]
    },
    "properties": {
    "場所名稱":"臺北捷運忠孝新生站BL14",
    "場所地址":"新生南路1段67號B1",
    "場所分類":"交通要衝",
    "AED放置地點":"忠孝新生站出口2進入",
    "行政區":"中正區"
    }
  },
  {
    "type": "Feature",
    "geometry": {
       "type": "Point",
       "coordinates":  [ 121.515283,25.046245 ]
    },
    "properties": {
    "場所名稱":"新光三越百貨股份有限公司台北站前分公司",
    "場所地址":"忠孝西路1段66號8F",
    "場所分類":"大型購物場所",
    "AED放置地點":"8樓育嬰室內醫護室",
    "行政區":"中正區"
    }
  },
  {
    "type": "Feature",
    "geometry": {
       "type": "Point",
       "coordinates":  [ 121.514239,25.048674 ]
    },
    "properties": {
    "場所名稱":"桃園大眾捷運股份有限公司(桃園捷運A1台北車站)",
    "場所地址":"鄭州路8號",
    "場所分類":"交通要衝",
    "AED放置地點":"B2寫字檯前(非付費區)",
    "行政區":"中正區"
    }
  },
  {
    "type": "Feature",
    "geometry": {
       "type": "Point",
       "coordinates":  [ 121.514239,25.048674 ]
    },
    "properties": {
    "場所名稱":"桃園大眾捷運股份有限公司(桃園捷運A1台北車站)",
    "場所地址":"鄭州路8號",
    "場所分類":"交通要衝",
    "AED放置地點":"B1預辦登機層預辦登機區販賣店前(非付費區)",
    "行政區":"中正區"
    }
  },
  {
    "type": "Feature",
    "geometry": {
       "type": "Point",
       "coordinates":  [ 121.514239,25.048674 ]
    },
    "properties": {
    "場所名稱":"桃園大眾捷運股份有限公司(桃園捷運A1台北車站)",
    "場所地址":"鄭州路8號",
    "場所分類":"交通要衝",
    "AED放置地點":"B1PAO男廁前(非付費區)",
    "行政區":"中正區"
    }
  },
  {
    "type": "Feature",
    "geometry": {
       "type": "Point",
       "coordinates":  [ 121.514239,25.048674 ]
    },
    "properties": {
    "場所名稱":"桃園大眾捷運股份有限公司(桃園捷運A1台北車站)",
    "場所地址":"鄭州路8號",
    "場所分類":"交通要衝",
    "AED放置地點":"B1預辦登機層遺失物中心前(非付費區)",
    "行政區":"中正區"
    }
  },
  {
    "type": "Feature",
    "geometry": {
       "type": "Point",
       "coordinates":  [ 121.515823,25.04630432 ]
    },
    "properties": {
    "場所名稱":"香港商世界健身事業有限公司台北分公司",
    "場所地址":"忠孝西路1段50號地下二樓",
    "場所分類":"學校、大型集會場所",
    "AED放置地點":"忠孝西路店客服櫃台前方",
    "行政區":"中正區"
    }
  },
  {
    "type": "Feature",
    "geometry": {
       "type": "Point",
       "coordinates":  [ 121.519244,25.037355 ]
    },
    "properties": {
    "場所名稱":"國家表演藝術中心國家兩廳院(國家音樂廳)",
    "場所地址":"中山南路21-1號",
    "場所分類":"大型休閒場所",
    "AED放置地點":"音樂廳一號門售票口",
    "行政區":"中正區"
    }
  },
  {
    "type": "Feature",
    "geometry": {
       "type": "Point",
       "coordinates":  [ 121.5095664,25.0439422 ]
    },
    "properties": {
    "場所名稱":"臺北市政府警察局",
    "場所地址":"延平南路96號1樓",
    "場所分類":"公眾服務單位設施",
    "AED放置地點":"本局大廳",
    "行政區":"中正區"
    }
  },
  {
    "type": "Feature",
    "geometry": {
       "type": "Point",
       "coordinates":  [ 121.509309,25.042787 ]
    },
    "properties": {
    "場所名稱":"德立莊酒店",
    "場所地址":"秀山街4號",
    "場所分類":"旅宿場所",
    "AED放置地點":"一樓大廳",
    "行政區":"中正區"
    }
  },
  {
    "type": "Feature",
    "geometry": {
       "type": "Point",
       "coordinates":  [ 121.519244,25.037355 ]
    },
    "properties": {
    "場所名稱":"國家表演藝術中心國家兩廳院(國家戲劇院)",
    "場所地址":"中山南路21-1號",
    "場所分類":"大型休閒場所",
    "AED放置地點":"戲劇院大廳",
    "行政區":"中正區"
    }
  },
  {
    "type": "Feature",
    "geometry": {
       "type": "Point",
       "coordinates":  [ 121.514877,25.03407 ]
    },
    "properties": {
    "場所名稱":"臺灣菸酒股份有限公司",
    "場所地址":"南昌路1段四號",
    "場所分類":"其他",
    "AED放置地點":"法務處門口右側",
    "行政區":"中正區"
    }
  },
  {
    "type": "Feature",
    "geometry": {
       "type": "Point",
       "coordinates":  [ 121.519489,25.026712 ]
    },
    "properties": {
    "場所名稱":"臺北市政府工務局道路挖掘管理中心",
    "場所地址":"和平西路一段59號",
    "場所分類":"其他",
    "AED放置地點":"台北市中正區和平西路一段59號",
    "行政區":"中正區"
    }
  },
  {
    "type": "Feature",
    "geometry": {
       "type": "Point",
       "coordinates":  [ 121.521664,25.034594 ]
    },
    "properties": {
    "場所名稱":"台灣人壽保險股份有限公司(台北分公司)",
    "場所地址":"許昌街17號16樓",
    "場所分類":"其他",
    "AED放置地點":"保戶櫃台大廳",
    "行政區":"中正區"
    }
  },
  {
    "type": "Feature",
    "geometry": {
       "type": "Point",
       "coordinates":  [ 121.507474,25.032802 ]
    },
    "properties": {
    "場所名稱":"臺北市南海發展中心",
    "場所地址":"延平南路207號1、2樓",
    "場所分類":"其他",
    "AED放置地點":"1樓公共走道",
    "行政區":"中正區"
    }
  },
  {
    "type": "Feature",
    "geometry": {
       "type": "Point",
       "coordinates":  [ 121.517646,25.04623 ]
    },
    "properties": {
    "場所名稱":"臺北捷運台北車站R10",
    "場所地址":"忠孝西路1段49號",
    "場所分類":"交通要衝",
    "AED放置地點":"捷運淡水信義線台北車站B3層1號詢問處旁(付費區)",
    "行政區":"中正區"
    }
  },
  {
    "type": "Feature",
    "geometry": {
       "type": "Point",
       "coordinates":  [ 121.522365,25.038999 ]
    },
    "properties": {
    "場所名稱":"臺北市政府青年局",
    "場所地址":"仁愛路一段17號",
    "場所分類":"其他",
    "AED放置地點":"本局1樓大廳",
    "行政區":"中正區"
    }
  },
  {
    "type": "Feature",
    "geometry": {
       "type": "Point",
       "coordinates":  [ 121.522365,25.038999 ]
    },
    "properties": {
    "場所名稱":"臺北市政府青年局",
    "場所地址":"仁愛路一段17號",
    "場所分類":"其他",
    "AED放置地點":"本局地下1樓直排輪場域",
    "行政區":"中正區"
    }
  },
  {
    "type": "Feature",
    "geometry": {
       "type": "Point",
       "coordinates":  [ 121.532141,25.010089 ]
    },
    "properties": {
    "場所名稱":"財團法人台北市文化基金會臺北市影視音實驗教育機構",
    "場所地址":"汀州路三段230巷18弄5-2號",
    "場所分類":"其他",
    "AED放置地點":"台北市中正區汀州路三段230巷18弄5-2號",
    "行政區":"中正區"
    }
  },
  {
    "type": "Feature",
    "geometry": {
       "type": "Point",
       "coordinates":  [ 121.531079,25.01568 ]
    },
    "properties": {
    "場所名稱":"臺北市私立南華高級中學職業進修學校",
    "場所地址":"汀州路三段58號",
    "場所分類":"學校、大型集會場所",
    "AED放置地點":"一樓川堂",
    "行政區":"中正區"
    }
  },
  {
    "type": "Feature",
    "geometry": {
       "type": "Point",
       "coordinates":  [ 121.5114587,25.04729395 ]
    },
    "properties": {
    "場所名稱":"臺北郵局快捷郵件科快捷收發股",
    "場所地址":"忠孝西路一段120號",
    "場所分類":"其他",
    "AED放置地點":"臺北郵局快捷郵件科快捷收發股",
    "行政區":"中正區"
    }
  },
  {
    "type": "Feature",
    "geometry": {
       "type": "Point",
       "coordinates":  [ 121.517081,25.047924 ]
    },
    "properties": {
    "場所名稱":"交通部臺灣鐵路管理局臺北運務段臺北站",
    "場所地址":"北平西路3號1樓",
    "場所分類":"交通要衝",
    "AED放置地點":"B1F西側出口內方",
    "行政區":"中正區"
    }
  },
  {
    "type": "Feature",
    "geometry": {
       "type": "Point",
       "coordinates":  [ 121.5156511,25.0467151 ]
    },
    "properties": {
    "場所名稱":"天成大飯店",
    "場所地址":"忠孝西路一段四十三號",
    "場所分類":"旅宿場所",
    "AED放置地點":"飯店一樓大廳",
    "行政區":"中正區"
    }
  },
  {
    "type": "Feature",
    "geometry": {
       "type": "Point",
       "coordinates":  [ 121.529652,25.041679 ]
    },
    "properties": {
    "場所名稱":"臺北市政府衛生局社區心理衛生中心",
    "場所地址":"金山南路一段5號",
    "場所分類":"其他",
    "AED放置地點":"1樓大廳",
    "行政區":"中正區"
    }
  },
  {
    "type": "Feature",
    "geometry": {
       "type": "Point",
       "coordinates":  [ 121.507998,25.036052 ]
    },
    "properties": {
    "場所名稱":"內政部移民署台北市服務站",
    "場所地址":"廣州街15號",
    "場所分類":"其他",
    "AED放置地點":"一樓大廳服務台旁邊",
    "行政區":"中正區"
    }
  },
  {
    "type": "Feature",
    "geometry": {
       "type": "Point",
       "coordinates":  [ 121.520655,25.040772 ]
    },
    "properties": {
    "場所名稱":"國立臺灣大學(醫學校區)",
    "場所地址":"仁愛路1段1號",
    "場所分類":"學校、大型集會場所",
    "AED放置地點":"醫學體育館",
    "行政區":"中正區"
    }
  },
  {
    "type": "Feature",
    "geometry": {
       "type": "Point",
       "coordinates":  [ 121.520655,25.040772 ]
    },
    "properties": {
    "場所名稱":"國立臺灣大學(醫學校區)",
    "場所地址":"仁愛路1段1號",
    "場所分類":"學校、大型集會場所",
    "AED放置地點":"醫學基醫大樓",
    "行政區":"中正區"
    }
  },
  {
    "type": "Feature",
    "geometry": {
       "type": "Point",
       "coordinates":  [ 121.520655,25.040772 ]
    },
    "properties": {
    "場所名稱":"國立臺灣大學(醫學校區)",
    "場所地址":"仁愛路1段1號",
    "場所分類":"學校、大型集會場所",
    "AED放置地點":"醫學國際會議中心",
    "行政區":"中正區"
    }
  },
  {
    "type": "Feature",
    "geometry": {
       "type": "Point",
       "coordinates":  [ 121.50869,25.038274 ]
    },
    "properties": {
    "場所名稱":"中國文化大學推廣教育部 大新館",
    "場所地址":"延平南路127號一樓",
    "場所分類":"學校、大型集會場所",
    "AED放置地點":"大新館一樓",
    "行政區":"中正區"
    }
  },
  {
    "type": "Feature",
    "geometry": {
       "type": "Point",
       "coordinates":  [ 121.516422,25.046259 ]
    },
    "properties": {
    "場所名稱":"台北凱撒大飯店",
    "場所地址":"忠孝西路1段38號",
    "場所分類":"旅宿場所",
    "AED放置地點":"飯店大廳",
    "行政區":"中正區"
    }
  },
  {
    "type": "Feature",
    "geometry": {
       "type": "Point",
       "coordinates":  [ 121.519083,25.04275 ]
    },
    "properties": {
    "場所名稱":"教育部",
    "場所地址":"中山南路5號",
    "場所分類":"其他",
    "AED放置地點":"大廳右側",
    "行政區":"中正區"
    }
  },
  {
    "type": "Feature",
    "geometry": {
       "type": "Point",
       "coordinates":  [ 121.513444,25.046998 ]
    },
    "properties": {
    "場所名稱":"臺北市政府消防局城中分隊",
    "場所地址":"忠孝西路1段86號",
    "場所分類":"其他",
    "AED放置地點":"1樓值班室",
    "行政區":"中正區"
    }
  },
  {
    "type": "Feature",
    "geometry": {
       "type": "Point",
       "coordinates":  [ 121.5068646,25.03645563 ]
    },
    "properties": {
    "場所名稱":"台北花園大酒店股份有限公司",
    "場所地址":"中華路二段1號",
    "場所分類":"旅宿場所",
    "AED放置地點":"本館大廳",
    "行政區":"中正區"
    }
  },
  {
    "type": "Feature",
    "geometry": {
       "type": "Point",
       "coordinates":  [ 121.507474,25.032802 ]
    },
    "properties": {
    "場所名稱":"臺北市南海發展中心",
    "場所地址":"延平南路207號1、2樓",
    "場所分類":"其他",
    "AED放置地點":"2樓交誼廳",
    "行政區":"中正區"
    }
  },
  {
    "type": "Feature",
    "geometry": {
       "type": "Point",
       "coordinates":  [ 121.519891,25.042079 ]
    },
    "properties": {
    "場所名稱":"臺北市中正區南門國民小學",
    "場所地址":"廣州街6號",
    "場所分類":"其他",
    "AED放置地點":"學務處外走廊",
    "行政區":"中正區"
    }
  },
  {
    "type": "Feature",
    "geometry": {
       "type": "Point",
       "coordinates":  [ 121.529005,25.044983 ]
    },
    "properties": {
    "場所名稱":"光點華山電影館",
    "場所地址":"八德路1段1號(中六電影館)",
    "場所分類":"大型休閒場所",
    "AED放置地點":"光點華山電影館(售票櫃台)",
    "行政區":"中正區"
    }
  },
  {
    "type": "Feature",
    "geometry": {
       "type": "Point",
       "coordinates":  [ 121.529399,25.04413 ]
    },
    "properties": {
    "場所名稱":"華山1914文化創意產業園區",
    "場所地址":"八德路一段一號",
    "場所分類":"觀光旅遊地區",
    "AED放置地點":"遊客服務中心",
    "行政區":"中正區"
    }
  },
  {
    "type": "Feature",
    "geometry": {
       "type": "Point",
       "coordinates":  [ 121.546893,25.041364 ]
    },
    "properties": {
    "場所名稱":"欣葉國際餐飲-台灣料理忠孝店",
    "場所地址":"忠孝東路4段112號2樓",
    "場所分類":"其他",
    "AED放置地點":"餐廳櫃檯前與#10桌間”大柱子”上",
    "行政區":"大安區"
    }
  },
  {
    "type": "Feature",
    "geometry": {
       "type": "Point",
       "coordinates":  [ 121.532816,25.042303 ]
    },
    "properties": {
    "場所名稱":"臺北捷運忠孝新生站O07",
    "場所地址":"新生南路1段67號",
    "場所分類":"交通要衝",
    "AED放置地點":"臺北捷運忠孝新生站O07詢問處附近",
    "行政區":"大安區"
    }
  },
  {
    "type": "Feature",
    "geometry": {
       "type": "Point",
       "coordinates":  [ 121.542709,25.026158 ]
    },
    "properties": {
    "場所名稱":"臺北市立龍門國民中學游泳池(委外)",
    "場所地址":"建國南路二段269號",
    "場所分類":"大型休閒場所",
    "AED放置地點":"體育館泳池入口",
    "行政區":"大安區"
    }
  },
  {
    "type": "Feature",
    "geometry": {
       "type": "Point",
       "coordinates":  [ 121.5430092,25.0331889 ]
    },
    "properties": {
    "場所名稱":"Curves 女性30分鐘環狀運動 大安店",
    "場所地址":"信義路三段192號2樓",
    "場所分類":"學校、大型集會場所",
    "AED放置地點":"台北市大安區信義路三段192號2樓",
    "行政區":"大安區"
    }
  },
  {
    "type": "Feature",
    "geometry": {
       "type": "Point",
       "coordinates":  [ 121.53362,25.02982 ]
    },
    "properties": {
    "場所名稱":"臺北市大安區新生國民小學",
    "場所地址":"新生南路二段36號",
    "場所分類":"其他",
    "AED放置地點":"4樓活動中心",
    "行政區":"大安區"
    }
  },
  {
    "type": "Feature",
    "geometry": {
       "type": "Point",
       "coordinates":  [ 121.53362,25.02982 ]
    },
    "properties": {
    "場所名稱":"臺北市大安區新生國民小學",
    "場所地址":"新生南路二段36號",
    "場所分類":"其他",
    "AED放置地點":"B1游泳池",
    "行政區":"大安區"
    }
  },
  {
    "type": "Feature",
    "geometry": {
       "type": "Point",
       "coordinates":  [ 121.534463,25.016323 ]
    },
    "properties": {
    "場所名稱":"國立臺灣大學(校總區)",
    "場所地址":"羅斯福路4段1號",
    "場所分類":"學校、大型集會場所",
    "AED放置地點":"土木館",
    "行政區":"大安區"
    }
  },
  {
    "type": "Feature",
    "geometry": {
       "type": "Point",
       "coordinates":  [ 121.534463,25.016323 ]
    },
    "properties": {
    "場所名稱":"國立臺灣大學(校總區)",
    "場所地址":"羅斯福路4段1號",
    "場所分類":"學校、大型集會場所",
    "AED放置地點":"應力館",
    "行政區":"大安區"
    }
  },
  {
    "type": "Feature",
    "geometry": {
       "type": "Point",
       "coordinates":  [ 121.528699,25.033868 ]
    },
    "properties": {
    "場所名稱":"臺北捷運東門站R07",
    "場所地址":"信義路2段166號",
    "場所分類":"交通要衝",
    "AED放置地點":"捷運東門站",
    "行政區":"大安區"
    }
  },
  {
    "type": "Feature",
    "geometry": {
       "type": "Point",
       "coordinates":  [ 121.534851,25.033544 ]
    },
    "properties": {
    "場所名稱":"臺北捷運大安森林公園站R06",
    "場所地址":"信義路3段100號",
    "場所分類":"交通要衝",
    "AED放置地點":"捷運大安森林公園站",
    "行政區":"大安區"
    }
  },
  {
    "type": "Feature",
    "geometry": {
       "type": "Point",
       "coordinates":  [ 121.543557,25.033259 ]
    },
    "properties": {
    "場所名稱":"臺北捷運大安站R05",
    "場所地址":"信義路3段180號",
    "場所分類":"交通要衝",
    "AED放置地點":"捷運淡水信義線大安站",
    "行政區":"大安區"
    }
  },
  {
    "type": "Feature",
    "geometry": {
       "type": "Point",
       "coordinates":  [ 121.552768,25.033128 ]
    },
    "properties": {
    "場所名稱":"臺北捷運信義安和站R04",
    "場所地址":"信義路4段212之1號",
    "場所分類":"交通要衝",
    "AED放置地點":"捷運信義安和站",
    "行政區":"大安區"
    }
  },
  {
    "type": "Feature",
    "geometry": {
       "type": "Point",
       "coordinates":  [ 121.555829,25.038069 ]
    },
    "properties": {
    "場所名稱":"澤力有限公司",
    "場所地址":"仁愛路四段407-1號",
    "場所分類":"其他",
    "AED放置地點":"休息區",
    "行政區":"大安區"
    }
  },
  {
    "type": "Feature",
    "geometry": {
       "type": "Point",
       "coordinates":  [ 121.54929,25.033942 ]
    },
    "properties": {
    "場所名稱":"國泰商旅股份有限公司敦南分公司(慕軒飯店)",
    "場所地址":"敦化南路1段331號",
    "場所分類":"其他",
    "AED放置地點":"一樓大廳走道",
    "行政區":"大安區"
    }
  },
  {
    "type": "Feature",
    "geometry": {
       "type": "Point",
       "coordinates":  [ 121.5403964,25.03367504 ]
    },
    "properties": {
    "場所名稱":"舞動陽光-師大附中運動中心",
    "場所地址":"信義路三段143號",
    "場所分類":"學校、大型集會場所",
    "AED放置地點":"1樓櫃台大廳",
    "行政區":"大安區"
    }
  },
  {
    "type": "Feature",
    "geometry": {
       "type": "Point",
       "coordinates":  [ 121.534222,25.014981 ]
    },
    "properties": {
    "場所名稱":"臺北捷運公館站G07",
    "場所地址":"羅斯路4段74號",
    "場所分類":"交通要衝",
    "AED放置地點":"地下1樓大廳層詢問處附近",
    "行政區":"大安區"
    }
  },
  {
    "type": "Feature",
    "geometry": {
       "type": "Point",
       "coordinates":  [ 121.5493623,25.0263107 ]
    },
    "properties": {
    "場所名稱":"亞東百貨股份有限公司遠企分公司",
    "場所地址":"敦化南路二段203號",
    "場所分類":"大型購物場所",
    "AED放置地點":"遠企購物中心",
    "行政區":"大安區"
    }
  },
  {
    "type": "Feature",
    "geometry": {
       "type": "Point",
       "coordinates":  [ 121.5573414,25.0373714 ]
    },
    "properties": {
    "場所名稱":"台灣飛軒理股份有限公司",
    "場所地址":"仁愛",
    "場所分類":"其他",
    "AED放置地點":"公司櫃檯販賣機旁",
    "行政區":"大安區"
    }
  },
  {
    "type": "Feature",
    "geometry": {
       "type": "Point",
       "coordinates":  [ 121.5446374,25.0246244 ]
    },
    "properties": {
    "場所名稱":"國立臺北教育大學泳健館-恆動力",
    "場所地址":"和平東路二段134號1樓",
    "場所分類":"學校、大型集會場所",
    "AED放置地點":"泳健館泳池區出入口旁",
    "行政區":"大安區"
    }
  },
  {
    "type": "Feature",
    "geometry": {
       "type": "Point",
       "coordinates":  [ 121.5382499,25.0252636 ]
    },
    "properties": {
    "場所名稱":"作伙CrossFit",
    "場所地址":"和平東路二段46巷11號",
    "場所分類":"學校、大型集會場所",
    "AED放置地點":"二樓",
    "行政區":"大安區"
    }
  },
  {
    "type": "Feature",
    "geometry": {
       "type": "Point",
       "coordinates":  [ 121.534463,25.016323 ]
    },
    "properties": {
    "場所名稱":"國立臺灣大學(校總區)",
    "場所地址":"羅斯福路4段1號",
    "場所分類":"學校、大型集會場所",
    "AED放置地點":"法律霖澤館",
    "行政區":"大安區"
    }
  },
  {
    "type": "Feature",
    "geometry": {
       "type": "Point",
       "coordinates":  [ 121.534463,25.016323 ]
    },
    "properties": {
    "場所名稱":"國立臺灣大學(校總區)",
    "場所地址":"羅斯福路4段1號",
    "場所分類":"學校、大型集會場所",
    "AED放置地點":"文學院大樓",
    "行政區":"大安區"
    }
  },
  {
    "type": "Feature",
    "geometry": {
       "type": "Point",
       "coordinates":  [ 121.534463,25.016323 ]
    },
    "properties": {
    "場所名稱":"國立臺灣大學(校總區)",
    "場所地址":"羅斯福路4段1號",
    "場所分類":"學校、大型集會場所",
    "AED放置地點":"管理1號館",
    "行政區":"大安區"
    }
  },
  {
    "type": "Feature",
    "geometry": {
       "type": "Point",
       "coordinates":  [ 121.534463,25.016323 ]
    },
    "properties": {
    "場所名稱":"國立臺灣大學(校總區)",
    "場所地址":"羅斯福路4段1號",
    "場所分類":"學校、大型集會場所",
    "AED放置地點":"第一活動中心",
    "行政區":"大安區"
    }
  },
  {
    "type": "Feature",
    "geometry": {
       "type": "Point",
       "coordinates":  [ 121.531661,25.022224 ]
    },
    "properties": {
    "場所名稱":"臺北市私立新民國民小學",
    "場所地址":"辛亥路一段113號",
    "場所分類":"其他",
    "AED放置地點":"學務處-健康中心",
    "行政區":"大安區"
    }
  },
  {
    "type": "Feature",
    "geometry": {
       "type": "Point",
       "coordinates":  [ 121.5515828,25.0353243 ]
    },
    "properties": {
    "場所名稱":"畢人體能有限公司Berenfit",
    "場所地址":"信義路四段199巷32號",
    "場所分類":"學校、大型集會場所",
    "AED放置地點":"健身房放鬆區",
    "行政區":"大安區"
    }
  },
  {
    "type": "Feature",
    "geometry": {
       "type": "Point",
       "coordinates":  [ 121.528283,25.02603 ]
    },
    "properties": {
    "場所名稱":"國立臺灣師範大學校本部(和平東路1段162號) ",
    "場所地址":"和平東路1段162號",
    "場所分類":"學校、大型集會場所",
    "AED放置地點":"校本部勤大樓一樓",
    "行政區":"大安區"
    }
  },
  {
    "type": "Feature",
    "geometry": {
       "type": "Point",
       "coordinates":  [ 121.544436,25.016473 ]
    },
    "properties": {
    "場所名稱":"國立臺灣大學(長興校區)",
    "場所地址":"長興街50號",
    "場所分類":"學校、大型集會場所",
    "AED放置地點":"男八宿舍",
    "行政區":"大安區"
    }
  },
  {
    "type": "Feature",
    "geometry": {
       "type": "Point",
       "coordinates":  [ 121.540946,25.025043 ]
    },
    "properties": {
    "場所名稱":"國立臺北教育大學附設實驗國民小學",
    "場所地址":"和平東路二段94號",
    "場所分類":"其他",
    "AED放置地點":"健康中心",
    "行政區":"大安區"
    }
  },
  {
    "type": "Feature",
    "geometry": {
       "type": "Point",
       "coordinates":  [ 121.53721,25.036628 ]
    },
    "properties": {
    "場所名稱":"福容大飯店股份有限公司台北分公司",
    "場所地址":"建國南路一段266號",
    "場所分類":"其他",
    "AED放置地點":"一樓大廳櫃檯前方",
    "行政區":"大安區"
    }
  },
  {
    "type": "Feature",
    "geometry": {
       "type": "Point",
       "coordinates":  [ 121.538886,25.038984 ]
    },
    "properties": {
    "場所名稱":"臺灣當代文化實驗場",
    "場所地址":"建國南路一段177號",
    "場所分類":"其他",
    "AED放置地點":"圖書館大門旁",
    "行政區":"大安區"
    }
  },
  {
    "type": "Feature",
    "geometry": {
       "type": "Point",
       "coordinates":  [ 121.524182,25.034768 ]
    },
    "properties": {
    "場所名稱":"臺北市私立金甌女子高級中學",
    "場所地址":"杭州南路2段1號",
    "場所分類":"學校、大型集會場所",
    "AED放置地點":"警衛室",
    "行政區":"大安區"
    }
  },
  {
    "type": "Feature",
    "geometry": {
       "type": "Point",
       "coordinates":  [ 121.542993,25.014169 ]
    },
    "properties": {
    "場所名稱":"國立臺灣科技大學",
    "場所地址":"基隆路4段43號",
    "場所分類":"學校、大型集會場所",
    "AED放置地點":"電資學院",
    "行政區":"大安區"
    }
  },
  {
    "type": "Feature",
    "geometry": {
       "type": "Point",
       "coordinates":  [ 121.542993,25.014169 ]
    },
    "properties": {
    "場所名稱":"國立臺灣科技大學",
    "場所地址":"基隆路4段43號",
    "場所分類":"學校、大型集會場所",
    "AED放置地點":"工程二館",
    "行政區":"大安區"
    }
  },
  {
    "type": "Feature",
    "geometry": {
       "type": "Point",
       "coordinates":  [ 121.542993,25.014169 ]
    },
    "properties": {
    "場所名稱":"國立臺灣科技大學",
    "場所地址":"基隆路4段43號",
    "場所分類":"學校、大型集會場所",
    "AED放置地點":"國際大樓",
    "行政區":"大安區"
    }
  },
  {
    "type": "Feature",
    "geometry": {
       "type": "Point",
       "coordinates":  [ 121.542993,25.014169 ]
    },
    "properties": {
    "場所名稱":"國立臺灣科技大學",
    "場所地址":"基隆路4段43號",
    "場所分類":"學校、大型集會場所",
    "AED放置地點":"綜合研究大樓一樓",
    "行政區":"大安區"
    }
  },
  {
    "type": "Feature",
    "geometry": {
       "type": "Point",
       "coordinates":  [ 121.534463,25.016323 ]
    },
    "properties": {
    "場所名稱":"國立臺灣大學(校總區)",
    "場所地址":"羅斯福路4段1號",
    "場所分類":"學校、大型集會場所",
    "AED放置地點":"社科學院警衛室",
    "行政區":"大安區"
    }
  },
  {
    "type": "Feature",
    "geometry": {
       "type": "Point",
       "coordinates":  [ 121.55105,25.041498 ]
    },
    "properties": {
    "場所名稱":"臺北捷運忠孝敦化站BL16",
    "場所地址":"忠孝東路4段182號B1",
    "場所分類":"交通要衝",
    "AED放置地點":"忠孝敦化站出口3進入",
    "行政區":"大安區"
    }
  },
  {
    "type": "Feature",
    "geometry": {
       "type": "Point",
       "coordinates":  [ 121.543706,25.041654 ]
    },
    "properties": {
    "場所名稱":"臺北捷運忠孝復興站BL15",
    "場所地址":"忠孝東路4段47號B1",
    "場所分類":"交通要衝",
    "AED放置地點":"忠孝復興站出口2進入",
    "行政區":"大安區"
    }
  },
  {
    "type": "Feature",
    "geometry": {
       "type": "Point",
       "coordinates":  [ 121.5550116,25.0302378 ]
    },
    "properties": {
    "場所名稱":"香港商世界健身事業有限公司台北通化分公司",
    "場所地址":"臨江街87號2樓",
    "場所分類":"學校、大型集會場所",
    "AED放置地點":"2樓大廳",
    "行政區":"大安區"
    }
  },
  {
    "type": "Feature",
    "geometry": {
       "type": "Point",
       "coordinates":  [ 121.557303,25.042523 ]
    },
    "properties": {
    "場所名稱":"漢杰健康事業股份有限公司(HowHowGym好好健身)",
    "場所地址":"光復南路180巷6號2樓",
    "場所分類":"學校、大型集會場所",
    "AED放置地點":"飲水機上方",
    "行政區":"大安區"
    }
  },
  {
    "type": "Feature",
    "geometry": {
       "type": "Point",
       "coordinates":  [ 121.555697,25.041247 ]
    },
    "properties": {
    "場所名稱":"交通部觀光署",
    "場所地址":"忠孝東路4段290號9樓",
    "場所分類":"其他",
    "AED放置地點":"9樓服務台",
    "行政區":"大安區"
    }
  },
  {
    "type": "Feature",
    "geometry": {
       "type": "Point",
       "coordinates":  [ 121.549148,25.019627 ]
    },
    "properties": {
    "場所名稱":"臺北市立和平高級中學",
    "場所地址":"臥龍街100號",
    "場所分類":"學校、大型集會場所",
    "AED放置地點":"本校學務處門口(靠近教官室)",
    "行政區":"大安區"
    }
  },
  {
    "type": "Feature",
    "geometry": {
       "type": "Point",
       "coordinates":  [ 121.53362,25.02982 ]
    },
    "properties": {
    "場所名稱":"臺北市大安區新生國民小學",
    "場所地址":"新生南路二段36號",
    "場所分類":"其他",
    "AED放置地點":"健康中心門口",
    "行政區":"大安區"
    }
  },
  {
    "type": "Feature",
    "geometry": {
       "type": "Point",
       "coordinates":  [ 121.538413,25.036378 ]
    },
    "properties": {
    "場所名稱":"臺北市私立延平高級中學",
    "場所地址":"建國南路1段275號",
    "場所分類":"學校、大型集會場所",
    "AED放置地點":"操場 司令台",
    "行政區":"大安區"
    }
  },
  {
    "type": "Feature",
    "geometry": {
       "type": "Point",
       "coordinates":  [ 121.531381,25.018002 ]
    },
    "properties": {
    "場所名稱":"香港商世界健身事業有限公司飛動公館分公司",
    "場所地址":"羅斯福路三段281號",
    "場所分類":"學校、大型集會場所",
    "AED放置地點":"櫃台大廳",
    "行政區":"大安區"
    }
  },
  {
    "type": "Feature",
    "geometry": {
       "type": "Point",
       "coordinates":  [ 121.551655,25.041677 ]
    },
    "properties": {
    "場所名稱":"香港商世界健身事業有限公司忠孝分公司",
    "場所地址":"忠孝東路4段201號3樓",
    "場所分類":"學校、大型集會場所",
    "AED放置地點":"健身中心三樓洽談區",
    "行政區":"大安區"
    }
  },
  {
    "type": "Feature",
    "geometry": {
       "type": "Point",
       "coordinates":  [ 121.533178,25.031201 ]
    },
    "properties": {
    "場所名稱":"臺北市立金華國民中學",
    "場所地址":"新生南路二段32號",
    "場所分類":"其他",
    "AED放置地點":"中穿堂樓梯旁廊道",
    "行政區":"大安區"
    }
  },
  {
    "type": "Feature",
    "geometry": {
       "type": "Point",
       "coordinates":  [ 121.543768,25.041643 ]
    },
    "properties": {
    "場所名稱":"臺北捷運忠孝復興站BR10",
    "場所地址":"忠孝東路3段302號",
    "場所分類":"交通要衝",
    "AED放置地點":"捷運忠孝復興站3樓大廳",
    "行政區":"大安區"
    }
  },
  {
    "type": "Feature",
    "geometry": {
       "type": "Point",
       "coordinates":  [ 121.543647,25.026146 ]
    },
    "properties": {
    "場所名稱":"臺北捷運科技大樓站BR08",
    "場所地址":"復興南路2段235號",
    "場所分類":"交通要衝",
    "AED放置地點":"捷運文湖線科技大樓站",
    "行政區":"大安區"
    }
  },
  {
    "type": "Feature",
    "geometry": {
       "type": "Point",
       "coordinates":  [ 121.552984,25.023749 ]
    },
    "properties": {
    "場所名稱":"臺北捷運六張犁站BR07",
    "場所地址":"和平東路3段168號",
    "場所分類":"交通要衝",
    "AED放置地點":"捷運文湖線六張犁站",
    "行政區":"大安區"
    }
  },
  {
    "type": "Feature",
    "geometry": {
       "type": "Point",
       "coordinates":  [ 121.558791,25.018535 ]
    },
    "properties": {
    "場所名稱":"臺北捷運麟光站BR06",
    "場所地址":"和平東路3段410號",
    "場所分類":"交通要衝",
    "AED放置地點":"捷運文湖線麟光站",
    "行政區":"大安區"
    }
  },
  {
    "type": "Feature",
    "geometry": {
       "type": "Point",
       "coordinates":  [ 121.551453,25.032235 ]
    },
    "properties": {
    "場所名稱":"臺北市私立東方高級工商職業學校",
    "場所地址":"信義路四段186巷8號",
    "場所分類":"學校、大型集會場所",
    "AED放置地點":"大門口警衛室內",
    "行政區":"大安區"
    }
  },
  {
    "type": "Feature",
    "geometry": {
       "type": "Point",
       "coordinates":  [ 121.534463,25.016323 ]
    },
    "properties": {
    "場所名稱":"國立臺灣大學(校總區)",
    "場所地址":"羅斯福路4段1號",
    "場所分類":"學校、大型集會場所",
    "AED放置地點":"化學思亮館",
    "行政區":"大安區"
    }
  },
  {
    "type": "Feature",
    "geometry": {
       "type": "Point",
       "coordinates":  [ 121.534463,25.016323 ]
    },
    "properties": {
    "場所名稱":"國立臺灣大學(校總區)",
    "場所地址":"羅斯福路4段1號",
    "場所分類":"學校、大型集會場所",
    "AED放置地點":"動科畜產館",
    "行政區":"大安區"
    }
  },
  {
    "type": "Feature",
    "geometry": {
       "type": "Point",
       "coordinates":  [ 121.534463,25.016323 ]
    },
    "properties": {
    "場所名稱":"國立臺灣大學(校總區)",
    "場所地址":"羅斯福路4段1號",
    "場所分類":"學校、大型集會場所",
    "AED放置地點":"凝態物理館",
    "行政區":"大安區"
    }
  },
  {
    "type": "Feature",
    "geometry": {
       "type": "Point",
       "coordinates":  [ 121.543377,25.037704 ]
    },
    "properties": {
    "場所名稱":"台北福華大飯店",
    "場所地址":"仁愛路3段160號",
    "場所分類":"旅宿場所",
    "AED放置地點":"飯店大廳",
    "行政區":"大安區"
    }
  },
  {
    "type": "Feature",
    "geometry": {
       "type": "Point",
       "coordinates":  [ 121.546274,25.023455 ]
    },
    "properties": {
    "場所名稱":"國立臺北教育大學(學生活動中心)",
    "場所地址":"和平東路二段134號",
    "場所分類":"學校、大型集會場所",
    "AED放置地點":"衛保組門口",
    "行政區":"大安區"
    }
  },
  {
    "type": "Feature",
    "geometry": {
       "type": "Point",
       "coordinates":  [ 121.542993,25.014169 ]
    },
    "properties": {
    "場所名稱":"國立臺灣科技大學",
    "場所地址":"基隆路4段43號",
    "場所分類":"學校、大型集會場所",
    "AED放置地點":"管理大樓",
    "行政區":"大安區"
    }
  },
  {
    "type": "Feature",
    "geometry": {
       "type": "Point",
       "coordinates":  [ 121.542993,25.014169 ]
    },
    "properties": {
    "場所名稱":"國立臺灣科技大學",
    "場所地址":"基隆路4段43號",
    "場所分類":"學校、大型集會場所",
    "AED放置地點":"第三宿舍一樓",
    "行政區":"大安區"
    }
  },
  {
    "type": "Feature",
    "geometry": {
       "type": "Point",
       "coordinates":  [ 121.542993,25.014169 ]
    },
    "properties": {
    "場所名稱":"國立臺灣科技大學",
    "場所地址":"基隆路4段43號",
    "場所分類":"學校、大型集會場所",
    "AED放置地點":"第四教學大樓",
    "行政區":"大安區"
    }
  },
  {
    "type": "Feature",
    "geometry": {
       "type": "Point",
       "coordinates":  [ 121.542993,25.014169 ]
    },
    "properties": {
    "場所名稱":"國立臺灣科技大學",
    "場所地址":"基隆路4段43號",
    "場所分類":"學校、大型集會場所",
    "AED放置地點":"體育館",
    "行政區":"大安區"
    }
  },
  {
    "type": "Feature",
    "geometry": {
       "type": "Point",
       "coordinates":  [ 121.542993,25.014169 ]
    },
    "properties": {
    "場所名稱":"國立臺灣科技大學",
    "場所地址":"基隆路4段43號",
    "場所分類":"學校、大型集會場所",
    "AED放置地點":"研揚大樓1F川堂",
    "行政區":"大安區"
    }
  },
  {
    "type": "Feature",
    "geometry": {
       "type": "Point",
       "coordinates":  [ 121.542993,25.014169 ]
    },
    "properties": {
    "場所名稱":"國立臺灣科技大學",
    "場所地址":"基隆路4段43號",
    "場所分類":"學校、大型集會場所",
    "AED放置地點":"大門警衛室",
    "行政區":"大安區"
    }
  },
  {
    "type": "Feature",
    "geometry": {
       "type": "Point",
       "coordinates":  [ 121.534463,25.016323 ]
    },
    "properties": {
    "場所名稱":"國立臺灣大學(校總區)",
    "場所地址":"羅斯福路4段1號",
    "場所分類":"學校、大型集會場所",
    "AED放置地點":"工科海洋館",
    "行政區":"大安區"
    }
  },
  {
    "type": "Feature",
    "geometry": {
       "type": "Point",
       "coordinates":  [ 121.53721,25.036628 ]
    },
    "properties": {
    "場所名稱":"福容大飯店股份有限公司台北分公司",
    "場所地址":"建國南路一段266號",
    "場所分類":"其他",
    "AED放置地點":"三樓麗泉俱樂部內",
    "行政區":"大安區"
    }
  },
  {
    "type": "Feature",
    "geometry": {
       "type": "Point",
       "coordinates":  [ 121.5446863,25.03272182 ]
    },
    "properties": {
    "場所名稱":"合作金庫商業銀行-資訊部",
    "場所地址":"信義路四段30巷9號",
    "場所分類":"其他",
    "AED放置地點":"1樓大廳",
    "行政區":"大安區"
    }
  },
  {
    "type": "Feature",
    "geometry": {
       "type": "Point",
       "coordinates":  [ 121.5503725,25.03916964 ]
    },
    "properties": {
    "場所名稱":"觀示苑股份有限公司附設臺北市私立觀示苑瑜珈技藝短期補習班敦化分班",
    "場所地址":"安和路一段27號16樓",
    "場所分類":"其他",
    "AED放置地點":"會館大廳",
    "行政區":"大安區"
    }
  },
  {
    "type": "Feature",
    "geometry": {
       "type": "Point",
       "coordinates":  [ 121.552113,25.04124061 ]
    },
    "properties": {
    "場所名稱":"觀示苑股份有限公司忠孝分公司",
    "場所地址":"忠孝東路四段200號13樓",
    "場所分類":"其他",
    "AED放置地點":"會館大廳",
    "行政區":"大安區"
    }
  },
  {
    "type": "Feature",
    "geometry": {
       "type": "Point",
       "coordinates":  [ 121.5436883,25.0307551 ]
    },
    "properties": {
    "場所名稱":"閃電肌力體能訓練",
    "場所地址":"復興南路二段65號2樓之2",
    "場所分類":"學校、大型集會場所",
    "AED放置地點":"臺北市大安區復興南路二段65號2樓之2",
    "行政區":"大安區"
    }
  },
  {
    "type": "Feature",
    "geometry": {
       "type": "Point",
       "coordinates":  [ 121.5511697,25.0290777 ]
    },
    "properties": {
    "場所名稱":"瓦城安和店",
    "場所地址":"安和路二段133號1樓",
    "場所分類":"大型休閒場所",
    "AED放置地點":"餐廳內",
    "行政區":"大安區"
    }
  },
  {
    "type": "Feature",
    "geometry": {
       "type": "Point",
       "coordinates":  [ 121.53565,25.04246 ]
    },
    "properties": {
    "場所名稱":"國立臺北科技大學",
    "場所地址":"忠孝東路3 段1號",
    "場所分類":"學校、大型集會場所",
    "AED放置地點":"先鋒國際研發大樓1樓",
    "行政區":"大安區"
    }
  },
  {
    "type": "Feature",
    "geometry": {
       "type": "Point",
       "coordinates":  [ 121.542993,25.014169 ]
    },
    "properties": {
    "場所名稱":"國立臺灣科技大學",
    "場所地址":"基隆路4段43號",
    "場所分類":"學校、大型集會場所",
    "AED放置地點":"第一宿舍一樓",
    "行政區":"大安區"
    }
  },
  {
    "type": "Feature",
    "geometry": {
       "type": "Point",
       "coordinates":  [ 121.542993,25.014169 ]
    },
    "properties": {
    "場所名稱":"國立臺灣科技大學",
    "場所地址":"基隆路4段43號",
    "場所分類":"學校、大型集會場所",
    "AED放置地點":"第二宿舍一樓",
    "行政區":"大安區"
    }
  },
  {
    "type": "Feature",
    "geometry": {
       "type": "Point",
       "coordinates":  [ 121.542993,25.014169 ]
    },
    "properties": {
    "場所名稱":"國立臺灣科技大學",
    "場所地址":"基隆路4段43號",
    "場所分類":"學校、大型集會場所",
    "AED放置地點":"學生活動中心一樓",
    "行政區":"大安區"
    }
  },
  {
    "type": "Feature",
    "geometry": {
       "type": "Point",
       "coordinates":  [ 121.542993,25.014169 ]
    },
    "properties": {
    "場所名稱":"國立臺灣科技大學",
    "場所地址":"基隆路4段43號",
    "場所分類":"學校、大型集會場所",
    "AED放置地點":"健康中心",
    "行政區":"大安區"
    }
  },
  {
    "type": "Feature",
    "geometry": {
       "type": "Point",
       "coordinates":  [ 121.544436,25.016473 ]
    },
    "properties": {
    "場所名稱":"國立臺灣大學(長興校區)",
    "場所地址":"長興街50號",
    "場所分類":"學校、大型集會場所",
    "AED放置地點":"生技中心",
    "行政區":"大安區"
    }
  },
  {
    "type": "Feature",
    "geometry": {
       "type": "Point",
       "coordinates":  [ 121.534463,25.016323 ]
    },
    "properties": {
    "場所名稱":"國立臺灣大學(校總區)",
    "場所地址":"羅斯福路4段1號",
    "場所分類":"學校、大型集會場所",
    "AED放置地點":"生科館",
    "行政區":"大安區"
    }
  },
  {
    "type": "Feature",
    "geometry": {
       "type": "Point",
       "coordinates":  [ 121.543263,25.0341439 ]
    },
    "properties": {
    "場所名稱":"進化論Evolution Fitness健身房",
    "場所地址":"復興南路一段380",
    "場所分類":"學校、大型集會場所",
    "AED放置地點":"進化論健身房B2櫃台",
    "行政區":"大安區"
    }
  },
  {
    "type": "Feature",
    "geometry": {
       "type": "Point",
       "coordinates":  [ 121.543572,25.033246 ]
    },
    "properties": {
    "場所名稱":"臺北捷運大安站BR09",
    "場所地址":"信義路4段2號",
    "場所分類":"交通要衝",
    "AED放置地點":"捷運大安站一樓",
    "行政區":"大安區"
    }
  },
  {
    "type": "Feature",
    "geometry": {
       "type": "Point",
       "coordinates":  [ 121.538208,25.024673 ]
    },
    "properties": {
    "場所名稱":"龍門國中地下停車場",
    "場所地址":"建國南路2段269號B1",
    "場所分類":"其他",
    "AED放置地點":"建國南路2段269號B1",
    "行政區":"大安區"
    }
  },
  {
    "type": "Feature",
    "geometry": {
       "type": "Point",
       "coordinates":  [ 121.5256839,25.0304773 ]
    },
    "properties": {
    "場所名稱":"榕錦時光生活園區-遊客服務中心",
    "場所地址":"金華街167號",
    "場所分類":"觀光旅遊地區",
    "AED放置地點":"台北市大安區金華街167號",
    "行政區":"大安區"
    }
  },
  {
    "type": "Feature",
    "geometry": {
       "type": "Point",
       "coordinates":  [ 121.538886,25.038984 ]
    },
    "properties": {
    "場所名稱":"臺灣當代文化實驗場",
    "場所地址":"建國南路一段177號",
    "場所分類":"其他",
    "AED放置地點":"中正堂門口",
    "行政區":"大安區"
    }
  },
  {
    "type": "Feature",
    "geometry": {
       "type": "Point",
       "coordinates":  [ 121.535496,25.030199 ]
    },
    "properties": {
    "場所名稱":"大安森林公園",
    "場所地址":"新生南路2段1號",
    "場所分類":"其他",
    "AED放置地點":"大安森林公園音樂台辦公室",
    "行政區":"大安區"
    }
  },
  {
    "type": "Feature",
    "geometry": {
       "type": "Point",
       "coordinates":  [ 121.53565,25.04246 ]
    },
    "properties": {
    "場所名稱":"國立臺北科技大學",
    "場所地址":"忠孝東路3 段1號",
    "場所分類":"學校、大型集會場所",
    "AED放置地點":"宏裕科技研究大樓1樓電梯旁",
    "行政區":"大安區"
    }
  },
  {
    "type": "Feature",
    "geometry": {
       "type": "Point",
       "coordinates":  [ 121.549282,25.026612 ]
    },
    "properties": {
    "場所名稱":"鼎鼎大飯店股份有限公司(香格里拉台北遠東國際大飯店)",
    "場所地址":"敦化南路二段201號",
    "場所分類":"旅宿場所",
    "AED放置地點":"1F 客務部辦公室",
    "行政區":"大安區"
    }
  },
  {
    "type": "Feature",
    "geometry": {
       "type": "Point",
       "coordinates":  [ 121.547465,25.02483356 ]
    },
    "properties": {
    "場所名稱":"臺灣土地銀行和平分行",
    "場所地址":"和平東路三段15號",
    "場所分類":"其他",
    "AED放置地點":"1樓營業廳",
    "行政區":"大安區"
    }
  },
  {
    "type": "Feature",
    "geometry": {
       "type": "Point",
       "coordinates":  [ 121.548432,25.039435 ]
    },
    "properties": {
    "場所名稱":"臺北市私立復興實驗高級中學",
    "場所地址":"敦化南路一段262號",
    "場所分類":"學校、大型集會場所",
    "AED放置地點":"學校慎思樓四樓電梯口",
    "行政區":"大安區"
    }
  },
  {
    "type": "Feature",
    "geometry": {
       "type": "Point",
       "coordinates":  [ 121.545327,25.021364 ]
    },
    "properties": {
    "場所名稱":"臺北和平籃球館",
    "場所地址":"敦南街76巷28號",
    "場所分類":"學校、大型集會場所",
    "AED放置地點":"場館二樓東側",
    "行政區":"大安區"
    }
  },
  {
    "type": "Feature",
    "geometry": {
       "type": "Point",
       "coordinates":  [ 121.545327,25.021364 ]
    },
    "properties": {
    "場所名稱":"臺北市和平實驗國民小學學生活動中心(暖身球場)",
    "場所地址":"敦南街76巷28號",
    "場所分類":"學校、大型集會場所",
    "AED放置地點":"二樓暖身球場進出口",
    "行政區":"大安區"
    }
  },
  {
    "type": "Feature",
    "geometry": {
       "type": "Point",
       "coordinates":  [ 121.5535462,25.0374016 ]
    },
    "properties": {
    "場所名稱":"國泰世紀產物保險股份有限公司",
    "場所地址":"台北市大安區仁愛路四段296號7樓",
    "場所分類":"其他",
    "AED放置地點":"5樓電梯口旁",
    "行政區":"大安區"
    }
  },
  {
    "type": "Feature",
    "geometry": {
       "type": "Point",
       "coordinates":  [ 121.5431425,25.0395052 ]
    },
    "properties": {
    "場所名稱":"拿鐵健身工作室",
    "場所地址":"仁愛路3段143巷21號",
    "場所分類":"學校、大型集會場所",
    "AED放置地點":"一樓",
    "行政區":"大安區"
    }
  },
  {
    "type": "Feature",
    "geometry": {
       "type": "Point",
       "coordinates":  [ 121.534463,25.016323 ]
    },
    "properties": {
    "場所名稱":"國立臺灣大學(校總區)",
    "場所地址":"羅斯福路4段1號",
    "場所分類":"學校、大型集會場所",
    "AED放置地點":"電機明達館",
    "行政區":"大安區"
    }
  },
  {
    "type": "Feature",
    "geometry": {
       "type": "Point",
       "coordinates":  [ 121.545055,25.011865 ]
    },
    "properties": {
    "場所名稱":"國立臺灣大學(芳蘭校區)",
    "場所地址":"芳蘭路71號",
    "場所分類":"學校、大型集會場所",
    "AED放置地點":"環研大樓",
    "行政區":"大安區"
    }
  },
  {
    "type": "Feature",
    "geometry": {
       "type": "Point",
       "coordinates":  [ 121.534866,25.03758 ]
    },
    "properties": {
    "場所名稱":"臺北市大安區幸安國民小學",
    "場所地址":"仁愛路三段22號",
    "場所分類":"學校、大型集會場所",
    "AED放置地點":"臺北市大安區幸安國民小學游泳池(B1)",
    "行政區":"大安區"
    }
  },
  {
    "type": "Feature",
    "geometry": {
       "type": "Point",
       "coordinates":  [ 121.534463,25.016323 ]
    },
    "properties": {
    "場所名稱":"國立臺灣大學(校總區)",
    "場所地址":"羅斯福路4段1號",
    "場所分類":"學校、大型集會場所",
    "AED放置地點":"博雅教學館",
    "行政區":"大安區"
    }
  },
  {
    "type": "Feature",
    "geometry": {
       "type": "Point",
       "coordinates":  [ 121.547473,25.034215 ]
    },
    "properties": {
    "場所名稱":"臺北市大安老人服務暨日間照顧中心",
    "場所地址":"四維路76巷12號",
    "場所分類":"其他",
    "AED放置地點":"5樓交誼廳",
    "行政區":"大安區"
    }
  },
  {
    "type": "Feature",
    "geometry": {
       "type": "Point",
       "coordinates":  [ 121.534463,25.016323 ]
    },
    "properties": {
    "場所名稱":"國立臺灣大學(校總區)",
    "場所地址":"羅斯福路4段1號",
    "場所分類":"學校、大型集會場所",
    "AED放置地點":"戶外游泳池",
    "行政區":"大安區"
    }
  },
  {
    "type": "Feature",
    "geometry": {
       "type": "Point",
       "coordinates":  [ 121.555495,25.041196 ]
    },
    "properties": {
    "場所名稱":"台新國際商業銀行忠孝分行",
    "場所地址":"忠孝東路４段282號1樓",
    "場所分類":"其他",
    "AED放置地點":"忠孝分行1樓大廳",
    "行政區":"大安區"
    }
  },
  {
    "type": "Feature",
    "geometry": {
       "type": "Point",
       "coordinates":  [ 121.550076,25.037574 ]
    },
    "properties": {
    "場所名稱":"台新國際商業銀行敦南分行",
    "場所地址":"仁愛路四段118號1樓",
    "場所分類":"其他",
    "AED放置地點":"分行主要出入口",
    "行政區":"大安區"
    }
  },
  {
    "type": "Feature",
    "geometry": {
       "type": "Point",
       "coordinates":  [ 121.53565,25.04246 ]
    },
    "properties": {
    "場所名稱":"國立臺北科技大學",
    "場所地址":"忠孝東路3 段1號",
    "場所分類":"學校、大型集會場所",
    "AED放置地點":"衛生保健組",
    "行政區":"大安區"
    }
  },
  {
    "type": "Feature",
    "geometry": {
       "type": "Point",
       "coordinates":  [ 121.53565,25.04246 ]
    },
    "properties": {
    "場所名稱":"國立臺北科技大學",
    "場所地址":"忠孝東路3 段1號",
    "場所分類":"學校、大型集會場所",
    "AED放置地點":"忠孝東路警衛室",
    "行政區":"大安區"
    }
  },
  {
    "type": "Feature",
    "geometry": {
       "type": "Point",
       "coordinates":  [ 121.53565,25.04246 ]
    },
    "properties": {
    "場所名稱":"國立臺北科技大學",
    "場所地址":"忠孝東路3 段1號",
    "場所分類":"學校、大型集會場所",
    "AED放置地點":"億光大樓",
    "行政區":"大安區"
    }
  },
  {
    "type": "Feature",
    "geometry": {
       "type": "Point",
       "coordinates":  [ 121.543397,25.041809 ]
    },
    "properties": {
    "場所名稱":"于賓診所",
    "場所地址":"忠孝東路3段305號7樓之5",
    "場所分類":"其他",
    "AED放置地點":"一診診療室",
    "行政區":"大安區"
    }
  },
  {
    "type": "Feature",
    "geometry": {
       "type": "Point",
       "coordinates":  [ 121.534463,25.016323 ]
    },
    "properties": {
    "場所名稱":"國立臺灣大學(校總區)",
    "場所地址":"羅斯福路4段1號",
    "場所分類":"學校、大型集會場所",
    "AED放置地點":"資工德田館",
    "行政區":"大安區"
    }
  },
  {
    "type": "Feature",
    "geometry": {
       "type": "Point",
       "coordinates":  [ 121.549148,25.019627 ]
    },
    "properties": {
    "場所名稱":"臺北市立和平高級中學",
    "場所地址":"臥龍街100號",
    "場所分類":"學校、大型集會場所",
    "AED放置地點":"本校懷德樓1樓版畫教室(靠近基隆路)",
    "行政區":"大安區"
    }
  },
  {
    "type": "Feature",
    "geometry": {
       "type": "Point",
       "coordinates":  [ 121.551945,25.036522 ]
    },
    "properties": {
    "場所名稱":"臺北市立仁愛國民中學(藍鯨游泳學校仁愛校區)",
    "場所地址":"仁愛路四段130號",
    "場所分類":"其他",
    "AED放置地點":"藍鯨游泳學校仁愛校區櫃台",
    "行政區":"大安區"
    }
  },
  {
    "type": "Feature",
    "geometry": {
       "type": "Point",
       "coordinates":  [ 121.538874,25.011186 ]
    },
    "properties": {
    "場所名稱":"臺北市民族實驗國民中學",
    "場所地址":"羅斯福路4段113巷13號",
    "場所分類":"學校、大型集會場所",
    "AED放置地點":"警衛室",
    "行政區":"大安區"
    }
  },
  {
    "type": "Feature",
    "geometry": {
       "type": "Point",
       "coordinates":  [ 121.5439129,25.03853238 ]
    },
    "properties": {
    "場所名稱":"康博健康生技股份有限公司",
    "場所地址":"復興南路一段227號1樓",
    "場所分類":"其他",
    "AED放置地點":"1樓走廊前",
    "行政區":"大安區"
    }
  },
  {
    "type": "Feature",
    "geometry": {
       "type": "Point",
       "coordinates":  [ 121.549282,25.026612 ]
    },
    "properties": {
    "場所名稱":"鼎鼎大飯店股份有限公司(香格里拉台北遠東國際大飯店)",
    "場所地址":"敦化南路二段201號",
    "場所分類":"旅宿場所",
    "AED放置地點":"6樓健身中心",
    "行政區":"大安區"
    }
  },
  {
    "type": "Feature",
    "geometry": {
       "type": "Point",
       "coordinates":  [ 121.535844,25.033303 ]
    },
    "properties": {
    "場所名稱":"大安森林公園地下停車場",
    "場所地址":"建國南路2段2號B1",
    "場所分類":"其他",
    "AED放置地點":"建國南路2段2號B1",
    "行政區":"大安區"
    }
  },
  {
    "type": "Feature",
    "geometry": {
       "type": "Point",
       "coordinates":  [ 121.531614,25.029574 ]
    },
    "properties": {
    "場所名稱":"金華公園地下停車場",
    "場所地址":"金華街190號B1",
    "場所分類":"其他",
    "AED放置地點":"金華街190號B1",
    "行政區":"大安區"
    }
  },
  {
    "type": "Feature",
    "geometry": {
       "type": "Point",
       "coordinates":  [ 121.552185,25.032995 ]
    },
    "properties": {
    "場所名稱":"臺北市政府警察局大安分局安和路派出所",
    "場所地址":"信義路四段216號",
    "場所分類":"公眾服務單位設施",
    "AED放置地點":"一樓值班臺旁",
    "行政區":"大安區"
    }
  },
  {
    "type": "Feature",
    "geometry": {
       "type": "Point",
       "coordinates":  [ 121.551835,25.018001 ]
    },
    "properties": {
    "場所名稱":"臺北市政府警察局大安分局臥龍街派出所",
    "場所地址":"臥龍街185號",
    "場所分類":"公眾服務單位設施",
    "AED放置地點":"大門入口處",
    "行政區":"大安區"
    }
  },
  {
    "type": "Feature",
    "geometry": {
       "type": "Point",
       "coordinates":  [ 121.530509,25.026615 ]
    },
    "properties": {
    "場所名稱":"臺北市政府警察局大安分局和平東路派出所",
    "場所地址":"和平東路1段143號",
    "場所分類":"公眾服務單位設施",
    "AED放置地點":"1樓門口值班臺前",
    "行政區":"大安區"
    }
  },
  {
    "type": "Feature",
    "geometry": {
       "type": "Point",
       "coordinates":  [ 121.534463,25.016323 ]
    },
    "properties": {
    "場所名稱":"國立臺灣大學(校總區)",
    "場所地址":"羅斯福路4段1號",
    "場所分類":"學校、大型集會場所",
    "AED放置地點":"國青宿舍",
    "行政區":"大安區"
    }
  },
  {
    "type": "Feature",
    "geometry": {
       "type": "Point",
       "coordinates":  [ 121.534463,25.016323 ]
    },
    "properties": {
    "場所名稱":"國立臺灣大學(校總區)",
    "場所地址":"羅斯福路4段1號",
    "場所分類":"學校、大型集會場所",
    "AED放置地點":"圖書館",
    "行政區":"大安區"
    }
  },
  {
    "type": "Feature",
    "geometry": {
       "type": "Point",
       "coordinates":  [ 121.534463,25.016323 ]
    },
    "properties": {
    "場所名稱":"國立臺灣大學(校總區)",
    "場所地址":"羅斯福路4段1號",
    "場所分類":"學校、大型集會場所",
    "AED放置地點":"女一舍",
    "行政區":"大安區"
    }
  },
  {
    "type": "Feature",
    "geometry": {
       "type": "Point",
       "coordinates":  [ 121.544436,25.016473 ]
    },
    "properties": {
    "場所名稱":"國立臺灣大學(長興校區)",
    "場所地址":"長興街50號",
    "場所分類":"學校、大型集會場所",
    "AED放置地點":"男一舍",
    "行政區":"大安區"
    }
  },
  {
    "type": "Feature",
    "geometry": {
       "type": "Point",
       "coordinates":  [ 121.534463,25.016323 ]
    },
    "properties": {
    "場所名稱":"國立臺灣大學(校總區)",
    "場所地址":"羅斯福路4段1號",
    "場所分類":"學校、大型集會場所",
    "AED放置地點":"研一女舍",
    "行政區":"大安區"
    }
  },
  {
    "type": "Feature",
    "geometry": {
       "type": "Point",
       "coordinates":  [ 121.549142,25.02525 ]
    },
    "properties": {
    "場所名稱":"第一商業銀行敦化分行",
    "場所地址":"敦化南路2段267號",
    "場所分類":"其他",
    "AED放置地點":"大門左側上二樓樓梯旁",
    "行政區":"大安區"
    }
  },
  {
    "type": "Feature",
    "geometry": {
       "type": "Point",
       "coordinates":  [ 121.554714,25.041701 ]
    },
    "properties": {
    "場所名稱":"第一商業銀行延吉分行",
    "場所地址":"忠孝東路四段289號",
    "場所分類":"其他",
    "AED放置地點":"一樓大廳進入後左側",
    "行政區":"大安區"
    }
  },
  {
    "type": "Feature",
    "geometry": {
       "type": "Point",
       "coordinates":  [ 121.548315,25.040432 ]
    },
    "properties": {
    "場所名稱":"太平洋崇光百貨股份有限公司敦化分公司",
    "場所地址":"敦化南路一段246號",
    "場所分類":"大型購物場所",
    "AED放置地點":"4樓貴賓廳前",
    "行政區":"大安區"
    }
  },
  {
    "type": "Feature",
    "geometry": {
       "type": "Point",
       "coordinates":  [ 121.534463,25.016323 ]
    },
    "properties": {
    "場所名稱":"國立臺灣大學(校總區)",
    "場所地址":"羅斯福路4段1號",
    "場所分類":"學校、大型集會場所",
    "AED放置地點":"普通大樓",
    "行政區":"大安區"
    }
  },
  {
    "type": "Feature",
    "geometry": {
       "type": "Point",
       "coordinates":  [ 121.544436,25.016473 ]
    },
    "properties": {
    "場所名稱":"國立臺灣大學(長興校區)",
    "場所地址":"長興街50號",
    "場所分類":"學校、大型集會場所",
    "AED放置地點":"男七舍",
    "行政區":"大安區"
    }
  },
  {
    "type": "Feature",
    "geometry": {
       "type": "Point",
       "coordinates":  [ 121.553232,25.041149 ]
    },
    "properties": {
    "場所名稱":"B.P.Y220",
    "場所地址":"忠孝東路四段220號10樓",
    "場所分類":"學校、大型集會場所",
    "AED放置地點":"場館大廳",
    "行政區":"大安區"
    }
  },
  {
    "type": "Feature",
    "geometry": {
       "type": "Point",
       "coordinates":  [ 121.5541741,25.02618 ]
    },
    "properties": {
    "場所名稱":"麗舍整形外科診所",
    "場所地址":"基隆路二段172-1號6樓",
    "場所分類":"其他",
    "AED放置地點":"本院恢復室",
    "行政區":"大安區"
    }
  },
  {
    "type": "Feature",
    "geometry": {
       "type": "Point",
       "coordinates":  [ 121.5486089,25.0399743 ]
    },
    "properties": {
    "場所名稱":"佳齡診所",
    "場所地址":"台北市大安區敦化南路一段205號B1",
    "場所分類":"學校、大型集會場所",
    "AED放置地點":"佳齡診所附設加力運醫",
    "行政區":"大安區"
    }
  },
  {
    "type": "Feature",
    "geometry": {
       "type": "Point",
       "coordinates":  [ 121.53504,25.040063 ]
    },
    "properties": {
    "場所名稱":"Fit Five Fitness",
    "場所地址":"濟南路三段28號1樓",
    "場所分類":"學校、大型集會場所",
    "AED放置地點":"大門口",
    "行政區":"大安區"
    }
  },
  {
    "type": "Feature",
    "geometry": {
       "type": "Point",
       "coordinates":  [ 121.528283,25.02603 ]
    },
    "properties": {
    "場所名稱":"國立臺灣師範大學校本部(和平東路1段162號) ",
    "場所地址":"和平東路1段162號",
    "場所分類":"學校、大型集會場所",
    "AED放置地點":"校本部樸大樓2樓",
    "行政區":"大安區"
    }
  },
  {
    "type": "Feature",
    "geometry": {
       "type": "Point",
       "coordinates":  [ 121.528366,25.031176 ]
    },
    "properties": {
    "場所名稱":"淡江大學台北校園",
    "場所地址":"金華街199巷5號",
    "場所分類":"學校、大型集會場所",
    "AED放置地點":"大門警衛台旁",
    "行政區":"大安區"
    }
  },
  {
    "type": "Feature",
    "geometry": {
       "type": "Point",
       "coordinates":  [ 121.5532909,25.04068859 ]
    },
    "properties": {
    "場所名稱":"陽昇牙醫診所",
    "場所地址":"忠孝東路路四段216巷11弄6號3樓",
    "場所分類":"其他",
    "AED放置地點":"台北市大安區仁愛路四段345巷15弄14號1樓",
    "行政區":"大安區"
    }
  },
  {
    "type": "Feature",
    "geometry": {
       "type": "Point",
       "coordinates":  [ 121.554463,25.033016 ]
    },
    "properties": {
    "場所名稱":"黑松股份有限公司",
    "場所地址":"信義路四段296號3樓",
    "場所分類":"其他",
    "AED放置地點":"台北市大安區信義路四段296號5樓",
    "行政區":"大安區"
    }
  },
  {
    "type": "Feature",
    "geometry": {
       "type": "Point",
       "coordinates":  [ 121.527538,25.0338325 ]
    },
    "properties": {
    "場所名稱":"芮宜股份有限公司",
    "場所地址":"信義路2段104號8樓",
    "場所分類":"學校、大型集會場所",
    "AED放置地點":"入口左邊",
    "行政區":"大安區"
    }
  },
  {
    "type": "Feature",
    "geometry": {
       "type": "Point",
       "coordinates":  [ 121.52619,25.022751 ]
    },
    "properties": {
    "場所名稱":"窩WoFITNESS",
    "場所地址":"羅斯福路三段79號",
    "場所分類":"學校、大型集會場所",
    "AED放置地點":"本館地下一樓",
    "行政區":"大安區"
    }
  },
  {
    "type": "Feature",
    "geometry": {
       "type": "Point",
       "coordinates":  [ 121.534463,25.016323 ]
    },
    "properties": {
    "場所名稱":"國立臺灣大學(校總區)",
    "場所地址":"羅斯福路4段1號",
    "場所分類":"學校、大型集會場所",
    "AED放置地點":"園藝加工館",
    "行政區":"大安區"
    }
  },
  {
    "type": "Feature",
    "geometry": {
       "type": "Point",
       "coordinates":  [ 121.534463,25.016323 ]
    },
    "properties": {
    "場所名稱":"國立臺灣大學(校總區)",
    "場所地址":"羅斯福路4段1號",
    "場所分類":"學校、大型集會場所",
    "AED放置地點":"法律萬才館",
    "行政區":"大安區"
    }
  },
  {
    "type": "Feature",
    "geometry": {
       "type": "Point",
       "coordinates":  [ 121.534463,25.016323 ]
    },
    "properties": {
    "場所名稱":"國立臺灣大學(校總區)",
    "場所地址":"羅斯福路4段1號",
    "場所分類":"學校、大型集會場所",
    "AED放置地點":"化學積學館",
    "行政區":"大安區"
    }
  },
  {
    "type": "Feature",
    "geometry": {
       "type": "Point",
       "coordinates":  [ 121.534866,25.03758 ]
    },
    "properties": {
    "場所名稱":"臺北市大安區幸安國民小學",
    "場所地址":"仁愛路三段22號",
    "場所分類":"學校、大型集會場所",
    "AED放置地點":"臺北市大安區幸安國民小學穿堂",
    "行政區":"大安區"
    }
  },
  {
    "type": "Feature",
    "geometry": {
       "type": "Point",
       "coordinates":  [ 121.534463,25.016323 ]
    },
    "properties": {
    "場所名稱":"國立臺灣大學(校總區)",
    "場所地址":"羅斯福路4段1號",
    "場所分類":"學校、大型集會場所",
    "AED放置地點":"管理2號館",
    "行政區":"大安區"
    }
  },
  {
    "type": "Feature",
    "geometry": {
       "type": "Point",
       "coordinates":  [ 121.534463,25.016323 ]
    },
    "properties": {
    "場所名稱":"國立臺灣大學(校總區)",
    "場所地址":"羅斯福路4段1號",
    "場所分類":"學校、大型集會場所",
    "AED放置地點":"戲劇1號館",
    "行政區":"大安區"
    }
  },
  {
    "type": "Feature",
    "geometry": {
       "type": "Point",
       "coordinates":  [ 121.534463,25.016323 ]
    },
    "properties": {
    "場所名稱":"國立臺灣大學(校總區)",
    "場所地址":"羅斯福路4段1號",
    "場所分類":"學校、大型集會場所",
    "AED放置地點":"第二行政大樓（東）",
    "行政區":"大安區"
    }
  },
  {
    "type": "Feature",
    "geometry": {
       "type": "Point",
       "coordinates":  [ 121.534463,25.016323 ]
    },
    "properties": {
    "場所名稱":"國立臺灣大學(校總區)",
    "場所地址":"羅斯福路4段1號",
    "場所分類":"學校、大型集會場所",
    "AED放置地點":"社工館",
    "行政區":"大安區"
    }
  },
  {
    "type": "Feature",
    "geometry": {
       "type": "Point",
       "coordinates":  [ 121.545068,25.031193 ]
    },
    "properties": {
    "場所名稱":"臺北市政府警察局大安分局瑞安街派出所",
    "場所地址":"瑞安街23巷17號",
    "場所分類":"公眾服務單位設施",
    "AED放置地點":"值班台旁鏡子前",
    "行政區":"大安區"
    }
  },
  {
    "type": "Feature",
    "geometry": {
       "type": "Point",
       "coordinates":  [ 121.534511,25.02642 ]
    },
    "properties": {
    "場所名稱":"臺北市大安區戶政事務所",
    "場所地址":"新生南路二段86號一樓",
    "場所分類":"其他",
    "AED放置地點":"一樓志工服務台旁",
    "行政區":"大安區"
    }
  },
  {
    "type": "Feature",
    "geometry": {
       "type": "Point",
       "coordinates":  [ 121.5522728,25.0301277 ]
    },
    "properties": {
    "場所名稱":"BEYOND FITNESS",
    "場所地址":"安和路二段81號B1",
    "場所分類":"學校、大型集會場所",
    "AED放置地點":"櫃台旁櫃子",
    "行政區":"大安區"
    }
  },
  {
    "type": "Feature",
    "geometry": {
       "type": "Point",
       "coordinates":  [ 121.534885,25.023922 ]
    },
    "properties": {
    "場所名稱":"臺北巿大安區龍安國民小學",
    "場所地址":"新生南路3段33號",
    "場所分類":"其他",
    "AED放置地點":"台北市大安區龍安國民小學",
    "行政區":"大安區"
    }
  },
  {
    "type": "Feature",
    "geometry": {
       "type": "Point",
       "coordinates":  [ 121.546424,25.041695 ]
    },
    "properties": {
    "場所名稱":"臺北捷運東區地下街",
    "場所地址":"大安路1段77號地下1樓",
    "場所分類":"大型購物場所",
    "AED放置地點":"第四廣場10號出入口",
    "行政區":"大安區"
    }
  },
  {
    "type": "Feature",
    "geometry": {
       "type": "Point",
       "coordinates":  [ 121.5436541,25.0445894 ]
    },
    "properties": {
    "場所名稱":"Pro Space",
    "場所地址":"復興南路一段62號2樓之1",
    "場所分類":"大型休閒場所",
    "AED放置地點":"門口",
    "行政區":"大安區"
    }
  },
  {
    "type": "Feature",
    "geometry": {
       "type": "Point",
       "coordinates":  [ 121.552014,25.041232 ]
    },
    "properties": {
    "場所名稱":"明曜百貨股份有限公司",
    "場所地址":"忠孝東路4段200號1樓",
    "場所分類":"大型購物場所",
    "AED放置地點":"明曜百貨大門口",
    "行政區":"大安區"
    }
  },
  {
    "type": "Feature",
    "geometry": {
       "type": "Point",
       "coordinates":  [ 121.533915,25.021147 ]
    },
    "properties": {
    "場所名稱":"臺北市新生老人日間照顧中心",
    "場所地址":"新生南路三段52-5號5樓",
    "場所分類":"其他",
    "AED放置地點":"第三小家教室櫃子",
    "行政區":"大安區"
    }
  },
  {
    "type": "Feature",
    "geometry": {
       "type": "Point",
       "coordinates":  [ 121.53565,25.04246 ]
    },
    "properties": {
    "場所名稱":"國立臺北科技大學",
    "場所地址":"忠孝東路3 段1號",
    "場所分類":"學校、大型集會場所",
    "AED放置地點":"學生宿舍一舍電梯旁",
    "行政區":"大安區"
    }
  },
  {
    "type": "Feature",
    "geometry": {
       "type": "Point",
       "coordinates":  [ 121.555587,25.021244 ]
    },
    "properties": {
    "場所名稱":"誠隆汽車股份有限公司大安服務廠",
    "場所地址":"和平東路三段268號",
    "場所分類":"其他",
    "AED放置地點":"大安服務廠客休室",
    "行政區":"大安區"
    }
  },
  {
    "type": "Feature",
    "geometry": {
       "type": "Point",
       "coordinates":  [ 121.552553,25.013535 ]
    },
    "properties": {
    "場所名稱":"臺北市懷愛館",
    "場所地址":"辛亥路3段330號",
    "場所分類":"學校、大型集會場所",
    "AED放置地點":"B2化妝室入口處",
    "行政區":"大安區"
    }
  },
  {
    "type": "Feature",
    "geometry": {
       "type": "Point",
       "coordinates":  [ 121.552553,25.013535 ]
    },
    "properties": {
    "場所名稱":"臺北市懷愛館",
    "場所地址":"辛亥路3段330號",
    "場所分類":"學校、大型集會場所",
    "AED放置地點":"景行樓B2F家屬休息區",
    "行政區":"大安區"
    }
  },
  {
    "type": "Feature",
    "geometry": {
       "type": "Point",
       "coordinates":  [ 121.5535462,25.0374016 ]
    },
    "properties": {
    "場所名稱":"國泰世紀產物保險股份有限公司",
    "場所地址":"台北市大安區仁愛路四段296號7樓",
    "場所分類":"其他",
    "AED放置地點":"7樓電梯口前",
    "行政區":"大安區"
    }
  },
  {
    "type": "Feature",
    "geometry": {
       "type": "Point",
       "coordinates":  [ 121.539119,25.033718 ]
    },
    "properties": {
    "場所名稱":"SoulFit健身魂",
    "場所地址":"信義路三段109號B1",
    "場所分類":"學校、大型集會場所",
    "AED放置地點":"台北市大安區信義路三段109號B1",
    "行政區":"大安區"
    }
  },
  {
    "type": "Feature",
    "geometry": {
       "type": "Point",
       "coordinates":  [ 121.5330062,25.027614 ]
    },
    "properties": {
    "場所名稱":"台灣基督長老教會-台北和平教會",
    "場所地址":"和平東路一段183巷9號",
    "場所分類":"學校、大型集會場所",
    "AED放置地點":"本會一樓大廳",
    "行政區":"大安區"
    }
  },
  {
    "type": "Feature",
    "geometry": {
       "type": "Point",
       "coordinates":  [ 121.545327,25.021364 ]
    },
    "properties": {
    "場所名稱":"臺北和平籃球館",
    "場所地址":"敦南街76巷28號",
    "場所分類":"學校、大型集會場所",
    "AED放置地點":"場館二樓西側",
    "行政區":"大安區"
    }
  },
  {
    "type": "Feature",
    "geometry": {
       "type": "Point",
       "coordinates":  [ 121.555697,25.041247 ]
    },
    "properties": {
    "場所名稱":"交通部觀光署",
    "場所地址":"忠孝東路4段290號9樓",
    "場所分類":"其他",
    "AED放置地點":"6樓服務台",
    "行政區":"大安區"
    }
  },
  {
    "type": "Feature",
    "geometry": {
       "type": "Point",
       "coordinates":  [ 121.525599,25.034604 ]
    },
    "properties": {
    "場所名稱":"漢杰健康事業股份有限公司東門分公司",
    "場所地址":"信義路二段36號",
    "場所分類":"學校、大型集會場所",
    "AED放置地點":"2樓",
    "行政區":"大安區"
    }
  },
  {
    "type": "Feature",
    "geometry": {
       "type": "Point",
       "coordinates":  [ 121.542081,25.028796 ]
    },
    "properties": {
    "場所名稱":"臺北市私立開平餐飲職業學校",
    "場所地址":"復興南路二段148巷24號",
    "場所分類":"學校、大型集會場所",
    "AED放置地點":"校本部1樓",
    "行政區":"大安區"
    }
  },
  {
    "type": "Feature",
    "geometry": {
       "type": "Point",
       "coordinates":  [ 121.54904,25.033037 ]
    },
    "properties": {
    "場所名稱":"裕融企業股份有限公司",
    "場所地址":"敦化南路二段2號13樓",
    "場所分類":"其他",
    "AED放置地點":"13樓電梯出口左手處",
    "行政區":"大安區"
    }
  },
  {
    "type": "Feature",
    "geometry": {
       "type": "Point",
       "coordinates":  [ 121.542372,25.028543 ]
    },
    "properties": {
    "場所名稱":"臺北市私立開平餐飲職業學校(主廚之家)",
    "場所地址":"復興南路2段148巷15號",
    "場所分類":"學校、大型集會場所",
    "AED放置地點":"主廚之家1樓",
    "行政區":"大安區"
    }
  },
  {
    "type": "Feature",
    "geometry": {
       "type": "Point",
       "coordinates":  [ 121.53565,25.04246 ]
    },
    "properties": {
    "場所名稱":"國立臺北科技大學",
    "場所地址":"忠孝東路3 段1號",
    "場所分類":"學校、大型集會場所",
    "AED放置地點":"中正館",
    "行政區":"大安區"
    }
  },
  {
    "type": "Feature",
    "geometry": {
       "type": "Point",
       "coordinates":  [ 121.55235,25.035773 ]
    },
    "properties": {
    "場所名稱":"臺北市大安區仁愛國民小學",
    "場所地址":"安和路1段60號",
    "場所分類":"其他",
    "AED放置地點":"進穿堂左邊佈告欄旁",
    "行政區":"大安區"
    }
  },
  {
    "type": "Feature",
    "geometry": {
       "type": "Point",
       "coordinates":  [ 121.540411,25.033674 ]
    },
    "properties": {
    "場所名稱":"國立臺灣師範大學附屬高中",
    "場所地址":"信義路三段143號(師大附中)",
    "場所分類":"學校、大型集會場所",
    "AED放置地點":"中正樓穿堂",
    "行政區":"大安區"
    }
  },
  {
    "type": "Feature",
    "geometry": {
       "type": "Point",
       "coordinates":  [ 121.53565,25.04246 ]
    },
    "properties": {
    "場所名稱":"國立臺北科技大學",
    "場所地址":"忠孝東路3 段1號",
    "場所分類":"學校、大型集會場所",
    "AED放置地點":"先鋒國際研發大樓9樓",
    "行政區":"大安區"
    }
  },
  {
    "type": "Feature",
    "geometry": {
       "type": "Point",
       "coordinates":  [ 121.54336,25.032033 ]
    },
    "properties": {
    "場所名稱":"臺北市立大安高級工業職業學校",
    "場所地址":"復興南路2段52號",
    "場所分類":"學校、大型集會場所",
    "AED放置地點":"大安高工健康中心",
    "行政區":"大安區"
    }
  },
  {
    "type": "Feature",
    "geometry": {
       "type": "Point",
       "coordinates":  [ 121.534463,25.016323 ]
    },
    "properties": {
    "場所名稱":"國立臺灣大學(校總區)",
    "場所地址":"羅斯福路4段1號",
    "場所分類":"學校、大型集會場所",
    "AED放置地點":"禮賢樓",
    "行政區":"大安區"
    }
  },
  {
    "type": "Feature",
    "geometry": {
       "type": "Point",
       "coordinates":  [ 121.5491942,25.03119634 ]
    },
    "properties": {
    "場所名稱":"59 Fitness 客制化運動空間",
    "場所地址":"敦化南路2段59號地下1樓",
    "場所分類":"大型休閒場所",
    "AED放置地點":"B1大門入口處",
    "行政區":"大安區"
    }
  },
  {
    "type": "Feature",
    "geometry": {
       "type": "Point",
       "coordinates":  [ 121.5384056,25.0332922 ]
    },
    "properties": {
    "場所名稱":"Master fitness專業健身職人",
    "場所地址":"信義路三段106號6樓",
    "場所分類":"其他",
    "AED放置地點":"台北市大安區信義路三段106號6樓",
    "行政區":"大安區"
    }
  },
  {
    "type": "Feature",
    "geometry": {
       "type": "Point",
       "coordinates":  [ 121.518083,25.037401 ]
    },
    "properties": {
    "場所名稱":"諧動健康科技股份有限公司",
    "場所地址":"信義路2段74號10樓",
    "場所分類":"其他",
    "AED放置地點":"場館正門口",
    "行政區":"大安區"
    }
  },
  {
    "type": "Feature",
    "geometry": {
       "type": "Point",
       "coordinates":  [ 121.542709,25.026158 ]
    },
    "properties": {
    "場所名稱":"香港商世界健身事業有限公司台北麗水分公司",
    "場所地址":"麗水街18號1樓",
    "場所分類":"學校、大型集會場所",
    "AED放置地點":"健身中心B2",
    "行政區":"大安區"
    }
  },
  {
    "type": "Feature",
    "geometry": {
       "type": "Point",
       "coordinates":  [ 121.557385,25.041049 ]
    },
    "properties": {
    "場所名稱":"香港商世界健身事業有限公司光復分公司",
    "場所地址":"忠孝東路四段330號B1",
    "場所分類":"學校、大型集會場所",
    "AED放置地點":"健身中心B1",
    "行政區":"大安區"
    }
  },
  {
    "type": "Feature",
    "geometry": {
       "type": "Point",
       "coordinates":  [ 121.539119,25.04198 ]
    },
    "properties": {
    "場所名稱":"力坊體適能產業有限公司(忠孝復興)",
    "場所地址":"忠孝東路三段203號2樓",
    "場所分類":"學校、大型集會場所",
    "AED放置地點":"進門口左手邊地上",
    "行政區":"大安區"
    }
  },
  {
    "type": "Feature",
    "geometry": {
       "type": "Point",
       "coordinates":  [ 121.534463,25.016323 ]
    },
    "properties": {
    "場所名稱":"國立臺灣大學(校總區)",
    "場所地址":"羅斯福路4段1號",
    "場所分類":"學校、大型集會場所",
    "AED放置地點":"第2活動中心",
    "行政區":"大安區"
    }
  },
  {
    "type": "Feature",
    "geometry": {
       "type": "Point",
       "coordinates":  [ 121.53565,25.04246 ]
    },
    "properties": {
    "場所名稱":"國立臺北科技大學",
    "場所地址":"忠孝東路3 段1號",
    "場所分類":"學校、大型集會場所",
    "AED放置地點":"設計館",
    "行政區":"大安區"
    }
  },
  {
    "type": "Feature",
    "geometry": {
       "type": "Point",
       "coordinates":  [ 121.53565,25.04246 ]
    },
    "properties": {
    "場所名稱":"國立臺北科技大學",
    "場所地址":"忠孝東路3 段1號",
    "場所分類":"學校、大型集會場所",
    "AED放置地點":"土木館",
    "行政區":"大安區"
    }
  },
  {
    "type": "Feature",
    "geometry": {
       "type": "Point",
       "coordinates":  [ 121.5258961,25.0275294 ]
    },
    "properties": {
    "場所名稱":"川復有限公司",
    "場所地址":"金山南路二段222號B1",
    "場所分類":"其他",
    "AED放置地點":"本場館多功能訓練區",
    "行政區":"大安區"
    }
  },
  {
    "type": "Feature",
    "geometry": {
       "type": "Point",
       "coordinates":  [ 121.534463,25.016323 ]
    },
    "properties": {
    "場所名稱":"國立臺灣大學(校總區)",
    "場所地址":"羅斯福路4段1號",
    "場所分類":"學校、大型集會場所",
    "AED放置地點":"新體育館",
    "行政區":"大安區"
    }
  },
  {
    "type": "Feature",
    "geometry": {
       "type": "Point",
       "coordinates":  [ 121.53565,25.04246 ]
    },
    "properties": {
    "場所名稱":"國立臺北科技大學",
    "場所地址":"忠孝東路3 段1號",
    "場所分類":"學校、大型集會場所",
    "AED放置地點":"學生宿舍二舍",
    "行政區":"大安區"
    }
  },
  {
    "type": "Feature",
    "geometry": {
       "type": "Point",
       "coordinates":  [ 121.53565,25.04246 ]
    },
    "properties": {
    "場所名稱":"國立臺北科技大學",
    "場所地址":"忠孝東路3 段1號",
    "場所分類":"學校、大型集會場所",
    "AED放置地點":"第3教學大樓",
    "行政區":"大安區"
    }
  },
  {
    "type": "Feature",
    "geometry": {
       "type": "Point",
       "coordinates":  [ 121.545089,25.041372 ]
    },
    "properties": {
    "場所名稱":"艾瑞斯健身工作室",
    "場所地址":"忠孝東路四段54號四樓",
    "場所分類":"其他",
    "AED放置地點":"健身區",
    "行政區":"大安區"
    }
  },
  {
    "type": "Feature",
    "geometry": {
       "type": "Point",
       "coordinates":  [ 121.5438761,25.03691763 ]
    },
    "properties": {
    "場所名稱":"好時光健身房大安樂園",
    "場所地址":"復興南路一段249號4樓",
    "場所分類":"其他",
    "AED放置地點":"休息區旁的鞋盒櫃上",
    "行政區":"大安區"
    }
  },
  {
    "type": "Feature",
    "geometry": {
       "type": "Point",
       "coordinates":  [ 121.534511,25.02642 ]
    },
    "properties": {
    "場所名稱":"臺北市大安區公所",
    "場所地址":"新生南路2段86號",
    "場所分類":"其他",
    "AED放置地點":"區公所8樓大廳(電梯出口)",
    "行政區":"大安區"
    }
  },
  {
    "type": "Feature",
    "geometry": {
       "type": "Point",
       "coordinates":  [ 121.5374948,25.03969 ]
    },
    "properties": {
    "場所名稱":"台北市建國假日玉市A區",
    "場所地址":"建國南路一段高架橋下第五橋孔",
    "場所分類":"大型購物場所",
    "AED放置地點":"台北市建國假日玉市A區服務台",
    "行政區":"大安區"
    }
  },
  {
    "type": "Feature",
    "geometry": {
       "type": "Point",
       "coordinates":  [ 121.547793,25.030721 ]
    },
    "properties": {
    "場所名稱":"臺北市立大安國民中學",
    "場所地址":"四維路156號",
    "場所分類":"學校、大型集會場所",
    "AED放置地點":"五育樓1樓樓梯間",
    "行政區":"大安區"
    }
  },
  {
    "type": "Feature",
    "geometry": {
       "type": "Point",
       "coordinates":  [ 121.527473,25.032877 ]
    },
    "properties": {
    "場所名稱":"十勻有限公司(PB Sport)",
    "場所地址":"金山南路二段33號B1",
    "場所分類":"其他",
    "AED放置地點":"櫃台旁",
    "行政區":"大安區"
    }
  },
  {
    "type": "Feature",
    "geometry": {
       "type": "Point",
       "coordinates":  [ 121.556434,25.033834 ]
    },
    "properties": {
    "場所名稱":"臺北市大安地政事務所",
    "場所地址":"信義路4段335巷6號",
    "場所分類":"其他",
    "AED放置地點":"1樓大廳",
    "行政區":"大安區"
    }
  },
  {
    "type": "Feature",
    "geometry": {
       "type": "Point",
       "coordinates":  [ 121.55541,25.0416 ]
    },
    "properties": {
    "場所名稱":"生命焠鍊體能顧問有限公司",
    "場所地址":"忠孝東路四段303號b1",
    "場所分類":"學校、大型集會場所",
    "AED放置地點":"櫃台旁",
    "行政區":"大安區"
    }
  },
  {
    "type": "Feature",
    "geometry": {
       "type": "Point",
       "coordinates":  [ 121.548383,25.03936 ]
    },
    "properties": {
    "場所名稱":"臺北市私立復興實驗高級中學(小學部)",
    "場所地址":"敦化南路一段262號",
    "場所分類":"其他",
    "AED放置地點":"學校慎思樓一樓電梯口",
    "行政區":"大安區"
    }
  },
  {
    "type": "Feature",
    "geometry": {
       "type": "Point",
       "coordinates":  [ 121.551905,25.021089 ]
    },
    "properties": {
    "場所名稱":"嘉興區民活動中心",
    "場所地址":"樂業街97號地下1樓",
    "場所分類":"其他",
    "AED放置地點":"活動中心內",
    "行政區":"大安區"
    }
  },
  {
    "type": "Feature",
    "geometry": {
       "type": "Point",
       "coordinates":  [ 121.531367,25.033409 ]
    },
    "properties": {
    "場所名稱":"Curves女性專用30分鐘健身中心信義永康店",
    "場所地址":"信義路二段222號2樓",
    "場所分類":"學校、大型集會場所",
    "AED放置地點":"辦公室",
    "行政區":"大安區"
    }
  },
  {
    "type": "Feature",
    "geometry": {
       "type": "Point",
       "coordinates":  [ 121.5243144,25.031288 ]
    },
    "properties": {
    "場所名稱":"中華郵政股份有限公司愛國大樓",
    "場所地址":"愛國東路216號",
    "場所分類":"其他",
    "AED放置地點":"本公司1樓大廳",
    "行政區":"大安區"
    }
  },
  {
    "type": "Feature",
    "geometry": {
       "type": "Point",
       "coordinates":  [ 121.522776,25.02797065 ]
    },
    "properties": {
    "場所名稱":"BeeFit蜂運動古亭教室",
    "場所地址":"羅斯福路二段35巷13號",
    "場所分類":"學校、大型集會場所",
    "AED放置地點":"教室落地玻璃旁",
    "行政區":"大安區"
    }
  },
  {
    "type": "Feature",
    "geometry": {
       "type": "Point",
       "coordinates":  [ 121.545636,25.020777 ]
    },
    "properties": {
    "場所名稱":"臺北市大安運動中心",
    "場所地址":"辛亥路3段55號",
    "場所分類":"學校、大型集會場所",
    "AED放置地點":"中心三樓",
    "行政區":"大安區"
    }
  },
  {
    "type": "Feature",
    "geometry": {
       "type": "Point",
       "coordinates":  [ 121.5343789,25.0418375 ]
    },
    "properties": {
    "場所名稱":"和苑三井花園飯店 台北忠孝",
    "場所地址":"忠孝東路三段30號",
    "場所分類":"旅宿場所",
    "AED放置地點":"本樓1樓大廳",
    "行政區":"大安區"
    }
  },
  {
    "type": "Feature",
    "geometry": {
       "type": "Point",
       "coordinates":  [ 121.548324,25.021106 ]
    },
    "properties": {
    "場所名稱":"柯達大飯店台北敦南",
    "場所地址":"敦化南路二段238號",
    "場所分類":"旅宿場所",
    "AED放置地點":"一樓接待大廳",
    "行政區":"大安區"
    }
  },
  {
    "type": "Feature",
    "geometry": {
       "type": "Point",
       "coordinates":  [ 121.553989,25.033406 ]
    },
    "properties": {
    "場所名稱":"Curves女性專用30分鐘健身中心-信義通化店",
    "場所地址":"信義路四段263號3樓之1",
    "場所分類":"學校、大型集會場所",
    "AED放置地點":"大門入口側邊櫃子上",
    "行政區":"大安區"
    }
  },
  {
    "type": "Feature",
    "geometry": {
       "type": "Point",
       "coordinates":  [ 121.554724,25.033374 ]
    },
    "properties": {
    "場所名稱":"Anytime Fitness 信義安和店",
    "場所地址":"信義路四段279號B1-1",
    "場所分類":"學校、大型集會場所",
    "AED放置地點":"Anytime Fitness信義安和店",
    "行政區":"大安區"
    }
  },
  {
    "type": "Feature",
    "geometry": {
       "type": "Point",
       "coordinates":  [ 121.544145,25.033176 ]
    },
    "properties": {
    "場所名稱":"香港商世界健身事業有限公司大安分公司",
    "場所地址":"信義路四段6號3樓",
    "場所分類":"學校、大型集會場所",
    "AED放置地點":"健身中心三樓入口大廳",
    "行政區":"大安區"
    }
  },
  {
    "type": "Feature",
    "geometry": {
       "type": "Point",
       "coordinates":  [ 121.534463,25.016323 ]
    },
    "properties": {
    "場所名稱":"國立臺灣大學(校總區)",
    "場所地址":"羅斯福路4段1號",
    "場所分類":"學校、大型集會場所",
    "AED放置地點":"工學院綜合大樓",
    "行政區":"大安區"
    }
  },
  {
    "type": "Feature",
    "geometry": {
       "type": "Point",
       "coordinates":  [ 121.534463,25.016323 ]
    },
    "properties": {
    "場所名稱":"國立臺灣大學(校總區)",
    "場所地址":"羅斯福路4段1號",
    "場所分類":"學校、大型集會場所",
    "AED放置地點":"電機2館",
    "行政區":"大安區"
    }
  },
  {
    "type": "Feature",
    "geometry": {
       "type": "Point",
       "coordinates":  [ 121.534463,25.016323 ]
    },
    "properties": {
    "場所名稱":"國立臺灣大學(校總區)",
    "場所地址":"羅斯福路4段1號",
    "場所分類":"學校、大型集會場所",
    "AED放置地點":"羅斯福路崗亭",
    "行政區":"大安區"
    }
  },
  {
    "type": "Feature",
    "geometry": {
       "type": "Point",
       "coordinates":  [ 121.534463,25.016323 ]
    },
    "properties": {
    "場所名稱":"國立臺灣大學(校總區)",
    "場所地址":"羅斯福路4段1號",
    "場所分類":"學校、大型集會場所",
    "AED放置地點":"辛亥路警衛室內",
    "行政區":"大安區"
    }
  },
  {
    "type": "Feature",
    "geometry": {
       "type": "Point",
       "coordinates":  [ 121.534463,25.016323 ]
    },
    "properties": {
    "場所名稱":"國立臺灣大學(校總區)",
    "場所地址":"羅斯福路4段1號",
    "場所分類":"學校、大型集會場所",
    "AED放置地點":"天文數學館",
    "行政區":"大安區"
    }
  },
  {
    "type": "Feature",
    "geometry": {
       "type": "Point",
       "coordinates":  [ 121.53565,25.04246 ]
    },
    "properties": {
    "場所名稱":"國立臺北科技大學",
    "場所地址":"忠孝東路3 段1號",
    "場所分類":"學校、大型集會場所",
    "AED放置地點":"綜合科館",
    "行政區":"大安區"
    }
  },
  {
    "type": "Feature",
    "geometry": {
       "type": "Point",
       "coordinates":  [ 121.53565,25.04246 ]
    },
    "properties": {
    "場所名稱":"國立臺北科技大學",
    "場所地址":"忠孝東路3 段1號",
    "場所分類":"學校、大型集會場所",
    "AED放置地點":"行政大樓一樓電梯旁",
    "行政區":"大安區"
    }
  },
  {
    "type": "Feature",
    "geometry": {
       "type": "Point",
       "coordinates":  [ 121.5491942,25.03119634 ]
    },
    "properties": {
    "場所名稱":"植健身 敦南店",
    "場所地址":"敦化南路二段59號B1",
    "場所分類":"學校、大型集會場所",
    "AED放置地點":"地下一樓休息區（按摩床旁）",
    "行政區":"大安區"
    }
  },
  {
    "type": "Feature",
    "geometry": {
       "type": "Point",
       "coordinates":  [ 121.532956,25.034032 ]
    },
    "properties": {
    "場所名稱":"誠隆汽車股份有限公司新生展示中心",
    "場所地址":"新生南路一段175號",
    "場所分類":"其他",
    "AED放置地點":"新生展示中心",
    "行政區":"大安區"
    }
  },
  {
    "type": "Feature",
    "geometry": {
       "type": "Point",
       "coordinates":  [ 121.534463,25.016323 ]
    },
    "properties": {
    "場所名稱":"國立臺灣大學(校總區)",
    "場所地址":"羅斯福路4段1號",
    "場所分類":"學校、大型集會場所",
    "AED放置地點":"舊體育館",
    "行政區":"大安區"
    }
  },
  {
    "type": "Feature",
    "geometry": {
       "type": "Point",
       "coordinates":  [ 121.534463,25.016323 ]
    },
    "properties": {
    "場所名稱":"國立臺灣大學(校總區)",
    "場所地址":"羅斯福路4段1號",
    "場所分類":"學校、大型集會場所",
    "AED放置地點":"語文中心",
    "行政區":"大安區"
    }
  },
  {
    "type": "Feature",
    "geometry": {
       "type": "Point",
       "coordinates":  [ 121.534463,25.016323 ]
    },
    "properties": {
    "場所名稱":"國立臺灣大學(校總區)",
    "場所地址":"羅斯福路4段1號",
    "場所分類":"學校、大型集會場所",
    "AED放置地點":"新生大樓",
    "行政區":"大安區"
    }
  },
  {
    "type": "Feature",
    "geometry": {
       "type": "Point",
       "coordinates":  [ 121.534463,25.016323 ]
    },
    "properties": {
    "場所名稱":"國立臺灣大學(校總區)",
    "場所地址":"羅斯福路4段1號",
    "場所分類":"學校、大型集會場所",
    "AED放置地點":"女四舍",
    "行政區":"大安區"
    }
  },
  {
    "type": "Feature",
    "geometry": {
       "type": "Point",
       "coordinates":  [ 121.534463,25.016323 ]
    },
    "properties": {
    "場所名稱":"國立臺灣大學(校總區)",
    "場所地址":"羅斯福路4段1號",
    "場所分類":"學校、大型集會場所",
    "AED放置地點":"女九舍",
    "行政區":"大安區"
    }
  },
  {
    "type": "Feature",
    "geometry": {
       "type": "Point",
       "coordinates":  [ 121.528263,25.026732 ]
    },
    "properties": {
    "場所名稱":"國立臺灣師範大學圖書館校區(和平東路1段129號) ",
    "場所地址":"和平東路1段129號",
    "場所分類":"學校、大型集會場所",
    "AED放置地點":"圖書館校區教育學院一樓大廳左側",
    "行政區":"大安區"
    }
  },
  {
    "type": "Feature",
    "geometry": {
       "type": "Point",
       "coordinates":  [ 121.547303,25.025368 ]
    },
    "properties": {
    "場所名稱":"交通部航港局",
    "場所地址":"和平東路3段1巷1號",
    "場所分類":"其他",
    "AED放置地點":"一樓大廳",
    "行政區":"大安區"
    }
  },
  {
    "type": "Feature",
    "geometry": {
       "type": "Point",
       "coordinates":  [ 121.534192,25.022831 ]
    },
    "properties": {
    "場所名稱":"行政院人事行政總處公務人力發展學院福華國際文教會館",
    "場所地址":"新生南路3段30號",
    "場所分類":"旅宿場所",
    "AED放置地點":"1樓大廳東側",
    "行政區":"大安區"
    }
  },
  {
    "type": "Feature",
    "geometry": {
       "type": "Point",
       "coordinates":  [ 121.5353615,25.0403206 ]
    },
    "properties": {
    "場所名稱":"英雄豪傑體能訓練有限公司（YELLOW training studio）",
    "場所地址":"濟南路三段31號1樓",
    "場所分類":"大型休閒場所",
    "AED放置地點":"台北市大安區濟南路三段31號1樓",
    "行政區":"大安區"
    }
  },
  {
    "type": "Feature",
    "geometry": {
       "type": "Point",
       "coordinates":  [ 121.534155,25.02841 ]
    },
    "properties": {
    "場所名稱":"森林跑站大安館",
    "場所地址":"新生南路二段60號1樓",
    "場所分類":"其他",
    "AED放置地點":"運動按摩室",
    "行政區":"大安區"
    }
  },
  {
    "type": "Feature",
    "geometry": {
       "type": "Point",
       "coordinates":  [ 121.5253249,25.0346715 ]
    },
    "properties": {
    "場所名稱":"超越體能顧問有限公司東門門市",
    "場所地址":"信義路二段28號一樓",
    "場所分類":"學校、大型集會場所",
    "AED放置地點":"前區蹲舉架旁",
    "行政區":"大安區"
    }
  },
  {
    "type": "Feature",
    "geometry": {
       "type": "Point",
       "coordinates":  [ 121.533106,25.037872 ]
    },
    "properties": {
    "場所名稱":"臺北市政府警察局大安分局",
    "場所地址":"仁愛路3段2號",
    "場所分類":"公眾服務單位設施",
    "AED放置地點":"1樓大廳值班臺旁",
    "行政區":"大安區"
    }
  },
  {
    "type": "Feature",
    "geometry": {
       "type": "Point",
       "coordinates":  [ 121.546911,25.040373 ]
    },
    "properties": {
    "場所名稱":"臺北市政府警察局大安分局敦化南路派出所",
    "場所地址":"復興南路1段219-1號",
    "場所分類":"公眾服務單位設施",
    "AED放置地點":"值班臺旁",
    "行政區":"大安區"
    }
  },
  {
    "type": "Feature",
    "geometry": {
       "type": "Point",
       "coordinates":  [ 121.539334,25.0094299 ]
    },
    "properties": {
    "場所名稱":"蟾蜍山｜煥民新村",
    "場所地址":"羅斯福路四段119巷66弄12號",
    "場所分類":"觀光旅遊地區",
    "AED放置地點":"蟾蜍山大客廳",
    "行政區":"大安區"
    }
  },
  {
    "type": "Feature",
    "geometry": {
       "type": "Point",
       "coordinates":  [ 121.5262341,25.0312712 ]
    },
    "properties": {
    "場所名稱":"中華郵政股份有限公司臺北郵件處理中心",
    "場所地址":"金山南路二段86號",
    "場所分類":"其他",
    "AED放置地點":"警衛室",
    "行政區":"大安區"
    }
  },
  {
    "type": "Feature",
    "geometry": {
       "type": "Point",
       "coordinates":  [ 121.5327,25.022429 ]
    },
    "properties": {
    "場所名稱":"辛亥區民活動中心",
    "場所地址":"辛亥路1段臨141號",
    "場所分類":"其他",
    "AED放置地點":"活動中心內",
    "行政區":"大安區"
    }
  },
  {
    "type": "Feature",
    "geometry": {
       "type": "Point",
       "coordinates":  [ 121.545636,25.020777 ]
    },
    "properties": {
    "場所名稱":"臺北市大安運動中心",
    "場所地址":"辛亥路3段55號",
    "場所分類":"學校、大型集會場所",
    "AED放置地點":"一樓大廳",
    "行政區":"大安區"
    }
  },
  {
    "type": "Feature",
    "geometry": {
       "type": "Point",
       "coordinates":  [ 121.5572279,25.033661 ]
    },
    "properties": {
    "場所名稱":"構韋有限公司",
    "場所地址":"光復南路578號2樓",
    "場所分類":"其他",
    "AED放置地點":"卡蒂雅大廈２樓",
    "行政區":"大安區"
    }
  },
  {
    "type": "Feature",
    "geometry": {
       "type": "Point",
       "coordinates":  [ 121.54617,25.029397 ]
    },
    "properties": {
    "場所名稱":"臺北市大安區建安國民小學",
    "場所地址":"大安路二段99號",
    "場所分類":"其他",
    "AED放置地點":"藝術教學大樓B1游泳池",
    "行政區":"大安區"
    }
  },
  {
    "type": "Feature",
    "geometry": {
       "type": "Point",
       "coordinates":  [ 121.5559627,25.0380945 ]
    },
    "properties": {
    "場所名稱":"低氧喜客",
    "場所地址":"仁愛路四段411號B1",
    "場所分類":"大型休閒場所",
    "AED放置地點":"本場所後方",
    "行政區":"大安區"
    }
  },
  {
    "type": "Feature",
    "geometry": {
       "type": "Point",
       "coordinates":  [ 121.5369241,25.04225546 ]
    },
    "properties": {
    "場所名稱":"臺北市政府環境保護局大安區清潔隊敦化分隊",
    "場所地址":"忠孝東路三段31號",
    "場所分類":"其他",
    "AED放置地點":"大門右側",
    "行政區":"大安區"
    }
  },
  {
    "type": "Feature",
    "geometry": {
       "type": "Point",
       "coordinates":  [ 121.533814,25.022008 ]
    },
    "properties": {
    "場所名稱":"臺北市政府環境保護局大安區清潔隊台大分隊",
    "場所地址":"辛亥路一段臨138號",
    "場所分類":"其他",
    "AED放置地點":"休息室",
    "行政區":"大安區"
    }
  },
  {
    "type": "Feature",
    "geometry": {
       "type": "Point",
       "coordinates":  [ 121.5473457,25.020008 ]
    },
    "properties": {
    "場所名稱":"臺北市政府環境保護局大安區清潔隊臥龍分隊",
    "場所地址":"基隆路三段臨24號",
    "場所分類":"其他",
    "AED放置地點":"在休息室",
    "行政區":"大安區"
    }
  },
  {
    "type": "Feature",
    "geometry": {
       "type": "Point",
       "coordinates":  [ 121.541423,25.028037 ]
    },
    "properties": {
    "場所名稱":"瑞安區民活動中心",
    "場所地址":"瑞安街71巷2號3樓",
    "場所分類":"其他",
    "AED放置地點":"活動中心內",
    "行政區":"大安區"
    }
  },
  {
    "type": "Feature",
    "geometry": {
       "type": "Point",
       "coordinates":  [ 121.555014,25.03613 ]
    },
    "properties": {
    "場所名稱":"光信區民活動中心",
    "場所地址":"延吉街236巷17號2樓",
    "場所分類":"其他",
    "AED放置地點":"活動中心內",
    "行政區":"大安區"
    }
  },
  {
    "type": "Feature",
    "geometry": {
       "type": "Point",
       "coordinates":  [ 121.539878,25.044319 ]
    },
    "properties": {
    "場所名稱":"昌隆區民活動中心",
    "場所地址":"市民大道3段206號4樓之1",
    "場所分類":"其他",
    "AED放置地點":"活動中心內",
    "行政區":"大安區"
    }
  },
  {
    "type": "Feature",
    "geometry": {
       "type": "Point",
       "coordinates":  [ 121.5519283,25.0298352 ]
    },
    "properties": {
    "場所名稱":"臺北市立人國際國民中小學",
    "場所地址":"安和路二段99號",
    "場所分類":"學校、大型集會場所",
    "AED放置地點":"中央川堂",
    "行政區":"大安區"
    }
  },
  {
    "type": "Feature",
    "geometry": {
       "type": "Point",
       "coordinates":  [ 121.53362,25.02982 ]
    },
    "properties": {
    "場所名稱":"臺北市大安區新生國民小學",
    "場所地址":"新生南路二段36號",
    "場所分類":"其他",
    "AED放置地點":"南側三樓電梯消防栓旁",
    "行政區":"大安區"
    }
  },
  {
    "type": "Feature",
    "geometry": {
       "type": "Point",
       "coordinates":  [ 121.5460543,25.0419062 ]
    },
    "properties": {
    "場所名稱":"仙細工作室",
    "場所地址":"忠孝東路四段59號6樓之5",
    "場所分類":"學校、大型集會場所",
    "AED放置地點":"本場館玄關",
    "行政區":"大安區"
    }
  },
  {
    "type": "Feature",
    "geometry": {
       "type": "Point",
       "coordinates":  [ 121.532337,25.022699 ]
    },
    "properties": {
    "場所名稱":"臺北市政府環境保護局大安區清潔隊和平分隊",
    "場所地址":"辛亥路一段臨143號",
    "場所分類":"其他",
    "AED放置地點":"點名室內",
    "行政區":"大安區"
    }
  },
  {
    "type": "Feature",
    "geometry": {
       "type": "Point",
       "coordinates":  [ 121.537891,25.025078 ]
    },
    "properties": {
    "場所名稱":"臺北市政府環境保護局大安區清潔隊瑞安分隊",
    "場所地址":"建國南路二段臨263號",
    "場所分類":"其他",
    "AED放置地點":"辦公室內",
    "行政區":"大安區"
    }
  },
  {
    "type": "Feature",
    "geometry": {
       "type": "Point",
       "coordinates":  [ 121.5515646,25.0411234 ]
    },
    "properties": {
    "場所名稱":"洛碁大飯店忠孝館",
    "場所地址":"忠孝東路四段180號",
    "場所分類":"旅宿場所",
    "AED放置地點":"本館4樓",
    "行政區":"大安區"
    }
  },
  {
    "type": "Feature",
    "geometry": {
       "type": "Point",
       "coordinates":  [ 121.549076,25.020012 ]
    },
    "properties": {
    "場所名稱":"臺北市大安區大安國民小學",
    "場所地址":"臥龍街129號",
    "場所分類":"其他",
    "AED放置地點":"學務處旁",
    "行政區":"大安區"
    }
  },
  {
    "type": "Feature",
    "geometry": {
       "type": "Point",
       "coordinates":  [ 121.545103,25.022729 ]
    },
    "properties": {
    "場所名稱":"國立臺北教育大學(體育館)",
    "場所地址":"和平東路2段134號",
    "場所分類":"學校、大型集會場所",
    "AED放置地點":"體育館一樓體育室門口",
    "行政區":"大安區"
    }
  },
  {
    "type": "Feature",
    "geometry": {
       "type": "Point",
       "coordinates":  [ 121.534192,25.022831 ]
    },
    "properties": {
    "場所名稱":"行政院人事行政總處公務人力發展學院福華國際文教會館",
    "場所地址":"新生南路3段30號",
    "場所分類":"旅宿場所",
    "AED放置地點":"地下室一樓休閒中心櫃檯旁",
    "行政區":"大安區"
    }
  },
  {
    "type": "Feature",
    "geometry": {
       "type": "Point",
       "coordinates":  [ 121.543868,25.024857 ]
    },
    "properties": {
    "場所名稱":"Curves女性30分鐘環狀運動和平科技店",
    "場所地址":"和平東路二段257號3樓",
    "場所分類":"學校、大型集會場所",
    "AED放置地點":"3F大門進入,櫃台前方約200公分距離",
    "行政區":"大安區"
    }
  },
  {
    "type": "Feature",
    "geometry": {
       "type": "Point",
       "coordinates":  [ 121.528777,25.020583 ]
    },
    "properties": {
    "場所名稱":"臺北市大安區古亭國民小學",
    "場所地址":"羅斯福路三段201號",
    "場所分類":"其他",
    "AED放置地點":"健康中心",
    "行政區":"大安區"
    }
  },
  {
    "type": "Feature",
    "geometry": {
       "type": "Point",
       "coordinates":  [ 121.554177,25.041271 ]
    },
    "properties": {
    "場所名稱":"Curves 女性專用30分鐘健身中心忠孝敦化店",
    "場所地址":"忠孝東路4段250號2樓之3",
    "場所分類":"學校、大型集會場所",
    "AED放置地點":"健身區",
    "行政區":"大安區"
    }
  },
  {
    "type": "Feature",
    "geometry": {
       "type": "Point",
       "coordinates":  [ 121.538016,25.026078 ]
    },
    "properties": {
    "場所名稱":"中國文化大學推廣教育部 大夏館",
    "場所地址":"建國南路2段231號1樓",
    "場所分類":"學校、大型集會場所",
    "AED放置地點":"大夏館一樓,C樓梯梯間",
    "行政區":"大安區"
    }
  },
  {
    "type": "Feature",
    "geometry": {
       "type": "Point",
       "coordinates":  [ 121.543701,25.024602 ]
    },
    "properties": {
    "場所名稱":"北都汽車股份有限公司-大安所廠",
    "場所地址":"和平東路二段128號",
    "場所分類":"其他",
    "AED放置地點":"A廠出入口",
    "行政區":"大安區"
    }
  },
  {
    "type": "Feature",
    "geometry": {
       "type": "Point",
       "coordinates":  [ 121.543516,25.041865 ]
    },
    "properties": {
    "場所名稱":"力平方有限公司",
    "場所地址":"忠孝東路三段303號",
    "場所分類":"學校、大型集會場所",
    "AED放置地點":"忠孝東路三段303號",
    "行政區":"大安區"
    }
  },
  {
    "type": "Feature",
    "geometry": {
       "type": "Point",
       "coordinates":  [ 121.549076,25.020012 ]
    },
    "properties": {
    "場所名稱":"臺北市大安區大安國民小學",
    "場所地址":"臥龍街129號",
    "場所分類":"其他",
    "AED放置地點":"游泳池2樓",
    "行政區":"大安區"
    }
  },
  {
    "type": "Feature",
    "geometry": {
       "type": "Point",
       "coordinates":  [ 121.543226,25.03307 ]
    },
    "properties": {
    "場所名稱":"楷沐好好股份有限公司",
    "場所地址":"信義路三段202號2樓",
    "場所分類":"學校、大型集會場所",
    "AED放置地點":"入口處右手邊",
    "行政區":"大安區"
    }
  },
  {
    "type": "Feature",
    "geometry": {
       "type": "Point",
       "coordinates":  [ 121.53928,25.029428 ]
    },
    "properties": {
    "場所名稱":"建南區民活動中心",
    "場所地址":"信義路3段134巷82號2樓",
    "場所分類":"其他",
    "AED放置地點":"活動中心內",
    "行政區":"大安區"
    }
  },
  {
    "type": "Feature",
    "geometry": {
       "type": "Point",
       "coordinates":  [ 121.5536711,25.04121218 ]
    },
    "properties": {
    "場所名稱":"her fitness她的專屬健身空間(忠孝店)",
    "場所地址":"忠孝東路四段226號8樓",
    "場所分類":"其他",
    "AED放置地點":"本場館入口處",
    "行政區":"大安區"
    }
  },
  {
    "type": "Feature",
    "geometry": {
       "type": "Point",
       "coordinates":  [ 121.543082,25.041442 ]
    },
    "properties": {
    "場所名稱":"太平洋崇光百貨股份有限公司復興分公司",
    "場所地址":"忠孝東路三段300號",
    "場所分類":"大型購物場所",
    "AED放置地點":"B2樓手扶梯旁",
    "行政區":"大安區"
    }
  },
  {
    "type": "Feature",
    "geometry": {
       "type": "Point",
       "coordinates":  [ 121.544667,25.041893 ]
    },
    "properties": {
    "場所名稱":"太平洋崇光百貨股份有限公司",
    "場所地址":"忠孝東路四段45號",
    "場所分類":"大型購物場所",
    "AED放置地點":"1樓西後出口",
    "行政區":"大安區"
    }
  },
  {
    "type": "Feature",
    "geometry": {
       "type": "Point",
       "coordinates":  [ 121.535775,25.035039 ]
    },
    "properties": {
    "場所名稱":"臺北市政府警察局交通警察大隊大安分隊",
    "場所地址":"新生南路1段157巷19號4樓",
    "場所分類":"其他",
    "AED放置地點":"值班台旁",
    "行政區":"大安區"
    }
  },
  {
    "type": "Feature",
    "geometry": {
       "type": "Point",
       "coordinates":  [ 121.538127,25.011194 ]
    },
    "properties": {
    "場所名稱":"臺北市政府警察局大安分局羅斯福路派出所",
    "場所地址":"羅斯福路4段113巷13號(羅斯福路派出所)",
    "場所分類":"公眾服務單位設施",
    "AED放置地點":"派出所一樓值班台旁",
    "行政區":"大安區"
    }
  },
  {
    "type": "Feature",
    "geometry": {
       "type": "Point",
       "coordinates":  [ 121.550473,25.03932 ]
    },
    "properties": {
    "場所名稱":"優競健身事業股份有限公司",
    "場所地址":"安和路一段27號B1",
    "場所分類":"學校、大型集會場所",
    "AED放置地點":"VIP室",
    "行政區":"大安區"
    }
  },
  {
    "type": "Feature",
    "geometry": {
       "type": "Point",
       "coordinates":  [ 121.535576,25.014065 ]
    },
    "properties": {
    "場所名稱":"臺北市大安區銘傳國民小學",
    "場所地址":"羅斯福路4段21號",
    "場所分類":"其他",
    "AED放置地點":"一樓警衛室旁的川堂",
    "行政區":"大安區"
    }
  },
  {
    "type": "Feature",
    "geometry": {
       "type": "Point",
       "coordinates":  [ 121.542808,25.012408 ]
    },
    "properties": {
    "場所名稱":"臺北市大安區公館國民小學",
    "場所地址":"基隆路4段41巷68弄2號",
    "場所分類":"其他",
    "AED放置地點":"學校穿堂",
    "行政區":"大安區"
    }
  },
  {
    "type": "Feature",
    "geometry": {
       "type": "Point",
       "coordinates":  [ 121.550473,25.03932 ]
    },
    "properties": {
    "場所名稱":"優競健身事業股份有限公司",
    "場所地址":"安和路一段27號B1",
    "場所分類":"學校、大型集會場所",
    "AED放置地點":"安和路一段27號B2",
    "行政區":"大安區"
    }
  },
  {
    "type": "Feature",
    "geometry": {
       "type": "Point",
       "coordinates":  [ 121.5272488,25.0322008 ]
    },
    "properties": {
    "場所名稱":"中華郵政股份有限公司金山大樓",
    "場所地址":"金山南路二段55號",
    "場所分類":"其他",
    "AED放置地點":"本棟大樓大廳",
    "行政區":"大安區"
    }
  },
  {
    "type": "Feature",
    "geometry": {
       "type": "Point",
       "coordinates":  [ 121.5430792,25.03447307 ]
    },
    "properties": {
    "場所名稱":"臺北市政府客家事務委員會(文化會館)",
    "場所地址":"信義路3段157巷11號",
    "場所分類":"其他",
    "AED放置地點":"保全桌旁邊",
    "行政區":"大安區"
    }
  },
  {
    "type": "Feature",
    "geometry": {
       "type": "Point",
       "coordinates":  [ 121.5421391,25.0414375 ]
    },
    "properties": {
    "場所名稱":"新光三越Diamond Towers",
    "場所地址":"忠孝東路三段268號",
    "場所分類":"大型購物場所",
    "AED放置地點":"新光三越Diamond towers 2館3樓梯廳處",
    "行政區":"大安區"
    }
  },
  {
    "type": "Feature",
    "geometry": {
       "type": "Point",
       "coordinates":  [ 121.5421391,25.0414375 ]
    },
    "properties": {
    "場所名稱":"新光三越Diamond Towers",
    "場所地址":"忠孝東路三段268號",
    "場所分類":"大型購物場所",
    "AED放置地點":"新光三越Diamond Towers 一館2樓醫護室",
    "行政區":"大安區"
    }
  },
  {
    "type": "Feature",
    "geometry": {
       "type": "Point",
       "coordinates":  [ 121.545321,25.041393 ]
    },
    "properties": {
    "場所名稱":"陽光健身(Sunshine Fitness)",
    "場所地址":"忠孝東路4段60號2樓",
    "場所分類":"學校、大型集會場所",
    "AED放置地點":"2樓健身房入口門後",
    "行政區":"大安區"
    }
  },
  {
    "type": "Feature",
    "geometry": {
       "type": "Point",
       "coordinates":  [ 121.540847,25.04015 ]
    },
    "properties": {
    "場所名稱":"臺北市立懷生國民中學",
    "場所地址":"忠孝東路3段248巷30號",
    "場所分類":"學校、大型集會場所",
    "AED放置地點":"2F學務處內",
    "行政區":"大安區"
    }
  },
  {
    "type": "Feature",
    "geometry": {
       "type": "Point",
       "coordinates":  [ 121.526323,25.029581 ]
    },
    "properties": {
    "場所名稱":"Start Fitness",
    "場所地址":"金山南路二段134號",
    "場所分類":"學校、大型集會場所",
    "AED放置地點":"地下一樓",
    "行政區":"大安區"
    }
  },
  {
    "type": "Feature",
    "geometry": {
       "type": "Point",
       "coordinates":  [ 121.547896,25.017325 ]
    },
    "properties": {
    "場所名稱":"財團法人國家實驗研究院國家地震工程研究中心",
    "場所地址":"辛亥路三段200號",
    "場所分類":"其他",
    "AED放置地點":"本中心大廳",
    "行政區":"大安區"
    }
  },
  {
    "type": "Feature",
    "geometry": {
       "type": "Point",
       "coordinates":  [ 121.5550488,25.02174455 ]
    },
    "properties": {
    "場所名稱":"體育客體適能學院",
    "場所地址":"和平東路三段246號1樓",
    "場所分類":"其他",
    "AED放置地點":"大廳",
    "行政區":"大安區"
    }
  },
  {
    "type": "Feature",
    "geometry": {
       "type": "Point",
       "coordinates":  [ 121.5532348,25.02941352 ]
    },
    "properties": {
    "場所名稱":"臺北市政府環境保護局大安區清潔隊安和分隊",
    "場所地址":"通化街120巷20號",
    "場所分類":"其他",
    "AED放置地點":"在門口正對面",
    "行政區":"大安區"
    }
  },
  {
    "type": "Feature",
    "geometry": {
       "type": "Point",
       "coordinates":  [ 121.528664,25.025765 ]
    },
    "properties": {
    "場所名稱":"國立臺灣師範大學校本部(師大路11號) ",
    "場所地址":"師大路11號",
    "場所分類":"學校、大型集會場所",
    "AED放置地點":"校本部男一舍1樓",
    "行政區":"大安區"
    }
  },
  {
    "type": "Feature",
    "geometry": {
       "type": "Point",
       "coordinates":  [ 121.55412,25.041122 ]
    },
    "properties": {
    "場所名稱":"PFC肌力與體能訓練",
    "場所地址":"忠孝東路四段250號2樓之4",
    "場所分類":"學校、大型集會場所",
    "AED放置地點":"PFC肌力與體能訓練",
    "行政區":"大安區"
    }
  },
  {
    "type": "Feature",
    "geometry": {
       "type": "Point",
       "coordinates":  [ 121.538413,25.036378 ]
    },
    "properties": {
    "場所名稱":"臺北市私立延平高級中學",
    "場所地址":"建國南路1段275號",
    "場所分類":"學校、大型集會場所",
    "AED放置地點":"昭陽樓3樓",
    "行政區":"大安區"
    }
  },
  {
    "type": "Feature",
    "geometry": {
       "type": "Point",
       "coordinates":  [ 121.544274,25.021577 ]
    },
    "properties": {
    "場所名稱":"臺北市大安區健康服務中心",
    "場所地址":"臥龍里辛亥路三段15號",
    "場所分類":"其他",
    "AED放置地點":"1樓服務台",
    "行政區":"大安區"
    }
  },
  {
    "type": "Feature",
    "geometry": {
       "type": "Point",
       "coordinates":  [ 121.552553,25.013535 ]
    },
    "properties": {
    "場所名稱":"臺北市懷愛館",
    "場所地址":"辛亥路3段330號",
    "場所分類":"學校、大型集會場所",
    "AED放置地點":"第二殯儀館駐警室入口處",
    "行政區":"大安區"
    }
  },
  {
    "type": "Feature",
    "geometry": {
       "type": "Point",
       "coordinates":  [ 121.528283,25.02603 ]
    },
    "properties": {
    "場所名稱":"國立臺灣師範大學校本部(和平東路1段162號) ",
    "場所地址":"和平東路1段162號",
    "場所分類":"學校、大型集會場所",
    "AED放置地點":"校本部誠大樓5樓走廊",
    "行政區":"大安區"
    }
  },
  {
    "type": "Feature",
    "geometry": {
       "type": "Point",
       "coordinates":  [ 121.550674,25.037529 ]
    },
    "properties": {
    "場所名稱":"臺北市立仁愛國民中學",
    "場所地址":"仁愛路4段130號",
    "場所分類":"其他",
    "AED放置地點":"司令台後方",
    "行政區":"大安區"
    }
  },
  {
    "type": "Feature",
    "geometry": {
       "type": "Point",
       "coordinates":  [ 121.540847,25.04015 ]
    },
    "properties": {
    "場所名稱":"臺北市立懷生國民中學",
    "場所地址":"忠孝東路3段248巷30號",
    "場所分類":"學校、大型集會場所",
    "AED放置地點":"二樓體育館室內籃球場",
    "行政區":"大安區"
    }
  },
  {
    "type": "Feature",
    "geometry": {
       "type": "Point",
       "coordinates":  [ 121.54336,25.032033 ]
    },
    "properties": {
    "場所名稱":"臺北市立大安高級工業職業學校",
    "場所地址":"復興南路2段52號",
    "場所分類":"學校、大型集會場所",
    "AED放置地點":"大安高工游泳池",
    "行政區":"大安區"
    }
  },
  {
    "type": "Feature",
    "geometry": {
       "type": "Point",
       "coordinates":  [ 121.538208,25.024673 ]
    },
    "properties": {
    "場所名稱":"臺北市立龍門國民中學",
    "場所地址":"建國南路2段269號",
    "場所分類":"學校、大型集會場所",
    "AED放置地點":"學務處外走廊",
    "行政區":"大安區"
    }
  },
  {
    "type": "Feature",
    "geometry": {
       "type": "Point",
       "coordinates":  [ 121.541498,25.041891 ]
    },
    "properties": {
    "場所名稱":"AXIS FITNESS 亞西斯VIP私人健身會館",
    "場所地址":"忠孝東路三段249-1號2樓",
    "場所分類":"學校、大型集會場所",
    "AED放置地點":"心肺區",
    "行政區":"大安區"
    }
  },
  {
    "type": "Feature",
    "geometry": {
       "type": "Point",
       "coordinates":  [ 121.5330041,25.0351496 ]
    },
    "properties": {
    "場所名稱":"達康勁健康事業股份有限公司",
    "場所地址":"新生南路一段155號B1",
    "場所分類":"大型休閒場所",
    "AED放置地點":"門口",
    "行政區":"大安區"
    }
  },
  {
    "type": "Feature",
    "geometry": {
       "type": "Point",
       "coordinates":  [ 121.5497725,25.0417539 ]
    },
    "properties": {
    "場所名稱":"傑克在健身（敦南館）",
    "場所地址":"忠孝東路四段147巷1號11樓",
    "場所分類":"學校、大型集會場所",
    "AED放置地點":"入口旁",
    "行政區":"大安區"
    }
  },
  {
    "type": "Feature",
    "geometry": {
       "type": "Point",
       "coordinates":  [ 121.541535,25.025329 ]
    },
    "properties": {
    "場所名稱":"推動力體適能運動有限公司（PUSH Fitness)",
    "場所地址":"和平東路二段163號1樓",
    "場所分類":"學校、大型集會場所",
    "AED放置地點":"台北市大安區和平東路二段163號1樓",
    "行政區":"大安區"
    }
  },
  {
    "type": "Feature",
    "geometry": {
       "type": "Point",
       "coordinates":  [ 121.538016,25.026078 ]
    },
    "properties": {
    "場所名稱":"中國文化大學推廣教育部 大夏館",
    "場所地址":"建國南路2段231號1樓",
    "場所分類":"學校、大型集會場所",
    "AED放置地點":"六樓電梯口處",
    "行政區":"大安區"
    }
  },
  {
    "type": "Feature",
    "geometry": {
       "type": "Point",
       "coordinates":  [ 121.534463,25.016323 ]
    },
    "properties": {
    "場所名稱":"國立臺灣大學(校總區)",
    "場所地址":"羅斯福路4段1號",
    "場所分類":"學校、大型集會場所",
    "AED放置地點":"管理研教館",
    "行政區":"大安區"
    }
  },
  {
    "type": "Feature",
    "geometry": {
       "type": "Point",
       "coordinates":  [ 121.527675,25.032275 ]
    },
    "properties": {
    "場所名稱":"臺北市大安區金華國民小學",
    "場所地址":"愛國東路79巷11號",
    "場所分類":"其他",
    "AED放置地點":"川堂左側/警衛室門旁",
    "行政區":"大安區"
    }
  },
  {
    "type": "Feature",
    "geometry": {
       "type": "Point",
       "coordinates":  [ 121.552553,25.013535 ]
    },
    "properties": {
    "場所名稱":"臺北市懷愛館",
    "場所地址":"辛亥路3段330號",
    "場所分類":"學校、大型集會場所",
    "AED放置地點":"景行樓1F駐警室旁",
    "行政區":"大安區"
    }
  },
  {
    "type": "Feature",
    "geometry": {
       "type": "Point",
       "coordinates":  [ 121.538369,25.029152 ]
    },
    "properties": {
    "場所名稱":"臺北市立圖書館總館",
    "場所地址":"建國南路二段125號",
    "場所分類":"大型休閒場所",
    "AED放置地點":"總館1樓 (通往2樓樓梯旁)",
    "行政區":"大安區"
    }
  },
  {
    "type": "Feature",
    "geometry": {
       "type": "Point",
       "coordinates":  [ 121.552906,25.028995 ]
    },
    "properties": {
    "場所名稱":"臨江街夜市",
    "場所地址":"大安區臨江街，位於通化街至基隆路口間。",
    "場所分類":"其他",
    "AED放置地點":"臺北市大安區臨江街89之5號",
    "行政區":"大安區"
    }
  },
  {
    "type": "Feature",
    "geometry": {
       "type": "Point",
       "coordinates":  [ 121.528283,25.02603 ]
    },
    "properties": {
    "場所名稱":"國立臺灣師範大學校本部(和平東路1段162號) ",
    "場所地址":"和平東路1段162號",
    "場所分類":"學校、大型集會場所",
    "AED放置地點":"本校游泳館內",
    "行政區":"大安區"
    }
  },
  {
    "type": "Feature",
    "geometry": {
       "type": "Point",
       "coordinates":  [ 121.5381993,25.02913727 ]
    },
    "properties": {
    "場所名稱":"臺北市政府環境保護局大安區清潔隊建南停車場",
    "場所地址":"建國南路二段臨149號",
    "場所分類":"其他",
    "AED放置地點":"警衛室",
    "行政區":"大安區"
    }
  },
  {
    "type": "Feature",
    "geometry": {
       "type": "Point",
       "coordinates":  [ 121.53781,25.040966 ]
    },
    "properties": {
    "場所名稱":"臺北市政府環境保護局大安區清潔隊新生分隊",
    "場所地址":"建國南路一段臨173號",
    "場所分類":"其他",
    "AED放置地點":"大門左側",
    "行政區":"大安區"
    }
  },
  {
    "type": "Feature",
    "geometry": {
       "type": "Point",
       "coordinates":  [ 121.528283,25.02603 ]
    },
    "properties": {
    "場所名稱":"國立臺灣師範大學校本部(和平東路1段162號) ",
    "場所地址":"和平東路1段162號",
    "場所分類":"學校、大型集會場所",
    "AED放置地點":"校本部誠大樓6樓",
    "行政區":"大安區"
    }
  },
  {
    "type": "Feature",
    "geometry": {
       "type": "Point",
       "coordinates":  [ 121.549793,25.041702 ]
    },
    "properties": {
    "場所名稱":"YOGA EDITION",
    "場所地址":"忠孝東路四段151號3樓",
    "場所分類":"學校、大型集會場所",
    "AED放置地點":"三樓櫃台",
    "行政區":"大安區"
    }
  },
  {
    "type": "Feature",
    "geometry": {
       "type": "Point",
       "coordinates":  [ 121.5324,25.048574 ]
    },
    "properties": {
    "場所名稱":"好時光松江樂園",
    "場所地址":"長安東路二段49號2樓",
    "場所分類":"學校、大型集會場所",
    "AED放置地點":"健身用具的架子上",
    "行政區":"大安區"
    }
  },
  {
    "type": "Feature",
    "geometry": {
       "type": "Point",
       "coordinates":  [ 121.546262,25.040895 ]
    },
    "properties": {
    "場所名稱":"Goal Fitness 走！健身",
    "場所地址":"大安路一段85號2樓",
    "場所分類":"其他",
    "AED放置地點":"台北市大安區大安路一段85號2樓",
    "行政區":"大安區"
    }
  },
  {
    "type": "Feature",
    "geometry": {
       "type": "Point",
       "coordinates":  [ 121.553165,25.041953 ]
    },
    "properties": {
    "場所名稱":"AT力場，絕對領域健康股份有限公司",
    "場所地址":"忠孝東路四段223巷10弄2號2樓",
    "場所分類":"學校、大型集會場所",
    "AED放置地點":"入口處",
    "行政區":"大安區"
    }
  },
  {
    "type": "Feature",
    "geometry": {
       "type": "Point",
       "coordinates":  [ 121.5340927,25.02595039 ]
    },
    "properties": {
    "場所名稱":"運動皮質區體適能訓練所",
    "場所地址":"和平東路一段274之1號4樓",
    "場所分類":"學校、大型集會場所",
    "AED放置地點":"門口",
    "行政區":"大安區"
    }
  },
  {
    "type": "Feature",
    "geometry": {
       "type": "Point",
       "coordinates":  [ 121.553906,25.038108 ]
    },
    "properties": {
    "場所名稱":"超越健身工坊",
    "場所地址":"仁愛路四段341號2樓",
    "場所分類":"學校、大型集會場所",
    "AED放置地點":"超越健身工坊",
    "行政區":"大安區"
    }
  },
  {
    "type": "Feature",
    "geometry": {
       "type": "Point",
       "coordinates":  [ 121.55032,25.018672 ]
    },
    "properties": {
    "場所名稱":"臺北市芳和實驗中學",
    "場所地址":"臥龍街170號",
    "場所分類":"其他",
    "AED放置地點":"本校一樓穿堂往二棟",
    "行政區":"大安區"
    }
  },
  {
    "type": "Feature",
    "geometry": {
       "type": "Point",
       "coordinates":  [ 121.5439804,25.0342927 ]
    },
    "properties": {
    "場所名稱":"台北美侖大飯店",
    "場所地址":"復興南路一段317號",
    "場所分類":"旅宿場所",
    "AED放置地點":"一樓大廳電梯口對面",
    "行政區":"大安區"
    }
  },
  {
    "type": "Feature",
    "geometry": {
       "type": "Point",
       "coordinates":  [ 121.549148,25.019627 ]
    },
    "properties": {
    "場所名稱":"臺北市立和平高級中學",
    "場所地址":"臥龍街100號",
    "場所分類":"學校、大型集會場所",
    "AED放置地點":"台北市立和平高中活動中心4樓(靠近廁所)",
    "行政區":"大安區"
    }
  },
  {
    "type": "Feature",
    "geometry": {
       "type": "Point",
       "coordinates":  [ 121.5414198,25.0375121 ]
    },
    "properties": {
    "場所名稱":"安心食品服務股份有限公司總部2樓201室",
    "場所地址":"仁愛路三段136號2樓201室",
    "場所分類":"其他",
    "AED放置地點":"安心食品服務股份有限公司2樓(201室)總機位置前方",
    "行政區":"大安區"
    }
  },
  {
    "type": "Feature",
    "geometry": {
       "type": "Point",
       "coordinates":  [ 121.546274,25.023455 ]
    },
    "properties": {
    "場所名稱":"國立臺北教育大學(學生活動中心)",
    "場所地址":"和平東路二段134號",
    "場所分類":"學校、大型集會場所",
    "AED放置地點":"國立臺北教育大學(學生活動中心)",
    "行政區":"大安區"
    }
  },
  {
    "type": "Feature",
    "geometry": {
       "type": "Point",
       "coordinates":  [ 121.5374156,25.0249847 ]
    },
    "properties": {
    "場所名稱":"陽光汽車美容中心和平店",
    "場所地址":"建國南路二段280號",
    "場所分類":"其他",
    "AED放置地點":"客戶休息室",
    "行政區":"大安區"
    }
  },
  {
    "type": "Feature",
    "geometry": {
       "type": "Point",
       "coordinates":  [ 121.544038,25.043336 ]
    },
    "properties": {
    "場所名稱":"HiFIT運動空間",
    "場所地址":"復興南路一段125號3樓",
    "場所分類":"學校、大型集會場所",
    "AED放置地點":"櫃檯旁",
    "行政區":"大安區"
    }
  },
  {
    "type": "Feature",
    "geometry": {
       "type": "Point",
       "coordinates":  [ 121.5439576,25.0388565 ]
    },
    "properties": {
    "場所名稱":"台北大安伊普索酒店",
    "場所地址":"復興南路一段219-2號5樓",
    "場所分類":"旅宿場所",
    "AED放置地點":"飯店5樓健身房內",
    "行政區":"大安區"
    }
  },
  {
    "type": "Feature",
    "geometry": {
       "type": "Point",
       "coordinates":  [ 121.5527305,25.0341092 ]
    },
    "properties": {
    "場所名稱":"Fitnexx私人健身空間",
    "場所地址":"安和路一段137號2樓",
    "場所分類":"學校、大型集會場所",
    "AED放置地點":"2F入口",
    "行政區":"大安區"
    }
  },
  {
    "type": "Feature",
    "geometry": {
       "type": "Point",
       "coordinates":  [ 121.537021,25.0442235 ]
    },
    "properties": {
    "場所名稱":"建國計程車服務站",
    "場所地址":"建國南路一段63號之1(對面)",
    "場所分類":"其他",
    "AED放置地點":"女化粧室門口",
    "行政區":"大安區"
    }
  },
  {
    "type": "Feature",
    "geometry": {
       "type": "Point",
       "coordinates":  [ 121.548326,25.041841 ]
    },
    "properties": {
    "場所名稱":"菲律賓首都銀行台北分行",
    "場所地址":"忠孝東路四段107號2樓",
    "場所分類":"其他",
    "AED放置地點":"2樓營業大廳",
    "行政區":"大安區"
    }
  },
  {
    "type": "Feature",
    "geometry": {
       "type": "Point",
       "coordinates":  [ 121.5476622,25.04081019 ]
    },
    "properties": {
    "場所名稱":"聖宜診所(忠孝)",
    "場所地址":"敦化南路一段232巷8號1樓",
    "場所分類":"其他",
    "AED放置地點":"聖宜診所",
    "行政區":"大安區"
    }
  },
  {
    "type": "Feature",
    "geometry": {
       "type": "Point",
       "coordinates":  [ 121.524275,25.025228 ]
    },
    "properties": {
    "場所名稱":"武甲運動事業有限公司古亭營業所",
    "場所地址":"羅斯福路二段93號B1",
    "場所分類":"學校、大型集會場所",
    "AED放置地點":"台北市羅斯福路二段93號B1",
    "行政區":"大安區"
    }
  },
  {
    "type": "Feature",
    "geometry": {
       "type": "Point",
       "coordinates":  [ 121.533065,25.016996 ]
    },
    "properties": {
    "場所名稱":"誠品生活股份有限公司台大店",
    "場所地址":"新生南路3段98號",
    "場所分類":"大型購物場所",
    "AED放置地點":"誠品書店台大店1F緊急逃生出口處",
    "行政區":"大安區"
    }
  },
  {
    "type": "Feature",
    "geometry": {
       "type": "Point",
       "coordinates":  [ 121.534012,25.037815 ]
    },
    "properties": {
    "場所名稱":"臺北市政府警察局大安分局新生南路派出所",
    "場所地址":"仁愛路3段18號",
    "場所分類":"公眾服務單位設施",
    "AED放置地點":"1樓大門出入口旁",
    "行政區":"大安區"
    }
  },
  {
    "type": "Feature",
    "geometry": {
       "type": "Point",
       "coordinates":  [ 121.545523,25.040425 ]
    },
    "properties": {
    "場所名稱":"金普頓大安酒店(KIMPTON DA NA HOTEL)",
    "場所地址":"仁愛路四段27巷25號",
    "場所分類":"旅宿場所",
    "AED放置地點":"二樓健身房",
    "行政區":"大安區"
    }
  },
  {
    "type": "Feature",
    "geometry": {
       "type": "Point",
       "coordinates":  [ 121.538886,25.038984 ]
    },
    "properties": {
    "場所名稱":"臺灣當代文化實驗場",
    "場所地址":"建國南路一段177號",
    "場所分類":"其他",
    "AED放置地點":"面會吧內",
    "行政區":"大安區"
    }
  },
  {
    "type": "Feature",
    "geometry": {
       "type": "Point",
       "coordinates":  [ 121.54336,25.032033 ]
    },
    "properties": {
    "場所名稱":"臺北市立大安高級工業職業學校",
    "場所地址":"復興南路2段52號",
    "場所分類":"學校、大型集會場所",
    "AED放置地點":"大安高工活動中心管控室",
    "行政區":"大安區"
    }
  },
  {
    "type": "Feature",
    "geometry": {
       "type": "Point",
       "coordinates":  [ 121.5256839,25.0304773 ]
    },
    "properties": {
    "場所名稱":"榕錦時光生活園區-遊客服務中心",
    "場所地址":"金華街167號",
    "場所分類":"觀光旅遊地區",
    "AED放置地點":"幸福逸居辦公室",
    "行政區":"大安區"
    }
  },
  {
    "type": "Feature",
    "geometry": {
       "type": "Point",
       "coordinates":  [ 121.54617,25.029397 ]
    },
    "properties": {
    "場所名稱":"臺北市大安區建安國民小學",
    "場所地址":"大安路二段99號",
    "場所分類":"其他",
    "AED放置地點":"博思樓一樓學務處前的走廊",
    "行政區":"大安區"
    }
  },
  {
    "type": "Feature",
    "geometry": {
       "type": "Point",
       "coordinates":  [ 121.549117,25.022086 ]
    },
    "properties": {
    "場所名稱":"英屬百慕達商友邦人壽保險股份有限公司台灣分公司(敦化南路)",
    "場所地址":"敦化南路二段333號17樓",
    "場所分類":"其他",
    "AED放置地點":"台北市大安區敦化南路二段333號17樓",
    "行政區":"大安區"
    }
  },
  {
    "type": "Feature",
    "geometry": {
       "type": "Point",
       "coordinates":  [ 121.528283,25.02603 ]
    },
    "properties": {
    "場所名稱":"國立臺灣師範大學校本部(和平東路1段162號) ",
    "場所地址":"和平東路1段162號",
    "場所分類":"學校、大型集會場所",
    "AED放置地點":"校本部體育館2樓",
    "行政區":"大安區"
    }
  },
  {
    "type": "Feature",
    "geometry": {
       "type": "Point",
       "coordinates":  [ 121.507287,25.040198 ]
    },
    "properties": {
    "場所名稱":"臺北市立文獻館",
    "場所地址":"中華路一段174-1號",
    "場所分類":"大型休閒場所",
    "AED放置地點":"臺北市立文獻館",
    "行政區":"萬華區"
    }
  },
  {
    "type": "Feature",
    "geometry": {
       "type": "Point",
       "coordinates":  [ 121.507931,25.046784 ]
    },
    "properties": {
    "場所名稱":"臺北市萬華區福星國民小學",
    "場所地址":"中華路一段66號",
    "場所分類":"其他",
    "AED放置地點":"活動中心1樓球場",
    "行政區":"萬華區"
    }
  },
  {
    "type": "Feature",
    "geometry": {
       "type": "Point",
       "coordinates":  [ 121.507931,25.046784 ]
    },
    "properties": {
    "場所名稱":"臺北市萬華區福星國民小學",
    "場所地址":"中華路一段66號",
    "場所分類":"其他",
    "AED放置地點":"學群大樓五樓游泳池旁",
    "行政區":"萬華區"
    }
  },
  {
    "type": "Feature",
    "geometry": {
       "type": "Point",
       "coordinates":  [ 121.503279,25.036655 ]
    },
    "properties": {
    "場所名稱":"臺北市鄉土教育中心",
    "場所地址":"廣州街101號",
    "場所分類":"其他",
    "AED放置地點":"服務台",
    "行政區":"萬華區"
    }
  },
  {
    "type": "Feature",
    "geometry": {
       "type": "Point",
       "coordinates":  [ 121.50629,25.037743 ]
    },
    "properties": {
    "場所名稱":"家福股份有限公司台北桂林分公司(家樂福桂林店)",
    "場所地址":"桂林路1號",
    "場所分類":"大型購物場所",
    "AED放置地點":"3F",
    "行政區":"萬華區"
    }
  },
  {
    "type": "Feature",
    "geometry": {
       "type": "Point",
       "coordinates":  [ 121.495917,25.036439 ]
    },
    "properties": {
    "場所名稱":"臺北市萬華區龍山國民小學",
    "場所地址":"和平西路3段235號",
    "場所分類":"其他",
    "AED放置地點":"健康中心內",
    "行政區":"萬華區"
    }
  },
  {
    "type": "Feature",
    "geometry": {
       "type": "Point",
       "coordinates":  [ 121.501347,25.03346 ]
    },
    "properties": {
    "場所名稱":"臺北市勞動檢查處",
    "場所地址":"艋舺大道101號7樓",
    "場所分類":"其他",
    "AED放置地點":"7樓",
    "行政區":"萬華區"
    }
  },
  {
    "type": "Feature",
    "geometry": {
       "type": "Point",
       "coordinates":  [ 121.502865,25.045083 ]
    },
    "properties": {
    "場所名稱":"臺北市政府警察局萬華分局西門町派出所",
    "場所地址":"康定路22號1樓",
    "場所分類":"其他",
    "AED放置地點":"值勤臺旁",
    "行政區":"萬華區"
    }
  },
  {
    "type": "Feature",
    "geometry": {
       "type": "Point",
       "coordinates":  [ 121.503935,25.037834 ]
    },
    "properties": {
    "場所名稱":"臺北市政府警察局萬華分局龍山機動派出所",
    "場所地址":"昆明街245號",
    "場所分類":"其他",
    "AED放置地點":"1樓電腦桌辦公室內",
    "行政區":"萬華區"
    }
  },
  {
    "type": "Feature",
    "geometry": {
       "type": "Point",
       "coordinates":  [ 121.498205,25.022316 ]
    },
    "properties": {
    "場所名稱":"臺北市政府警察局萬華分局東園街派出所",
    "場所地址":"長泰街130號",
    "場所分類":"其他",
    "AED放置地點":"值勤臺旁",
    "行政區":"萬華區"
    }
  },
  {
    "type": "Feature",
    "geometry": {
       "type": "Point",
       "coordinates":  [ 121.495632,25.028137 ]
    },
    "properties": {
    "場所名稱":"臺北市政府警察局萬華分局西園路派出所",
    "場所地址":"東園街17號",
    "場所分類":"其他",
    "AED放置地點":"值勤臺後方",
    "行政區":"萬華區"
    }
  },
  {
    "type": "Feature",
    "geometry": {
       "type": "Point",
       "coordinates":  [ 121.502761,25.031112 ]
    },
    "properties": {
    "場所名稱":"臺北市政府警察局萬華分局莒光派出所",
    "場所地址":"莒光路171號",
    "場所分類":"其他",
    "AED放置地點":"一樓大門旁",
    "行政區":"萬華區"
    }
  },
  {
    "type": "Feature",
    "geometry": {
       "type": "Point",
       "coordinates":  [ 121.474113,25.02753 ]
    },
    "properties": {
    "場所名稱":"臺北市政府環境保護局萬華區清潔隊停車場",
    "場所地址":"鄭州路底三號水門外",
    "場所分類":"其他",
    "AED放置地點":"臺北市萬華區鄭州路底三號水門外",
    "行政區":"萬華區"
    }
  },
  {
    "type": "Feature",
    "geometry": {
       "type": "Point",
       "coordinates":  [ 121.488772,25.032546 ]
    },
    "properties": {
    "場所名稱":"臺北市政府環境保護局萬華區清潔隊大理分隊",
    "場所地址":"長順街臨131號",
    "場所分類":"其他",
    "AED放置地點":"辦公室內",
    "行政區":"萬華區"
    }
  },
  {
    "type": "Feature",
    "geometry": {
       "type": "Point",
       "coordinates":  [ 121.495459,25.03693 ]
    },
    "properties": {
    "場所名稱":"臺北市政府環境保護局資源回收隊萬華展示場",
    "場所地址":"環河南路2段102號1.2樓",
    "場所分類":"其他",
    "AED放置地點":"展示場二樓",
    "行政區":"萬華區"
    }
  },
  {
    "type": "Feature",
    "geometry": {
       "type": "Point",
       "coordinates":  [ 121.499802,25.041776 ]
    },
    "properties": {
    "場所名稱":"臺北市政府環境保護局萬華區清潔隊漢中分隊",
    "場所地址":"環河南路一段臨280-1號",
    "場所分類":"其他",
    "AED放置地點":"入口左側",
    "行政區":"萬華區"
    }
  },
  {
    "type": "Feature",
    "geometry": {
       "type": "Point",
       "coordinates":  [ 121.506935,25.042065 ]
    },
    "properties": {
    "場所名稱":"財團法人台北市文化基金會西門紅樓",
    "場所地址":"成都路10號1樓",
    "場所分類":"其他",
    "AED放置地點":"西門紅樓八角樓",
    "行政區":"萬華區"
    }
  },
  {
    "type": "Feature",
    "geometry": {
       "type": "Point",
       "coordinates":  [ 121.504248,25.040537 ]
    },
    "properties": {
    "場所名稱":"CV玩家體適能訓練室(貴子體適能工作室)",
    "場所地址":"昆明街222號2F",
    "場所分類":"學校、大型集會場所",
    "AED放置地點":"入口前方",
    "行政區":"萬華區"
    }
  },
  {
    "type": "Feature",
    "geometry": {
       "type": "Point",
       "coordinates":  [ 121.495051,25.022115 ]
    },
    "properties": {
    "場所名稱":"臺北市政府環境保護局萬華區清潔隊東園分隊",
    "場所地址":"寶興街222巷11-1號",
    "場所分類":"其他",
    "AED放置地點":"備勤室內",
    "行政區":"萬華區"
    }
  },
  {
    "type": "Feature",
    "geometry": {
       "type": "Point",
       "coordinates":  [ 121.4947582,25.03554096 ]
    },
    "properties": {
    "場所名稱":"臺北市政府環境保護局萬華區清潔隊昆明分隊",
    "場所地址":"和平西路三段251號1樓",
    "場所分類":"其他",
    "AED放置地點":"入口左側",
    "行政區":"萬華區"
    }
  },
  {
    "type": "Feature",
    "geometry": {
       "type": "Point",
       "coordinates":  [ 121.50674,25.047075 ]
    },
    "properties": {
    "場所名稱":"臺北市萬華運動中心",
    "場所地址":"西寧南路6-1號",
    "場所分類":"學校、大型集會場所",
    "AED放置地點":"3F",
    "行政區":"萬華區"
    }
  },
  {
    "type": "Feature",
    "geometry": {
       "type": "Point",
       "coordinates":  [ 121.499544,25.036085 ]
    },
    "properties": {
    "場所名稱":"臺北市龍山寺地下街商場",
    "場所地址":"西園路1段145號 B1 行政中心",
    "場所分類":"大型購物場所",
    "AED放置地點":"B1 B區廣場",
    "行政區":"萬華區"
    }
  },
  {
    "type": "Feature",
    "geometry": {
       "type": "Point",
       "coordinates":  [ 121.499354,25.03858 ]
    },
    "properties": {
    "場所名稱":"臺北市政府警察局萬華分局龍山派出所",
    "場所地址":"桂林路135號1樓",
    "場所分類":"其他",
    "AED放置地點":"一樓值班台旁",
    "行政區":"萬華區"
    }
  },
  {
    "type": "Feature",
    "geometry": {
       "type": "Point",
       "coordinates":  [ 121.507367,25.042099 ]
    },
    "properties": {
    "場所名稱":"臺北市政府警察局萬華分局西門町機動所",
    "場所地址":"漢中街122號",
    "場所分類":"其他",
    "AED放置地點":"1樓值勤臺旁",
    "行政區":"萬華區"
    }
  },
  {
    "type": "Feature",
    "geometry": {
       "type": "Point",
       "coordinates":  [ 121.50212,25.021913 ]
    },
    "properties": {
    "場所名稱":"臺北市政府警察局萬華分局青年路派出所",
    "場所地址":"萬大路423巷112號",
    "場所分類":"其他",
    "AED放置地點":"1樓值勤臺旁",
    "行政區":"萬華區"
    }
  },
  {
    "type": "Feature",
    "geometry": {
       "type": "Point",
       "coordinates":  [ 121.4906,25.029251 ]
    },
    "properties": {
    "場所名稱":"臺北市市場處所屬公有環南市場改建工程主體工程",
    "場所地址":"環河南路二段245號",
    "場所分類":"其他",
    "AED放置地點":"1號門出入口",
    "行政區":"萬華區"
    }
  },
  {
    "type": "Feature",
    "geometry": {
       "type": "Point",
       "coordinates":  [ 121.496058,25.028594 ]
    },
    "properties": {
    "場所名稱":"臺北市立華江高級中學",
    "場所地址":"西藏路213號",
    "場所分類":"學校、大型集會場所",
    "AED放置地點":"健康中心",
    "行政區":"萬華區"
    }
  },
  {
    "type": "Feature",
    "geometry": {
       "type": "Point",
       "coordinates":  [ 121.498361,25.037647 ]
    },
    "properties": {
    "場所名稱":"華西街臨時攤販集中場",
    "場所地址":"華西街，位於廣州街至西園路一段72巷口",
    "場所分類":"其他",
    "AED放置地點":"華西街商圈區協會辦公室(台北市華西街28之1號2樓)",
    "行政區":"萬華區"
    }
  },
  {
    "type": "Feature",
    "geometry": {
       "type": "Point",
       "coordinates":  [ 121.503597,25.043172 ]
    },
    "properties": {
    "場所名稱":"臺北市萬華區西門國民小學",
    "場所地址":"成都路98號",
    "場所分類":"其他",
    "AED放置地點":"本校川堂",
    "行政區":"萬華區"
    }
  },
  {
    "type": "Feature",
    "geometry": {
       "type": "Point",
       "coordinates":  [ 121.499877,25.03467 ]
    },
    "properties": {
    "場所名稱":"臺北市萬華區戶政事務所",
    "場所地址":"和平西路三段120號4樓",
    "場所分類":"其他",
    "AED放置地點":"4樓服務台旁",
    "行政區":"萬華區"
    }
  },
  {
    "type": "Feature",
    "geometry": {
       "type": "Point",
       "coordinates":  [ 121.495453,25.034614 ]
    },
    "properties": {
    "場所名稱":"財團法人台北市私立愛愛院",
    "場所地址":"大理街175巷27號",
    "場所分類":"其他",
    "AED放置地點":"愛愛院入口1樓接待大廳",
    "行政區":"萬華區"
    }
  },
  {
    "type": "Feature",
    "geometry": {
       "type": "Point",
       "coordinates":  [ 121.489814,25.029942 ]
    },
    "properties": {
    "場所名稱":"臺北市公有環南市場 ",
    "場所地址":"環河南路二段245號",
    "場所分類":"其他",
    "AED放置地點":"環南市場清潔辦公室前",
    "行政區":"萬華區"
    }
  },
  {
    "type": "Feature",
    "geometry": {
       "type": "Point",
       "coordinates":  [ 121.491611,25.027829 ]
    },
    "properties": {
    "場所名稱":"加勒比健康事業股份有限公司(日本伊藤萬台北艋舺校)",
    "場所地址":"西園路二段320巷55弄3號B1",
    "場所分類":"其他",
    "AED放置地點":"休息區",
    "行政區":"萬華區"
    }
  },
  {
    "type": "Feature",
    "geometry": {
       "type": "Point",
       "coordinates":  [ 121.50051,25.035082 ]
    },
    "properties": {
    "場所名稱":"臺北市政府警察局萬華分局康定路派出所",
    "場所地址":"和平西路3段112號",
    "場所分類":"其他",
    "AED放置地點":"辦公室內",
    "行政區":"萬華區"
    }
  },
  {
    "type": "Feature",
    "geometry": {
       "type": "Point",
       "coordinates":  [ 121.495492,25.036893 ]
    },
    "properties": {
    "場所名稱":"臺北市政府警察局交通警察大隊萬華分隊",
    "場所地址":"環河南路2段102號6樓",
    "場所分類":"其他",
    "AED放置地點":"值班台入口前",
    "行政區":"萬華區"
    }
  },
  {
    "type": "Feature",
    "geometry": {
       "type": "Point",
       "coordinates":  [ 121.493218,25.034285 ]
    },
    "properties": {
    "場所名稱":"臺北市政府警察局萬華分局華江派出所",
    "場所地址":"環河南路2段196號",
    "場所分類":"其他",
    "AED放置地點":"值勤台右側",
    "行政區":"萬華區"
    }
  },
  {
    "type": "Feature",
    "geometry": {
       "type": "Point",
       "coordinates":  [ 121.507367,25.042099 ]
    },
    "properties": {
    "場所名稱":"臺北市政府警察局萬華分局西門町機動所",
    "場所地址":"漢中街122號",
    "場所分類":"其他",
    "AED放置地點":"進大門口右側受理報案區前方",
    "行政區":"萬華區"
    }
  },
  {
    "type": "Feature",
    "geometry": {
       "type": "Point",
       "coordinates":  [ 121.498298,25.034403 ]
    },
    "properties": {
    "場所名稱":"臺北市政府警察局萬華分局大理街派出所",
    "場所地址":"大理街99號",
    "場所分類":"其他",
    "AED放置地點":"大門入口左側",
    "行政區":"萬華區"
    }
  },
  {
    "type": "Feature",
    "geometry": {
       "type": "Point",
       "coordinates":  [ 121.5020158,25.0322385 ]
    },
    "properties": {
    "場所名稱":"頂碩區民活動中心",
    "場所地址":"興寧街2號3樓",
    "場所分類":"其他",
    "AED放置地點":"頂碩區民活動中心",
    "行政區":"萬華區"
    }
  },
  {
    "type": "Feature",
    "geometry": {
       "type": "Point",
       "coordinates":  [ 121.499888,25.035002 ]
    },
    "properties": {
    "場所名稱":"臺北市萬華區公所",
    "場所地址":"和平西路3段120號11樓",
    "場所分類":"其他",
    "AED放置地點":"11樓服務台",
    "行政區":"萬華區"
    }
  },
  {
    "type": "Feature",
    "geometry": {
       "type": "Point",
       "coordinates":  [ 121.5055703,25.0451667 ]
    },
    "properties": {
    "場所名稱":"台北西門町意舍酒店",
    "場所地址":"武昌街二段77號5樓",
    "場所分類":"旅宿場所",
    "AED放置地點":"酒店5樓大廳",
    "行政區":"萬華區"
    }
  },
  {
    "type": "Feature",
    "geometry": {
       "type": "Point",
       "coordinates":  [ 121.499571,25.021416 ]
    },
    "properties": {
    "場所名稱":"臺北市私立光仁國民小學",
    "場所地址":"萬大路423巷15號",
    "場所分類":"其他",
    "AED放置地點":"校門口警衛室",
    "行政區":"萬華區"
    }
  },
  {
    "type": "Feature",
    "geometry": {
       "type": "Point",
       "coordinates":  [ 121.491591,25.027812 ]
    },
    "properties": {
    "場所名稱":"雙園國中室內綜合球館-舞動陽光有限公司",
    "場所地址":"西園路二段320巷55弄3號5樓",
    "場所分類":"學校、大型集會場所",
    "AED放置地點":"雙園國中綜合大樓5樓",
    "行政區":"萬華區"
    }
  },
  {
    "type": "Feature",
    "geometry": {
       "type": "Point",
       "coordinates":  [ 121.5070448,25.04793247 ]
    },
    "properties": {
    "場所名稱":"臺北市政府環境保護局萬華區清潔隊武昌分隊",
    "場所地址":"西寧南路4號2F",
    "場所分類":"其他",
    "AED放置地點":"大門右大門",
    "行政區":"萬華區"
    }
  },
  {
    "type": "Feature",
    "geometry": {
       "type": "Point",
       "coordinates":  [ 121.505393,25.043788 ]
    },
    "properties": {
    "場所名稱":"今日秀泰影城",
    "場所地址":"峨眉街52號",
    "場所分類":"大型休閒場所",
    "AED放置地點":"四樓大廳休息區",
    "行政區":"萬華區"
    }
  },
  {
    "type": "Feature",
    "geometry": {
       "type": "Point",
       "coordinates":  [ 121.507113,25.043897 ]
    },
    "properties": {
    "場所名稱":"Uniqlo西門店",
    "場所地址":"漢中街52號",
    "場所分類":"大型購物場所",
    "AED放置地點":"大門口右側",
    "行政區":"萬華區"
    }
  },
  {
    "type": "Feature",
    "geometry": {
       "type": "Point",
       "coordinates":  [ 121.504496,25.046304 ]
    },
    "properties": {
    "場所名稱":"300壯士跨時代健身中心",
    "場所地址":"漢口街2段73號B1",
    "場所分類":"學校、大型集會場所",
    "AED放置地點":"健身房入口處",
    "行政區":"萬華區"
    }
  },
  {
    "type": "Feature",
    "geometry": {
       "type": "Point",
       "coordinates":  [ 121.503806,25.038275 ]
    },
    "properties": {
    "場所名稱":"財團法人台北市中華基督教青年會萬華會館",
    "場所地址":"昆明街290號",
    "場所分類":"學校、大型集會場所",
    "AED放置地點":"1樓泳池櫃台",
    "行政區":"萬華區"
    }
  },
  {
    "type": "Feature",
    "geometry": {
       "type": "Point",
       "coordinates":  [ 121.499863,25.03335 ]
    },
    "properties": {
    "場所名稱":"臺北市勞動力重建運用處",
    "場所地址":"艋舺大道101號4樓、5樓",
    "場所分類":"其他",
    "AED放置地點":"5樓",
    "行政區":"萬華區"
    }
  },
  {
    "type": "Feature",
    "geometry": {
       "type": "Point",
       "coordinates":  [ 121.5016253,25.04427837 ]
    },
    "properties": {
    "場所名稱":"臺北市政府環境保護局萬華區清潔隊青年分隊",
    "場所地址":"成都路臨173號之1",
    "場所分類":"其他",
    "AED放置地點":"大門右側",
    "行政區":"萬華區"
    }
  },
  {
    "type": "Feature",
    "geometry": {
       "type": "Point",
       "coordinates":  [ 121.504555,25.040944 ]
    },
    "properties": {
    "場所名稱":"洛碁大飯店新仕界",
    "場所地址":"昆明街141號",
    "場所分類":"旅宿場所",
    "AED放置地點":"本館大廳座位區",
    "行政區":"萬華區"
    }
  },
  {
    "type": "Feature",
    "geometry": {
       "type": "Point",
       "coordinates":  [ 121.492646,25.027554 ]
    },
    "properties": {
    "場所名稱":"臺北市立雙園國民中學",
    "場所地址":"興義街2號",
    "場所分類":"學校、大型集會場所",
    "AED放置地點":"大門警衛室旁",
    "行政區":"萬華區"
    }
  },
  {
    "type": "Feature",
    "geometry": {
       "type": "Point",
       "coordinates":  [ 121.497964,25.030891 ]
    },
    "properties": {
    "場所名稱":"臺北市萬華區雙園國民小學",
    "場所地址":"莒光路315號",
    "場所分類":"其他",
    "AED放置地點":"警衛室進門處",
    "行政區":"萬華區"
    }
  },
  {
    "type": "Feature",
    "geometry": {
       "type": "Point",
       "coordinates":  [ 121.5047367,25.0443436 ]
    },
    "properties": {
    "場所名稱":"臺北市立聯合醫院昆明大樓",
    "場所地址":"昆明街100號",
    "場所分類":"其他",
    "AED放置地點":"昆明大樓一樓大廳",
    "行政區":"萬華區"
    }
  },
  {
    "type": "Feature",
    "geometry": {
       "type": "Point",
       "coordinates":  [ 121.497642,25.023174 ]
    },
    "properties": {
    "場所名稱":"臺北市立聯合醫院附設萬華門診部",
    "場所地址":"東園街152號",
    "場所分類":"其他",
    "AED放置地點":"大門入口右側",
    "行政區":"萬華區"
    }
  },
  {
    "type": "Feature",
    "geometry": {
       "type": "Point",
       "coordinates":  [ 121.500442,25.033349 ]
    },
    "properties": {
    "場所名稱":"交通部臺灣鐵路管理局臺北運務段萬華站",
    "場所地址":"康定路382號",
    "場所分類":"交通要衝",
    "AED放置地點":"一月台行車室",
    "行政區":"萬華區"
    }
  },
  {
    "type": "Feature",
    "geometry": {
       "type": "Point",
       "coordinates":  [ 121.503359,25.041755 ]
    },
    "properties": {
    "場所名稱":"國立臺北護理健康大學(城區部)",
    "場所地址":"內江街89號",
    "場所分類":"學校、大型集會場所",
    "AED放置地點":"學生活動中心外",
    "行政區":"萬華區"
    }
  },
  {
    "type": "Feature",
    "geometry": {
       "type": "Point",
       "coordinates":  [ 121.503597,25.043172 ]
    },
    "properties": {
    "場所名稱":"臺北市萬華區西門國民小學",
    "場所地址":"成都路98號",
    "場所分類":"其他",
    "AED放置地點":"游泳池",
    "行政區":"萬華區"
    }
  },
  {
    "type": "Feature",
    "geometry": {
       "type": "Point",
       "coordinates":  [ 121.506905,25.022052 ]
    },
    "properties": {
    "場所名稱":"青年公園棒球場",
    "場所地址":"水源路199號",
    "場所分類":"大型休閒場所",
    "AED放置地點":"正門入口處",
    "行政區":"萬華區"
    }
  },
  {
    "type": "Feature",
    "geometry": {
       "type": "Point",
       "coordinates":  [ 121.502704,25.033782 ]
    },
    "properties": {
    "場所名稱":"北都汽車股份有限公司-萬大廠",
    "場所地址":"艋舺大道91號",
    "場所分類":"其他",
    "AED放置地點":"客戶休息室",
    "行政區":"萬華區"
    }
  },
  {
    "type": "Feature",
    "geometry": {
       "type": "Point",
       "coordinates":  [ 121.496058,25.028594 ]
    },
    "properties": {
    "場所名稱":"臺市立華江高級中學運動中心(舞動陽光有限公司)",
    "場所地址":"西藏路213號",
    "場所分類":"學校、大型集會場所",
    "AED放置地點":"華江高中運動中心",
    "行政區":"萬華區"
    }
  },
  {
    "type": "Feature",
    "geometry": {
       "type": "Point",
       "coordinates":  [ 121.490958,25.03022 ]
    },
    "properties": {
    "場所名稱":"臺北市立大理高級中學",
    "場所地址":"長順街2號",
    "場所分類":"學校、大型集會場所",
    "AED放置地點":"勤學樓穿堂",
    "行政區":"萬華區"
    }
  },
  {
    "type": "Feature",
    "geometry": {
       "type": "Point",
       "coordinates":  [ 121.501879,25.036768 ]
    },
    "properties": {
    "場所名稱":"剝皮寮歷史街區西側",
    "場所地址":"廣州街151號",
    "場所分類":"觀光旅遊地區",
    "AED放置地點":"遊客諮詢中心",
    "行政區":"萬華區"
    }
  },
  {
    "type": "Feature",
    "geometry": {
       "type": "Point",
       "coordinates":  [ 121.506936,25.02386 ]
    },
    "properties": {
    "場所名稱":"臺北市萬華親子館",
    "場所地址":"水源路199號2樓",
    "場所分類":"其他",
    "AED放置地點":"服務台左側",
    "行政區":"萬華區"
    }
  },
  {
    "type": "Feature",
    "geometry": {
       "type": "Point",
       "coordinates":  [ 121.4912696,25.0340872 ]
    },
    "properties": {
    "場所名稱":"臺北市萬華區華江國民小學",
    "場所地址":"環河南路2段250巷42弄2號",
    "場所分類":"學校、大型集會場所",
    "AED放置地點":"穿堂",
    "行政區":"萬華區"
    }
  },
  {
    "type": "Feature",
    "geometry": {
       "type": "Point",
       "coordinates":  [ 121.495889,25.028871 ]
    },
    "properties": {
    "場所名稱":"北都汽車雙園所",
    "場所地址":"西園路2段161號",
    "場所分類":"其他",
    "AED放置地點":"1樓櫃台後方",
    "行政區":"萬華區"
    }
  },
  {
    "type": "Feature",
    "geometry": {
       "type": "Point",
       "coordinates":  [ 121.50674,25.047075 ]
    },
    "properties": {
    "場所名稱":"臺北市萬華運動中心",
    "場所地址":"西寧南路6-1號",
    "場所分類":"學校、大型集會場所",
    "AED放置地點":"B1游泳池",
    "行政區":"萬華區"
    }
  },
  {
    "type": "Feature",
    "geometry": {
       "type": "Point",
       "coordinates":  [ 121.499888,25.035002 ]
    },
    "properties": {
    "場所名稱":"臺北市建成地政事務所",
    "場所地址":"和平西路3段120號7-9樓",
    "場所分類":"其他",
    "AED放置地點":"8樓民眾服務區",
    "行政區":"萬華區"
    }
  },
  {
    "type": "Feature",
    "geometry": {
       "type": "Point",
       "coordinates":  [ 121.505801,25.046776 ]
    },
    "properties": {
    "場所名稱":"城市商旅股份有限公司昆明分公司",
    "場所地址":"昆明街46號",
    "場所分類":"旅宿場所",
    "AED放置地點":"大廳入口詢問處旁",
    "行政區":"萬華區"
    }
  },
  {
    "type": "Feature",
    "geometry": {
       "type": "Point",
       "coordinates":  [ 121.506907,25.022041 ]
    },
    "properties": {
    "場所名稱":"青年公園游泳池",
    "場所地址":"水源路199號",
    "場所分類":"其他",
    "AED放置地點":"游泳池一樓大廳",
    "行政區":"萬華區"
    }
  },
  {
    "type": "Feature",
    "geometry": {
       "type": "Point",
       "coordinates":  [ 121.50629,25.037743 ]
    },
    "properties": {
    "場所名稱":"家福股份有限公司台北桂林分公司(家樂福桂林店)",
    "場所地址":"桂林路1號",
    "場所分類":"大型購物場所",
    "AED放置地點":"三樓扶梯口",
    "行政區":"萬華區"
    }
  },
  {
    "type": "Feature",
    "geometry": {
       "type": "Point",
       "coordinates":  [ 121.500442,25.033349 ]
    },
    "properties": {
    "場所名稱":"交通部臺灣鐵路管理局臺北運務段萬華站",
    "場所地址":"康定路382號",
    "場所分類":"交通要衝",
    "AED放置地點":"萬華站西剪票口",
    "行政區":"萬華區"
    }
  },
  {
    "type": "Feature",
    "geometry": {
       "type": "Point",
       "coordinates":  [ 121.497953,25.022987 ]
    },
    "properties": {
    "場所名稱":"臺北市萬華區東園國民小學",
    "場所地址":"東園街195號",
    "場所分類":"其他",
    "AED放置地點":"總務處外走廊",
    "行政區":"萬華區"
    }
  },
  {
    "type": "Feature",
    "geometry": {
       "type": "Point",
       "coordinates":  [ 121.507173,25.041502 ]
    },
    "properties": {
    "場所名稱":"可爾姿女性30分鐘環狀運動 西門漢中店",
    "場所地址":"漢中街157號2樓-1",
    "場所分類":"學校、大型集會場所",
    "AED放置地點":"Curves 可爾姿女性30分鐘環狀運動西門漢中店",
    "行政區":"萬華區"
    }
  },
  {
    "type": "Feature",
    "geometry": {
       "type": "Point",
       "coordinates":  [ 121.502627,25.044001 ]
    },
    "properties": {
    "場所名稱":"享樂文旅飯店股份有限公司康定分公司",
    "場所地址":"康定路32號",
    "場所分類":"其他",
    "AED放置地點":"台北市萬華區康定路32號",
    "行政區":"萬華區"
    }
  },
  {
    "type": "Feature",
    "geometry": {
       "type": "Point",
       "coordinates":  [ 121.501879,25.036768 ]
    },
    "properties": {
    "場所名稱":"剝皮寮歷史街區西側",
    "場所地址":"廣州街151號",
    "場所分類":"觀光旅遊地區",
    "AED放置地點":"廣州街155號",
    "行政區":"萬華區"
    }
  },
  {
    "type": "Feature",
    "geometry": {
       "type": "Point",
       "coordinates":  [ 121.5048711,25.04286349 ]
    },
    "properties": {
    "場所名稱":"釋放體能工作室",
    "場所地址":"昆明街79號2樓之2",
    "場所分類":"學校、大型集會場所",
    "AED放置地點":"工作室門口",
    "行政區":"萬華區"
    }
  },
  {
    "type": "Feature",
    "geometry": {
       "type": "Point",
       "coordinates":  [ 121.499664,25.033267 ]
    },
    "properties": {
    "場所名稱":"馥裕商旅股份有限公司萬大分公司(凱達大飯店)",
    "場所地址":"艋舺大道167號",
    "場所分類":"旅宿場所",
    "AED放置地點":"7樓健身中心游泳池",
    "行政區":"萬華區"
    }
  },
  {
    "type": "Feature",
    "geometry": {
       "type": "Point",
       "coordinates":  [ 121.499664,25.033267 ]
    },
    "properties": {
    "場所名稱":"馥裕商旅股份有限公司萬大分公司(凱達大飯店)",
    "場所地址":"艋舺大道167號",
    "場所分類":"旅宿場所",
    "AED放置地點":"3樓手扶梯旁",
    "行政區":"萬華區"
    }
  },
  {
    "type": "Feature",
    "geometry": {
       "type": "Point",
       "coordinates":  [ 121.497335,25.031299 ]
    },
    "properties": {
    "場所名稱":"誠隆汽車股份有限公司萬華服務廠",
    "場所地址":"莒光路328號",
    "場所分類":"其他",
    "AED放置地點":"萬華服務廠終檢區",
    "行政區":"萬華區"
    }
  },
  {
    "type": "Feature",
    "geometry": {
       "type": "Point",
       "coordinates":  [ 121.5080496,25.0428894 ]
    },
    "properties": {
    "場所名稱":"永安棧 WESTGATEHOTEL",
    "場所地址":"中華路一段150號",
    "場所分類":"旅宿場所",
    "AED放置地點":"中華路一段150號",
    "行政區":"萬華區"
    }
  },
  {
    "type": "Feature",
    "geometry": {
       "type": "Point",
       "coordinates":  [ 121.501374,25.033444 ]
    },
    "properties": {
    "場所名稱":"艋舺就業服務站",
    "場所地址":"艋舺大道101號3樓",
    "場所分類":"其他",
    "AED放置地點":"艋舺就業服務站",
    "行政區":"萬華區"
    }
  },
  {
    "type": "Feature",
    "geometry": {
       "type": "Point",
       "coordinates":  [ 121.51169,25.024133 ]
    },
    "properties": {
    "場所名稱":"臺北市政府工務局新建工程處養護工程隊第三分隊",
    "場所地址":"中華路二段680號",
    "場所分類":"其他",
    "AED放置地點":"2樓",
    "行政區":"萬華區"
    }
  },
  {
    "type": "Feature",
    "geometry": {
       "type": "Point",
       "coordinates":  [ 121.49926,25.027835 ]
    },
    "properties": {
    "場所名稱":"萬華國中地下停車場",
    "場所地址":"西藏路201號B1",
    "場所分類":"其他",
    "AED放置地點":"西藏路201號B1",
    "行政區":"萬華區"
    }
  },
  {
    "type": "Feature",
    "geometry": {
       "type": "Point",
       "coordinates":  [ 121.510056,25.023892 ]
    },
    "properties": {
    "場所名稱":"古亭國中地下停車場",
    "場所地址":"中華路2段606巷1號B1",
    "場所分類":"其他",
    "AED放置地點":"中華路2段606巷1號B1",
    "行政區":"萬華區"
    }
  },
  {
    "type": "Feature",
    "geometry": {
       "type": "Point",
       "coordinates":  [ 121.505865,25.048335 ]
    },
    "properties": {
    "場所名稱":"洛陽立體停車場",
    "場所地址":"環河南路1段1號",
    "場所分類":"其他",
    "AED放置地點":"環河南路1段1號",
    "行政區":"萬華區"
    }
  },
  {
    "type": "Feature",
    "geometry": {
       "type": "Point",
       "coordinates":  [ 121.507451,25.024366 ]
    },
    "properties": {
    "場所名稱":"青年公園高爾夫球場地下停車場",
    "場所地址":"國興路5號B1",
    "場所分類":"其他",
    "AED放置地點":"國興路5號B1",
    "行政區":"萬華區"
    }
  },
  {
    "type": "Feature",
    "geometry": {
       "type": "Point",
       "coordinates":  [ 121.491611,25.027829 ]
    },
    "properties": {
    "場所名稱":"雙園國中地下停車場",
    "場所地址":"西園路2段320巷55弄3號B1",
    "場所分類":"其他",
    "AED放置地點":"西園路2段320巷55弄3號B1",
    "行政區":"萬華區"
    }
  },
  {
    "type": "Feature",
    "geometry": {
       "type": "Point",
       "coordinates":  [ 121.495065,25.033203 ]
    },
    "properties": {
    "場所名稱":"糖部文化園區",
    "場所地址":"大理街132-10號",
    "場所分類":"觀光旅遊地區",
    "AED放置地點":"糖業文化展示館左邊大門入口右側",
    "行政區":"萬華區"
    }
  },
  {
    "type": "Feature",
    "geometry": {
       "type": "Point",
       "coordinates":  [ 121.4973483,25.03271143 ]
    },
    "properties": {
    "場所名稱":"和平青草園",
    "場所地址":"西園路二段42號",
    "場所分類":"其他",
    "AED放置地點":"和平青草園綠化教室門口",
    "行政區":"萬華區"
    }
  },
  {
    "type": "Feature",
    "geometry": {
       "type": "Point",
       "coordinates":  [ 121.499544,25.036085 ]
    },
    "properties": {
    "場所名稱":"艋舺公園",
    "場所地址":"西園路1段145號",
    "場所分類":"其他",
    "AED放置地點":"艋舺公園駐警室",
    "行政區":"萬華區"
    }
  },
  {
    "type": "Feature",
    "geometry": {
       "type": "Point",
       "coordinates":  [ 121.506684,25.021782 ]
    },
    "properties": {
    "場所名稱":"青年公園",
    "場所地址":"水源路199號-駐警隊",
    "場所分類":"其他",
    "AED放置地點":"青年公園駐警室",
    "行政區":"萬華區"
    }
  },
  {
    "type": "Feature",
    "geometry": {
       "type": "Point",
       "coordinates":  [ 121.507931,25.046784 ]
    },
    "properties": {
    "場所名稱":"臺北市萬華區福星國民小學",
    "場所地址":"中華路一段66號",
    "場所分類":"其他",
    "AED放置地點":"校門警衛室旁",
    "行政區":"萬華區"
    }
  },
  {
    "type": "Feature",
    "geometry": {
       "type": "Point",
       "coordinates":  [ 121.500265,25.031333 ]
    },
    "properties": {
    "場所名稱":"萬華靜思堂",
    "場所地址":"莒光路222號",
    "場所分類":"其他",
    "AED放置地點":"大廳",
    "行政區":"萬華區"
    }
  },
  {
    "type": "Feature",
    "geometry": {
       "type": "Point",
       "coordinates":  [ 121.499664,25.033267 ]
    },
    "properties": {
    "場所名稱":"馥裕商旅股份有限公司萬大分公司(凱達大飯店)",
    "場所地址":"艋舺大道167號",
    "場所分類":"旅宿場所",
    "AED放置地點":"停車塔警衛室旁邊的電梯間",
    "行政區":"萬華區"
    }
  },
  {
    "type": "Feature",
    "geometry": {
       "type": "Point",
       "coordinates":  [ 121.499323,25.022984 ]
    },
    "properties": {
    "場所名稱":"臺北市萬華區萬大國民小學",
    "場所地址":"萬大路346號",
    "場所分類":"其他",
    "AED放置地點":"哺集乳室外門廊",
    "行政區":"萬華區"
    }
  },
  {
    "type": "Feature",
    "geometry": {
       "type": "Point",
       "coordinates":  [ 121.4976095,25.0296732 ]
    },
    "properties": {
    "場所名稱":"臺北市立南海實驗幼兒園",
    "場所地址":"西藏路424號",
    "場所分類":"其他",
    "AED放置地點":"穿堂",
    "行政區":"萬華區"
    }
  },
  {
    "type": "Feature",
    "geometry": {
       "type": "Point",
       "coordinates":  [ 121.508594,25.045066 ]
    },
    "properties": {
    "場所名稱":"台灣西鐵國際旅館",
    "場所地址":"中華路一段88號6樓",
    "場所分類":"旅宿場所",
    "AED放置地點":"6樓大廳",
    "行政區":"萬華區"
    }
  },
  {
    "type": "Feature",
    "geometry": {
       "type": "Point",
       "coordinates":  [ 121.504435,25.019772 ]
    },
    "properties": {
    "場所名稱":"台北市河濱自行車租借站馬場町站",
    "場所地址":"開車請由青年路底水源路交叉口，馬場疏散門進入。",
    "場所分類":"其他",
    "AED放置地點":"櫃台右側",
    "行政區":"萬華區"
    }
  },
  {
    "type": "Feature",
    "geometry": {
       "type": "Point",
       "coordinates":  [ 121.498835,25.029107 ]
    },
    "properties": {
    "場所名稱":"臺北市立萬華國民中學",
    "場所地址":"西藏路201號",
    "場所分類":"其他",
    "AED放置地點":"健康中心內",
    "行政區":"萬華區"
    }
  },
  {
    "type": "Feature",
    "geometry": {
       "type": "Point",
       "coordinates":  [ 121.495496,25.013594 ]
    },
    "properties": {
    "場所名稱":"台北漁產運銷股份有限公司",
    "場所地址":"萬大路華中橋下堤外拍賣場",
    "場所分類":"其他",
    "AED放置地點":"拍賣場",
    "行政區":"萬華區"
    }
  },
  {
    "type": "Feature",
    "geometry": {
       "type": "Point",
       "coordinates":  [ 121.507196,25.043824 ]
    },
    "properties": {
    "場所名稱":"絕色影城股份有限公司",
    "場所地址":"漢中街52號10樓",
    "場所分類":"大型休閒場所",
    "AED放置地點":"10樓",
    "行政區":"萬華區"
    }
  },
  {
    "type": "Feature",
    "geometry": {
       "type": "Point",
       "coordinates":  [ 121.5064315,25.04714076 ]
    },
    "properties": {
    "場所名稱":"臺北市萬華老人服務中心",
    "場所地址":"開封街二段39號3樓",
    "場所分類":"其他",
    "AED放置地點":"萬華老人中心3樓公共區域辦公室旁",
    "行政區":"萬華區"
    }
  },
  {
    "type": "Feature",
    "geometry": {
       "type": "Point",
       "coordinates":  [ 121.499814,25.035338 ]
    },
    "properties": {
    "場所名稱":"臺北捷運龍山寺站BL10",
    "場所地址":"西園路1段153號",
    "場所分類":"交通要衝",
    "AED放置地點":"捷運龍山寺站B1層",
    "行政區":"萬華區"
    }
  },
  {
    "type": "Feature",
    "geometry": {
       "type": "Point",
       "coordinates":  [ 121.499664,25.033267 ]
    },
    "properties": {
    "場所名稱":"馥裕商旅股份有限公司萬大分公司(凱達大飯店)",
    "場所地址":"艋舺大道167號",
    "場所分類":"旅宿場所",
    "AED放置地點":"一樓大廳門口",
    "行政區":"萬華區"
    }
  },
  {
    "type": "Feature",
    "geometry": {
       "type": "Point",
       "coordinates":  [ 121.504789,25.025995 ]
    },
    "properties": {
    "場所名稱":"Curves女性專用30分鐘健身中心萬華青年公園店",
    "場所地址":"青年路30巷2-3號1樓",
    "場所分類":"學校、大型集會場所",
    "AED放置地點":"環狀運動圈內",
    "行政區":"萬華區"
    }
  },
  {
    "type": "Feature",
    "geometry": {
       "type": "Point",
       "coordinates":  [ 121.4907293,25.031361 ]
    },
    "properties": {
    "場所名稱":"長順區民活動中心",
    "場所地址":"長順街臨127號",
    "場所分類":"其他",
    "AED放置地點":"活動中心內",
    "行政區":"萬華區"
    }
  },
  {
    "type": "Feature",
    "geometry": {
       "type": "Point",
       "coordinates":  [ 121.505259,25.044067 ]
    },
    "properties": {
    "場所名稱":"西門就業服務站",
    "場所地址":"峨嵋街81號",
    "場所分類":"其他",
    "AED放置地點":"西門就業服務站",
    "行政區":"萬華區"
    }
  },
  {
    "type": "Feature",
    "geometry": {
       "type": "Point",
       "coordinates":  [ 121.5062103,25.04408744 ]
    },
    "properties": {
    "場所名稱":"遠傳股份有限公司-台北西寧南門市",
    "場所地址":"西寧南路56號",
    "場所分類":"其他",
    "AED放置地點":"櫃檯右後方",
    "行政區":"萬華區"
    }
  },
  {
    "type": "Feature",
    "geometry": {
       "type": "Point",
       "coordinates":  [ 121.503337,25.025983 ]
    },
    "properties": {
    "場所名稱":"臺北市萬華區新和國民小學",
    "場所地址":"西藏路125巷31號",
    "場所分類":"學校、大型集會場所",
    "AED放置地點":"校門口穿堂",
    "行政區":"萬華區"
    }
  },
  {
    "type": "Feature",
    "geometry": {
       "type": "Point",
       "coordinates":  [ 121.504618,25.036077 ]
    },
    "properties": {
    "場所名稱":"臺北市立龍山國民中學",
    "場所地址":"南寧路46號",
    "場所分類":"其他",
    "AED放置地點":"穿堂",
    "行政區":"萬華區"
    }
  },
  {
    "type": "Feature",
    "geometry": {
       "type": "Point",
       "coordinates":  [ 121.502725,25.038046 ]
    },
    "properties": {
    "場所名稱":"臺北市萬華區老松國民小學",
    "場所地址":"桂林路64號",
    "場所分類":"其他",
    "AED放置地點":"川堂",
    "行政區":"萬華區"
    }
  },
  {
    "type": "Feature",
    "geometry": {
       "type": "Point",
       "coordinates":  [ 121.506684,25.021782 ]
    },
    "properties": {
    "場所名稱":"青年公園",
    "場所地址":"水源路199號-駐警隊",
    "場所分類":"其他",
    "AED放置地點":"青年公園管理所辦公室",
    "行政區":"萬華區"
    }
  },
  {
    "type": "Feature",
    "geometry": {
       "type": "Point",
       "coordinates":  [ 121.4970056,25.0367026 ]
    },
    "properties": {
    "場所名稱":"台北市廣州街臨時攤販集中場",
    "場所地址":"廣州街220號",
    "場所分類":"其他",
    "AED放置地點":"台北市廣州街220號",
    "行政區":"萬華區"
    }
  },
  {
    "type": "Feature",
    "geometry": {
       "type": "Point",
       "coordinates":  [ 121.501439,25.044624 ]
    },
    "properties": {
    "場所名稱":"豪景大酒店",
    "場所地址":"環河南路一段77號",
    "場所分類":"其他",
    "AED放置地點":"大廳大門左方等待區電腦旁",
    "行政區":"萬華區"
    }
  },
  {
    "type": "Feature",
    "geometry": {
       "type": "Point",
       "coordinates":  [ 121.501439,25.044624 ]
    },
    "properties": {
    "場所名稱":"豪景大酒店",
    "場所地址":"環河南路一段77號",
    "場所分類":"其他",
    "AED放置地點":"四F健身房內",
    "行政區":"萬華區"
    }
  },
  {
    "type": "Feature",
    "geometry": {
       "type": "Point",
       "coordinates":  [ 121.5049533,25.04320749 ]
    },
    "properties": {
    "場所名稱":"合作金庫商業銀行-西門分行",
    "場所地址":"昆明街77號",
    "場所分類":"其他",
    "AED放置地點":"1樓往2樓櫃台旁",
    "行政區":"萬華區"
    }
  },
  {
    "type": "Feature",
    "geometry": {
       "type": "Point",
       "coordinates":  [ 121.5054883,25.0386173 ]
    },
    "properties": {
    "場所名稱":"鳳凰體能訓練中心",
    "場所地址":"柳州街31-1",
    "場所分類":"學校、大型集會場所",
    "AED放置地點":"進門右手邊",
    "行政區":"萬華區"
    }
  },
  {
    "type": "Feature",
    "geometry": {
       "type": "Point",
       "coordinates":  [ 121.505568,25.04517 ]
    },
    "properties": {
    "場所名稱":"誠品生活股份有限公司武昌店",
    "場所地址":"武昌街2段77號",
    "場所分類":"大型購物場所",
    "AED放置地點":"誠品武昌店4F服務台旁",
    "行政區":"萬華區"
    }
  },
  {
    "type": "Feature",
    "geometry": {
       "type": "Point",
       "coordinates":  [ 121.505412,25.043798 ]
    },
    "properties": {
    "場所名稱":"誠品生活股份有限公司西門店",
    "場所地址":"峨眉街52號B1F-3F",
    "場所分類":"大型購物場所",
    "AED放置地點":"誠品生活西門店B1F",
    "行政區":"萬華區"
    }
  },
  {
    "type": "Feature",
    "geometry": {
       "type": "Point",
       "coordinates":  [ 121.502906,25.023826 ]
    },
    "properties": {
    "場所名稱":"青年公園棒球場地下停車場",
    "場所地址":"青年路69號B1",
    "場所分類":"其他",
    "AED放置地點":"青年路69號B1",
    "行政區":"萬華區"
    }
  },
  {
    "type": "Feature",
    "geometry": {
       "type": "Point",
       "coordinates":  [ 121.5033349,25.02600586 ]
    },
    "properties": {
    "場所名稱":"臺北市萬華區新和國民小學(活動中心)",
    "場所地址":"西藏路125巷31號",
    "場所分類":"學校、大型集會場所",
    "AED放置地點":"新和國小活動中心一樓",
    "行政區":"萬華區"
    }
  },
  {
    "type": "Feature",
    "geometry": {
       "type": "Point",
       "coordinates":  [ 121.507931,25.046784 ]
    },
    "properties": {
    "場所名稱":"臺北市萬華區福星國民小學",
    "場所地址":"中華路一段66號",
    "場所分類":"其他",
    "AED放置地點":"健康中心",
    "行政區":"萬華區"
    }
  },
  {
    "type": "Feature",
    "geometry": {
       "type": "Point",
       "coordinates":  [ 121.506498,25.045226 ]
    },
    "properties": {
    "場所名稱":"香港商世界健身事業有限公司西門分公司",
    "場所地址":"西寧南路36號B1",
    "場所分類":"學校、大型集會場所",
    "AED放置地點":"會員休息區",
    "行政區":"萬華區"
    }
  },
  {
    "type": "Feature",
    "geometry": {
       "type": "Point",
       "coordinates":  [ 121.502116,25.039973 ]
    },
    "properties": {
    "場所名稱":"第一商業銀行萬華分行",
    "場所地址":"康定路87號",
    "場所分類":"其他",
    "AED放置地點":"一樓營業廳",
    "行政區":"萬華區"
    }
  },
  {
    "type": "Feature",
    "geometry": {
       "type": "Point",
       "coordinates":  [ 121.505792,25.045673 ]
    },
    "properties": {
    "場所名稱":"高絲旅股份有限公司漢口館",
    "場所地址":"漢口街二段54號",
    "場所分類":"其他",
    "AED放置地點":"台北市萬華區漢口街二段54號",
    "行政區":"萬華區"
    }
  },
  {
    "type": "Feature",
    "geometry": {
       "type": "Point",
       "coordinates":  [ 121.496902,25.016648 ]
    },
    "properties": {
    "場所名稱":"臺北農產運銷股份有限公司(第一果菜批發市場)",
    "場所地址":"萬大路533號",
    "場所分類":"其他",
    "AED放置地點":"前大門一樓業管組辦公室",
    "行政區":"萬華區"
    }
  },
  {
    "type": "Feature",
    "geometry": {
       "type": "Point",
       "coordinates":  [ 121.495917,25.036439 ]
    },
    "properties": {
    "場所名稱":"臺北市萬華區龍山國民小學",
    "場所地址":"和平西路3段235號",
    "場所分類":"其他",
    "AED放置地點":"臺北市龍山國小健康中心",
    "行政區":"萬華區"
    }
  },
  {
    "type": "Feature",
    "geometry": {
       "type": "Point",
       "coordinates":  [ 121.497388,25.037357 ]
    },
    "properties": {
    "場所名稱":"臺北市萬華龍山老人服務中心",
    "場所地址":"梧州街36號3樓",
    "場所分類":"其他",
    "AED放置地點":"中庭角落",
    "行政區":"萬華區"
    }
  },
  {
    "type": "Feature",
    "geometry": {
       "type": "Point",
       "coordinates":  [ 121.498884,25.026663 ]
    },
    "properties": {
    "場所名稱":"臺北市萬華區西園國民小學",
    "場所地址":"東園街73巷65號",
    "場所分類":"其他",
    "AED放置地點":"書香樓一樓走廊(靠近警衛室)",
    "行政區":"萬華區"
    }
  },
  {
    "type": "Feature",
    "geometry": {
       "type": "Point",
       "coordinates":  [ 121.54074,24.992148 ]
    },
    "properties": {
    "場所名稱":"景美就業服務站",
    "場所地址":"羅斯福路6段393號2樓",
    "場所分類":"其他",
    "AED放置地點":"景美就業服務站",
    "行政區":"文山區"
    }
  },
  {
    "type": "Feature",
    "geometry": {
       "type": "Point",
       "coordinates":  [ 121.574983,24.986398 ]
    },
    "properties": {
    "場所名稱":"國立政治大學",
    "場所地址":"指南路2段64號",
    "場所分類":"學校、大型集會場所",
    "AED放置地點":"中正圖書館入門左側壁",
    "行政區":"文山區"
    }
  },
  {
    "type": "Feature",
    "geometry": {
       "type": "Point",
       "coordinates":  [ 121.551888,25.002436 ]
    },
    "properties": {
    "場所名稱":"臺北市文山區興隆國民小學",
    "場所地址":"福興路2號",
    "場所分類":"其他",
    "AED放置地點":"大門口警衛室",
    "行政區":"文山區"
    }
  },
  {
    "type": "Feature",
    "geometry": {
       "type": "Point",
       "coordinates":  [ 121.544225,24.996187 ]
    },
    "properties": {
    "場所名稱":"臺北市立景興國民中學",
    "場所地址":"景興路46巷2號",
    "場所分類":"學校、大型集會場所",
    "AED放置地點":"體育組後門",
    "行政區":"文山區"
    }
  },
  {
    "type": "Feature",
    "geometry": {
       "type": "Point",
       "coordinates":  [ 121.559309,24.990051 ]
    },
    "properties": {
    "場所名稱":"臺北市私立再興小學",
    "場所地址":"興隆路四段2號",
    "場所分類":"其他",
    "AED放置地點":"小學部大樓1樓",
    "行政區":"文山區"
    }
  },
  {
    "type": "Feature",
    "geometry": {
       "type": "Point",
       "coordinates":  [ 121.540836,24.992807 ]
    },
    "properties": {
    "場所名稱":"臺北捷運景美站G05",
    "場所地址":"羅斯福路6段393號B1",
    "場所分類":"交通要衝",
    "AED放置地點":"地下1樓大廳層詢問處附近",
    "行政區":"文山區"
    }
  },
  {
    "type": "Feature",
    "geometry": {
       "type": "Point",
       "coordinates":  [ 121.536905,25.007963 ]
    },
    "properties": {
    "場所名稱":"國立臺灣師範大學公館校區(汀州路4段88號)",
    "場所地址":"汀州路4段88號",
    "場所分類":"學校、大型集會場所",
    "AED放置地點":"公館校區體育運動大樓一樓",
    "行政區":"文山區"
    }
  },
  {
    "type": "Feature",
    "geometry": {
       "type": "Point",
       "coordinates":  [ 121.559309,24.990051 ]
    },
    "properties": {
    "場所名稱":"臺北市私立再興小學",
    "場所地址":"興隆路四段2號",
    "場所分類":"其他",
    "AED放置地點":"顧正秋大樓4樓",
    "行政區":"文山區"
    }
  },
  {
    "type": "Feature",
    "geometry": {
       "type": "Point",
       "coordinates":  [ 121.558974,24.990528 ]
    },
    "properties": {
    "場所名稱":"臺北市私立再興高級中學",
    "場所地址":"興隆路四段二號",
    "場所分類":"學校、大型集會場所",
    "AED放置地點":"秀榮大樓1樓",
    "行政區":"文山區"
    }
  },
  {
    "type": "Feature",
    "geometry": {
       "type": "Point",
       "coordinates":  [ 121.558974,24.990528 ]
    },
    "properties": {
    "場所名稱":"臺北市私立再興高級中學",
    "場所地址":"興隆路四段二號",
    "場所分類":"學校、大型集會場所",
    "AED放置地點":"5樓電梯前牆壁",
    "行政區":"文山區"
    }
  },
  {
    "type": "Feature",
    "geometry": {
       "type": "Point",
       "coordinates":  [ 121.558974,24.990528 ]
    },
    "properties": {
    "場所名稱":"臺北市私立再興高級中學",
    "場所地址":"興隆路四段二號",
    "場所分類":"學校、大型集會場所",
    "AED放置地點":"B3球場",
    "行政區":"文山區"
    }
  },
  {
    "type": "Feature",
    "geometry": {
       "type": "Point",
       "coordinates":  [ 121.588297,24.968914 ]
    },
    "properties": {
    "場所名稱":"貓空纜車貓空站",
    "場所地址":"指南路3段38巷35號",
    "場所分類":"交通要衝",
    "AED放置地點":"貓空纜車貓空站",
    "行政區":"文山區"
    }
  },
  {
    "type": "Feature",
    "geometry": {
       "type": "Point",
       "coordinates":  [ 121.589698,24.979041 ]
    },
    "properties": {
    "場所名稱":"貓空纜車指南宮站",
    "場所地址":"指南路3段157巷200號",
    "場所分類":"交通要衝",
    "AED放置地點":"貓空纜車指南宮站",
    "行政區":"文山區"
    }
  },
  {
    "type": "Feature",
    "geometry": {
       "type": "Point",
       "coordinates":  [ 121.587576,24.990172 ]
    },
    "properties": {
    "場所名稱":"貓空纜車動物園南站",
    "場所地址":"新光路2段30-2號",
    "場所分類":"交通要衝",
    "AED放置地點":"貓空纜車動物園南站",
    "行政區":"文山區"
    }
  },
  {
    "type": "Feature",
    "geometry": {
       "type": "Point",
       "coordinates":  [ 121.577094,24.99569 ]
    },
    "properties": {
    "場所名稱":"貓空纜車動物園站",
    "場所地址":"新光路2段8號",
    "場所分類":"交通要衝",
    "AED放置地點":"貓空纜車動物園站",
    "行政區":"文山區"
    }
  },
  {
    "type": "Feature",
    "geometry": {
       "type": "Point",
       "coordinates":  [ 121.5864873,25.00515962 ]
    },
    "properties": {
    "場所名稱":"臺北市政府環境保護局木柵垃圾焚化廠",
    "場所地址":"木柵路5段53號",
    "場所分類":"其他",
    "AED放置地點":"廠房2樓中控室",
    "行政區":"文山區"
    }
  },
  {
    "type": "Feature",
    "geometry": {
       "type": "Point",
       "coordinates":  [ 121.559673,24.997017 ]
    },
    "properties": {
    "場所名稱":"臺北市文山運動中心",
    "場所地址":"興隆路三段222號",
    "場所分類":"學校、大型集會場所",
    "AED放置地點":"2樓大廳",
    "行政區":"文山區"
    }
  },
  {
    "type": "Feature",
    "geometry": {
       "type": "Point",
       "coordinates":  [ 121.536712,25.004893 ]
    },
    "properties": {
    "場所名稱":"臺北市文山區萬福國民小學",
    "場所地址":"羅斯福路5段170巷32號",
    "場所分類":"學校、大型集會場所",
    "AED放置地點":"川堂",
    "行政區":"文山區"
    }
  },
  {
    "type": "Feature",
    "geometry": {
       "type": "Point",
       "coordinates":  [ 121.540099,24.998245 ]
    },
    "properties": {
    "場所名稱":"北都汽車股份有限公司(文山所廠)",
    "場所地址":"羅斯福路六段92巷2號B1",
    "場所分類":"其他",
    "AED放置地點":"一樓辦公室左側",
    "行政區":"文山區"
    }
  },
  {
    "type": "Feature",
    "geometry": {
       "type": "Point",
       "coordinates":  [ 121.566897,25.002266 ]
    },
    "properties": {
    "場所名稱":"臺北市政府警察局交通警察大隊文山一分隊",
    "場所地址":"萬美街1段50號3樓",
    "場所分類":"公眾服務單位設施",
    "AED放置地點":"辦公室門口",
    "行政區":"文山區"
    }
  },
  {
    "type": "Feature",
    "geometry": {
       "type": "Point",
       "coordinates":  [ 121.551187,25.001512 ]
    },
    "properties": {
    "場所名稱":"臺北市政府警察局文山第二分局興隆派出所",
    "場所地址":"興隆路2段156號",
    "場所分類":"公眾服務單位設施",
    "AED放置地點":"派出所大門口",
    "行政區":"文山區"
    }
  },
  {
    "type": "Feature",
    "geometry": {
       "type": "Point",
       "coordinates":  [ 121.562581,24.98732 ]
    },
    "properties": {
    "場所名稱":"臺北市文山區明道國民小學",
    "場所地址":"木柵路二段138巷61號",
    "場所分類":"其他",
    "AED放置地點":"明道國小明道樓1樓",
    "行政區":"文山區"
    }
  },
  {
    "type": "Feature",
    "geometry": {
       "type": "Point",
       "coordinates":  [ 121.574983,24.986398 ]
    },
    "properties": {
    "場所名稱":"國立政治大學",
    "場所地址":"指南路2段64號",
    "場所分類":"學校、大型集會場所",
    "AED放置地點":"達賢圖書館2樓",
    "行政區":"文山區"
    }
  },
  {
    "type": "Feature",
    "geometry": {
       "type": "Point",
       "coordinates":  [ 121.566897,25.002266 ]
    },
    "properties": {
    "場所名稱":"臺北市政府警察局文山第一分局萬芳派出所",
    "場所地址":"萬美街1段50號",
    "場所分類":"公眾服務單位設施",
    "AED放置地點":"大門入口左側",
    "行政區":"文山區"
    }
  },
  {
    "type": "Feature",
    "geometry": {
       "type": "Point",
       "coordinates":  [ 121.567298,24.982404 ]
    },
    "properties": {
    "場所名稱":"臺北市政府警察局文山第一分局木新派出所",
    "場所地址":"恆光街45號",
    "場所分類":"公眾服務單位設施",
    "AED放置地點":"一樓為民服務區內",
    "行政區":"文山區"
    }
  },
  {
    "type": "Feature",
    "geometry": {
       "type": "Point",
       "coordinates":  [ 121.548751,24.988883 ]
    },
    "properties": {
    "場所名稱":"銓敘部",
    "場所地址":"試院路1-2號",
    "場所分類":"其他",
    "AED放置地點":"銓敘部銓政樓1樓",
    "行政區":"文山區"
    }
  },
  {
    "type": "Feature",
    "geometry": {
       "type": "Point",
       "coordinates":  [ 121.596603,25.001125 ]
    },
    "properties": {
    "場所名稱":"交通部高速公路局北區養護工程分局木柵工務段",
    "場所地址":"新光路2段100號",
    "場所分類":"其他",
    "AED放置地點":"辦公大1樓入口大廳",
    "行政區":"文山區"
    }
  },
  {
    "type": "Feature",
    "geometry": {
       "type": "Point",
       "coordinates":  [ 121.547017,24.986769 ]
    },
    "properties": {
    "場所名稱":"臺北市政府警察局文山第一分局復興派出所",
    "場所地址":"木柵路一段54號",
    "場所分類":"公眾服務單位設施",
    "AED放置地點":"受理民眾E化報案區旁",
    "行政區":"文山區"
    }
  },
  {
    "type": "Feature",
    "geometry": {
       "type": "Point",
       "coordinates":  [ 121.538908,25.003904 ]
    },
    "properties": {
    "場所名稱":"臺北市政府警察局文山第二分局萬盛派出所",
    "場所地址":"羅斯福路5段151號",
    "場所分類":"公眾服務單位設施",
    "AED放置地點":"一樓受理報案區旁",
    "行政區":"文山區"
    }
  },
  {
    "type": "Feature",
    "geometry": {
       "type": "Point",
       "coordinates":  [ 121.563546,24.988789 ]
    },
    "properties": {
    "場所名稱":"臺北市政府警察局文山第一分局木柵派出所",
    "場所地址":"木柵路二段202號",
    "場所分類":"公眾服務單位設施",
    "AED放置地點":"木柵派出所大門旁(由外面對大門，門內右邊)",
    "行政區":"文山區"
    }
  },
  {
    "type": "Feature",
    "geometry": {
       "type": "Point",
       "coordinates":  [ 121.575257,25.000284 ]
    },
    "properties": {
    "場所名稱":"博嘉運動公園",
    "場所地址":"木柵路4段159巷16號",
    "場所分類":"學校、大型集會場所",
    "AED放置地點":"游泳池櫃台B1",
    "行政區":"文山區"
    }
  },
  {
    "type": "Feature",
    "geometry": {
       "type": "Point",
       "coordinates":  [ 121.549293,24.987862 ]
    },
    "properties": {
    "場所名稱":"公務人員保障暨培訓委員會",
    "場所地址":"試院路1之3號",
    "場所分類":"其他",
    "AED放置地點":"玉衡樓1樓大廳",
    "行政區":"文山區"
    }
  },
  {
    "type": "Feature",
    "geometry": {
       "type": "Point",
       "coordinates":  [ 121.554239,24.997535 ]
    },
    "properties": {
    "場所名稱":"中國科技大學臺北校區",
    "場所地址":"興隆路3段56號",
    "場所分類":"學校、大型集會場所",
    "AED放置地點":"中山育樂館2樓",
    "行政區":"文山區"
    }
  },
  {
    "type": "Feature",
    "geometry": {
       "type": "Point",
       "coordinates":  [ 121.559178,25.006502 ]
    },
    "properties": {
    "場所名稱":"臺北市文山區辛亥國民小學",
    "場所地址":"辛亥路4段103號",
    "場所分類":"其他",
    "AED放置地點":"警衛室",
    "行政區":"文山區"
    }
  },
  {
    "type": "Feature",
    "geometry": {
       "type": "Point",
       "coordinates":  [ 121.544225,24.996187 ]
    },
    "properties": {
    "場所名稱":"臺北市立景興國民中學",
    "場所地址":"景興路46巷2號",
    "場所分類":"學校、大型集會場所",
    "AED放置地點":"活動中心3樓",
    "行政區":"文山區"
    }
  },
  {
    "type": "Feature",
    "geometry": {
       "type": "Point",
       "coordinates":  [ 121.575257,25.000284 ]
    },
    "properties": {
    "場所名稱":"博嘉運動公園",
    "場所地址":"木柵路4段159巷16號",
    "場所分類":"學校、大型集會場所",
    "AED放置地點":"服務台1F",
    "行政區":"文山區"
    }
  },
  {
    "type": "Feature",
    "geometry": {
       "type": "Point",
       "coordinates":  [ 121.541107,24.992734 ]
    },
    "properties": {
    "場所名稱":"臺北市政府警察局文山第二分局景美派出所",
    "場所地址":"景中街2號",
    "場所分類":"公眾服務單位設施",
    "AED放置地點":"值班臺旁邊",
    "行政區":"文山區"
    }
  },
  {
    "type": "Feature",
    "geometry": {
       "type": "Point",
       "coordinates":  [ 121.546886,25.000021 ]
    },
    "properties": {
    "場所名稱":"臺北市政府警察局交通警察大隊文山第二分隊",
    "場所地址":"興隆路2段95巷8號",
    "場所分類":"公眾服務單位設施",
    "AED放置地點":"1樓辦公室內",
    "行政區":"文山區"
    }
  },
  {
    "type": "Feature",
    "geometry": {
       "type": "Point",
       "coordinates":  [ 121.577867,24.987381 ]
    },
    "properties": {
    "場所名稱":"臺北市政府警察局文山第一分局指南派出所",
    "場所地址":"指南路2段177號1樓",
    "場所分類":"公眾服務單位設施",
    "AED放置地點":"值班台後方",
    "行政區":"文山區"
    }
  },
  {
    "type": "Feature",
    "geometry": {
       "type": "Point",
       "coordinates":  [ 121.574983,24.986398 ]
    },
    "properties": {
    "場所名稱":"國立政治大學",
    "場所地址":"指南路2段64號",
    "場所分類":"學校、大型集會場所",
    "AED放置地點":"研究總中心",
    "行政區":"文山區"
    }
  },
  {
    "type": "Feature",
    "geometry": {
       "type": "Point",
       "coordinates":  [ 121.535594,25.002948 ]
    },
    "properties": {
    "場所名稱":"臺北市文山區萬和里辦公處",
    "場所地址":"汀洲路4段251號1樓",
    "場所分類":"其他",
    "AED放置地點":"關懷據點內",
    "行政區":"文山區"
    }
  },
  {
    "type": "Feature",
    "geometry": {
       "type": "Point",
       "coordinates":  [ 121.563018,24.991445 ]
    },
    "properties": {
    "場所名稱":"敦南莊子社區管理室",
    "場所地址":"木柵路二段109巷100弄1號",
    "場所分類":"其他",
    "AED放置地點":"文山區木柵路2段109巷100弄1號",
    "行政區":"文山區"
    }
  },
  {
    "type": "Feature",
    "geometry": {
       "type": "Point",
       "coordinates":  [ 121.563053,24.990486 ]
    },
    "properties": {
    "場所名稱":"南方桃花源社區管理委員會",
    "場所地址":"木柵路二段109巷27弄2號",
    "場所分類":"其他",
    "AED放置地點":"文山區木柵路2段109巷27弄2號",
    "行政區":"文山區"
    }
  },
  {
    "type": "Feature",
    "geometry": {
       "type": "Point",
       "coordinates":  [ 121.568944,24.98445 ]
    },
    "properties": {
    "場所名稱":"故事工廠永安藝文館",
    "場所地址":"木新路二段156-1號",
    "場所分類":"大型休閒場所",
    "AED放置地點":"故事工廠永安藝文館",
    "行政區":"文山區"
    }
  },
  {
    "type": "Feature",
    "geometry": {
       "type": "Point",
       "coordinates":  [ 121.536905,25.007963 ]
    },
    "properties": {
    "場所名稱":"國立臺灣師範大學公館校區(汀州路4段88號)",
    "場所地址":"汀州路4段88號",
    "場所分類":"學校、大型集會場所",
    "AED放置地點":"公館校區學七舍1樓",
    "行政區":"文山區"
    }
  },
  {
    "type": "Feature",
    "geometry": {
       "type": "Point",
       "coordinates":  [ 121.561478,24.998038 ]
    },
    "properties": {
    "場所名稱":"臺灣警察專科學校",
    "場所地址":"興隆路三段153號",
    "場所分類":"學校、大型集會場所",
    "AED放置地點":"民生樓1樓",
    "行政區":"文山區"
    }
  },
  {
    "type": "Feature",
    "geometry": {
       "type": "Point",
       "coordinates":  [ 121.561032,24.985844 ]
    },
    "properties": {
    "場所名稱":"喬傑瑞國際有限公司(HIVE FITNESS瘋動健身工作室)",
    "場所地址":"興隆路四段54-8號",
    "場所分類":"其他",
    "AED放置地點":"櫃台處",
    "行政區":"文山區"
    }
  },
  {
    "type": "Feature",
    "geometry": {
       "type": "Point",
       "coordinates":  [ 121.57125,24.992921 ]
    },
    "properties": {
    "場所名稱":"威利體有限公司",
    "場所地址":"景文街41號2樓",
    "場所分類":"其他",
    "AED放置地點":"二樓",
    "行政區":"文山區"
    }
  },
  {
    "type": "Feature",
    "geometry": {
       "type": "Point",
       "coordinates":  [ 121.56104,25.004577 ]
    },
    "properties": {
    "場所名稱":"臺北市政府公務人員訓練處",
    "場所地址":"萬美街2段21巷20號",
    "場所分類":"其他",
    "AED放置地點":"C區-客服中心前",
    "行政區":"文山區"
    }
  },
  {
    "type": "Feature",
    "geometry": {
       "type": "Point",
       "coordinates":  [ 121.567433,25.003231 ]
    },
    "properties": {
    "場所名稱":"臺北市文山區萬芳國民小學",
    "場所地址":"萬和街1號",
    "場所分類":"其他",
    "AED放置地點":"穿堂右側",
    "行政區":"文山區"
    }
  },
  {
    "type": "Feature",
    "geometry": {
       "type": "Point",
       "coordinates":  [ 121.55077,25.001622 ]
    },
    "properties": {
    "場所名稱":"臺北市文山區興德國民小學",
    "場所地址":"興隆路二段235號",
    "場所分類":"其他",
    "AED放置地點":"本校1樓健康中心外",
    "行政區":"文山區"
    }
  },
  {
    "type": "Feature",
    "geometry": {
       "type": "Point",
       "coordinates":  [ 121.557639,24.983727 ]
    },
    "properties": {
    "場所名稱":"臺北市文山區實踐國民小學",
    "場所地址":"忠順街1段4號",
    "場所分類":"學校、大型集會場所",
    "AED放置地點":"實踐國小前門穿堂",
    "行政區":"文山區"
    }
  },
  {
    "type": "Feature",
    "geometry": {
       "type": "Point",
       "coordinates":  [ 121.5388848,24.9895191 ]
    },
    "properties": {
    "場所名稱":"好習慣運動教室｜滬江高中館",
    "場所地址":"羅斯福路六段336號(游泳池)",
    "場所分類":"大型休閒場所",
    "AED放置地點":"泳池櫃檯",
    "行政區":"文山區"
    }
  },
  {
    "type": "Feature",
    "geometry": {
       "type": "Point",
       "coordinates":  [ 121.561478,24.998038 ]
    },
    "properties": {
    "場所名稱":"臺灣警察專科學校",
    "場所地址":"興隆路三段153號",
    "場所分類":"學校、大型集會場所",
    "AED放置地點":"大禮堂1樓",
    "行政區":"文山區"
    }
  },
  {
    "type": "Feature",
    "geometry": {
       "type": "Point",
       "coordinates":  [ 121.561478,24.998038 ]
    },
    "properties": {
    "場所名稱":"臺灣警察專科學校",
    "場所地址":"興隆路三段153號",
    "場所分類":"學校、大型集會場所",
    "AED放置地點":"游泳池入口處",
    "行政區":"文山區"
    }
  },
  {
    "type": "Feature",
    "geometry": {
       "type": "Point",
       "coordinates":  [ 121.559581,24.990387 ]
    },
    "properties": {
    "場所名稱":"太子新城建設",
    "場所地址":"興隆路四段33號",
    "場所分類":"其他",
    "AED放置地點":"文山區興隆路4段33號",
    "行政區":"文山區"
    }
  },
  {
    "type": "Feature",
    "geometry": {
       "type": "Point",
       "coordinates":  [ 121.562851,24.990145 ]
    },
    "properties": {
    "場所名稱":"臺北市文山區明興里辦公處",
    "場所地址":"木柵路二段109巷25弄6號",
    "場所分類":"其他",
    "AED放置地點":"木柵路2段109巷25弄6號",
    "行政區":"文山區"
    }
  },
  {
    "type": "Feature",
    "geometry": {
       "type": "Point",
       "coordinates":  [ 121.5600007,24.9894423 ]
    },
    "properties": {
    "場所名稱":"明興社區巷弄長照站",
    "場所地址":"興隆路4段61號",
    "場所分類":"其他",
    "AED放置地點":"文山區興隆路4段61號",
    "行政區":"文山區"
    }
  },
  {
    "type": "Feature",
    "geometry": {
       "type": "Point",
       "coordinates":  [ 121.559839,24.990773 ]
    },
    "properties": {
    "場所名稱":"文山雅筑社區管理委員會",
    "場所地址":"興隆路四段29巷4弄1號",
    "場所分類":"其他",
    "AED放置地點":"文山區興隆路4段29巷4弄1號",
    "行政區":"文山區"
    }
  },
  {
    "type": "Feature",
    "geometry": {
       "type": "Point",
       "coordinates":  [ 121.554239,24.997535 ]
    },
    "properties": {
    "場所名稱":"中國科技大學臺北校區",
    "場所地址":"興隆路3段56號",
    "場所分類":"學校、大型集會場所",
    "AED放置地點":"格致樓3樓",
    "行政區":"文山區"
    }
  },
  {
    "type": "Feature",
    "geometry": {
       "type": "Point",
       "coordinates":  [ 121.54634,24.989821 ]
    },
    "properties": {
    "場所名稱":"世新大學",
    "場所地址":"試院路148號",
    "場所分類":"學校、大型集會場所",
    "AED放置地點":"大禮堂4樓體育館",
    "行政區":"文山區"
    }
  },
  {
    "type": "Feature",
    "geometry": {
       "type": "Point",
       "coordinates":  [ 121.559673,24.997017 ]
    },
    "properties": {
    "場所名稱":"臺北市文山運動中心",
    "場所地址":"興隆路三段222號",
    "場所分類":"學校、大型集會場所",
    "AED放置地點":"六樓綜合球場外",
    "行政區":"文山區"
    }
  },
  {
    "type": "Feature",
    "geometry": {
       "type": "Point",
       "coordinates":  [ 121.561478,24.998038 ]
    },
    "properties": {
    "場所名稱":"臺灣警察專科學校",
    "場所地址":"興隆路三段153號",
    "場所分類":"學校、大型集會場所",
    "AED放置地點":"樂群樓2樓",
    "行政區":"文山區"
    }
  },
  {
    "type": "Feature",
    "geometry": {
       "type": "Point",
       "coordinates":  [ 121.574983,24.986398 ]
    },
    "properties": {
    "場所名稱":"國立政治大學",
    "場所地址":"指南路2段64號",
    "場所分類":"學校、大型集會場所",
    "AED放置地點":"政治大學自強二舍大門內側",
    "行政區":"文山區"
    }
  },
  {
    "type": "Feature",
    "geometry": {
       "type": "Point",
       "coordinates":  [ 121.540781,24.989527 ]
    },
    "properties": {
    "場所名稱":"臺北市文山區景美國民小學",
    "場所地址":"景文街108號",
    "場所分類":"其他",
    "AED放置地點":"游泳池",
    "行政區":"文山區"
    }
  },
  {
    "type": "Feature",
    "geometry": {
       "type": "Point",
       "coordinates":  [ 121.575646,24.987703 ]
    },
    "properties": {
    "場所名稱":"臺北市立聯合醫院附設政大門診部",
    "場所地址":"指南路2段117號",
    "場所分類":"其他",
    "AED放置地點":"1樓門診大廳",
    "行政區":"文山區"
    }
  },
  {
    "type": "Feature",
    "geometry": {
       "type": "Point",
       "coordinates":  [ 121.567395,24.985368 ]
    },
    "properties": {
    "場所名稱":"臺北市景文高級中學",
    "場所地址":"保儀路127號",
    "場所分類":"學校、大型集會場所",
    "AED放置地點":"創新樓一樓",
    "行政區":"文山區"
    }
  },
  {
    "type": "Feature",
    "geometry": {
       "type": "Point",
       "coordinates":  [ 121.562121,24.992453 ]
    },
    "properties": {
    "場所名稱":"觀星台北社區C棟閱報室",
    "場所地址":"木柵路二段109巷100弄30號",
    "場所分類":"其他",
    "AED放置地點":"文山區木柵路2段109巷100弄30號",
    "行政區":"文山區"
    }
  },
  {
    "type": "Feature",
    "geometry": {
       "type": "Point",
       "coordinates":  [ 121.561821,24.990285 ]
    },
    "properties": {
    "場所名稱":"幸福社區管理委員會",
    "場所地址":"木柵路二段109巷25弄69號",
    "場所分類":"其他",
    "AED放置地點":"文山區木柵路2段109巷25弄69號",
    "行政區":"文山區"
    }
  },
  {
    "type": "Feature",
    "geometry": {
       "type": "Point",
       "coordinates":  [ 121.561685,24.992593 ]
    },
    "properties": {
    "場所名稱":"觀星台北社區管理委員會(D棟閱報室)",
    "場所地址":"木柵路二段109巷100弄66號1樓",
    "場所分類":"其他",
    "AED放置地點":"文山區木柵路2段109巷100弄66號",
    "行政區":"文山區"
    }
  },
  {
    "type": "Feature",
    "geometry": {
       "type": "Point",
       "coordinates":  [ 121.551195,25.000594 ]
    },
    "properties": {
    "場所名稱":"興隆公園地下停車場",
    "場所地址":"仙岩路128號B1",
    "場所分類":"其他",
    "AED放置地點":"仙岩路128號B1",
    "行政區":"文山區"
    }
  },
  {
    "type": "Feature",
    "geometry": {
       "type": "Point",
       "coordinates":  [ 121.576716,24.989465 ]
    },
    "properties": {
    "場所名稱":"萬興國小地下停車場",
    "場所地址":"秀明路2段116號B1",
    "場所分類":"其他",
    "AED放置地點":"秀明路2段116號B1",
    "行政區":"文山區"
    }
  },
  {
    "type": "Feature",
    "geometry": {
       "type": "Point",
       "coordinates":  [ 121.566231,24.986627 ]
    },
    "properties": {
    "場所名稱":"國立臺灣戲曲學院-木柵校區",
    "場所地址":"木柵路三段66巷8之1號",
    "場所分類":"學校、大型集會場所",
    "AED放置地點":"木柵校區警衛室",
    "行政區":"文山區"
    }
  },
  {
    "type": "Feature",
    "geometry": {
       "type": "Point",
       "coordinates":  [ 121.571925,24.996002 ]
    },
    "properties": {
    "場所名稱":"臺北市立木柵高級工業職業學校",
    "場所地址":"木柵路四段77號",
    "場所分類":"學校、大型集會場所",
    "AED放置地點":"健康中心",
    "行政區":"文山區"
    }
  },
  {
    "type": "Feature",
    "geometry": {
       "type": "Point",
       "coordinates":  [ 121.561478,24.998038 ]
    },
    "properties": {
    "場所名稱":"臺灣警察專科學校",
    "場所地址":"興隆路三段153號",
    "場所分類":"學校、大型集會場所",
    "AED放置地點":"莊敬樓1樓",
    "行政區":"文山區"
    }
  },
  {
    "type": "Feature",
    "geometry": {
       "type": "Point",
       "coordinates":  [ 121.554239,24.997535 ]
    },
    "properties": {
    "場所名稱":"中國科技大學臺北校區",
    "場所地址":"興隆路3段56號",
    "場所分類":"學校、大型集會場所",
    "AED放置地點":"自強樓1樓",
    "行政區":"文山區"
    }
  },
  {
    "type": "Feature",
    "geometry": {
       "type": "Point",
       "coordinates":  [ 121.581036,24.998347 ]
    },
    "properties": {
    "場所名稱":"臺北市立動物園",
    "場所地址":"新光路二段30號",
    "場所分類":"其他",
    "AED放置地點":"大門入口服務台",
    "行政區":"文山區"
    }
  },
  {
    "type": "Feature",
    "geometry": {
       "type": "Point",
       "coordinates":  [ 121.583376,24.98668 ]
    },
    "properties": {
    "場所名稱":"國立政治大學附屬高級中學",
    "場所地址":"政大一街353號",
    "場所分類":"學校、大型集會場所",
    "AED放置地點":"籃球場",
    "行政區":"文山區"
    }
  },
  {
    "type": "Feature",
    "geometry": {
       "type": "Point",
       "coordinates":  [ 121.589319,25.00740975 ]
    },
    "properties": {
    "場所名稱":"臺北市政府環境保護局廢棄物處理場福德坑復育園區",
    "場所地址":"木柵路5段151號",
    "場所分類":"其他",
    "AED放置地點":"復育園區辦公室",
    "行政區":"文山區"
    }
  },
  {
    "type": "Feature",
    "geometry": {
       "type": "Point",
       "coordinates":  [ 121.547842,24.999001 ]
    },
    "properties": {
    "場所名稱":"臺北市政府環境保護局文山區清潔隊興隆分隊",
    "場所地址":"興隆路二段97號後棟4樓",
    "場所分類":"其他",
    "AED放置地點":"點名場所",
    "行政區":"文山區"
    }
  },
  {
    "type": "Feature",
    "geometry": {
       "type": "Point",
       "coordinates":  [ 121.589319,25.00740975 ]
    },
    "properties": {
    "場所名稱":"臺北市政府環境保護局文山區清潔隊停車場",
    "場所地址":"木柵路5段151號(福德坑)",
    "場所分類":"其他",
    "AED放置地點":"員工休息室",
    "行政區":"文山區"
    }
  },
  {
    "type": "Feature",
    "geometry": {
       "type": "Point",
       "coordinates":  [ 121.5881,25.002578 ]
    },
    "properties": {
    "場所名稱":"臺北市政府環境保護局文山區清潔隊博嘉分隊",
    "場所地址":"木柵路五段52號",
    "場所分類":"其他",
    "AED放置地點":"入口處左轉茶水間外",
    "行政區":"文山區"
    }
  },
  {
    "type": "Feature",
    "geometry": {
       "type": "Point",
       "coordinates":  [ 121.574983,24.986398 ]
    },
    "properties": {
    "場所名稱":"國立政治大學",
    "場所地址":"指南路2段64號",
    "場所分類":"學校、大型集會場所",
    "AED放置地點":"百年樓(文學院)1樓門口",
    "行政區":"文山區"
    }
  },
  {
    "type": "Feature",
    "geometry": {
       "type": "Point",
       "coordinates":  [ 121.593804,24.99896 ]
    },
    "properties": {
    "場所名稱":"臺北市政府環境保護局資源回收隊木柵回收場",
    "場所地址":"木柵路五段151號",
    "場所分類":"其他",
    "AED放置地點":"地磅室外",
    "行政區":"文山區"
    }
  },
  {
    "type": "Feature",
    "geometry": {
       "type": "Point",
       "coordinates":  [ 121.570083,24.98964 ]
    },
    "properties": {
    "場所名稱":"臺北市政府環境保護局文山區清潔隊區隊部",
    "場所地址":"木柵路三段220號7樓",
    "場所分類":"其他",
    "AED放置地點":"辦公室",
    "行政區":"文山區"
    }
  },
  {
    "type": "Feature",
    "geometry": {
       "type": "Point",
       "coordinates":  [ 121.593804,24.99896 ]
    },
    "properties": {
    "場所名稱":"臺北市政府環境保護局信義區清潔隊四號停車場",
    "場所地址":"木柵路5段151號往前500公尺",
    "場所分類":"其他",
    "AED放置地點":"辦公室外",
    "行政區":"文山區"
    }
  },
  {
    "type": "Feature",
    "geometry": {
       "type": "Point",
       "coordinates":  [ 121.535308,24.999599 ]
    },
    "properties": {
    "場所名稱":"臺北市政府環境保護局文山區清潔隊景美分隊",
    "場所地址":"溪州街臨220號",
    "場所分類":"其他",
    "AED放置地點":"辦公室外",
    "行政區":"文山區"
    }
  },
  {
    "type": "Feature",
    "geometry": {
       "type": "Point",
       "coordinates":  [ 121.554242,25.000676 ]
    },
    "properties": {
    "場所名稱":"全球動競健康有限公司",
    "場所地址":"興隆路二段252號B1",
    "場所分類":"學校、大型集會場所",
    "AED放置地點":"全球動競健康有限公司",
    "行政區":"文山區"
    }
  },
  {
    "type": "Feature",
    "geometry": {
       "type": "Point",
       "coordinates":  [ 121.5631236,24.98918745 ]
    },
    "properties": {
    "場所名稱":"慧誠老人養護所",
    "場所地址":"木柵路二段163號",
    "場所分類":"其他",
    "AED放置地點":"文山區木柵路2段163號",
    "行政區":"文山區"
    }
  },
  {
    "type": "Feature",
    "geometry": {
       "type": "Point",
       "coordinates":  [ 121.561478,24.998038 ]
    },
    "properties": {
    "場所名稱":"臺灣警察專科學校",
    "場所地址":"興隆路三段153號",
    "場所分類":"學校、大型集會場所",
    "AED放置地點":"民族樓3樓",
    "行政區":"文山區"
    }
  },
  {
    "type": "Feature",
    "geometry": {
       "type": "Point",
       "coordinates":  [ 121.574983,24.986398 ]
    },
    "properties": {
    "場所名稱":"國立政治大學",
    "場所地址":"指南路2段64號",
    "場所分類":"學校、大型集會場所",
    "AED放置地點":"傳播學院",
    "行政區":"文山區"
    }
  },
  {
    "type": "Feature",
    "geometry": {
       "type": "Point",
       "coordinates":  [ 121.574983,24.986398 ]
    },
    "properties": {
    "場所名稱":"國立政治大學",
    "場所地址":"指南路2段64號",
    "場所分類":"學校、大型集會場所",
    "AED放置地點":"綜合院館(北棟)",
    "行政區":"文山區"
    }
  },
  {
    "type": "Feature",
    "geometry": {
       "type": "Point",
       "coordinates":  [ 121.561478,24.998038 ]
    },
    "properties": {
    "場所名稱":"臺灣警察專科學校",
    "場所地址":"興隆路三段153號",
    "場所分類":"學校、大型集會場所",
    "AED放置地點":"後操場司令台",
    "行政區":"文山區"
    }
  },
  {
    "type": "Feature",
    "geometry": {
       "type": "Point",
       "coordinates":  [ 121.535611,25.000028 ]
    },
    "properties": {
    "場所名稱":"沅利建設股份有限公司",
    "場所地址":"汀洲路四段281號",
    "場所分類":"其他",
    "AED放置地點":"一樓警衛室",
    "行政區":"文山區"
    }
  },
  {
    "type": "Feature",
    "geometry": {
       "type": "Point",
       "coordinates":  [ 121.541732,24.99422 ]
    },
    "properties": {
    "場所名稱":"拳適能館",
    "場所地址":"景美街1-4號",
    "場所分類":"學校、大型集會場所",
    "AED放置地點":"台北市文山區景美街1-4號",
    "行政區":"文山區"
    }
  },
  {
    "type": "Feature",
    "geometry": {
       "type": "Point",
       "coordinates":  [ 121.562422,24.987285 ]
    },
    "properties": {
    "場所名稱":"臺北市政府環境保護局文山區清潔隊木柵分隊",
    "場所地址":"木柵路二段138巷26號",
    "場所分類":"其他",
    "AED放置地點":"3F會議室",
    "行政區":"文山區"
    }
  },
  {
    "type": "Feature",
    "geometry": {
       "type": "Point",
       "coordinates":  [ 121.564992,24.987783 ]
    },
    "properties": {
    "場所名稱":"有道工作室",
    "場所地址":"木柵路三段48巷1弄7號",
    "場所分類":"學校、大型集會場所",
    "AED放置地點":"鏡牆左側",
    "行政區":"文山區"
    }
  },
  {
    "type": "Feature",
    "geometry": {
       "type": "Point",
       "coordinates":  [ 121.581036,24.998347 ]
    },
    "properties": {
    "場所名稱":"臺北市立動物園",
    "場所地址":"新光路二段30號",
    "場所分類":"其他",
    "AED放置地點":"新光特展館",
    "行政區":"文山區"
    }
  },
  {
    "type": "Feature",
    "geometry": {
       "type": "Point",
       "coordinates":  [ 121.542015,24.990124 ]
    },
    "properties": {
    "場所名稱":"臺北市立圖書館景新分館",
    "場所地址":"景後街151號5-10樓",
    "場所分類":"其他",
    "AED放置地點":"7樓的落地窗旁",
    "行政區":"文山區"
    }
  },
  {
    "type": "Feature",
    "geometry": {
       "type": "Point",
       "coordinates":  [ 121.57125,24.992921 ]
    },
    "properties": {
    "場所名稱":"臺北市指南實驗國民小學",
    "場所地址":"指南路三段38巷5-2號",
    "場所分類":"其他",
    "AED放置地點":"活動中心大門旁",
    "行政區":"文山區"
    }
  },
  {
    "type": "Feature",
    "geometry": {
       "type": "Point",
       "coordinates":  [ 121.561162,24.980969 ]
    },
    "properties": {
    "場所名稱":"臺北市文山區力行國民小學",
    "場所地址":"木新路三段155巷7號2樓",
    "場所分類":"其他",
    "AED放置地點":"臺北市文山區力行國民小學",
    "行政區":"文山區"
    }
  },
  {
    "type": "Feature",
    "geometry": {
       "type": "Point",
       "coordinates":  [ 121.563185,24.984612 ]
    },
    "properties": {
    "場所名稱":"臺北市政府環境保護局文山區清潔隊復興分隊",
    "場所地址":"忠順街二段22號2樓",
    "場所分類":"其他",
    "AED放置地點":"點名場所",
    "行政區":"文山區"
    }
  },
  {
    "type": "Feature",
    "geometry": {
       "type": "Point",
       "coordinates":  [ 121.543303,24.998606 ]
    },
    "properties": {
    "場所名稱":"承新國際管理股份有限公司文山分公司(in gym樂康健身俱樂部)",
    "場所地址":"景隆街36巷2號2樓",
    "場所分類":"學校、大型集會場所",
    "AED放置地點":"場館入口處",
    "行政區":"文山區"
    }
  },
  {
    "type": "Feature",
    "geometry": {
       "type": "Point",
       "coordinates":  [ 121.574983,24.986398 ]
    },
    "properties": {
    "場所名稱":"國立政治大學",
    "場所地址":"指南路2段64號",
    "場所分類":"學校、大型集會場所",
    "AED放置地點":"國立政治大學(四維網球場)",
    "行政區":"文山區"
    }
  },
  {
    "type": "Feature",
    "geometry": {
       "type": "Point",
       "coordinates":  [ 121.561478,24.998038 ]
    },
    "properties": {
    "場所名稱":"臺灣警察專科學校",
    "場所地址":"興隆路三段153號",
    "場所分類":"學校、大型集會場所",
    "AED放置地點":"中興樓1樓",
    "行政區":"文山區"
    }
  },
  {
    "type": "Feature",
    "geometry": {
       "type": "Point",
       "coordinates":  [ 121.574983,24.986398 ]
    },
    "properties": {
    "場所名稱":"國立政治大學",
    "場所地址":"指南路2段64號",
    "場所分類":"學校、大型集會場所",
    "AED放置地點":"後山警衛室",
    "行政區":"文山區"
    }
  },
  {
    "type": "Feature",
    "geometry": {
       "type": "Point",
       "coordinates":  [ 121.574983,24.986398 ]
    },
    "properties": {
    "場所名稱":"國立政治大學",
    "場所地址":"指南路2段64號",
    "場所分類":"學校、大型集會場所",
    "AED放置地點":"藝文中心",
    "行政區":"文山區"
    }
  },
  {
    "type": "Feature",
    "geometry": {
       "type": "Point",
       "coordinates":  [ 121.561478,24.998038 ]
    },
    "properties": {
    "場所名稱":"臺灣警察專科學校",
    "場所地址":"興隆路三段153號",
    "場所分類":"學校、大型集會場所",
    "AED放置地點":"樹人樓1樓",
    "行政區":"文山區"
    }
  },
  {
    "type": "Feature",
    "geometry": {
       "type": "Point",
       "coordinates":  [ 121.576593,24.990429 ]
    },
    "properties": {
    "場所名稱":"臺北市文山區萬興國民小學",
    "場所地址":"秀明路2段114號",
    "場所分類":"其他",
    "AED放置地點":"活動中心1樓游泳池入口處",
    "行政區":"文山區"
    }
  },
  {
    "type": "Feature",
    "geometry": {
       "type": "Point",
       "coordinates":  [ 121.544225,24.996187 ]
    },
    "properties": {
    "場所名稱":"臺北市立景興國民中學",
    "場所地址":"景興路46巷2號",
    "場所分類":"學校、大型集會場所",
    "AED放置地點":"健康中心外走廊",
    "行政區":"文山區"
    }
  },
  {
    "type": "Feature",
    "geometry": {
       "type": "Point",
       "coordinates":  [ 121.563104,24.98512 ]
    },
    "properties": {
    "場所名稱":"忠順里辦公處",
    "場所地址":"興隆路四段145巷30號",
    "場所分類":"其他",
    "AED放置地點":"興隆路四段145巷30號",
    "行政區":"文山區"
    }
  },
  {
    "type": "Feature",
    "geometry": {
       "type": "Point",
       "coordinates":  [ 121.548293,24.996434 ]
    },
    "properties": {
    "場所名稱":"臺北市文山區景興國民小學",
    "場所地址":"景華街150巷21號",
    "場所分類":"學校、大型集會場所",
    "AED放置地點":"警衛室外",
    "行政區":"文山區"
    }
  },
  {
    "type": "Feature",
    "geometry": {
       "type": "Point",
       "coordinates":  [ 121.554033,24.9995279 ]
    },
    "properties": {
    "場所名稱":"Power Bank運動教室",
    "場所地址":"辛亥路五段35號1樓",
    "場所分類":"學校、大型集會場所",
    "AED放置地點":"場館進出口左側",
    "行政區":"文山區"
    }
  },
  {
    "type": "Feature",
    "geometry": {
       "type": "Point",
       "coordinates":  [ 121.554541,24.988241 ]
    },
    "properties": {
    "場所名稱":"臺北市文山區永建國民小學",
    "場所地址":"木柵路1段311巷1號",
    "場所分類":"學校、大型集會場所",
    "AED放置地點":"總務處旁走廊牆上",
    "行政區":"文山區"
    }
  },
  {
    "type": "Feature",
    "geometry": {
       "type": "Point",
       "coordinates":  [ 121.581036,24.998347 ]
    },
    "properties": {
    "場所名稱":"臺北市立動物園",
    "場所地址":"新光路二段30號",
    "場所分類":"其他",
    "AED放置地點":"爬蟲館",
    "行政區":"文山區"
    }
  },
  {
    "type": "Feature",
    "geometry": {
       "type": "Point",
       "coordinates":  [ 121.575257,25.000284 ]
    },
    "properties": {
    "場所名稱":"博嘉運動公園",
    "場所地址":"木柵路4段159巷16號",
    "場所分類":"學校、大型集會場所",
    "AED放置地點":"1F服務臺後方",
    "行政區":"文山區"
    }
  },
  {
    "type": "Feature",
    "geometry": {
       "type": "Point",
       "coordinates":  [ 121.564602,24.983651 ]
    },
    "properties": {
    "場所名稱":"財團法人台北市木柵忠順廟",
    "場所地址":"中崙路13號",
    "場所分類":"其他",
    "AED放置地點":"大廳金紙放置旁",
    "行政區":"文山區"
    }
  },
  {
    "type": "Feature",
    "geometry": {
       "type": "Point",
       "coordinates":  [ 121.562612,25.003439 ]
    },
    "properties": {
    "場所名稱":"萬美社區管理委員會",
    "場所地址":"萬美街2段2巷1號",
    "場所分類":"其他",
    "AED放置地點":"1號1樓樓梯間",
    "行政區":"文山區"
    }
  },
  {
    "type": "Feature",
    "geometry": {
       "type": "Point",
       "coordinates":  [ 121.5448579,24.996541 ]
    },
    "properties": {
    "場所名稱":"焠齡運動空間",
    "場所地址":"景興路59、61號1樓",
    "場所分類":"學校、大型集會場所",
    "AED放置地點":"本館飲水機上方",
    "行政區":"文山區"
    }
  },
  {
    "type": "Feature",
    "geometry": {
       "type": "Point",
       "coordinates":  [ 121.541208,24.991344 ]
    },
    "properties": {
    "場所名稱":"Curves女性專用30分鐘健身中心景美店",
    "場所地址":"景文街46-1號3樓",
    "場所分類":"學校、大型集會場所",
    "AED放置地點":"店內儲藏室旁",
    "行政區":"文山區"
    }
  },
  {
    "type": "Feature",
    "geometry": {
       "type": "Point",
       "coordinates":  [ 121.5678778,24.9711096 ]
    },
    "properties": {
    "場所名稱":"馥森梧桐墅（老泉休閒農場）",
    "場所地址":"老泉街26巷27號",
    "場所分類":"觀光旅遊地區",
    "AED放置地點":"馥森梧桐墅餐廳（老泉休閒農場）",
    "行政區":"文山區"
    }
  },
  {
    "type": "Feature",
    "geometry": {
       "type": "Point",
       "coordinates":  [ 121.5662608,24.9662587 ]
    },
    "properties": {
    "場所名稱":"慈音山莊休閒農場",
    "場所地址":"老泉街26巷11號",
    "場所分類":"觀光旅遊地區",
    "AED放置地點":"農場景觀餐廳門口",
    "行政區":"文山區"
    }
  },
  {
    "type": "Feature",
    "geometry": {
       "type": "Point",
       "coordinates":  [ 121.5627241,24.9882386 ]
    },
    "properties": {
    "場所名稱":"臺北市政府社會局委託財團法人伊甸社會福利基金會經營管理臺北市興隆照顧中心",
    "場所地址":"興隆路4段105巷45號2樓",
    "場所分類":"其他",
    "AED放置地點":"興隆照顧中心內護理站旁",
    "行政區":"文山區"
    }
  },
  {
    "type": "Feature",
    "geometry": {
       "type": "Point",
       "coordinates":  [ 121.554476,24.987956 ]
    },
    "properties": {
    "場所名稱":"臺北市文山區華興里辦公處",
    "場所地址":"木柵路一段264號",
    "場所分類":"其他",
    "AED放置地點":"華興里辦公處",
    "行政區":"文山區"
    }
  },
  {
    "type": "Feature",
    "geometry": {
       "type": "Point",
       "coordinates":  [ 121.5429252,24.9919383 ]
    },
    "properties": {
    "場所名稱":"香港商世界健身事業有限公司台北景美分公司",
    "場所地址":"景後街95號2樓",
    "場所分類":"學校、大型集會場所",
    "AED放置地點":"客服櫃檯前方",
    "行政區":"文山區"
    }
  },
  {
    "type": "Feature",
    "geometry": {
       "type": "Point",
       "coordinates":  [ 121.54067,24.997128 ]
    },
    "properties": {
    "場所名稱":"芳鄰健身事業有限公司(景美店)",
    "場所地址":"羅斯福路六段130號地下一樓",
    "場所分類":"學校、大型集會場所",
    "AED放置地點":"櫃台旁",
    "行政區":"文山區"
    }
  },
  {
    "type": "Feature",
    "geometry": {
       "type": "Point",
       "coordinates":  [ 121.551575,25.001497 ]
    },
    "properties": {
    "場所名稱":"臺北市立圖書館文山分館",
    "場所地址":"興隆路2段160號7樓",
    "場所分類":"大型休閒場所",
    "AED放置地點":"臺北市立圖書館文山分館7樓",
    "行政區":"文山區"
    }
  },
  {
    "type": "Feature",
    "geometry": {
       "type": "Point",
       "coordinates":  [ 121.536345,25.003607 ]
    },
    "properties": {
    "場所名稱":"臺北市立圖書館景美分館",
    "場所地址":"羅斯福路五段176巷50號2樓",
    "場所分類":"大型休閒場所",
    "AED放置地點":"2樓出入門口",
    "行政區":"文山區"
    }
  },
  {
    "type": "Feature",
    "geometry": {
       "type": "Point",
       "coordinates":  [ 121.574983,24.986398 ]
    },
    "properties": {
    "場所名稱":"國立政治大學",
    "場所地址":"指南路2段64號",
    "場所分類":"學校、大型集會場所",
    "AED放置地點":"自強十舍服務中心外面",
    "行政區":"文山區"
    }
  },
  {
    "type": "Feature",
    "geometry": {
       "type": "Point",
       "coordinates":  [ 121.556314,24.979629 ]
    },
    "properties": {
    "場所名稱":"臺北市立圖書館力行分館",
    "場所地址":"台北市文山區一壽街22號5樓",
    "場所分類":"大型休閒場所",
    "AED放置地點":"圖書館五樓",
    "行政區":"文山區"
    }
  },
  {
    "type": "Feature",
    "geometry": {
       "type": "Point",
       "coordinates":  [ 121.553019,24.988156 ]
    },
    "properties": {
    "場所名稱":"誠隆汽車股份有限公司木柵服務廠",
    "場所地址":"木柵路一段257巷1號",
    "場所分類":"其他",
    "AED放置地點":"木柵服務廠出納櫃台",
    "行政區":"文山區"
    }
  },
  {
    "type": "Feature",
    "geometry": {
       "type": "Point",
       "coordinates":  [ 121.574283,24.9990355 ]
    },
    "properties": {
    "場所名稱":"BELIEF_IT運動工作室",
    "場所地址":"和平東路四段389號1樓",
    "場所分類":"學校、大型集會場所",
    "AED放置地點":"櫃檯前方",
    "行政區":"文山區"
    }
  },
  {
    "type": "Feature",
    "geometry": {
       "type": "Point",
       "coordinates":  [ 121.567807,24.99154 ]
    },
    "properties": {
    "場所名稱":"臺北市立文山特殊教育學校",
    "場所地址":"秀明路一段169號",
    "場所分類":"學校、大型集會場所",
    "AED放置地點":"本校大廳",
    "行政區":"文山區"
    }
  },
  {
    "type": "Feature",
    "geometry": {
       "type": "Point",
       "coordinates":  [ 121.559673,24.997017 ]
    },
    "properties": {
    "場所名稱":"臺北市文山運動中心",
    "場所地址":"興隆路三段222號",
    "場所分類":"學校、大型集會場所",
    "AED放置地點":"三樓游泳池",
    "行政區":"文山區"
    }
  },
  {
    "type": "Feature",
    "geometry": {
       "type": "Point",
       "coordinates":  [ 121.570083,24.98964 ]
    },
    "properties": {
    "場所名稱":"臺北市文山區公所",
    "場所地址":"木柵路3段220號8.9樓",
    "場所分類":"其他",
    "AED放置地點":"行政中心8樓區公所大門口入口",
    "行政區":"文山區"
    }
  },
  {
    "type": "Feature",
    "geometry": {
       "type": "Point",
       "coordinates":  [ 121.574983,24.986398 ]
    },
    "properties": {
    "場所名稱":"國立政治大學",
    "場所地址":"指南路2段64號",
    "場所分類":"學校、大型集會場所",
    "AED放置地點":"體育館大門入口處",
    "行政區":"文山區"
    }
  },
  {
    "type": "Feature",
    "geometry": {
       "type": "Point",
       "coordinates":  [ 121.5627241,24.9882386 ]
    },
    "properties": {
    "場所名稱":"臺北市政府社會局委託財團法人伊甸社會福利基金會經營管理臺北市興隆照顧中心",
    "場所地址":"興隆路4段105巷45號2樓",
    "場所分類":"其他",
    "AED放置地點":"興隆照顧中心大門入口處",
    "行政區":"文山區"
    }
  },
  {
    "type": "Feature",
    "geometry": {
       "type": "Point",
       "coordinates":  [ 121.5547619,24.9834247 ]
    },
    "properties": {
    "場所名稱":"臺北市立實踐國民中學",
    "場所地址":"辛亥路7段67號",
    "場所分類":"學校、大型集會場所",
    "AED放置地點":"活動中心2樓通廊",
    "行政區":"文山區"
    }
  },
  {
    "type": "Feature",
    "geometry": {
       "type": "Point",
       "coordinates":  [ 121.5547619,24.9834247 ]
    },
    "properties": {
    "場所名稱":"臺北市立實踐國民中學",
    "場所地址":"辛亥路7段67號",
    "場所分類":"學校、大型集會場所",
    "AED放置地點":"實踐國中實踐樓2樓川堂",
    "行政區":"文山區"
    }
  },
  {
    "type": "Feature",
    "geometry": {
       "type": "Point",
       "coordinates":  [ 121.543062,24.993264 ]
    },
    "properties": {
    "場所名稱":"臺北市立景美國民中學",
    "場所地址":"景中街27號",
    "場所分類":"學校、大型集會場所",
    "AED放置地點":"景美國中",
    "行政區":"文山區"
    }
  },
  {
    "type": "Feature",
    "geometry": {
       "type": "Point",
       "coordinates":  [ 121.5617427,24.9887036 ]
    },
    "properties": {
    "場所名稱":"臺北市政府社會局委託財團法人伊甸社會福利基金會經營管理臺北市興隆團體家庭",
    "場所地址":"木柵路2段138巷33號3樓",
    "場所分類":"其他",
    "AED放置地點":"機構辦公室",
    "行政區":"文山區"
    }
  },
  {
    "type": "Feature",
    "geometry": {
       "type": "Point",
       "coordinates":  [ 121.581036,24.998347 ]
    },
    "properties": {
    "場所名稱":"臺北市立動物園",
    "場所地址":"新光路二段30號",
    "場所分類":"其他",
    "AED放置地點":"新光特展館",
    "行政區":"文山區"
    }
  },
  {
    "type": "Feature",
    "geometry": {
       "type": "Point",
       "coordinates":  [ 121.581036,24.998347 ]
    },
    "properties": {
    "場所名稱":"臺北市立動物園",
    "場所地址":"新光路二段30號",
    "場所分類":"其他",
    "AED放置地點":"行政大樓",
    "行政區":"文山區"
    }
  },
  {
    "type": "Feature",
    "geometry": {
       "type": "Point",
       "coordinates":  [ 121.581036,24.998347 ]
    },
    "properties": {
    "場所名稱":"臺北市立動物園",
    "場所地址":"新光路二段30號",
    "場所分類":"其他",
    "AED放置地點":"教育中心",
    "行政區":"文山區"
    }
  },
  {
    "type": "Feature",
    "geometry": {
       "type": "Point",
       "coordinates":  [ 121.581036,24.998347 ]
    },
    "properties": {
    "場所名稱":"臺北市立動物園",
    "場所地址":"新光路二段30號",
    "場所分類":"其他",
    "AED放置地點":"教育中心",
    "行政區":"文山區"
    }
  },
  {
    "type": "Feature",
    "geometry": {
       "type": "Point",
       "coordinates":  [ 121.581036,24.998347 ]
    },
    "properties": {
    "場所名稱":"臺北市立動物園",
    "場所地址":"新光路二段30號",
    "場所分類":"其他",
    "AED放置地點":"圖書館",
    "行政區":"文山區"
    }
  },
  {
    "type": "Feature",
    "geometry": {
       "type": "Point",
       "coordinates":  [ 121.581036,24.998347 ]
    },
    "properties": {
    "場所名稱":"臺北市立動物園",
    "場所地址":"新光路二段30號",
    "場所分類":"其他",
    "AED放置地點":"蟲蟲探索谷",
    "行政區":"文山區"
    }
  },
  {
    "type": "Feature",
    "geometry": {
       "type": "Point",
       "coordinates":  [ 121.581036,24.998347 ]
    },
    "properties": {
    "場所名稱":"臺北市立動物園",
    "場所地址":"新光路二段30號",
    "場所分類":"其他",
    "AED放置地點":"昆蟲館",
    "行政區":"文山區"
    }
  },
  {
    "type": "Feature",
    "geometry": {
       "type": "Point",
       "coordinates":  [ 121.536905,25.007963 ]
    },
    "properties": {
    "場所名稱":"國立臺灣師範大學公館校區(汀州路4段88號)",
    "場所地址":"汀州路4段88號",
    "場所分類":"學校、大型集會場所",
    "AED放置地點":"理學院大樓B棟1樓(健康中心門口)",
    "行政區":"文山區"
    }
  },
  {
    "type": "Feature",
    "geometry": {
       "type": "Point",
       "coordinates":  [ 121.5405182,25.0043458 ]
    },
    "properties": {
    "場所名稱":"健身工廠萬隆廠",
    "場所地址":"興隆路一段15號2樓",
    "場所分類":"大型休閒場所",
    "AED放置地點":"台北市文山區興隆路一段15號2樓",
    "行政區":"文山區"
    }
  },
  {
    "type": "Feature",
    "geometry": {
       "type": "Point",
       "coordinates":  [ 121.5607501,24.9877892 ]
    },
    "properties": {
    "場所名稱":"臺北市立文山幼兒園",
    "場所地址":"興隆路4段105巷1號",
    "場所分類":"其他",
    "AED放置地點":"本園側門入口處",
    "行政區":"文山區"
    }
  },
  {
    "type": "Feature",
    "geometry": {
       "type": "Point",
       "coordinates":  [ 121.560875,24.987525 ]
    },
    "properties": {
    "場所名稱":"臺北市立圖書館安康民眾閱覽室",
    "場所地址":"興隆路4段105巷1號4樓",
    "場所分類":"大型休閒場所",
    "AED放置地點":"4樓入口右側",
    "行政區":"文山區"
    }
  },
  {
    "type": "Feature",
    "geometry": {
       "type": "Point",
       "coordinates":  [ 121.569178,25.002215 ]
    },
    "properties": {
    "場所名稱":"臺北市立圖書館萬芳民眾閱覽室",
    "場所地址":"萬美街一段25號1樓",
    "場所分類":"大型休閒場所",
    "AED放置地點":"閱覽室一樓門口",
    "行政區":"文山區"
    }
  },
  {
    "type": "Feature",
    "geometry": {
       "type": "Point",
       "coordinates":  [ 121.576501,24.988685 ]
    },
    "properties": {
    "場所名稱":"臺北市立圖書館萬興分館",
    "場所地址":"萬壽路27號4-5樓",
    "場所分類":"大型休閒場所",
    "AED放置地點":"4樓圖書館",
    "行政區":"文山區"
    }
  },
  {
    "type": "Feature",
    "geometry": {
       "type": "Point",
       "coordinates":  [ 121.581036,24.998347 ]
    },
    "properties": {
    "場所名稱":"臺北市立動物園",
    "場所地址":"新光路二段30號",
    "場所分類":"其他",
    "AED放置地點":"昆蟲館",
    "行政區":"文山區"
    }
  },
  {
    "type": "Feature",
    "geometry": {
       "type": "Point",
       "coordinates":  [ 121.581036,24.998347 ]
    },
    "properties": {
    "場所名稱":"臺北市立動物園",
    "場所地址":"新光路二段30號",
    "場所分類":"其他",
    "AED放置地點":"臺灣動物區",
    "行政區":"文山區"
    }
  },
  {
    "type": "Feature",
    "geometry": {
       "type": "Point",
       "coordinates":  [ 121.544225,24.996187 ]
    },
    "properties": {
    "場所名稱":"臺北市立景興國民中學",
    "場所地址":"景興路46巷2號",
    "場所分類":"學校、大型集會場所",
    "AED放置地點":"警衛室",
    "行政區":"文山區"
    }
  },
  {
    "type": "Feature",
    "geometry": {
       "type": "Point",
       "coordinates":  [ 121.581036,24.998347 ]
    },
    "properties": {
    "場所名稱":"臺北市立動物園",
    "場所地址":"新光路二段30號",
    "場所分類":"其他",
    "AED放置地點":"臺灣動物區",
    "行政區":"文山區"
    }
  },
  {
    "type": "Feature",
    "geometry": {
       "type": "Point",
       "coordinates":  [ 121.581036,24.998347 ]
    },
    "properties": {
    "場所名稱":"臺北市立動物園",
    "場所地址":"新光路二段30號",
    "場所分類":"其他",
    "AED放置地點":"兒童動物區",
    "行政區":"文山區"
    }
  },
  {
    "type": "Feature",
    "geometry": {
       "type": "Point",
       "coordinates":  [ 121.581036,24.998347 ]
    },
    "properties": {
    "場所名稱":"臺北市立動物園",
    "場所地址":"新光路二段30號",
    "場所分類":"其他",
    "AED放置地點":"兒童動物區",
    "行政區":"文山區"
    }
  },
  {
    "type": "Feature",
    "geometry": {
       "type": "Point",
       "coordinates":  [ 121.5670808,24.9848065 ]
    },
    "properties": {
    "場所名稱":"財團法人基督教臺北市私立伯大尼兒少家園",
    "場所地址":"保儀路129號",
    "場所分類":"其他",
    "AED放置地點":"本園大廳",
    "行政區":"文山區"
    }
  },
  {
    "type": "Feature",
    "geometry": {
       "type": "Point",
       "coordinates":  [ 121.57935,24.97301951 ]
    },
    "properties": {
    "場所名稱":"樟山寺",
    "場所地址":"老泉街45巷29號",
    "場所分類":"其他",
    "AED放置地點":"主殿旁建築物",
    "行政區":"文山區"
    }
  },
  {
    "type": "Feature",
    "geometry": {
       "type": "Point",
       "coordinates":  [ 121.548003,24.992613 ]
    },
    "properties": {
    "場所名稱":"仙跡岩風景區仙岩廟",
    "場所地址":"景興路243巷",
    "場所分類":"觀光旅遊地區",
    "AED放置地點":"仙岩廟",
    "行政區":"文山區"
    }
  },
  {
    "type": "Feature",
    "geometry": {
       "type": "Point",
       "coordinates":  [ 121.5943158,24.96910948 ]
    },
    "properties": {
    "場所名稱":"臺北市鐵觀音包種茶研發推廣中心",
    "場所地址":"指南路三段40巷8-2號",
    "場所分類":"其他",
    "AED放置地點":"大廳",
    "行政區":"文山區"
    }
  },
  {
    "type": "Feature",
    "geometry": {
       "type": "Point",
       "coordinates":  [ 121.562475,24.986284 ]
    },
    "properties": {
    "場所名稱":"臺北市政府社會局老人自費安養中心",
    "場所地址":"興隆路4段109巷30弄6號",
    "場所分類":"其他",
    "AED放置地點":"松柏1樓服務台前",
    "行政區":"文山區"
    }
  },
  {
    "type": "Feature",
    "geometry": {
       "type": "Point",
       "coordinates":  [ 121.551576,25.001643 ]
    },
    "properties": {
    "場所名稱":"臺北市文山區戶政事務所（景美辦事處） ",
    "場所地址":"興隆路二段160號3樓",
    "場所分類":"其他",
    "AED放置地點":"3樓戶政事務所民眾等待區",
    "行政區":"文山區"
    }
  },
  {
    "type": "Feature",
    "geometry": {
       "type": "Point",
       "coordinates":  [ 121.558914,25.000625 ]
    },
    "properties": {
    "場所名稱":"臺北市立萬芳高級中學",
    "場所地址":"興隆路3段115巷1號",
    "場所分類":"學校、大型集會場所",
    "AED放置地點":"警衛室",
    "行政區":"文山區"
    }
  },
  {
    "type": "Feature",
    "geometry": {
       "type": "Point",
       "coordinates":  [ 121.591557,25.011621 ]
    },
    "properties": {
    "場所名稱":"富德靈骨樓",
    "場所地址":"木柵路五段43巷190號",
    "場所分類":"學校、大型集會場所",
    "AED放置地點":"大門入口左方辦公室外牆",
    "行政區":"文山區"
    }
  },
  {
    "type": "Feature",
    "geometry": {
       "type": "Point",
       "coordinates":  [ 121.574983,24.986398 ]
    },
    "properties": {
    "場所名稱":"國立政治大學",
    "場所地址":"指南路2段64號",
    "場所分類":"學校、大型集會場所",
    "AED放置地點":"校門口",
    "行政區":"文山區"
    }
  },
  {
    "type": "Feature",
    "geometry": {
       "type": "Point",
       "coordinates":  [ 121.56916,24.988513 ]
    },
    "properties": {
    "場所名稱":"臺北市立圖書館木柵分館",
    "場所地址":"保儀路13巷三號3、4樓",
    "場所分類":"大型休閒場所",
    "AED放置地點":"三樓",
    "行政區":"文山區"
    }
  },
  {
    "type": "Feature",
    "geometry": {
       "type": "Point",
       "coordinates":  [ 121.556314,24.979629 ]
    },
    "properties": {
    "場所名稱":"臺北市一壽照顧中心",
    "場所地址":"一壽街22號4樓",
    "場所分類":"其他",
    "AED放置地點":"台北市文山區一壽街22號4樓",
    "行政區":"文山區"
    }
  },
  {
    "type": "Feature",
    "geometry": {
       "type": "Point",
       "coordinates":  [ 121.561698,24.972689 ]
    },
    "properties": {
    "場所名稱":"臺北市私立東山高級中學",
    "場所地址":"老泉街26巷3號",
    "場所分類":"學校、大型集會場所",
    "AED放置地點":"後山運動場",
    "行政區":"文山區"
    }
  },
  {
    "type": "Feature",
    "geometry": {
       "type": "Point",
       "coordinates":  [ 121.561478,24.998038 ]
    },
    "properties": {
    "場所名稱":"臺灣警察專科學校",
    "場所地址":"興隆路三段153號",
    "場所分類":"學校、大型集會場所",
    "AED放置地點":"醫務室外傷處理室",
    "行政區":"文山區"
    }
  },
  {
    "type": "Feature",
    "geometry": {
       "type": "Point",
       "coordinates":  [ 121.536905,25.007963 ]
    },
    "properties": {
    "場所名稱":"國立臺灣師範大學公館校區(汀州路4段88號)",
    "場所地址":"汀州路4段88號",
    "場所分類":"學校、大型集會場所",
    "AED放置地點":"男2舍1樓",
    "行政區":"文山區"
    }
  },
  {
    "type": "Feature",
    "geometry": {
       "type": "Point",
       "coordinates":  [ 121.536905,25.007963 ]
    },
    "properties": {
    "場所名稱":"國立臺灣師範大學公館校區(汀州路4段88號)",
    "場所地址":"汀州路4段88號",
    "場所分類":"學校、大型集會場所",
    "AED放置地點":"女2舍1樓",
    "行政區":"文山區"
    }
  },
  {
    "type": "Feature",
    "geometry": {
       "type": "Point",
       "coordinates":  [ 121.567643,24.987413 ]
    },
    "properties": {
    "場所名稱":"臺北市立木柵國民中學",
    "場所地址":"木柵路3段102巷12號",
    "場所分類":"學校、大型集會場所",
    "AED放置地點":"木柵國中警衛室門口外牆",
    "行政區":"文山區"
    }
  },
  {
    "type": "Feature",
    "geometry": {
       "type": "Point",
       "coordinates":  [ 121.581036,24.998347 ]
    },
    "properties": {
    "場所名稱":"臺北市立動物園",
    "場所地址":"新光路二段30號",
    "場所分類":"其他",
    "AED放置地點":"大門廣場",
    "行政區":"文山區"
    }
  },
  {
    "type": "Feature",
    "geometry": {
       "type": "Point",
       "coordinates":  [ 121.581036,24.998347 ]
    },
    "properties": {
    "場所名稱":"臺北市立動物園",
    "場所地址":"新光路二段30號",
    "場所分類":"其他",
    "AED放置地點":"列車總站",
    "行政區":"文山區"
    }
  },
  {
    "type": "Feature",
    "geometry": {
       "type": "Point",
       "coordinates":  [ 121.581036,24.998347 ]
    },
    "properties": {
    "場所名稱":"臺北市立動物園",
    "場所地址":"新光路二段30號",
    "場所分類":"其他",
    "AED放置地點":"園內站",
    "行政區":"文山區"
    }
  },
  {
    "type": "Feature",
    "geometry": {
       "type": "Point",
       "coordinates":  [ 121.581036,24.998347 ]
    },
    "properties": {
    "場所名稱":"臺北市立動物園",
    "場所地址":"新光路二段30號",
    "場所分類":"其他",
    "AED放置地點":"鳥園車站",
    "行政區":"文山區"
    }
  },
  {
    "type": "Feature",
    "geometry": {
       "type": "Point",
       "coordinates":  [ 121.581036,24.998347 ]
    },
    "properties": {
    "場所名稱":"臺北市立動物園",
    "場所地址":"新光路二段30號",
    "場所分類":"其他",
    "AED放置地點":"穿山甲館",
    "行政區":"文山區"
    }
  },
  {
    "type": "Feature",
    "geometry": {
       "type": "Point",
       "coordinates":  [ 121.581036,24.998347 ]
    },
    "properties": {
    "場所名稱":"臺北市立動物園",
    "場所地址":"新光路二段30號",
    "場所分類":"其他",
    "AED放置地點":"亞洲熱帶雨林區",
    "行政區":"文山區"
    }
  },
  {
    "type": "Feature",
    "geometry": {
       "type": "Point",
       "coordinates":  [ 121.581036,24.998347 ]
    },
    "properties": {
    "場所名稱":"臺北市立動物園",
    "場所地址":"新光路二段30號",
    "場所分類":"其他",
    "AED放置地點":"亞洲熱帶雨林區",
    "行政區":"文山區"
    }
  },
  {
    "type": "Feature",
    "geometry": {
       "type": "Point",
       "coordinates":  [ 121.581036,24.998347 ]
    },
    "properties": {
    "場所名稱":"臺北市立動物園",
    "場所地址":"新光路二段30號",
    "場所分類":"其他",
    "AED放置地點":"鳥園",
    "行政區":"文山區"
    }
  },
  {
    "type": "Feature",
    "geometry": {
       "type": "Point",
       "coordinates":  [ 121.581036,24.998347 ]
    },
    "properties": {
    "場所名稱":"臺北市立動物園",
    "場所地址":"新光路二段30號",
    "場所分類":"其他",
    "AED放置地點":"沙澳區",
    "行政區":"文山區"
    }
  },
  {
    "type": "Feature",
    "geometry": {
       "type": "Point",
       "coordinates":  [ 121.581036,24.998347 ]
    },
    "properties": {
    "場所名稱":"臺北市立動物園",
    "場所地址":"新光路二段30號",
    "場所分類":"其他",
    "AED放置地點":"澳洲區",
    "行政區":"文山區"
    }
  },
  {
    "type": "Feature",
    "geometry": {
       "type": "Point",
       "coordinates":  [ 121.581036,24.998347 ]
    },
    "properties": {
    "場所名稱":"臺北市立動物園",
    "場所地址":"新光路二段30號",
    "場所分類":"其他",
    "AED放置地點":"非洲區",
    "行政區":"文山區"
    }
  },
  {
    "type": "Feature",
    "geometry": {
       "type": "Point",
       "coordinates":  [ 121.581036,24.998347 ]
    },
    "properties": {
    "場所名稱":"臺北市立動物園",
    "場所地址":"新光路二段30號",
    "場所分類":"其他",
    "AED放置地點":"非洲區",
    "行政區":"文山區"
    }
  },
  {
    "type": "Feature",
    "geometry": {
       "type": "Point",
       "coordinates":  [ 121.5672288,24.9885015 ]
    },
    "properties": {
    "場所名稱":"香港商世界健身事業有限公司台北木柵分公司",
    "場所地址":"木柵路三段96號B1、B2",
    "場所分類":"學校、大型集會場所",
    "AED放置地點":"B1教練櫃台旁",
    "行政區":"文山區"
    }
  },
  {
    "type": "Feature",
    "geometry": {
       "type": "Point",
       "coordinates":  [ 121.538908,24.998665 ]
    },
    "properties": {
    "場所名稱":"臺北市文山區志清國民小學",
    "場所地址":"景福街21巷5號",
    "場所分類":"其他",
    "AED放置地點":"川堂",
    "行政區":"文山區"
    }
  },
  {
    "type": "Feature",
    "geometry": {
       "type": "Point",
       "coordinates":  [ 121.541233,24.991961 ]
    },
    "properties": {
    "場所名稱":"臺北市藝文推廣處-文山劇場",
    "場所地址":"景文街32號",
    "場所分類":"大型休閒場所",
    "AED放置地點":"文山劇場1樓大廳戲林區",
    "行政區":"文山區"
    }
  },
  {
    "type": "Feature",
    "geometry": {
       "type": "Point",
       "coordinates":  [ 121.578255,24.98498 ]
    },
    "properties": {
    "場所名稱":"臺北市立北政國民中學",
    "場所地址":"指南路3段2巷14號",
    "場所分類":"學校、大型集會場所",
    "AED放置地點":"警衛室旁邊",
    "行政區":"文山區"
    }
  },
  {
    "type": "Feature",
    "geometry": {
       "type": "Point",
       "coordinates":  [ 121.5419161,24.99000107 ]
    },
    "properties": {
    "場所名稱":"臺北市政府工務局新建工程處養護工程隊第六分隊",
    "場所地址":"景後街151號3樓",
    "場所分類":"其他",
    "AED放置地點":"本棟三樓",
    "行政區":"文山區"
    }
  },
  {
    "type": "Feature",
    "geometry": {
       "type": "Point",
       "coordinates":  [ 121.581036,24.998347 ]
    },
    "properties": {
    "場所名稱":"臺北市立動物園",
    "場所地址":"新光路二段30號",
    "場所分類":"其他",
    "AED放置地點":"非洲區",
    "行政區":"文山區"
    }
  },
  {
    "type": "Feature",
    "geometry": {
       "type": "Point",
       "coordinates":  [ 121.581036,24.998347 ]
    },
    "properties": {
    "場所名稱":"臺北市立動物園",
    "場所地址":"新光路二段30號",
    "場所分類":"其他",
    "AED放置地點":"非洲區",
    "行政區":"文山區"
    }
  },
  {
    "type": "Feature",
    "geometry": {
       "type": "Point",
       "coordinates":  [ 121.581036,24.998347 ]
    },
    "properties": {
    "場所名稱":"臺北市立動物園",
    "場所地址":"新光路二段30號",
    "場所分類":"其他",
    "AED放置地點":"溫帶區",
    "行政區":"文山區"
    }
  },
  {
    "type": "Feature",
    "geometry": {
       "type": "Point",
       "coordinates":  [ 121.581036,24.998347 ]
    },
    "properties": {
    "場所名稱":"臺北市立動物園",
    "場所地址":"新光路二段30號",
    "場所分類":"其他",
    "AED放置地點":"溫帶區",
    "行政區":"文山區"
    }
  },
  {
    "type": "Feature",
    "geometry": {
       "type": "Point",
       "coordinates":  [ 121.568673,24.988546 ]
    },
    "properties": {
    "場所名稱":"Curves 女性專用30分鐘健身中心文山保儀店",
    "場所地址":"保儀路11號4F-1",
    "場所分類":"學校、大型集會場所",
    "AED放置地點":"可爾姿文山保儀店",
    "行政區":"文山區"
    }
  },
  {
    "type": "Feature",
    "geometry": {
       "type": "Point",
       "coordinates":  [ 121.586632,24.979845 ]
    },
    "properties": {
    "場所名稱":"指南宮管理委員會",
    "場所地址":"萬壽路115號",
    "場所分類":"其他",
    "AED放置地點":"純陽寶殿茶亭內",
    "行政區":"文山區"
    }
  },
  {
    "type": "Feature",
    "geometry": {
       "type": "Point",
       "coordinates":  [ 121.581036,24.998347 ]
    },
    "properties": {
    "場所名稱":"臺北市立動物園",
    "場所地址":"新光路二段30號",
    "場所分類":"其他",
    "AED放置地點":"企鵝館",
    "行政區":"文山區"
    }
  },
  {
    "type": "Feature",
    "geometry": {
       "type": "Point",
       "coordinates":  [ 121.581036,24.998347 ]
    },
    "properties": {
    "場所名稱":"臺北市立動物園",
    "場所地址":"新光路二段30號",
    "場所分類":"其他",
    "AED放置地點":"保養場",
    "行政區":"文山區"
    }
  },
  {
    "type": "Feature",
    "geometry": {
       "type": "Point",
       "coordinates":  [ 121.574983,24.986398 ]
    },
    "properties": {
    "場所名稱":"國立政治大學",
    "場所地址":"指南路2段64號",
    "場所分類":"學校、大型集會場所",
    "AED放置地點":"政治大學游泳館大門內側",
    "行政區":"文山區"
    }
  },
  {
    "type": "Feature",
    "geometry": {
       "type": "Point",
       "coordinates":  [ 121.536974,25.000662 ]
    },
    "properties": {
    "場所名稱":"臺北市古亭地政事務所",
    "場所地址":"萬隆街47之12號3樓",
    "場所分類":"其他",
    "AED放置地點":"本所3F入口處",
    "行政區":"文山區"
    }
  },
  {
    "type": "Feature",
    "geometry": {
       "type": "Point",
       "coordinates":  [ 121.545908,24.999915 ]
    },
    "properties": {
    "場所名稱":"臺北市文山老人養護中心",
    "場所地址":"興隆路二段95巷8號三樓",
    "場所分類":"其他",
    "AED放置地點":"4樓交誼廳",
    "行政區":"文山區"
    }
  },
  {
    "type": "Feature",
    "geometry": {
       "type": "Point",
       "coordinates":  [ 121.561698,24.972689 ]
    },
    "properties": {
    "場所名稱":"臺北市私立東山高級中學",
    "場所地址":"老泉街26巷3號",
    "場所分類":"學校、大型集會場所",
    "AED放置地點":"健康中心外",
    "行政區":"文山區"
    }
  },
  {
    "type": "Feature",
    "geometry": {
       "type": "Point",
       "coordinates":  [ 121.536345,25.003607 ]
    },
    "properties": {
    "場所名稱":"景美游泳池",
    "場所地址":"羅斯福路五段176巷50號",
    "場所分類":"大型休閒場所",
    "AED放置地點":"泳池入口處",
    "行政區":"文山區"
    }
  },
  {
    "type": "Feature",
    "geometry": {
       "type": "Point",
       "coordinates":  [ 121.54995,25.004723 ]
    },
    "properties": {
    "場所名稱":"臺北市立興福國民中學",
    "場所地址":"福興路80號",
    "場所分類":"學校、大型集會場所",
    "AED放置地點":"行政大樓川堂一側",
    "行政區":"文山區"
    }
  },
  {
    "type": "Feature",
    "geometry": {
       "type": "Point",
       "coordinates":  [ 121.578524,24.991053 ]
    },
    "properties": {
    "場所名稱":"臺北市私立大誠高級中學",
    "場所地址":"秀明路2段175號",
    "場所分類":"學校、大型集會場所",
    "AED放置地點":"健康中心",
    "行政區":"文山區"
    }
  },
  {
    "type": "Feature",
    "geometry": {
       "type": "Point",
       "coordinates":  [ 121.556181,24.980744 ]
    },
    "properties": {
    "場所名稱":"臺北市立景美女子高級中學",
    "場所地址":"木新路3段312號",
    "場所分類":"學校、大型集會場所",
    "AED放置地點":"景美女中",
    "行政區":"文山區"
    }
  },
  {
    "type": "Feature",
    "geometry": {
       "type": "Point",
       "coordinates":  [ 121.557107,25.005475 ]
    },
    "properties": {
    "場所名稱":"臺北捷運辛亥站BR05",
    "場所地址":"辛亥路4段128號",
    "場所分類":"交通要衝",
    "AED放置地點":"捷運文湖線辛亥站",
    "行政區":"文山區"
    }
  },
  {
    "type": "Feature",
    "geometry": {
       "type": "Point",
       "coordinates":  [ 121.558152,24.999386 ]
    },
    "properties": {
    "場所名稱":"臺北捷運萬芳醫院站BR04",
    "場所地址":"興隆路3段113號",
    "場所分類":"交通要衝",
    "AED放置地點":"捷運文湖線萬芳醫院站",
    "行政區":"文山區"
    }
  },
  {
    "type": "Feature",
    "geometry": {
       "type": "Point",
       "coordinates":  [ 121.568058,24.998605 ]
    },
    "properties": {
    "場所名稱":"臺北捷運萬芳社區站BR03",
    "場所地址":"萬芳路60號",
    "場所分類":"交通要衝",
    "AED放置地點":"捷運文湖線萬芳社區站",
    "行政區":"文山區"
    }
  },
  {
    "type": "Feature",
    "geometry": {
       "type": "Point",
       "coordinates":  [ 121.573145,24.998241 ]
    },
    "properties": {
    "場所名稱":"臺北捷運木柵站BR02",
    "場所地址":"木柵路4段135號",
    "場所分類":"交通要衝",
    "AED放置地點":"捷運文湖線木柵站",
    "行政區":"文山區"
    }
  },
  {
    "type": "Feature",
    "geometry": {
       "type": "Point",
       "coordinates":  [ 121.579412,24.998269 ]
    },
    "properties": {
    "場所名稱":"臺北捷運動物園站BR01",
    "場所地址":"新光路2段32號",
    "場所分類":"交通要衝",
    "AED放置地點":"捷運文湖線動物園站",
    "行政區":"文山區"
    }
  },
  {
    "type": "Feature",
    "geometry": {
       "type": "Point",
       "coordinates":  [ 121.574983,24.986398 ]
    },
    "properties": {
    "場所名稱":"國立政治大學",
    "場所地址":"指南路2段64號",
    "場所分類":"學校、大型集會場所",
    "AED放置地點":"行政大樓2樓大廳",
    "行政區":"文山區"
    }
  },
  {
    "type": "Feature",
    "geometry": {
       "type": "Point",
       "coordinates":  [ 121.574983,24.986398 ]
    },
    "properties": {
    "場所名稱":"國立政治大學",
    "場所地址":"指南路2段64號",
    "場所分類":"學校、大型集會場所",
    "AED放置地點":"商學院1樓管理室外面",
    "行政區":"文山區"
    }
  },
  {
    "type": "Feature",
    "geometry": {
       "type": "Point",
       "coordinates":  [ 121.574983,24.986398 ]
    },
    "properties": {
    "場所名稱":"國立政治大學",
    "場所地址":"指南路2段64號",
    "場所分類":"學校、大型集會場所",
    "AED放置地點":"環山網球場管理室",
    "行政區":"文山區"
    }
  },
  {
    "type": "Feature",
    "geometry": {
       "type": "Point",
       "coordinates":  [ 121.5563562,25.00015598 ]
    },
    "properties": {
    "場所名稱":"More Fit 萬芳店",
    "場所地址":"興隆路三段71號",
    "場所分類":"學校、大型集會場所",
    "AED放置地點":"進門正前方",
    "行政區":"文山區"
    }
  },
  {
    "type": "Feature",
    "geometry": {
       "type": "Point",
       "coordinates":  [ 121.580152,24.999429 ]
    },
    "properties": {
    "場所名稱":"台北市河濱自行車租借站木柵站",
    "場所地址":"新光路2段，動物園前方道南河濱公園廣場上。",
    "場所分類":"其他",
    "AED放置地點":"台北市河濱自行車租借站木柵站",
    "行政區":"文山區"
    }
  },
  {
    "type": "Feature",
    "geometry": {
       "type": "Point",
       "coordinates":  [ 121.540781,24.989527 ]
    },
    "properties": {
    "場所名稱":"臺北市文山區景美國民小學",
    "場所地址":"景文街108號",
    "場所分類":"其他",
    "AED放置地點":"忠孝樓1樓穿堂",
    "行政區":"文山區"
    }
  },
  {
    "type": "Feature",
    "geometry": {
       "type": "Point",
       "coordinates":  [ 121.57996,24.984837 ]
    },
    "properties": {
    "場所名稱":"國立政治大學附設實驗國民小學",
    "場所地址":"指南路三段12號",
    "場所分類":"其他",
    "AED放置地點":"健康中心",
    "行政區":"文山區"
    }
  },
  {
    "type": "Feature",
    "geometry": {
       "type": "Point",
       "coordinates":  [ 121.575257,25.000284 ]
    },
    "properties": {
    "場所名稱":"博嘉運動公園",
    "場所地址":"木柵路4段159巷16號",
    "場所分類":"學校、大型集會場所",
    "AED放置地點":"B1泳池櫃檯",
    "行政區":"文山區"
    }
  },
  {
    "type": "Feature",
    "geometry": {
       "type": "Point",
       "coordinates":  [ 121.54634,24.989821 ]
    },
    "properties": {
    "場所名稱":"世新大學",
    "場所地址":"試院路148號",
    "場所分類":"學校、大型集會場所",
    "AED放置地點":"傳播大樓一樓",
    "行政區":"文山區"
    }
  },
  {
    "type": "Feature",
    "geometry": {
       "type": "Point",
       "coordinates":  [ 121.54634,24.989821 ]
    },
    "properties": {
    "場所名稱":"世新大學",
    "場所地址":"試院路148號",
    "場所分類":"學校、大型集會場所",
    "AED放置地點":"學生宿舍",
    "行政區":"文山區"
    }
  },
  {
    "type": "Feature",
    "geometry": {
       "type": "Point",
       "coordinates":  [ 121.54634,24.989821 ]
    },
    "properties": {
    "場所名稱":"世新大學",
    "場所地址":"試院路148號",
    "場所分類":"學校、大型集會場所",
    "AED放置地點":"衛生保健組保健室內",
    "行政區":"文山區"
    }
  },
  {
    "type": "Feature",
    "geometry": {
       "type": "Point",
       "coordinates":  [ 121.54634,24.989821 ]
    },
    "properties": {
    "場所名稱":"世新大學",
    "場所地址":"試院路148號",
    "場所分類":"學校、大型集會場所",
    "AED放置地點":"世新大學後門警衛室",
    "行政區":"文山區"
    }
  },
  {
    "type": "Feature",
    "geometry": {
       "type": "Point",
       "coordinates":  [ 121.54634,24.989821 ]
    },
    "properties": {
    "場所名稱":"世新大學",
    "場所地址":"試院路148號",
    "場所分類":"學校、大型集會場所",
    "AED放置地點":"世新大學學務處",
    "行政區":"文山區"
    }
  },
  {
    "type": "Feature",
    "geometry": {
       "type": "Point",
       "coordinates":  [ 121.54634,24.989821 ]
    },
    "properties": {
    "場所名稱":"世新大學",
    "場所地址":"試院路148號",
    "場所分類":"學校、大型集會場所",
    "AED放置地點":"世新大學前門警衛室內",
    "行政區":"文山區"
    }
  },
  {
    "type": "Feature",
    "geometry": {
       "type": "Point",
       "coordinates":  [ 121.539156,25.004707 ]
    },
    "properties": {
    "場所名稱":"力康運動醫學機構萬隆館",
    "場所地址":"羅斯福路五段127號1樓",
    "場所分類":"其他",
    "AED放置地點":"本館教室內",
    "行政區":"文山區"
    }
  },
  {
    "type": "Feature",
    "geometry": {
       "type": "Point",
       "coordinates":  [ 121.5357806,25.004467 ]
    },
    "properties": {
    "場所名稱":"煦陽適能空間",
    "場所地址":"汀洲路四段173號1樓",
    "場所分類":"學校、大型集會場所",
    "AED放置地點":"櫃台",
    "行政區":"文山區"
    }
  },
  {
    "type": "Feature",
    "geometry": {
       "type": "Point",
       "coordinates":  [ 121.558903,24.99975 ]
    },
    "properties": {
    "場所名稱":"臺北市文山區興華國民小學",
    "場所地址":"興隆路3段125巷6號",
    "場所分類":"學校、大型集會場所",
    "AED放置地點":"學校健康中心",
    "行政區":"文山區"
    }
  },
  {
    "type": "Feature",
    "geometry": {
       "type": "Point",
       "coordinates":  [ 121.570149,24.99027 ]
    },
    "properties": {
    "場所名稱":"臺北市文山區木柵國民小學",
    "場所地址":"木柵路3段191號",
    "場所分類":"其他",
    "AED放置地點":"穿堂",
    "行政區":"文山區"
    }
  },
  {
    "type": "Feature",
    "geometry": {
       "type": "Point",
       "coordinates":  [ 121.57582,25.001764 ]
    },
    "properties": {
    "場所名稱":"臺北市博嘉實驗國民小學",
    "場所地址":"木柵路4段159巷14-1號",
    "場所分類":"其他",
    "AED放置地點":"校門口警衛室內",
    "行政區":"文山區"
    }
  },
  {
    "type": "Feature",
    "geometry": {
       "type": "Point",
       "coordinates":  [ 121.540493,25.003889 ]
    },
    "properties": {
    "場所名稱":"臺北市文山區武功國民小學",
    "場所地址":"興隆路一段68號",
    "場所分類":"其他",
    "AED放置地點":"警衛室外牆",
    "行政區":"文山區"
    }
  },
  {
    "type": "Feature",
    "geometry": {
       "type": "Point",
       "coordinates":  [ 121.538757,24.99413 ]
    },
    "properties": {
    "場所名稱":"臺北市文山區溪口國民小學",
    "場所地址":"景福街225號",
    "場所分類":"其他",
    "AED放置地點":"健康中心走廊",
    "行政區":"文山區"
    }
  },
  {
    "type": "Feature",
    "geometry": {
       "type": "Point",
       "coordinates":  [ 121.5488165,25.00027763 ]
    },
    "properties": {
    "場所名稱":"臺北市文山老人服務暨日間照顧中心",
    "場所地址":"興隆路2段88號1樓之3",
    "場所分類":"其他",
    "AED放置地點":"中心內大廳",
    "行政區":"文山區"
    }
  },
  {
    "type": "Feature",
    "geometry": {
       "type": "Point",
       "coordinates":  [ 121.56104,25.004577 ]
    },
    "properties": {
    "場所名稱":"臺北市政府公務人員訓練處",
    "場所地址":"萬美街2段21巷20號",
    "場所分類":"其他",
    "AED放置地點":"B區-體育館",
    "行政區":"文山區"
    }
  },
  {
    "type": "Feature",
    "geometry": {
       "type": "Point",
       "coordinates":  [ 121.538885,24.989488 ]
    },
    "properties": {
    "場所名稱":"臺北市私立滬江高級中學",
    "場所地址":"羅斯福路六段336號",
    "場所分類":"學校、大型集會場所",
    "AED放置地點":"滬江高中信義樓一樓",
    "行政區":"文山區"
    }
  },
  {
    "type": "Feature",
    "geometry": {
       "type": "Point",
       "coordinates":  [ 121.54634,24.989821 ]
    },
    "properties": {
    "場所名稱":"世新大學",
    "場所地址":"試院路148號",
    "場所分類":"學校、大型集會場所",
    "AED放置地點":"世新大學管理學院",
    "行政區":"文山區"
    }
  },
  {
    "type": "Feature",
    "geometry": {
       "type": "Point",
       "coordinates":  [ 121.538937,25.001811 ]
    },
    "properties": {
    "場所名稱":"臺北捷運萬隆站G06",
    "場所地址":"羅斯路5段214號B1",
    "場所分類":"交通要衝",
    "AED放置地點":"地下1樓大廳層詢問處附近",
    "行政區":"文山區"
    }
  },
  {
    "type": "Feature",
    "geometry": {
       "type": "Point",
       "coordinates":  [ 121.554239,24.997535 ]
    },
    "properties": {
    "場所名稱":"中國科技大學臺北校區",
    "場所地址":"興隆路3段56號",
    "場所分類":"學校、大型集會場所",
    "AED放置地點":"中國科技大學格致樓1樓大廳正門電視牆旁",
    "行政區":"文山區"
    }
  },
  {
    "type": "Feature",
    "geometry": {
       "type": "Point",
       "coordinates":  [ 121.554239,24.997535 ]
    },
    "properties": {
    "場所名稱":"中國科技大學臺北校區",
    "場所地址":"興隆路3段56號",
    "場所分類":"學校、大型集會場所",
    "AED放置地點":"中正樓2樓系辦公室門外",
    "行政區":"文山區"
    }
  },
  {
    "type": "Feature",
    "geometry": {
       "type": "Point",
       "coordinates":  [ 121.58184,25.048938 ]
    },
    "properties": {
    "場所名稱":"臺北市南港運動中心",
    "場所地址":"玉成街69號",
    "場所分類":"學校、大型集會場所",
    "AED放置地點":"二樓健身入口處",
    "行政區":"南港區"
    }
  },
  {
    "type": "Feature",
    "geometry": {
       "type": "Point",
       "coordinates":  [ 121.6072083,25.05267019 ]
    },
    "properties": {
    "場所名稱":"潤泰旭展股份有限公司(CITYLINK南港店)",
    "場所地址":"忠孝東路七段369號",
    "場所分類":"大型購物場所",
    "AED放置地點":"A棟7F",
    "行政區":"南港區"
    }
  },
  {
    "type": "Feature",
    "geometry": {
       "type": "Point",
       "coordinates":  [ 121.517719,25.052264 ]
    },
    "properties": {
    "場所名稱":"Curves女性專用30分鐘健身中心捷運中山店",
    "場所地址":"承德路一段77-1號2樓",
    "場所分類":"學校、大型集會場所",
    "AED放置地點":"店內",
    "行政區":"大同區"
    }
  },
  {
    "type": "Feature",
    "geometry": {
       "type": "Point",
       "coordinates":  [ 121.6115069,25.0523268 ]
    },
    "properties": {
    "場所名稱":"洛碁大飯店南港館",
    "場所地址":"忠孝東路七段528號",
    "場所分類":"旅宿場所",
    "AED放置地點":"本館大廳座位區",
    "行政區":"南港區"
    }
  },
  {
    "type": "Feature",
    "geometry": {
       "type": "Point",
       "coordinates":  [ 121.624634,25.032825 ]
    },
    "properties": {
    "場所名稱":"臺北市政府環境保護局山豬窟游泳池館",
    "場所地址":"舊莊街一段290巷32號",
    "場所分類":"學校、大型集會場所",
    "AED放置地點":"一樓大廳",
    "行政區":"南港區"
    }
  },
  {
    "type": "Feature",
    "geometry": {
       "type": "Point",
       "coordinates":  [ 121.618175,25.056902 ]
    },
    "properties": {
    "場所名稱":"臺北南港展覽館1館",
    "場所地址":"經貿二路1號",
    "場所分類":"其他",
    "AED放置地點":"1樓大廳",
    "行政區":"南港區"
    }
  },
  {
    "type": "Feature",
    "geometry": {
       "type": "Point",
       "coordinates":  [ 121.618175,25.056902 ]
    },
    "properties": {
    "場所名稱":"臺北南港展覽館1館",
    "場所地址":"經貿二路1號",
    "場所分類":"其他",
    "AED放置地點":"4樓服務台",
    "行政區":"南港區"
    }
  },
  {
    "type": "Feature",
    "geometry": {
       "type": "Point",
       "coordinates":  [ 121.612808,25.052806 ]
    },
    "properties": {
    "場所名稱":"國家文官學院",
    "場所地址":"忠孝東路7段576號",
    "場所分類":"其他",
    "AED放置地點":"教學大樓1樓服務中心前",
    "行政區":"南港區"
    }
  },
  {
    "type": "Feature",
    "geometry": {
       "type": "Point",
       "coordinates":  [ 121.606781,25.054514 ]
    },
    "properties": {
    "場所名稱":"臺北市南港區公所",
    "場所地址":"南港路1段360號",
    "場所分類":"其他",
    "AED放置地點":"2樓服務台旁",
    "行政區":"南港區"
    }
  },
  {
    "type": "Feature",
    "geometry": {
       "type": "Point",
       "coordinates":  [ 121.515119,25.06606 ]
    },
    "properties": {
    "場所名稱":"臺北市大同區戶政事務所",
    "場所地址":"昌吉街57號三樓之1",
    "場所分類":"其他",
    "AED放置地點":"大門入口明顯處",
    "行政區":"大同區"
    }
  },
  {
    "type": "Feature",
    "geometry": {
       "type": "Point",
       "coordinates":  [ 121.515106,25.066061 ]
    },
    "properties": {
    "場所名稱":"臺北市大同區公所",
    "場所地址":"昌吉街57號4樓",
    "場所分類":"其他",
    "AED放置地點":"為民服務區(西側入口)",
    "行政區":"大同區"
    }
  },
  {
    "type": "Feature",
    "geometry": {
       "type": "Point",
       "coordinates":  [ 121.516146,25.064769 ]
    },
    "properties": {
    "場所名稱":"臺北市大同運動中心",
    "場所地址":"大龍街51號",
    "場所分類":"學校、大型集會場所",
    "AED放置地點":"B2泳池館救護站",
    "行政區":"大同區"
    }
  },
  {
    "type": "Feature",
    "geometry": {
       "type": "Point",
       "coordinates":  [ 121.58184,25.048938 ]
    },
    "properties": {
    "場所名稱":"臺北市南港運動中心",
    "場所地址":"玉成街69號",
    "場所分類":"學校、大型集會場所",
    "AED放置地點":"六樓羽球場",
    "行政區":"南港區"
    }
  },
  {
    "type": "Feature",
    "geometry": {
       "type": "Point",
       "coordinates":  [ 121.511306,25.062724 ]
    },
    "properties": {
    "場所名稱":"臺北市寧夏商圈發展協會",
    "場所地址":"位於民生西路至南京西路間。",
    "場所分類":"其他",
    "AED放置地點":"台北市寧夏夜市協會",
    "行政區":"大同區"
    }
  },
  {
    "type": "Feature",
    "geometry": {
       "type": "Point",
       "coordinates":  [ 121.519905,25.075448 ]
    },
    "properties": {
    "場所名稱":"臺北市立明倫高級中學",
    "場所地址":"承德路3段336號",
    "場所分類":"學校、大型集會場所",
    "AED放置地點":"1樓健康中心門口旁",
    "行政區":"大同區"
    }
  },
  {
    "type": "Feature",
    "geometry": {
       "type": "Point",
       "coordinates":  [ 121.612808,25.052806 ]
    },
    "properties": {
    "場所名稱":"國家文官學院",
    "場所地址":"忠孝東路7段576號",
    "場所分類":"其他",
    "AED放置地點":"行政大樓1樓菁英講堂前",
    "行政區":"南港區"
    }
  },
  {
    "type": "Feature",
    "geometry": {
       "type": "Point",
       "coordinates":  [ 121.615618,25.056239 ]
    },
    "properties": {
    "場所名稱":"臺北南港展覽館2館",
    "場所地址":"經貿二路2號",
    "場所分類":"其他",
    "AED放置地點":"展覽館7樓",
    "行政區":"南港區"
    }
  },
  {
    "type": "Feature",
    "geometry": {
       "type": "Point",
       "coordinates":  [ 121.51099,25.050333 ]
    },
    "properties": {
    "場所名稱":"宸光體適能有限公司",
    "場所地址":"鄭州路119號B1",
    "場所分類":"學校、大型集會場所",
    "AED放置地點":"櫃檯前方",
    "行政區":"大同區"
    }
  },
  {
    "type": "Feature",
    "geometry": {
       "type": "Point",
       "coordinates":  [ 121.518975,25.050725 ]
    },
    "properties": {
    "場所名稱":"財團法人台北市文化基金會台北當代藝術館",
    "場所地址":"長安西路39號",
    "場所分類":"大型休閒場所",
    "AED放置地點":"售票大廳處",
    "行政區":"大同區"
    }
  },
  {
    "type": "Feature",
    "geometry": {
       "type": "Point",
       "coordinates":  [ 121.6166635,25.04201962 ]
    },
    "properties": {
    "場所名稱":"衛生福利部疾病管制署研檢南港臨時辦公室",
    "場所地址":"研究院路二段128號(中央研究院院區內)",
    "場所分類":"其他",
    "AED放置地點":"研檢南港臨時辦公室一樓大廳",
    "行政區":"南港區"
    }
  },
  {
    "type": "Feature",
    "geometry": {
       "type": "Point",
       "coordinates":  [ 121.607058,25.053216 ]
    },
    "properties": {
    "場所名稱":"國營臺灣鐵路股份有限公司北區營運處臺北運務段 南港站",
    "場所地址":"南港路1段313號",
    "場所分類":"交通要衝",
    "AED放置地點":"第二月台行車室門前",
    "行政區":"南港區"
    }
  },
  {
    "type": "Feature",
    "geometry": {
       "type": "Point",
       "coordinates":  [ 121.595335,25.050197 ]
    },
    "properties": {
    "場所名稱":"衛生福利部",
    "場所地址":"忠孝東路六段488號",
    "場所分類":"其他",
    "AED放置地點":"1樓東側梯廳前",
    "行政區":"南港區"
    }
  },
  {
    "type": "Feature",
    "geometry": {
       "type": "Point",
       "coordinates":  [ 121.595335,25.050197 ]
    },
    "properties": {
    "場所名稱":"衛生福利部",
    "場所地址":"忠孝東路六段488號",
    "場所分類":"其他",
    "AED放置地點":"8樓西側公共空間",
    "行政區":"南港區"
    }
  },
  {
    "type": "Feature",
    "geometry": {
       "type": "Point",
       "coordinates":  [ 121.595335,25.050197 ]
    },
    "properties": {
    "場所名稱":"衛生福利部",
    "場所地址":"忠孝東路六段488號",
    "場所分類":"其他",
    "AED放置地點":"3樓西側哺乳室前",
    "行政區":"南港區"
    }
  },
  {
    "type": "Feature",
    "geometry": {
       "type": "Point",
       "coordinates":  [ 121.517479,25.049369 ]
    },
    "properties": {
    "場所名稱":"台北京站威秀影城",
    "場所地址":"市民大道一段209號5F",
    "場所分類":"大型休閒場所",
    "AED放置地點":"5F大廳",
    "行政區":"大同區"
    }
  },
  {
    "type": "Feature",
    "geometry": {
       "type": "Point",
       "coordinates":  [ 121.610717,25.04703 ]
    },
    "properties": {
    "場所名稱":"財團法人國家實驗研究院國家實驗動物中心-台北中心",
    "場所地址":"中南里研究院路1段130巷111號",
    "場所分類":"其他",
    "AED放置地點":"國家實驗動物中心1樓大廳",
    "行政區":"南港區"
    }
  },
  {
    "type": "Feature",
    "geometry": {
       "type": "Point",
       "coordinates":  [ 121.51055,25.054862 ]
    },
    "properties": {
    "場所名稱":"臺北市公有永樂市場(布業商場)",
    "場所地址":"迪化街1段21號",
    "場所分類":"其他",
    "AED放置地點":"永樂市場布業商場二樓自治會辦公室",
    "行政區":"大同區"
    }
  },
  {
    "type": "Feature",
    "geometry": {
       "type": "Point",
       "coordinates":  [ 121.516316,25.065792 ]
    },
    "properties": {
    "場所名稱":"臺北市大同區健康服務中心",
    "場所地址":"昌吉街52號",
    "場所分類":"其他",
    "AED放置地點":"大門入口處",
    "行政區":"大同區"
    }
  },
  {
    "type": "Feature",
    "geometry": {
       "type": "Point",
       "coordinates":  [ 121.516179,25.072762 ]
    },
    "properties": {
    "場所名稱":"臺北孔廟",
    "場所地址":"大龍街275號",
    "場所分類":"觀光旅遊地區",
    "AED放置地點":"孔廟明倫堂1樓近劇院",
    "行政區":"大同區"
    }
  },
  {
    "type": "Feature",
    "geometry": {
       "type": "Point",
       "coordinates":  [ 121.513385,25.074684 ]
    },
    "properties": {
    "場所名稱":"臺北市立啟聰學校",
    "場所地址":"重慶北路3段320號",
    "場所分類":"學校、大型集會場所",
    "AED放置地點":"一樓健康中心",
    "行政區":"大同區"
    }
  },
  {
    "type": "Feature",
    "geometry": {
       "type": "Point",
       "coordinates":  [ 121.613095,25.042905 ]
    },
    "properties": {
    "場所名稱":"中央研究院",
    "場所地址":"研究院路2段128號",
    "場所分類":"其他",
    "AED放置地點":"綜合體育館大廳",
    "行政區":"南港區"
    }
  },
  {
    "type": "Feature",
    "geometry": {
       "type": "Point",
       "coordinates":  [ 121.5190018,25.0523135 ]
    },
    "properties": {
    "場所名稱":"臺北市立大同幼兒園",
    "場所地址":"南京西路64巷9弄8號",
    "場所分類":"其他",
    "AED放置地點":"臺北市立大同幼兒園內的接送室走廊處",
    "行政區":"大同區"
    }
  },
  {
    "type": "Feature",
    "geometry": {
       "type": "Point",
       "coordinates":  [ 121.613095,25.042905 ]
    },
    "properties": {
    "場所名稱":"中央研究院",
    "場所地址":"研究院路2段128號",
    "場所分類":"其他",
    "AED放置地點":"學術活動中心",
    "行政區":"南港區"
    }
  },
  {
    "type": "Feature",
    "geometry": {
       "type": "Point",
       "coordinates":  [ 121.51669,25.060161 ]
    },
    "properties": {
    "場所名稱":"臺北市大同區雙蓮國民小學",
    "場所地址":"錦西街51號",
    "場所分類":"其他",
    "AED放置地點":"警衛室",
    "行政區":"大同區"
    }
  },
  {
    "type": "Feature",
    "geometry": {
       "type": "Point",
       "coordinates":  [ 121.61647,25.057297 ]
    },
    "properties": {
    "場所名稱":"台灣高速鐵路公司",
    "場所地址":"經貿二路66號",
    "場所分類":"長距離交通工具",
    "AED放置地點":"11號車列車長室(6.7車間)",
    "行政區":"南港區"
    }
  },
  {
    "type": "Feature",
    "geometry": {
       "type": "Point",
       "coordinates":  [ 121.61647,25.057297 ]
    },
    "properties": {
    "場所名稱":"台灣高速鐵路公司",
    "場所地址":"經貿二路66號",
    "場所分類":"長距離交通工具",
    "AED放置地點":"23號車列車長室(6.7車間)",
    "行政區":"南港區"
    }
  },
  {
    "type": "Feature",
    "geometry": {
       "type": "Point",
       "coordinates":  [ 121.61647,25.057297 ]
    },
    "properties": {
    "場所名稱":"台灣高速鐵路公司",
    "場所地址":"經貿二路66號",
    "場所分類":"長距離交通工具",
    "AED放置地點":"25號車列車長室(6.7車間)",
    "行政區":"南港區"
    }
  },
  {
    "type": "Feature",
    "geometry": {
       "type": "Point",
       "coordinates":  [ 121.61647,25.057297 ]
    },
    "properties": {
    "場所名稱":"台灣高速鐵路公司",
    "場所地址":"經貿二路66號",
    "場所分類":"長距離交通工具",
    "AED放置地點":"16號車列車長室(6.7車間)",
    "行政區":"南港區"
    }
  },
  {
    "type": "Feature",
    "geometry": {
       "type": "Point",
       "coordinates":  [ 121.61647,25.057297 ]
    },
    "properties": {
    "場所名稱":"台灣高速鐵路公司",
    "場所地址":"經貿二路66號",
    "場所分類":"長距離交通工具",
    "AED放置地點":"20號車列車長室(6.7車間)",
    "行政區":"南港區"
    }
  },
  {
    "type": "Feature",
    "geometry": {
       "type": "Point",
       "coordinates":  [ 121.61647,25.057297 ]
    },
    "properties": {
    "場所名稱":"台灣高速鐵路公司",
    "場所地址":"經貿二路66號",
    "場所分類":"長距離交通工具",
    "AED放置地點":"4號車列車長室(6.7車間)",
    "行政區":"南港區"
    }
  },
  {
    "type": "Feature",
    "geometry": {
       "type": "Point",
       "coordinates":  [ 121.61647,25.057297 ]
    },
    "properties": {
    "場所名稱":"台灣高速鐵路公司",
    "場所地址":"經貿二路66號",
    "場所分類":"長距離交通工具",
    "AED放置地點":"6號車列車長室(6.7車間)",
    "行政區":"南港區"
    }
  },
  {
    "type": "Feature",
    "geometry": {
       "type": "Point",
       "coordinates":  [ 121.61647,25.057297 ]
    },
    "properties": {
    "場所名稱":"台灣高速鐵路公司",
    "場所地址":"經貿二路66號",
    "場所分類":"長距離交通工具",
    "AED放置地點":"30號車列車長室(6.7車間)",
    "行政區":"南港區"
    }
  },
  {
    "type": "Feature",
    "geometry": {
       "type": "Point",
       "coordinates":  [ 121.61647,25.057297 ]
    },
    "properties": {
    "場所名稱":"台灣高速鐵路公司",
    "場所地址":"經貿二路66號",
    "場所分類":"長距離交通工具",
    "AED放置地點":"26號車列車長室(6.7車間)",
    "行政區":"南港區"
    }
  },
  {
    "type": "Feature",
    "geometry": {
       "type": "Point",
       "coordinates":  [ 121.61647,25.057297 ]
    },
    "properties": {
    "場所名稱":"台灣高速鐵路公司",
    "場所地址":"經貿二路66號",
    "場所分類":"長距離交通工具",
    "AED放置地點":"21號車列車長室(6.7車間)",
    "行政區":"南港區"
    }
  },
  {
    "type": "Feature",
    "geometry": {
       "type": "Point",
       "coordinates":  [ 121.61647,25.057297 ]
    },
    "properties": {
    "場所名稱":"台灣高速鐵路公司",
    "場所地址":"經貿二路66號",
    "場所分類":"長距離交通工具",
    "AED放置地點":"29號車列車長室(6.7車間)",
    "行政區":"南港區"
    }
  },
  {
    "type": "Feature",
    "geometry": {
       "type": "Point",
       "coordinates":  [ 121.61647,25.057297 ]
    },
    "properties": {
    "場所名稱":"台灣高速鐵路公司",
    "場所地址":"經貿二路66號",
    "場所分類":"長距離交通工具",
    "AED放置地點":"9號車列車長室(6.7車間)",
    "行政區":"南港區"
    }
  },
  {
    "type": "Feature",
    "geometry": {
       "type": "Point",
       "coordinates":  [ 121.61647,25.057297 ]
    },
    "properties": {
    "場所名稱":"台灣高速鐵路公司",
    "場所地址":"經貿二路66號",
    "場所分類":"長距離交通工具",
    "AED放置地點":"32號車列車長室(6.7車間)",
    "行政區":"南港區"
    }
  },
  {
    "type": "Feature",
    "geometry": {
       "type": "Point",
       "coordinates":  [ 121.61647,25.057297 ]
    },
    "properties": {
    "場所名稱":"台灣高速鐵路公司",
    "場所地址":"經貿二路66號",
    "場所分類":"長距離交通工具",
    "AED放置地點":"33號車列車長室(6.7車間)",
    "行政區":"南港區"
    }
  },
  {
    "type": "Feature",
    "geometry": {
       "type": "Point",
       "coordinates":  [ 121.616403,25.057065 ]
    },
    "properties": {
    "場所名稱":"台灣高鐵 營運列車",
    "場所地址":"經貿二路66號",
    "場所分類":"交通要衝",
    "AED放置地點":"34號車列車長室(6.7車間)",
    "行政區":"南港區"
    }
  },
  {
    "type": "Feature",
    "geometry": {
       "type": "Point",
       "coordinates":  [ 121.61647,25.057297 ]
    },
    "properties": {
    "場所名稱":"台灣高速鐵路公司",
    "場所地址":"經貿二路66號",
    "場所分類":"長距離交通工具",
    "AED放置地點":"10號車列車長室(6.7車間)",
    "行政區":"南港區"
    }
  },
  {
    "type": "Feature",
    "geometry": {
       "type": "Point",
       "coordinates":  [ 121.61647,25.057297 ]
    },
    "properties": {
    "場所名稱":"台灣高速鐵路公司",
    "場所地址":"經貿二路66號",
    "場所分類":"長距離交通工具",
    "AED放置地點":"18號車列車長室(6.7車間)",
    "行政區":"南港區"
    }
  },
  {
    "type": "Feature",
    "geometry": {
       "type": "Point",
       "coordinates":  [ 121.61647,25.057297 ]
    },
    "properties": {
    "場所名稱":"台灣高速鐵路公司",
    "場所地址":"經貿二路66號",
    "場所分類":"長距離交通工具",
    "AED放置地點":"2號車列車長室(6.7車間)",
    "行政區":"南港區"
    }
  },
  {
    "type": "Feature",
    "geometry": {
       "type": "Point",
       "coordinates":  [ 121.61647,25.057297 ]
    },
    "properties": {
    "場所名稱":"台灣高速鐵路公司",
    "場所地址":"經貿二路66號",
    "場所分類":"長距離交通工具",
    "AED放置地點":"31號車列車長室(6.7車間)",
    "行政區":"南港區"
    }
  },
  {
    "type": "Feature",
    "geometry": {
       "type": "Point",
       "coordinates":  [ 121.61647,25.057297 ]
    },
    "properties": {
    "場所名稱":"台灣高速鐵路公司",
    "場所地址":"經貿二路66號",
    "場所分類":"長距離交通工具",
    "AED放置地點":"27號車列車長室(6.7車間)",
    "行政區":"南港區"
    }
  },
  {
    "type": "Feature",
    "geometry": {
       "type": "Point",
       "coordinates":  [ 121.61647,25.057297 ]
    },
    "properties": {
    "場所名稱":"台灣高速鐵路公司",
    "場所地址":"經貿二路66號",
    "場所分類":"長距離交通工具",
    "AED放置地點":"12號車列車長室(6.7車間)",
    "行政區":"南港區"
    }
  },
  {
    "type": "Feature",
    "geometry": {
       "type": "Point",
       "coordinates":  [ 121.61647,25.057297 ]
    },
    "properties": {
    "場所名稱":"台灣高速鐵路公司",
    "場所地址":"經貿二路66號",
    "場所分類":"長距離交通工具",
    "AED放置地點":"15號車列車長室(6.7車間)",
    "行政區":"南港區"
    }
  },
  {
    "type": "Feature",
    "geometry": {
       "type": "Point",
       "coordinates":  [ 121.61647,25.057297 ]
    },
    "properties": {
    "場所名稱":"台灣高速鐵路公司",
    "場所地址":"經貿二路66號",
    "場所分類":"長距離交通工具",
    "AED放置地點":"7號車列車長室(6.7車間)",
    "行政區":"南港區"
    }
  },
  {
    "type": "Feature",
    "geometry": {
       "type": "Point",
       "coordinates":  [ 121.61647,25.057297 ]
    },
    "properties": {
    "場所名稱":"台灣高速鐵路公司",
    "場所地址":"經貿二路66號",
    "場所分類":"長距離交通工具",
    "AED放置地點":"28號車列車長室(6.7車間)",
    "行政區":"南港區"
    }
  },
  {
    "type": "Feature",
    "geometry": {
       "type": "Point",
       "coordinates":  [ 121.61647,25.057297 ]
    },
    "properties": {
    "場所名稱":"台灣高速鐵路公司",
    "場所地址":"經貿二路66號",
    "場所分類":"長距離交通工具",
    "AED放置地點":"22號車列車長室(6.7車間)",
    "行政區":"南港區"
    }
  },
  {
    "type": "Feature",
    "geometry": {
       "type": "Point",
       "coordinates":  [ 121.61647,25.057297 ]
    },
    "properties": {
    "場所名稱":"台灣高速鐵路公司",
    "場所地址":"經貿二路66號",
    "場所分類":"長距離交通工具",
    "AED放置地點":"14號車列車長室(6.7車間)",
    "行政區":"南港區"
    }
  },
  {
    "type": "Feature",
    "geometry": {
       "type": "Point",
       "coordinates":  [ 121.61647,25.057297 ]
    },
    "properties": {
    "場所名稱":"台灣高速鐵路公司",
    "場所地址":"經貿二路66號",
    "場所分類":"長距離交通工具",
    "AED放置地點":"13號車列車長室(6.7車間)",
    "行政區":"南港區"
    }
  },
  {
    "type": "Feature",
    "geometry": {
       "type": "Point",
       "coordinates":  [ 121.61647,25.057297 ]
    },
    "properties": {
    "場所名稱":"台灣高速鐵路公司",
    "場所地址":"經貿二路66號",
    "場所分類":"長距離交通工具",
    "AED放置地點":"24號車列車長室(6.7車間)",
    "行政區":"南港區"
    }
  },
  {
    "type": "Feature",
    "geometry": {
       "type": "Point",
       "coordinates":  [ 121.61647,25.057297 ]
    },
    "properties": {
    "場所名稱":"台灣高速鐵路公司",
    "場所地址":"經貿二路66號",
    "場所分類":"長距離交通工具",
    "AED放置地點":"19號車列車長室(6.7車間)",
    "行政區":"南港區"
    }
  },
  {
    "type": "Feature",
    "geometry": {
       "type": "Point",
       "coordinates":  [ 121.61647,25.057297 ]
    },
    "properties": {
    "場所名稱":"台灣高速鐵路公司",
    "場所地址":"經貿二路66號",
    "場所分類":"長距離交通工具",
    "AED放置地點":"3號車列車長室(6.7車間)",
    "行政區":"南港區"
    }
  },
  {
    "type": "Feature",
    "geometry": {
       "type": "Point",
       "coordinates":  [ 121.61647,25.057297 ]
    },
    "properties": {
    "場所名稱":"台灣高速鐵路公司",
    "場所地址":"經貿二路66號",
    "場所分類":"長距離交通工具",
    "AED放置地點":"1號車列車長室(6.7車間)",
    "行政區":"南港區"
    }
  },
  {
    "type": "Feature",
    "geometry": {
       "type": "Point",
       "coordinates":  [ 121.61647,25.057297 ]
    },
    "properties": {
    "場所名稱":"台灣高速鐵路公司",
    "場所地址":"經貿二路66號",
    "場所分類":"長距離交通工具",
    "AED放置地點":"5號車列車長室(6.7車間)",
    "行政區":"南港區"
    }
  },
  {
    "type": "Feature",
    "geometry": {
       "type": "Point",
       "coordinates":  [ 121.61647,25.057297 ]
    },
    "properties": {
    "場所名稱":"台灣高速鐵路公司",
    "場所地址":"經貿二路66號",
    "場所分類":"長距離交通工具",
    "AED放置地點":"17號車列車長室(6.7車間)",
    "行政區":"南港區"
    }
  },
  {
    "type": "Feature",
    "geometry": {
       "type": "Point",
       "coordinates":  [ 121.61647,25.057297 ]
    },
    "properties": {
    "場所名稱":"台灣高速鐵路公司",
    "場所地址":"經貿二路66號",
    "場所分類":"長距離交通工具",
    "AED放置地點":"8號車列車長室(6.7車間)",
    "行政區":"南港區"
    }
  },
  {
    "type": "Feature",
    "geometry": {
       "type": "Point",
       "coordinates":  [ 121.518555,25.064848 ]
    },
    "properties": {
    "場所名稱":"三德觀光大飯店股份有限公司",
    "場所地址":"承德路3段49號",
    "場所分類":"旅宿場所",
    "AED放置地點":"一樓大廳",
    "行政區":"大同區"
    }
  },
  {
    "type": "Feature",
    "geometry": {
       "type": "Point",
       "coordinates":  [ 121.518569,25.048786 ]
    },
    "properties": {
    "場所名稱":"臺北轉運站",
    "場所地址":"市民大道一段209號1樓",
    "場所分類":"交通要衝",
    "AED放置地點":"1樓大廳",
    "行政區":"大同區"
    }
  },
  {
    "type": "Feature",
    "geometry": {
       "type": "Point",
       "coordinates":  [ 121.510304,25.050395 ]
    },
    "properties": {
    "場所名稱":"立偉電子股份有限公司",
    "場所地址":"鄭州路139號3樓",
    "場所分類":"其他",
    "AED放置地點":"3樓辦公室內",
    "行政區":"大同區"
    }
  },
  {
    "type": "Feature",
    "geometry": {
       "type": "Point",
       "coordinates":  [ 121.51669,25.060161 ]
    },
    "properties": {
    "場所名稱":"臺北市大同區雙蓮國民小學",
    "場所地址":"錦西街51號",
    "場所分類":"其他",
    "AED放置地點":"活動中心三樓",
    "行政區":"大同區"
    }
  },
  {
    "type": "Feature",
    "geometry": {
       "type": "Point",
       "coordinates":  [ 121.51669,25.060161 ]
    },
    "properties": {
    "場所名稱":"臺北市大同區雙蓮國民小學",
    "場所地址":"錦西街51號",
    "場所分類":"其他",
    "AED放置地點":"健康中心內",
    "行政區":"大同區"
    }
  },
  {
    "type": "Feature",
    "geometry": {
       "type": "Point",
       "coordinates":  [ 121.6148153,25.0598354 ]
    },
    "properties": {
    "場所名稱":"南港老爺行旅",
    "場所地址":"台北市南港區經貿二路196號10樓",
    "場所分類":"旅宿場所",
    "AED放置地點":"10樓健身房",
    "行政區":"南港區"
    }
  },
  {
    "type": "Feature",
    "geometry": {
       "type": "Point",
       "coordinates":  [ 121.607058,25.053216 ]
    },
    "properties": {
    "場所名稱":"國營臺灣鐵路股份有限公司北區營運處臺北運務段 南港站",
    "場所地址":"南港路1段313號",
    "場所分類":"交通要衝",
    "AED放置地點":"南港火車站B2營運層旅客出口處",
    "行政區":"南港區"
    }
  },
  {
    "type": "Feature",
    "geometry": {
       "type": "Point",
       "coordinates":  [ 121.512032,25.06419 ]
    },
    "properties": {
    "場所名稱":"私立稻江商業職業學校",
    "場所地址":"民權西路225巷24號",
    "場所分類":"學校、大型集會場所",
    "AED放置地點":"警衛室",
    "行政區":"大同區"
    }
  },
  {
    "type": "Feature",
    "geometry": {
       "type": "Point",
       "coordinates":  [ 121.51055,25.054862 ]
    },
    "properties": {
    "場所名稱":"臺北市藝文推廣處-大稻埕戲苑",
    "場所地址":"迪化街一段21號8、9樓",
    "場所分類":"其他",
    "AED放置地點":"9樓劇場服務台後方",
    "行政區":"大同區"
    }
  },
  {
    "type": "Feature",
    "geometry": {
       "type": "Point",
       "coordinates":  [ 121.511306,25.062724 ]
    },
    "properties": {
    "場所名稱":"臺北市大龍養護中心",
    "場所地址":"民族西路105號1樓",
    "場所分類":"其他",
    "AED放置地點":"1樓護理站",
    "行政區":"大同區"
    }
  },
  {
    "type": "Feature",
    "geometry": {
       "type": "Point",
       "coordinates":  [ 121.513358,25.062297 ]
    },
    "properties": {
    "場所名稱":"台北市私立崇生康復之家",
    "場所地址":"重慶北路2段188號3樓",
    "場所分類":"其他",
    "AED放置地點":"機構活動區",
    "行政區":"大同區"
    }
  },
  {
    "type": "Feature",
    "geometry": {
       "type": "Point",
       "coordinates":  [ 121.515496,25.057931 ]
    },
    "properties": {
    "場所名稱":"臺北市私立靜修高級中學",
    "場所地址":"寧夏路59號",
    "場所分類":"學校、大型集會場所",
    "AED放置地點":"警衛室",
    "行政區":"大同區"
    }
  },
  {
    "type": "Feature",
    "geometry": {
       "type": "Point",
       "coordinates":  [ 121.5139,25.062502 ]
    },
    "properties": {
    "場所名稱":"陽明海運股份有限公司台灣營業部",
    "場所地址":"重慶北路2段243號",
    "場所分類":"其他",
    "AED放置地點":"陽明海運重慶大樓一樓大廳",
    "行政區":"大同區"
    }
  },
  {
    "type": "Feature",
    "geometry": {
       "type": "Point",
       "coordinates":  [ 121.517358,25.068726 ]
    },
    "properties": {
    "場所名稱":"臺北市大龍老人住宅",
    "場所地址":"民族西路105號4樓",
    "場所分類":"其他",
    "AED放置地點":"臺北市大龍老人住宅",
    "行政區":"大同區"
    }
  },
  {
    "type": "Feature",
    "geometry": {
       "type": "Point",
       "coordinates":  [ 121.507598,25.056367 ]
    },
    "properties": {
    "場所名稱":"台北市河濱自行車租借站大稻埕站",
    "場所地址":"民生西路底，大稻埕疏散門進入，大稻埕碼頭旁。",
    "場所分類":"其他",
    "AED放置地點":"大稻埕租車站貨櫃內",
    "行政區":"大同區"
    }
  },
  {
    "type": "Feature",
    "geometry": {
       "type": "Point",
       "coordinates":  [ 121.570179,25.071062 ]
    },
    "properties": {
    "場所名稱":"台北市河濱自行車租借站觀山站",
    "場所地址":"塔悠路轉入塔悠疏散門往大直橋方向，高速公路橋下方。",
    "場所分類":"其他",
    "AED放置地點":"櫃檯後方",
    "行政區":"大同區"
    }
  },
  {
    "type": "Feature",
    "geometry": {
       "type": "Point",
       "coordinates":  [ 121.518681,25.063301 ]
    },
    "properties": {
    "場所名稱":"sky fitness",
    "場所地址":"承德路三段9-1號",
    "場所分類":"其他",
    "AED放置地點":"入口右手邊",
    "行政區":"大同區"
    }
  },
  {
    "type": "Feature",
    "geometry": {
       "type": "Point",
       "coordinates":  [ 121.513807,25.059148 ]
    },
    "properties": {
    "場所名稱":"家福股份有限公司臺北重慶分公司(家樂福重慶店)",
    "場所地址":"重慶北路二段171號",
    "場所分類":"大型購物場所",
    "AED放置地點":"B1收銀線",
    "行政區":"大同區"
    }
  },
  {
    "type": "Feature",
    "geometry": {
       "type": "Point",
       "coordinates":  [ 121.518758,25.052162 ]
    },
    "properties": {
    "場所名稱":"臺北市私立志仁高級中學職業進修學校",
    "場所地址":"南京西路64巷17號",
    "場所分類":"學校、大型集會場所",
    "AED放置地點":"1樓辦公室",
    "行政區":"大同區"
    }
  },
  {
    "type": "Feature",
    "geometry": {
       "type": "Point",
       "coordinates":  [ 121.590551,25.053879 ]
    },
    "properties": {
    "場所名稱":"北都汽車股份有限公司中古車所",
    "場所地址":"南港路3段92號",
    "場所分類":"其他",
    "AED放置地點":"接洽大廳",
    "行政區":"南港區"
    }
  },
  {
    "type": "Feature",
    "geometry": {
       "type": "Point",
       "coordinates":  [ 121.59429,25.054884 ]
    },
    "properties": {
    "場所名稱":"北都汽車總公司大樓",
    "場所地址":"南港路2段312號",
    "場所分類":"其他",
    "AED放置地點":"客戶休息室內",
    "行政區":"南港區"
    }
  },
  {
    "type": "Feature",
    "geometry": {
       "type": "Point",
       "coordinates":  [ 121.516998,25.055138 ]
    },
    "properties": {
    "場所名稱":"桑富士運動俱樂部",
    "場所地址":"平陽街29號",
    "場所分類":"學校、大型集會場所",
    "AED放置地點":"一樓櫃台正前方牆面",
    "行政區":"大同區"
    }
  },
  {
    "type": "Feature",
    "geometry": {
       "type": "Point",
       "coordinates":  [ 121.606593,25.052485 ]
    },
    "properties": {
    "場所名稱":"南港轉運站西站",
    "場所地址":"忠孝東路七段359號",
    "場所分類":"交通要衝",
    "AED放置地點":"1樓大廳",
    "行政區":"南港區"
    }
  },
  {
    "type": "Feature",
    "geometry": {
       "type": "Point",
       "coordinates":  [ 121.616403,25.057065 ]
    },
    "properties": {
    "場所名稱":"世正經貿大樓",
    "場所地址":"經貿二路66號",
    "場所分類":"其他",
    "AED放置地點":"台北市南港區經貿二路66號2樓服務台旁",
    "行政區":"南港區"
    }
  },
  {
    "type": "Feature",
    "geometry": {
       "type": "Point",
       "coordinates":  [ 121.5104486,25.0725688 ]
    },
    "properties": {
    "場所名稱":"臺北市政府工務局衛生下水道工程處",
    "場所地址":"酒泉街235號",
    "場所分類":"其他",
    "AED放置地點":"本處一樓大廳",
    "行政區":"大同區"
    }
  },
  {
    "type": "Feature",
    "geometry": {
       "type": "Point",
       "coordinates":  [ 121.607311,25.051855 ]
    },
    "properties": {
    "場所名稱":"臺北市極限運動訓練中心",
    "場所地址":"忠孝東路七段382號",
    "場所分類":"學校、大型集會場所",
    "AED放置地點":"訓練中心一樓重訓室",
    "行政區":"南港區"
    }
  },
  {
    "type": "Feature",
    "geometry": {
       "type": "Point",
       "coordinates":  [ 121.604794,25.054443 ]
    },
    "properties": {
    "場所名稱":"南港東明青銀就業服務站",
    "場所地址":"南港路二段60巷19號1、2樓",
    "場所分類":"其他",
    "AED放置地點":"南港東明青銀就業服務站2樓",
    "行政區":"南港區"
    }
  },
  {
    "type": "Feature",
    "geometry": {
       "type": "Point",
       "coordinates":  [ 121.613095,25.042905 ]
    },
    "properties": {
    "場所名稱":"中央研究院",
    "場所地址":"研究院路2段128號",
    "場所分類":"其他",
    "AED放置地點":"生化所一樓櫃台旁",
    "行政區":"南港區"
    }
  },
  {
    "type": "Feature",
    "geometry": {
       "type": "Point",
       "coordinates":  [ 121.594756,25.055028 ]
    },
    "properties": {
    "場所名稱":"臺北市政府警察局南港分局玉成派出所",
    "場所地址":"向陽路150號",
    "場所分類":"公眾服務單位設施",
    "AED放置地點":"受理報案區內",
    "行政區":"南港區"
    }
  },
  {
    "type": "Feature",
    "geometry": {
       "type": "Point",
       "coordinates":  [ 121.6146164,25.06086616 ]
    },
    "properties": {
    "場所名稱":"臺北市政府警察局南港分局南港派出所",
    "場所地址":"經貿二路239號",
    "場所分類":"公眾服務單位設施",
    "AED放置地點":"1樓大廳值班台旁",
    "行政區":"南港區"
    }
  },
  {
    "type": "Feature",
    "geometry": {
       "type": "Point",
       "coordinates":  [ 121.622663,25.038431 ]
    },
    "properties": {
    "場所名稱":"臺北市政府警察局南港分局舊莊派出所",
    "場所地址":"舊莊街一段213號",
    "場所分類":"公眾服務單位設施",
    "AED放置地點":"一樓大門入口左側，值勤檯前",
    "行政區":"南港區"
    }
  },
  {
    "type": "Feature",
    "geometry": {
       "type": "Point",
       "coordinates":  [ 121.617389,25.053742 ]
    },
    "properties": {
    "場所名稱":"楓肌力MP Health Fitness",
    "場所地址":"富康街21號1樓",
    "場所分類":"其他",
    "AED放置地點":"接待區",
    "行政區":"南港區"
    }
  },
  {
    "type": "Feature",
    "geometry": {
       "type": "Point",
       "coordinates":  [ 121.615618,25.056239 ]
    },
    "properties": {
    "場所名稱":"臺北南港展覽館2館",
    "場所地址":"經貿二路2號",
    "場所分類":"其他",
    "AED放置地點":"展覽館1樓",
    "行政區":"南港區"
    }
  },
  {
    "type": "Feature",
    "geometry": {
       "type": "Point",
       "coordinates":  [ 121.5137266,25.06095826 ]
    },
    "properties": {
    "場所名稱":"臺北市政府警察局刑事警察大隊",
    "場所地址":"重慶北路二段219號",
    "場所分類":"公眾服務單位設施",
    "AED放置地點":"1樓值班台及3樓特勤中隊值班台入口",
    "行政區":"大同區"
    }
  },
  {
    "type": "Feature",
    "geometry": {
       "type": "Point",
       "coordinates":  [ 121.5117383,25.05222458 ]
    },
    "properties": {
    "場所名稱":"臺北市政府警察局大同分局寧夏路派出所",
    "場所地址":"錦西街200號",
    "場所分類":"公眾服務單位設施",
    "AED放置地點":"一樓值勤臺右斜前方",
    "行政區":"大同區"
    }
  },
  {
    "type": "Feature",
    "geometry": {
       "type": "Point",
       "coordinates":  [ 121.512054,25.059224 ]
    },
    "properties": {
    "場所名稱":"臺北市政府警察局大同分局民生西路派出所",
    "場所地址":"保安街47-1號",
    "場所分類":"公眾服務單位設施",
    "AED放置地點":"值班台左後方，受理報案區",
    "行政區":"大同區"
    }
  },
  {
    "type": "Feature",
    "geometry": {
       "type": "Point",
       "coordinates":  [ 121.51348,25.068829 ]
    },
    "properties": {
    "場所名稱":"臺北市政府警察局大同分局民族路派出所",
    "場所地址":"重慶北路三段168號",
    "場所分類":"公眾服務單位設施",
    "AED放置地點":"進門右手邊角落(警報台旁)",
    "行政區":"大同區"
    }
  },
  {
    "type": "Feature",
    "geometry": {
       "type": "Point",
       "coordinates":  [ 121.585677,25.046109 ]
    },
    "properties": {
    "場所名稱":"臺北市政府警察局南港分局同德派出所",
    "場所地址":"同德路83號",
    "場所分類":"公眾服務單位設施",
    "AED放置地點":"1樓辦公室內",
    "行政區":"南港區"
    }
  },
  {
    "type": "Feature",
    "geometry": {
       "type": "Point",
       "coordinates":  [ 121.515106,25.066061 ]
    },
    "properties": {
    "場所名稱":"臺北市政府警察局交通警察大隊大同分隊",
    "場所地址":"昌吉街57號5樓之2",
    "場所分類":"其他",
    "AED放置地點":"民眾洽公服務區",
    "行政區":"大同區"
    }
  },
  {
    "type": "Feature",
    "geometry": {
       "type": "Point",
       "coordinates":  [ 121.511693,25.052166 ]
    },
    "properties": {
    "場所名稱":"臺北市政府警察局大同分局延平派出所",
    "場所地址":"延平北路一段86號",
    "場所分類":"公眾服務單位設施",
    "AED放置地點":"值班台旁",
    "行政區":"大同區"
    }
  },
  {
    "type": "Feature",
    "geometry": {
       "type": "Point",
       "coordinates":  [ 121.517341,25.052725 ]
    },
    "properties": {
    "場所名稱":"臺北市政府警察局大同分局建成派出所",
    "場所地址":"承德路1段80號",
    "場所分類":"公眾服務單位設施",
    "AED放置地點":"值班台右後側",
    "行政區":"大同區"
    }
  },
  {
    "type": "Feature",
    "geometry": {
       "type": "Point",
       "coordinates":  [ 121.513553,25.075351 ]
    },
    "properties": {
    "場所名稱":"臺北市政府警察局大同分局重慶北路派出所",
    "場所地址":"重慶北路三段320之2號",
    "場所分類":"公眾服務單位設施",
    "AED放置地點":"值勤臺右側",
    "行政區":"大同區"
    }
  },
  {
    "type": "Feature",
    "geometry": {
       "type": "Point",
       "coordinates":  [ 121.5137266,25.06095826 ]
    },
    "properties": {
    "場所名稱":"臺北市政府警察局刑事警察大隊",
    "場所地址":"重慶北路二段219號",
    "場所分類":"公眾服務單位設施",
    "AED放置地點":"1樓入口右邊",
    "行政區":"大同區"
    }
  },
  {
    "type": "Feature",
    "geometry": {
       "type": "Point",
       "coordinates":  [ 121.59861,25.052319 ]
    },
    "properties": {
    "場所名稱":"臺北流行音樂中心",
    "場所地址":"市民大道八段99號",
    "場所分類":"大型休閒場所",
    "AED放置地點":"表演廳1樓前廳",
    "行政區":"南港區"
    }
  },
  {
    "type": "Feature",
    "geometry": {
       "type": "Point",
       "coordinates":  [ 121.516736,25.069322 ]
    },
    "properties": {
    "場所名稱":"臺北市立蘭州國民中學",
    "場所地址":"大龍街187巷1號",
    "場所分類":"其他",
    "AED放置地點":"本校大門口穿堂",
    "行政區":"大同區"
    }
  },
  {
    "type": "Feature",
    "geometry": {
       "type": "Point",
       "coordinates":  [ 121.587751,25.045059 ]
    },
    "properties": {
    "場所名稱":"成德國中運動中心-舞動陽光",
    "場所地址":"東新街108巷23號",
    "場所分類":"學校、大型集會場所",
    "AED放置地點":"1樓大廳",
    "行政區":"南港區"
    }
  },
  {
    "type": "Feature",
    "geometry": {
       "type": "Point",
       "coordinates":  [ 121.615618,25.056239 ]
    },
    "properties": {
    "場所名稱":"臺北南港展覽館2館",
    "場所地址":"經貿二路2號",
    "場所分類":"其他",
    "AED放置地點":"展覽館4樓",
    "行政區":"南港區"
    }
  },
  {
    "type": "Feature",
    "geometry": {
       "type": "Point",
       "coordinates":  [ 121.510105,25.050491 ]
    },
    "properties": {
    "場所名稱":"中興保全股份有限公司(1樓接待大廳)",
    "場所地址":"鄭州路139號",
    "場所分類":"其他",
    "AED放置地點":"大廳入口左側",
    "行政區":"大同區"
    }
  },
  {
    "type": "Feature",
    "geometry": {
       "type": "Point",
       "coordinates":  [ 121.59861,25.052319 ]
    },
    "properties": {
    "場所名稱":"臺北流行音樂中心",
    "場所地址":"市民大道八段99號",
    "場所分類":"大型休閒場所",
    "AED放置地點":"表演廳1樓後場",
    "行政區":"南港區"
    }
  },
  {
    "type": "Feature",
    "geometry": {
       "type": "Point",
       "coordinates":  [ 121.591476,25.045919 ]
    },
    "properties": {
    "場所名稱":"南港公園",
    "場所地址":"東新街170之1號",
    "場所分類":"其他",
    "AED放置地點":"南港公園駐警室內",
    "行政區":"南港區"
    }
  },
  {
    "type": "Feature",
    "geometry": {
       "type": "Point",
       "coordinates":  [ 121.582314,25.044263 ]
    },
    "properties": {
    "場所名稱":"維康生活股份有限公司",
    "場所地址":"忠孝東路5段970號B1",
    "場所分類":"學校、大型集會場所",
    "AED放置地點":"門口左邊",
    "行政區":"南港區"
    }
  },
  {
    "type": "Feature",
    "geometry": {
       "type": "Point",
       "coordinates":  [ 121.6129441,25.05712634 ]
    },
    "properties": {
    "場所名稱":"臺灣集中保管結算所股份有限公司-南港",
    "場所地址":"三重路19 之6 號C 棟5. 樓",
    "場所分類":"其他",
    "AED放置地點":"C 棟5. 樓",
    "行政區":"南港區"
    }
  },
  {
    "type": "Feature",
    "geometry": {
       "type": "Point",
       "coordinates":  [ 121.518569,25.048786 ]
    },
    "properties": {
    "場所名稱":"統一健身俱樂部-京站館",
    "場所地址":"市民大道1段209號8樓",
    "場所分類":"學校、大型集會場所",
    "AED放置地點":"京站館8樓心肺區",
    "行政區":"大同區"
    }
  },
  {
    "type": "Feature",
    "geometry": {
       "type": "Point",
       "coordinates":  [ 121.619539,25.040245 ]
    },
    "properties": {
    "場所名稱":"臺北市南港區舊莊國民小學",
    "場所地址":"舊莊街一段100號",
    "場所分類":"其他",
    "AED放置地點":"健康中心",
    "行政區":"南港區"
    }
  },
  {
    "type": "Feature",
    "geometry": {
       "type": "Point",
       "coordinates":  [ 121.519042,25.05275198 ]
    },
    "properties": {
    "場所名稱":"欣葉國際餐飲股份有限公司新中山門市部",
    "場所地址":"南京西路62號4樓",
    "場所分類":"其他",
    "AED放置地點":"臺北市大同區南京西路62號4樓",
    "行政區":"大同區"
    }
  },
  {
    "type": "Feature",
    "geometry": {
       "type": "Point",
       "coordinates":  [ 121.5150037,25.05471528 ]
    },
    "properties": {
    "場所名稱":"香港商世界健身事業有限公司台北寧夏分公司",
    "場所地址":"寧夏路11號地下1樓",
    "場所分類":"學校、大型集會場所",
    "AED放置地點":"B1心肺區",
    "行政區":"大同區"
    }
  },
  {
    "type": "Feature",
    "geometry": {
       "type": "Point",
       "coordinates":  [ 121.607064,25.053189 ]
    },
    "properties": {
    "場所名稱":"台灣高速鐵路(股)公司-南港車站",
    "場所地址":"南港路一段313號",
    "場所分類":"交通要衝",
    "AED放置地點":"台灣高速鐵路(股)公司-南港車站",
    "行政區":"南港區"
    }
  },
  {
    "type": "Feature",
    "geometry": {
       "type": "Point",
       "coordinates":  [ 121.607064,25.053189 ]
    },
    "properties": {
    "場所名稱":"台灣高速鐵路(股)公司-南港車站",
    "場所地址":"南港路一段313號",
    "場所分類":"交通要衝",
    "AED放置地點":"台灣高速鐵路(股)公司-南港車站",
    "行政區":"南港區"
    }
  },
  {
    "type": "Feature",
    "geometry": {
       "type": "Point",
       "coordinates":  [ 121.607064,25.053189 ]
    },
    "properties": {
    "場所名稱":"台灣高速鐵路(股)公司-南港車站",
    "場所地址":"南港路一段313號",
    "場所分類":"交通要衝",
    "AED放置地點":"台灣高速鐵路(股)公司-南港車站",
    "行政區":"南港區"
    }
  },
  {
    "type": "Feature",
    "geometry": {
       "type": "Point",
       "coordinates":  [ 121.607064,25.053189 ]
    },
    "properties": {
    "場所名稱":"台灣高速鐵路(股)公司-南港車站",
    "場所地址":"南港路一段313號",
    "場所分類":"交通要衝",
    "AED放置地點":"台灣高速鐵路(股)公司-南港車站",
    "行政區":"南港區"
    }
  },
  {
    "type": "Feature",
    "geometry": {
       "type": "Point",
       "coordinates":  [ 121.610384,25.057163 ]
    },
    "properties": {
    "場所名稱":"南港國小運動中心(緯創運動行銷公司)",
    "場所地址":"惠民街67號",
    "場所分類":"學校、大型集會場所",
    "AED放置地點":"活動中心",
    "行政區":"南港區"
    }
  },
  {
    "type": "Feature",
    "geometry": {
       "type": "Point",
       "coordinates":  [ 121.510316,25.051644 ]
    },
    "properties": {
    "場所名稱":"衛生福利部國民健康署台北辦公室",
    "場所地址":"塔城街36號",
    "場所分類":"其他",
    "AED放置地點":"1樓梯廳北側",
    "行政區":"大同區"
    }
  },
  {
    "type": "Feature",
    "geometry": {
       "type": "Point",
       "coordinates":  [ 121.58184,25.048938 ]
    },
    "properties": {
    "場所名稱":"臺北市南港運動中心",
    "場所地址":"玉成街69號",
    "場所分類":"學校、大型集會場所",
    "AED放置地點":"3樓籃球場",
    "行政區":"南港區"
    }
  },
  {
    "type": "Feature",
    "geometry": {
       "type": "Point",
       "coordinates":  [ 121.6072083,25.05267019 ]
    },
    "properties": {
    "場所名稱":"潤泰旭展股份有限公司(CITYLINK南港店)",
    "場所地址":"忠孝東路七段369號",
    "場所分類":"大型購物場所",
    "AED放置地點":"B棟3樓服務台旁",
    "行政區":"南港區"
    }
  },
  {
    "type": "Feature",
    "geometry": {
       "type": "Point",
       "coordinates":  [ 121.511085,25.061297 ]
    },
    "properties": {
    "場所名稱":"臺北市大同區永樂國民小學",
    "場所地址":"延平北路二段266號",
    "場所分類":"學校、大型集會場所",
    "AED放置地點":"一樓健康中心門口(靠近體育器材室)",
    "行政區":"大同區"
    }
  },
  {
    "type": "Feature",
    "geometry": {
       "type": "Point",
       "coordinates":  [ 121.51571,25.056387 ]
    },
    "properties": {
    "場所名稱":"臺北市大同區蓬萊國民小學",
    "場所地址":"寧夏路35號",
    "場所分類":"其他",
    "AED放置地點":"臺北市大同區蓬萊國民小學太原門穿堂",
    "行政區":"大同區"
    }
  },
  {
    "type": "Feature",
    "geometry": {
       "type": "Point",
       "coordinates":  [ 121.617235,25.042389 ]
    },
    "properties": {
    "場所名稱":"臺北市南港區胡適國民小學",
    "場所地址":"舊莊街1段一號",
    "場所分類":"其他",
    "AED放置地點":"聯合辦公室外牆面上",
    "行政區":"南港區"
    }
  },
  {
    "type": "Feature",
    "geometry": {
       "type": "Point",
       "coordinates":  [ 121.596285,25.054423 ]
    },
    "properties": {
    "場所名稱":"臺北市南港區東新國民小學",
    "場所地址":"興南街62號",
    "場所分類":"其他",
    "AED放置地點":"信義樓及和平樓轉角處",
    "行政區":"南港區"
    }
  },
  {
    "type": "Feature",
    "geometry": {
       "type": "Point",
       "coordinates":  [ 121.589636,25.045532 ]
    },
    "properties": {
    "場所名稱":"臺北市南港區修德國民小學",
    "場所地址":"東新街118巷86號",
    "場所分類":"其他",
    "AED放置地點":"1樓視聽教室前",
    "行政區":"南港區"
    }
  },
  {
    "type": "Feature",
    "geometry": {
       "type": "Point",
       "coordinates":  [ 121.586873,25.04709 ]
    },
    "properties": {
    "場所名稱":"臺北市南港區成德國民小學",
    "場所地址":"東新街65號",
    "場所分類":"其他",
    "AED放置地點":"前穿堂右側",
    "行政區":"南港區"
    }
  },
  {
    "type": "Feature",
    "geometry": {
       "type": "Point",
       "coordinates":  [ 121.586873,25.04709 ]
    },
    "properties": {
    "場所名稱":"臺北市南港區成德國民小學",
    "場所地址":"東新街65號",
    "場所分類":"其他",
    "AED放置地點":"幼兒園辦公室前",
    "行政區":"南港區"
    }
  },
  {
    "type": "Feature",
    "geometry": {
       "type": "Point",
       "coordinates":  [ 121.589636,25.045532 ]
    },
    "properties": {
    "場所名稱":"臺北市南港區修德國民小學",
    "場所地址":"東新街118巷86號",
    "場所分類":"其他",
    "AED放置地點":"臺北市南港區修德國小健康中心",
    "行政區":"南港區"
    }
  },
  {
    "type": "Feature",
    "geometry": {
       "type": "Point",
       "coordinates":  [ 121.604757,25.05506 ]
    },
    "properties": {
    "場所名稱":"臺北市東明扶愛家園",
    "場所地址":"南港路二段38巷8弄1號",
    "場所分類":"其他",
    "AED放置地點":"一樓咖啡小棧",
    "行政區":"南港區"
    }
  },
  {
    "type": "Feature",
    "geometry": {
       "type": "Point",
       "coordinates":  [ 121.5133787,25.06428715 ]
    },
    "properties": {
    "場所名稱":"臺北市大同區大橋國民小學",
    "場所地址":"重慶北路三段2號",
    "場所分類":"學校、大型集會場所",
    "AED放置地點":"台北市大橋國小川堂",
    "行政區":"大同區"
    }
  },
  {
    "type": "Feature",
    "geometry": {
       "type": "Point",
       "coordinates":  [ 121.587507,25.053155 ]
    },
    "properties": {
    "場所名稱":"誠隆汽車股份有限公司南港服務廠",
    "場所地址":"南港路三段168號",
    "場所分類":"其他",
    "AED放置地點":"展廳內",
    "行政區":"南港區"
    }
  },
  {
    "type": "Feature",
    "geometry": {
       "type": "Point",
       "coordinates":  [ 121.516179,25.072762 ]
    },
    "properties": {
    "場所名稱":"臺北孔廟",
    "場所地址":"大龍街275號",
    "場所分類":"觀光旅遊地區",
    "AED放置地點":"孔廟東苑側門入口",
    "行政區":"大同區"
    }
  },
  {
    "type": "Feature",
    "geometry": {
       "type": "Point",
       "coordinates":  [ 121.610177,25.049267 ]
    },
    "properties": {
    "場所名稱":"財團法人生物技術開發中心",
    "場所地址":"研究院路一段130巷107號",
    "場所分類":"其他",
    "AED放置地點":"一樓出入口處服務台旁",
    "行政區":"南港區"
    }
  },
  {
    "type": "Feature",
    "geometry": {
       "type": "Point",
       "coordinates":  [ 121.516938,25.065022 ]
    },
    "properties": {
    "場所名稱":"臺北市大同區大同國民小學",
    "場所地址":"大龍街51號健康中心",
    "場所分類":"其他",
    "AED放置地點":"大同國小健康中心",
    "行政區":"大同區"
    }
  },
  {
    "type": "Feature",
    "geometry": {
       "type": "Point",
       "coordinates":  [ 121.59861,25.052319 ]
    },
    "properties": {
    "場所名稱":"臺北流行音樂中心",
    "場所地址":"市民大道八段99號",
    "場所分類":"大型休閒場所",
    "AED放置地點":"表演廳2樓CD入口旁",
    "行政區":"南港區"
    }
  },
  {
    "type": "Feature",
    "geometry": {
       "type": "Point",
       "coordinates":  [ 121.59861,25.052319 ]
    },
    "properties": {
    "場所名稱":"臺北流行音樂中心",
    "場所地址":"市民大道八段99號",
    "場所分類":"大型休閒場所",
    "AED放置地點":"表演廳3樓CD入口及DE入口間",
    "行政區":"南港區"
    }
  },
  {
    "type": "Feature",
    "geometry": {
       "type": "Point",
       "coordinates":  [ 121.611882,25.058486 ]
    },
    "properties": {
    "場所名稱":"南港生技育成中心",
    "場所地址":"園區街3號17樓",
    "場所分類":"其他",
    "AED放置地點":"育成中心17樓電梯口旁",
    "行政區":"南港區"
    }
  },
  {
    "type": "Feature",
    "geometry": {
       "type": "Point",
       "coordinates":  [ 121.600503,25.053782 ]
    },
    "properties": {
    "場所名稱":"家福股份有限公司南港二分公司(家樂福南港店)",
    "場所地址":"南港路二段146號B1",
    "場所分類":"大型購物場所",
    "AED放置地點":"B1賣場入口旁",
    "行政區":"南港區"
    }
  },
  {
    "type": "Feature",
    "geometry": {
       "type": "Point",
       "coordinates":  [ 121.5140597,25.0748652 ]
    },
    "properties": {
    "場所名稱":"臺北市政府環境保護局環保稽查大隊",
    "場所地址":"重慶北路3段347號4樓",
    "場所分類":"其他",
    "AED放置地點":"4樓服務臺",
    "行政區":"大同區"
    }
  },
  {
    "type": "Feature",
    "geometry": {
       "type": "Point",
       "coordinates":  [ 121.608466,25.053124 ]
    },
    "properties": {
    "場所名稱":"風暴體適能股份有限公司",
    "場所地址":"市民大道八段360號2樓",
    "場所分類":"大型購物場所",
    "AED放置地點":"二樓櫃檯",
    "行政區":"南港區"
    }
  },
  {
    "type": "Feature",
    "geometry": {
       "type": "Point",
       "coordinates":  [ 121.516146,25.064769 ]
    },
    "properties": {
    "場所名稱":"臺北市大同運動中心",
    "場所地址":"大龍街51號",
    "場所分類":"學校、大型集會場所",
    "AED放置地點":"1樓梯廳",
    "行政區":"大同區"
    }
  },
  {
    "type": "Feature",
    "geometry": {
       "type": "Point",
       "coordinates":  [ 121.516484,25.062735 ]
    },
    "properties": {
    "場所名稱":"香港商世界健身事業有限公司台北民權西分公司",
    "場所地址":"民權西路136號一樓",
    "場所分類":"學校、大型集會場所",
    "AED放置地點":"B1入口處",
    "行政區":"大同區"
    }
  },
  {
    "type": "Feature",
    "geometry": {
       "type": "Point",
       "coordinates":  [ 121.5186544,25.07012863 ]
    },
    "properties": {
    "場所名稱":"Curves可爾姿女性專用30分鐘環狀運動圓山花博店",
    "場所地址":"承德路三段223-1號1樓",
    "場所分類":"學校、大型集會場所",
    "AED放置地點":"運動區落地窗角落",
    "行政區":"大同區"
    }
  },
  {
    "type": "Feature",
    "geometry": {
       "type": "Point",
       "coordinates":  [ 121.598498,25.057718 ]
    },
    "properties": {
    "場所名稱":"臺北市南港老人服務暨日間照顧中心",
    "場所地址":"重陽路187巷5號",
    "場所分類":"其他",
    "AED放置地點":"二樓日間照顧中心外",
    "行政區":"南港區"
    }
  },
  {
    "type": "Feature",
    "geometry": {
       "type": "Point",
       "coordinates":  [ 121.593863,25.05542 ]
    },
    "properties": {
    "場所名稱":"臺北市政府工務局新建工程處養護工程隊(南港保養場)",
    "場所地址":"向陽路139號",
    "場所分類":"其他",
    "AED放置地點":"辦公樓二樓入口處",
    "行政區":"南港區"
    }
  },
  {
    "type": "Feature",
    "geometry": {
       "type": "Point",
       "coordinates":  [ 121.516874,25.049469 ]
    },
    "properties": {
    "場所名稱":"台北君品大酒店",
    "場所地址":"承德路一段三號",
    "場所分類":"旅宿場所",
    "AED放置地點":"六樓大廳",
    "行政區":"大同區"
    }
  },
  {
    "type": "Feature",
    "geometry": {
       "type": "Point",
       "coordinates":  [ 121.516874,25.049469 ]
    },
    "properties": {
    "場所名稱":"台北君品大酒店",
    "場所地址":"承德路一段三號",
    "場所分類":"旅宿場所",
    "AED放置地點":"B3F中控室",
    "行政區":"大同區"
    }
  },
  {
    "type": "Feature",
    "geometry": {
       "type": "Point",
       "coordinates":  [ 121.516874,25.049469 ]
    },
    "properties": {
    "場所名稱":"台北君品大酒店",
    "場所地址":"承德路一段三號",
    "場所分類":"旅宿場所",
    "AED放置地點":"17樓健身房",
    "行政區":"大同區"
    }
  },
  {
    "type": "Feature",
    "geometry": {
       "type": "Point",
       "coordinates":  [ 121.60726,25.052896 ]
    },
    "properties": {
    "場所名稱":"冠樺生活股份有限公司(環球購物中心南港車站店)",
    "場所地址":"忠孝東路七段371號B1",
    "場所分類":"大型購物場所",
    "AED放置地點":"B1A層中央旋轉樓梯後方",
    "行政區":"南港區"
    }
  },
  {
    "type": "Feature",
    "geometry": {
       "type": "Point",
       "coordinates":  [ 121.594442,25.048951 ]
    },
    "properties": {
    "場所名稱":"衛生福利部食品藥物管理署(昆陽大樓)",
    "場所地址":"昆陽街161之2號",
    "場所分類":"其他",
    "AED放置地點":"本署大門右側",
    "行政區":"南港區"
    }
  },
  {
    "type": "Feature",
    "geometry": {
       "type": "Point",
       "coordinates":  [ 121.6112851,25.04767825 ]
    },
    "properties": {
    "場所名稱":"衛生福利部食品藥物管理署(F棟)",
    "場所地址":"研究院路一段130巷109號",
    "場所分類":"其他",
    "AED放置地點":"大門右側",
    "行政區":"南港區"
    }
  },
  {
    "type": "Feature",
    "geometry": {
       "type": "Point",
       "coordinates":  [ 121.514191,25.052151 ]
    },
    "properties": {
    "場所名稱":"天龍興業股份有限公司(天龍三溫暖)",
    "場所地址":"重慶北路一段73號9樓",
    "場所分類":"大型公眾浴場或溫泉區",
    "AED放置地點":"大廳",
    "行政區":"大同區"
    }
  },
  {
    "type": "Feature",
    "geometry": {
       "type": "Point",
       "coordinates":  [ 121.609889,25.033596 ]
    },
    "properties": {
    "場所名稱":"中華學校財團法人中華科技大學",
    "場所地址":"研究院路3段245號",
    "場所分類":"學校、大型集會場所",
    "AED放置地點":"圖書館一樓",
    "行政區":"南港區"
    }
  },
  {
    "type": "Feature",
    "geometry": {
       "type": "Point",
       "coordinates":  [ 121.609889,25.033596 ]
    },
    "properties": {
    "場所名稱":"中華學校財團法人中華科技大學",
    "場所地址":"研究院路3段245號",
    "場所分類":"學校、大型集會場所",
    "AED放置地點":"學苑一樓入口(男生宿舍)",
    "行政區":"南港區"
    }
  },
  {
    "type": "Feature",
    "geometry": {
       "type": "Point",
       "coordinates":  [ 121.519713,25.052635 ]
    },
    "properties": {
    "場所名稱":"嘉和智能科技股份有限公司 中山營業處（PULSE GYM)中山店",
    "場所地址":"南京西路32號2樓",
    "場所分類":"學校、大型集會場所",
    "AED放置地點":"櫃台左側",
    "行政區":"大同區"
    }
  },
  {
    "type": "Feature",
    "geometry": {
       "type": "Point",
       "coordinates":  [ 121.599957,25.056819 ]
    },
    "properties": {
    "場所名稱":"和怡商旅股份有限公司",
    "場所地址":"重陽路122號",
    "場所分類":"旅宿場所",
    "AED放置地點":"B1健身房",
    "行政區":"南港區"
    }
  },
  {
    "type": "Feature",
    "geometry": {
       "type": "Point",
       "coordinates":  [ 121.616748,25.058113 ]
    },
    "properties": {
    "場所名稱":"全真概念健康事業股份有限公司-南港分公司",
    "場所地址":"經貿二路188號B棟4樓",
    "場所分類":"大型購物場所",
    "AED放置地點":"全真瑜珈南港館",
    "行政區":"南港區"
    }
  },
  {
    "type": "Feature",
    "geometry": {
       "type": "Point",
       "coordinates":  [ 121.515472,25.052949 ]
    },
    "properties": {
    "場所名稱":"臺北市大同區公所建功里里民活動場所",
    "場所地址":"重慶北路一段83巷37號",
    "場所分類":"其他",
    "AED放置地點":"重慶北路一段83巷37號",
    "行政區":"大同區"
    }
  },
  {
    "type": "Feature",
    "geometry": {
       "type": "Point",
       "coordinates":  [ 121.604518,25.052558 ]
    },
    "properties": {
    "場所名稱":"潤泰旭展股份有限公司(CITYLINK南港店)",
    "場所地址":"台北市南港區忠孝東路七段299號",
    "場所分類":"大型購物場所",
    "AED放置地點":"C棟5樓洗手間入口處",
    "行政區":"南港區"
    }
  },
  {
    "type": "Feature",
    "geometry": {
       "type": "Point",
       "coordinates":  [ 121.622085,25.038552 ]
    },
    "properties": {
    "場所名稱":"BIG BOSS SPORTS CENTER大老闆運動中心",
    "場所地址":"舊莊街一段196號2樓",
    "場所分類":"其他",
    "AED放置地點":"櫃台休息區",
    "行政區":"南港區"
    }
  },
  {
    "type": "Feature",
    "geometry": {
       "type": "Point",
       "coordinates":  [ 121.615153,25.052024 ]
    },
    "properties": {
    "場所名稱":"Jessica’s fitness",
    "場所地址":"中南街140-5號1樓",
    "場所分類":"其他",
    "AED放置地點":"台北市南港區中南街140-5號1樓",
    "行政區":"南港區"
    }
  },
  {
    "type": "Feature",
    "geometry": {
       "type": "Point",
       "coordinates":  [ 121.5074276,25.0561283 ]
    },
    "properties": {
    "場所名稱":"大稻埕碼頭貨櫃市集",
    "場所地址":"民生西路底(5號水門-大稻埕碼頭貨櫃市集)",
    "場所分類":"觀光旅遊地區",
    "AED放置地點":"服務台",
    "行政區":"大同區"
    }
  },
  {
    "type": "Feature",
    "geometry": {
       "type": "Point",
       "coordinates":  [ 121.518345,25.055749 ]
    },
    "properties": {
    "場所名稱":"Circus Corner",
    "場所地址":"承德路二段67號1樓",
    "場所分類":"學校、大型集會場所",
    "AED放置地點":"台北市大同區承德路二段67號1樓",
    "行政區":"大同區"
    }
  },
  {
    "type": "Feature",
    "geometry": {
       "type": "Point",
       "coordinates":  [ 121.602424,25.057802 ]
    },
    "properties": {
    "場所名稱":"統一速達股份有限公司",
    "場所地址":"重陽路200號5樓",
    "場所分類":"其他",
    "AED放置地點":"台北市南港區重陽路200號5樓電梯口",
    "行政區":"南港區"
    }
  },
  {
    "type": "Feature",
    "geometry": {
       "type": "Point",
       "coordinates":  [ 121.59861,25.052319 ]
    },
    "properties": {
    "場所名稱":"臺北流行音樂中心",
    "場所地址":"市民大道八段99號",
    "場所分類":"大型休閒場所",
    "AED放置地點":"哺集乳室（市民大道側）",
    "行政區":"南港區"
    }
  },
  {
    "type": "Feature",
    "geometry": {
       "type": "Point",
       "coordinates":  [ 121.59861,25.052319 ]
    },
    "properties": {
    "場所名稱":"臺北流行音樂中心",
    "場所地址":"市民大道八段99號",
    "場所分類":"大型休閒場所",
    "AED放置地點":"文化館4樓",
    "行政區":"南港區"
    }
  },
  {
    "type": "Feature",
    "geometry": {
       "type": "Point",
       "coordinates":  [ 121.59861,25.052319 ]
    },
    "properties": {
    "場所名稱":"臺北流行音樂中心",
    "場所地址":"市民大道八段99號",
    "場所分類":"大型休閒場所",
    "AED放置地點":"產業區1樓梯廳（忠孝東路側）",
    "行政區":"南港區"
    }
  },
  {
    "type": "Feature",
    "geometry": {
       "type": "Point",
       "coordinates":  [ 121.59861,25.052319 ]
    },
    "properties": {
    "場所名稱":"臺北流行音樂中心",
    "場所地址":"市民大道八段99號",
    "場所分類":"大型休閒場所",
    "AED放置地點":"產業區1樓梯廳（市民大道側）",
    "行政區":"南港區"
    }
  },
  {
    "type": "Feature",
    "geometry": {
       "type": "Point",
       "coordinates":  [ 121.590396,25.037736 ]
    },
    "properties": {
    "場所名稱":"北興宮步道之北興宮",
    "場所地址":"成福路272號",
    "場所分類":"其他",
    "AED放置地點":"南港區北興宮步道之北興宮",
    "行政區":"南港區"
    }
  },
  {
    "type": "Feature",
    "geometry": {
       "type": "Point",
       "coordinates":  [ 121.607859,25.056498 ]
    },
    "properties": {
    "場所名稱":"臺北市立南港高級工業職業學校",
    "場所地址":"興中路29號",
    "場所分類":"學校、大型集會場所",
    "AED放置地點":"宿舍一樓管理室旁",
    "行政區":"南港區"
    }
  },
  {
    "type": "Feature",
    "geometry": {
       "type": "Point",
       "coordinates":  [ 121.5101501,25.0557807 ]
    },
    "properties": {
    "場所名稱":"第一銀行大稻埕分行",
    "場所地址":"迪化街一段63號",
    "場所分類":"其他",
    "AED放置地點":"一樓大廳進入後右側",
    "行政區":"大同區"
    }
  },
  {
    "type": "Feature",
    "geometry": {
       "type": "Point",
       "coordinates":  [ 121.594862,25.0489186 ]
    },
    "properties": {
    "場所名稱":"現代化食品藥物國家級實驗大樓暨行政及訓練大樓興建工程",
    "場所地址":"昆陽街161-2號旁工地",
    "場所分類":"其他",
    "AED放置地點":"保全亭旁",
    "行政區":"南港區"
    }
  },
  {
    "type": "Feature",
    "geometry": {
       "type": "Point",
       "coordinates":  [ 121.6042036,25.05375837 ]
    },
    "properties": {
    "場所名稱":"瓶蓋工廠台北製造所",
    "場所地址":"南港路二段13號",
    "場所分類":"觀光旅遊地區",
    "AED放置地點":"I棟服務台",
    "行政區":"南港區"
    }
  },
  {
    "type": "Feature",
    "geometry": {
       "type": "Point",
       "coordinates":  [ 121.6042036,25.05375837 ]
    },
    "properties": {
    "場所名稱":"瓶蓋工廠台北製造所",
    "場所地址":"南港路二段13號",
    "場所分類":"觀光旅遊地區",
    "AED放置地點":"實證場域服務台",
    "行政區":"南港區"
    }
  },
  {
    "type": "Feature",
    "geometry": {
       "type": "Point",
       "coordinates":  [ 121.6159,25.059968 ]
    },
    "properties": {
    "場所名稱":"臺北捷運南港軟體園區站BR23",
    "場所地址":"經貿二路183號",
    "場所分類":"交通要衝",
    "AED放置地點":"主詢問處附近",
    "行政區":"南港區"
    }
  },
  {
    "type": "Feature",
    "geometry": {
       "type": "Point",
       "coordinates":  [ 121.617555,25.05539 ]
    },
    "properties": {
    "場所名稱":"臺北捷運南港展覽館站BR24",
    "場所地址":"南港路1段32號",
    "場所分類":"交通要衝",
    "AED放置地點":"主詢問處附近",
    "行政區":"南港區"
    }
  },
  {
    "type": "Feature",
    "geometry": {
       "type": "Point",
       "coordinates":  [ 121.582453,25.045083 ]
    },
    "properties": {
    "場所名稱":"臺北捷運後山埤站BL20",
    "場所地址":"忠孝東路6段2號B1",
    "場所分類":"交通要衝",
    "AED放置地點":"後山埤站出口4進入",
    "行政區":"南港區"
    }
  },
  {
    "type": "Feature",
    "geometry": {
       "type": "Point",
       "coordinates":  [ 121.593268,25.050461 ]
    },
    "properties": {
    "場所名稱":"臺北捷運昆陽站BL21",
    "場所地址":"忠孝東路6段451號",
    "場所分類":"交通要衝",
    "AED放置地點":"昆陽站出口4進入",
    "行政區":"南港區"
    }
  },
  {
    "type": "Feature",
    "geometry": {
       "type": "Point",
       "coordinates":  [ 121.606652,25.052139 ]
    },
    "properties": {
    "場所名稱":"臺北捷運南港站BL22",
    "場所地址":"忠孝東路7段380號B1",
    "場所分類":"交通要衝",
    "AED放置地點":"南港站出口2進入",
    "行政區":"南港區"
    }
  },
  {
    "type": "Feature",
    "geometry": {
       "type": "Point",
       "coordinates":  [ 121.61744,25.055288 ]
    },
    "properties": {
    "場所名稱":"臺北捷運南港展覽館站BL23",
    "場所地址":"研究院路1段1號B1",
    "場所分類":"交通要衝",
    "AED放置地點":"南港展覽館站出口5進入",
    "行政區":"南港區"
    }
  },
  {
    "type": "Feature",
    "geometry": {
       "type": "Point",
       "coordinates":  [ 121.510243,25.049425 ]
    },
    "properties": {
    "場所名稱":"臺北捷運北門站G13",
    "場所地址":"塔城街10號",
    "場所分類":"交通要衝",
    "AED放置地點":"北門站大廳層",
    "行政區":"大同區"
    }
  },
  {
    "type": "Feature",
    "geometry": {
       "type": "Point",
       "coordinates":  [ 121.520331,25.052654 ]
    },
    "properties": {
    "場所名稱":"臺北捷運中山站G14",
    "場所地址":"南京西路55號",
    "場所分類":"交通要衝",
    "AED放置地點":"綠線中山站大廳層",
    "行政區":"大同區"
    }
  },
  {
    "type": "Feature",
    "geometry": {
       "type": "Point",
       "coordinates":  [ 121.519531,25.062724 ]
    },
    "properties": {
    "場所名稱":"臺北捷運民權西路站O11",
    "場所地址":"民權西路72號",
    "場所分類":"交通要衝",
    "AED放置地點":"臺北捷運民權西路站O11主詢問處附近",
    "行政區":"大同區"
    }
  },
  {
    "type": "Feature",
    "geometry": {
       "type": "Point",
       "coordinates":  [ 121.513109,25.063176 ]
    },
    "properties": {
    "場所名稱":"臺北捷運大橋頭站O12",
    "場所地址":"民權西路223號",
    "場所分類":"交通要衝",
    "AED放置地點":"臺北捷運大橋頭站O12主詢問處附近",
    "行政區":"大同區"
    }
  },
  {
    "type": "Feature",
    "geometry": {
       "type": "Point",
       "coordinates":  [ 121.520661,25.057779 ]
    },
    "properties": {
    "場所名稱":"臺北捷運雙連站R12",
    "場所地址":"民生西路47號",
    "場所分類":"交通要衝",
    "AED放置地點":"捷運淡水信義線雙連站B1大廳層南非付費區通道",
    "行政區":"大同區"
    }
  },
  {
    "type": "Feature",
    "geometry": {
       "type": "Point",
       "coordinates":  [ 121.519528,25.062612 ]
    },
    "properties": {
    "場所名稱":"臺北捷運民權西路站R13",
    "場所地址":"民權西路72號",
    "場所分類":"交通要衝",
    "AED放置地點":"捷運淡水信義線民權西路站1F大廳層C016儲藏室旁(付費區)",
    "行政區":"大同區"
    }
  },
  {
    "type": "Feature",
    "geometry": {
       "type": "Point",
       "coordinates":  [ 121.520118,25.071353 ]
    },
    "properties": {
    "場所名稱":"臺北捷運圓山站R14",
    "場所地址":"酒泉街9之1號",
    "場所分類":"交通要衝",
    "AED放置地點":"捷運淡水信義線圓山站1號出口女廁旁(付費區)",
    "行政區":"大同區"
    }
  },
  {
    "type": "Feature",
    "geometry": {
       "type": "Point",
       "coordinates":  [ 121.6039951,25.0545932 ]
    },
    "properties": {
    "場所名稱":"臺北市南港銀髮人才服務據點",
    "場所地址":"南港路二段60巷18號",
    "場所分類":"其他",
    "AED放置地點":"臺北市南港銀髮人才服務據點",
    "行政區":"南港區"
    }
  },
  {
    "type": "Feature",
    "geometry": {
       "type": "Point",
       "coordinates":  [ 121.607859,25.056498 ]
    },
    "properties": {
    "場所名稱":"臺北市立南港高級工業職業學校",
    "場所地址":"興中路29號",
    "場所分類":"學校、大型集會場所",
    "AED放置地點":"警衛室(傳達室內)",
    "行政區":"南港區"
    }
  },
  {
    "type": "Feature",
    "geometry": {
       "type": "Point",
       "coordinates":  [ 121.518626,25.051648 ]
    },
    "properties": {
    "場所名稱":"臺北市立建成國民中學",
    "場所地址":"長安西路37之1號",
    "場所分類":"學校、大型集會場所",
    "AED放置地點":"建成國中警衛室",
    "行政區":"大同區"
    }
  },
  {
    "type": "Feature",
    "geometry": {
       "type": "Point",
       "coordinates":  [ 121.618819,25.054232 ]
    },
    "properties": {
    "場所名稱":"臺北市立誠正國民中學",
    "場所地址":"富康街1巷24號",
    "場所分類":"學校、大型集會場所",
    "AED放置地點":"1樓穿堂",
    "行政區":"南港區"
    }
  },
  {
    "type": "Feature",
    "geometry": {
       "type": "Point",
       "coordinates":  [ 121.59861,25.052319 ]
    },
    "properties": {
    "場所名稱":"臺北流行音樂中心",
    "場所地址":"市民大道八段99號",
    "場所分類":"大型休閒場所",
    "AED放置地點":"文化館1樓大廳",
    "行政區":"南港區"
    }
  },
  {
    "type": "Feature",
    "geometry": {
       "type": "Point",
       "coordinates":  [ 121.5188064,25.0731552 ]
    },
    "properties": {
    "場所名稱":"好團健身空間",
    "場所地址":"承德路三段244號一樓",
    "場所分類":"其他",
    "AED放置地點":"飲水機上方",
    "行政區":"大同區"
    }
  },
  {
    "type": "Feature",
    "geometry": {
       "type": "Point",
       "coordinates":  [ 121.620638,25.059942 ]
    },
    "properties": {
    "場所名稱":"臺北市政府工務局新建工程處養護工程隊第四分隊",
    "場所地址":"港東街",
    "場所分類":"其他",
    "AED放置地點":"1樓辦公室外",
    "行政區":"南港區"
    }
  },
  {
    "type": "Feature",
    "geometry": {
       "type": "Point",
       "coordinates":  [ 121.607409,25.053315 ]
    },
    "properties": {
    "場所名稱":"臺北市南港區戶政事務所",
    "場所地址":"南港路1段360號4樓",
    "場所分類":"其他",
    "AED放置地點":"民眾洽公區",
    "行政區":"南港區"
    }
  },
  {
    "type": "Feature",
    "geometry": {
       "type": "Point",
       "coordinates":  [ 121.606102,25.0552523 ]
    },
    "properties": {
    "場所名稱":"打鐵健身 南港店",
    "場所地址":"興華路77號地下一樓",
    "場所分類":"大型休閒場所",
    "AED放置地點":"B1樓層",
    "行政區":"南港區"
    }
  },
  {
    "type": "Feature",
    "geometry": {
       "type": "Point",
       "coordinates":  [ 121.6640314,25.02742432 ]
    },
    "properties": {
    "場所名稱":"南港茶葉製造示範場",
    "場所地址":"舊莊街二段336號",
    "場所分類":"其他",
    "AED放置地點":"大廳",
    "行政區":"南港區"
    }
  },
  {
    "type": "Feature",
    "geometry": {
       "type": "Point",
       "coordinates":  [ 121.609889,25.033596 ]
    },
    "properties": {
    "場所名稱":"中華學校財團法人中華科技大學",
    "場所地址":"研究院路3段245號",
    "場所分類":"學校、大型集會場所",
    "AED放置地點":"日新樓一樓",
    "行政區":"南港區"
    }
  },
  {
    "type": "Feature",
    "geometry": {
       "type": "Point",
       "coordinates":  [ 121.5935424,25.0537916 ]
    },
    "properties": {
    "場所名稱":"臺北市玉成國小",
    "場所地址":"臺北市南港區向陽路31號",
    "場所分類":"學校、大型集會場所",
    "AED放置地點":"四維樓一樓",
    "行政區":"南港區"
    }
  },
  {
    "type": "Feature",
    "geometry": {
       "type": "Point",
       "coordinates":  [ 121.516692,25.073409 ]
    },
    "properties": {
    "場所名稱":"臺北市大同區大龍國民小學",
    "場所地址":"哈密街47號",
    "場所分類":"其他",
    "AED放置地點":"臺北市大同區大龍國民小學\t北側警衛室外",
    "行政區":"大同區"
    }
  },
  {
    "type": "Feature",
    "geometry": {
       "type": "Point",
       "coordinates":  [ 121.6193534,25.0584249 ]
    },
    "properties": {
    "場所名稱":"台北漢來大飯店GRAND HILAI TAIPEI",
    "場所地址":"經貿一路168號",
    "場所分類":"旅宿場所",
    "AED放置地點":"五樓俱樂部",
    "行政區":"南港區"
    }
  },
  {
    "type": "Feature",
    "geometry": {
       "type": "Point",
       "coordinates":  [ 121.6193534,25.0584249 ]
    },
    "properties": {
    "場所名稱":"台北漢來大飯店GRAND HILAI TAIPEI",
    "場所地址":"經貿一路168號",
    "場所分類":"旅宿場所",
    "AED放置地點":"一樓大廳櫃台",
    "行政區":"南港區"
    }
  },
  {
    "type": "Feature",
    "geometry": {
       "type": "Point",
       "coordinates":  [ 121.516476,25.054389 ]
    },
    "properties": {
    "場所名稱":"臺北市大同區日新國民小學",
    "場所地址":"太原路151號",
    "場所分類":"其他",
    "AED放置地點":"日新國小紅樓外走廊(鄰近太原路門口)",
    "行政區":"大同區"
    }
  },
  {
    "type": "Feature",
    "geometry": {
       "type": "Point",
       "coordinates":  [ 121.6204805,25.03642717 ]
    },
    "properties": {
    "場所名稱":"臺北市政府環境保護局南港區清潔隊停車場",
    "場所地址":"南深路37號之1",
    "場所分類":"其他",
    "AED放置地點":"1F電箱旁",
    "行政區":"南港區"
    }
  },
  {
    "type": "Feature",
    "geometry": {
       "type": "Point",
       "coordinates":  [ 121.520677,25.076082 ]
    },
    "properties": {
    "場所名稱":"臺北市政府環境保護局大同區清潔隊大龍分隊",
    "場所地址":"承德路3段303之1號",
    "場所分類":"其他",
    "AED放置地點":"在會議室",
    "行政區":"大同區"
    }
  },
  {
    "type": "Feature",
    "geometry": {
       "type": "Point",
       "coordinates":  [ 121.5140597,25.0748652 ]
    },
    "properties": {
    "場所名稱":"臺北市政府環境保護局環保稽查大隊",
    "場所地址":"重慶北路3段347號4樓",
    "場所分類":"其他",
    "AED放置地點":"2樓勤務中心",
    "行政區":"大同區"
    }
  },
  {
    "type": "Feature",
    "geometry": {
       "type": "Point",
       "coordinates":  [ 121.622895,25.028922 ]
    },
    "properties": {
    "場所名稱":"臺北市政府環境保護局廢棄物處理場行政辦公大樓",
    "場所地址":"南深路37 號",
    "場所分類":"其他",
    "AED放置地點":"閱覽室內",
    "行政區":"南港區"
    }
  },
  {
    "type": "Feature",
    "geometry": {
       "type": "Point",
       "coordinates":  [ 121.5116733,25.07651073 ]
    },
    "properties": {
    "場所名稱":"臺北市政府環境保護局大同區清潔隊蘭州分隊",
    "場所地址":"敦煌路 臨151-1號",
    "場所分類":"其他",
    "AED放置地點":"大門右前方",
    "行政區":"大同區"
    }
  },
  {
    "type": "Feature",
    "geometry": {
       "type": "Point",
       "coordinates":  [ 121.594465,25.053992 ]
    },
    "properties": {
    "場所名稱":"臺北市政府環境保護局南港區清潔隊玉成分隊",
    "場所地址":"向陽路49號",
    "場所分類":"其他",
    "AED放置地點":"地下一樓",
    "行政區":"南港區"
    }
  },
  {
    "type": "Feature",
    "geometry": {
       "type": "Point",
       "coordinates":  [ 121.507413,25.05258854 ]
    },
    "properties": {
    "場所名稱":"臺北市政府環境保護局大同區清潔隊延平分隊",
    "場所地址":"環河北路一段 臨63-1號",
    "場所分類":"其他",
    "AED放置地點":"大門進去正前方",
    "行政區":"大同區"
    }
  },
  {
    "type": "Feature",
    "geometry": {
       "type": "Point",
       "coordinates":  [ 121.51406,25.074865 ]
    },
    "properties": {
    "場所名稱":"臺北市政府環境保護局公廁管理隊",
    "場所地址":"重慶北路三段347號2樓",
    "場所分類":"其他",
    "AED放置地點":"門口左側",
    "行政區":"大同區"
    }
  },
  {
    "type": "Feature",
    "geometry": {
       "type": "Point",
       "coordinates":  [ 121.508718,25.05021259 ]
    },
    "properties": {
    "場所名稱":"臺北市政府環境保護局直屬隊機動分隊",
    "場所地址":"鄭州路 臨50號",
    "場所分類":"其他",
    "AED放置地點":"警衛室門口",
    "行政區":"大同區"
    }
  },
  {
    "type": "Feature",
    "geometry": {
       "type": "Point",
       "coordinates":  [ 121.622338,25.029077 ]
    },
    "properties": {
    "場所名稱":"臺北市政府環境保護局山水綠生態公園",
    "場所地址":"南深路37號",
    "場所分類":"其他",
    "AED放置地點":"管理室",
    "行政區":"南港區"
    }
  },
  {
    "type": "Feature",
    "geometry": {
       "type": "Point",
       "coordinates":  [ 121.514414,25.062771 ]
    },
    "properties": {
    "場所名稱":"臺北市政府環境保護局大同區清潔隊建成分隊",
    "場所地址":"民權西路194號之1",
    "場所分類":"其他",
    "AED放置地點":"大門進去直走左邊",
    "行政區":"大同區"
    }
  },
  {
    "type": "Feature",
    "geometry": {
       "type": "Point",
       "coordinates":  [ 121.611194,25.061139 ]
    },
    "properties": {
    "場所名稱":"臺北市政府環境保護局南港區清潔隊南港分隊",
    "場所地址":"松河街699號",
    "場所分類":"其他",
    "AED放置地點":"1F左側",
    "行政區":"南港區"
    }
  },
  {
    "type": "Feature",
    "geometry": {
       "type": "Point",
       "coordinates":  [ 121.5140597,25.0748652 ]
    },
    "properties": {
    "場所名稱":"臺北市政府環境保護局環保稽查大隊",
    "場所地址":"重慶北路3段347號4樓",
    "場所分類":"其他",
    "AED放置地點":"5樓梯廳",
    "行政區":"大同區"
    }
  },
  {
    "type": "Feature",
    "geometry": {
       "type": "Point",
       "coordinates":  [ 121.6137978,25.0584693 ]
    },
    "properties": {
    "場所名稱":"東元電機股份有限公司",
    "場所地址":"三重路19-9號5樓",
    "場所分類":"其他",
    "AED放置地點":"台北市南港區三重路19-9號5樓",
    "行政區":"南港區"
    }
  },
  {
    "type": "Feature",
    "geometry": {
       "type": "Point",
       "coordinates":  [ 121.6156885,25.0625012 ]
    },
    "properties": {
    "場所名稱":"好享健身有限公司",
    "場所地址":"經貿二路235巷60弄2號、6號1樓",
    "場所分類":"學校、大型集會場所",
    "AED放置地點":"場館運動按摩區",
    "行政區":"南港區"
    }
  },
  {
    "type": "Feature",
    "geometry": {
       "type": "Point",
       "coordinates":  [ 121.619435,25.05813637 ]
    },
    "properties": {
    "場所名稱":"漢來美食股份有限公司台北南港分公司",
    "場所地址":"經貿一路168號2樓",
    "場所分類":"其他",
    "AED放置地點":"大廳二樓",
    "行政區":"南港區"
    }
  },
  {
    "type": "Feature",
    "geometry": {
       "type": "Point",
       "coordinates":  [ 121.610384,25.057163 ]
    },
    "properties": {
    "場所名稱":"臺北市南港區南港國民小學",
    "場所地址":"惠民街67號",
    "場所分類":"其他",
    "AED放置地點":"南港國小健康中心走廊",
    "行政區":"南港區"
    }
  },
  {
    "type": "Feature",
    "geometry": {
       "type": "Point",
       "coordinates":  [ 121.50865,25.051196 ]
    },
    "properties": {
    "場所名稱":"臺北市立聯合醫院中興院區",
    "場所地址":"鄭州路145號",
    "場所分類":"其他",
    "AED放置地點":"急診櫃台旁",
    "行政區":"大同區"
    }
  },
  {
    "type": "Feature",
    "geometry": {
       "type": "Point",
       "coordinates":  [ 121.516476,25.054389 ]
    },
    "properties": {
    "場所名稱":"臺北市大同區日新國民小學",
    "場所地址":"太原路151號",
    "場所分類":"其他",
    "AED放置地點":"旺台樓一樓(通往游泳池梯間)",
    "行政區":"大同區"
    }
  },
  {
    "type": "Feature",
    "geometry": {
       "type": "Point",
       "coordinates":  [ 121.595027,25.052412 ]
    },
    "properties": {
    "場所名稱":"臺北市立南港高級中學",
    "場所地址":"向陽路21號",
    "場所分類":"學校、大型集會場所",
    "AED放置地點":"健康中心和補校中間的文化走廊",
    "行政區":"南港區"
    }
  },
  {
    "type": "Feature",
    "geometry": {
       "type": "Point",
       "coordinates":  [ 121.595027,25.052412 ]
    },
    "properties": {
    "場所名稱":"臺北市立南港高級中學",
    "場所地址":"向陽路21號",
    "場所分類":"學校、大型集會場所",
    "AED放置地點":"研發處和幼兒園間的文化走廊",
    "行政區":"南港區"
    }
  },
  {
    "type": "Feature",
    "geometry": {
       "type": "Point",
       "coordinates":  [ 121.595027,25.052412 ]
    },
    "properties": {
    "場所名稱":"臺北市立南港高級中學",
    "場所地址":"向陽路21號",
    "場所分類":"學校、大型集會場所",
    "AED放置地點":"活動中心",
    "行政區":"南港區"
    }
  },
  {
    "type": "Feature",
    "geometry": {
       "type": "Point",
       "coordinates":  [ 121.595027,25.052412 ]
    },
    "properties": {
    "場所名稱":"臺北市立南港高級中學",
    "場所地址":"向陽路21號",
    "場所分類":"學校、大型集會場所",
    "AED放置地點":"游泳池",
    "行政區":"南港區"
    }
  },
  {
    "type": "Feature",
    "geometry": {
       "type": "Point",
       "coordinates":  [ 121.586873,25.04709 ]
    },
    "properties": {
    "場所名稱":"臺北市南港區成德國民小學",
    "場所地址":"東新街65號",
    "場所分類":"其他",
    "AED放置地點":"四維樓4樓活動中心",
    "行政區":"南港區"
    }
  },
  {
    "type": "Feature",
    "geometry": {
       "type": "Point",
       "coordinates":  [ 121.616513,25.057702 ]
    },
    "properties": {
    "場所名稱":"世貿公園地下停車場",
    "場所地址":"經貿2路88巷1號B1",
    "場所分類":"其他",
    "AED放置地點":"經貿2路88巷1號B1",
    "行政區":"南港區"
    }
  },
  {
    "type": "Feature",
    "geometry": {
       "type": "Point",
       "coordinates":  [ 121.606489,25.056157 ]
    },
    "properties": {
    "場所名稱":"興中立體停車場",
    "場所地址":"興中路44巷1號",
    "場所分類":"其他",
    "AED放置地點":"興中路44巷1號",
    "行政區":"南港區"
    }
  },
  {
    "type": "Feature",
    "geometry": {
       "type": "Point",
       "coordinates":  [ 121.611801,25.056674 ]
    },
    "properties": {
    "場所名稱":"南港國小地下停車場",
    "場所地址":"興東街59號B1",
    "場所分類":"其他",
    "AED放置地點":"興東街59號B1",
    "行政區":"南港區"
    }
  },
  {
    "type": "Feature",
    "geometry": {
       "type": "Point",
       "coordinates":  [ 121.5133139,25.0593921 ]
    },
    "properties": {
    "場所名稱":"台北互舍酒店",
    "場所地址":"台北市大同區重慶北路二段172號",
    "場所分類":"旅宿場所",
    "AED放置地點":"本飯店大廳",
    "行政區":"大同區"
    }
  },
  {
    "type": "Feature",
    "geometry": {
       "type": "Point",
       "coordinates":  [ 121.510732,25.05094 ]
    },
    "properties": {
    "場所名稱":"塔城公園地下停車場",
    "場所地址":"塔城街11號B1",
    "場所分類":"其他",
    "AED放置地點":"塔城街11號B1",
    "行政區":"大同區"
    }
  },
  {
    "type": "Feature",
    "geometry": {
       "type": "Point",
       "coordinates":  [ 121.519657,25.050409 ]
    },
    "properties": {
    "場所名稱":"建成國中地下停車場",
    "場所地址":"長安西路37號之1 B1",
    "場所分類":"其他",
    "AED放置地點":"長安西路37號之1 B1",
    "行政區":"大同區"
    }
  },
  {
    "type": "Feature",
    "geometry": {
       "type": "Point",
       "coordinates":  [ 121.511706,25.074343 ]
    },
    "properties": {
    "場所名稱":"?聰學校地下停車場",
    "場所地址":"延平北路4段205號B1",
    "場所分類":"其他",
    "AED放置地點":"延平北路4段205號B1",
    "行政區":"大同區"
    }
  },
  {
    "type": "Feature",
    "geometry": {
       "type": "Point",
       "coordinates":  [ 121.516693,25.073409 ]
    },
    "properties": {
    "場所名稱":"大龍國小地下停車場",
    "場所地址":"哈密街47號B1",
    "場所分類":"其他",
    "AED放置地點":"哈密街47號B1",
    "行政區":"大同區"
    }
  },
  {
    "type": "Feature",
    "geometry": {
       "type": "Point",
       "coordinates":  [ 121.587151,25.042236 ]
    },
    "properties": {
    "場所名稱":"玉成公園附建地下停車場",
    "場所地址":"成福路118號B1",
    "場所分類":"其他",
    "AED放置地點":"成福路118號B1",
    "行政區":"南港區"
    }
  },
  {
    "type": "Feature",
    "geometry": {
       "type": "Point",
       "coordinates":  [ 121.5805022,25.0492807 ]
    },
    "properties": {
    "場所名稱":"台北松山意舍酒店",
    "場所地址":"市民大道七段8號17樓",
    "場所分類":"旅宿場所",
    "AED放置地點":"酒店大廳",
    "行政區":"南港區"
    }
  },
  {
    "type": "Feature",
    "geometry": {
       "type": "Point",
       "coordinates":  [ 121.587729,25.045021 ]
    },
    "properties": {
    "場所名稱":"臺北市立成德國民中學",
    "場所地址":"東新街108巷23號",
    "場所分類":"其他",
    "AED放置地點":"公民培力中心教室",
    "行政區":"南港區"
    }
  },
  {
    "type": "Feature",
    "geometry": {
       "type": "Point",
       "coordinates":  [ 121.51515,25.059009 ]
    },
    "properties": {
    "場所名稱":"臺灣新文化運動紀念館",
    "場所地址":"寧夏路87號",
    "場所分類":"大型休閒場所",
    "AED放置地點":"1樓遊客休憩區",
    "行政區":"大同區"
    }
  },
  {
    "type": "Feature",
    "geometry": {
       "type": "Point",
       "coordinates":  [ 121.5121508,25.0563616 ]
    },
    "properties": {
    "場所名稱":"星聚點壹號文創股份有限公司延平分公司",
    "場所地址":"延平北路二段83號",
    "場所分類":"大型休閒場所",
    "AED放置地點":"左手處櫃台",
    "行政區":"大同區"
    }
  },
  {
    "type": "Feature",
    "geometry": {
       "type": "Point",
       "coordinates":  [ 121.614302,25.057111 ]
    },
    "properties": {
    "場所名稱":"世正南軟大樓",
    "場所地址":"三重路66號2樓",
    "場所分類":"其他",
    "AED放置地點":"台北市南港區三重路66號2樓服務台旁",
    "行政區":"南港區"
    }
  },
  {
    "type": "Feature",
    "geometry": {
       "type": "Point",
       "coordinates":  [ 121.512548,25.057081 ]
    },
    "properties": {
    "場所名稱":"新芳春茶行",
    "場所地址":"民生西路309號",
    "場所分類":"大型休閒場所",
    "AED放置地點":"新芳春茶行",
    "行政區":"大同區"
    }
  },
  {
    "type": "Feature",
    "geometry": {
       "type": "Point",
       "coordinates":  [ 121.513866,25.063802 ]
    },
    "properties": {
    "場所名稱":"臺北市立民權國民中學",
    "場所地址":"重慶北路3段1號",
    "場所分類":"其他",
    "AED放置地點":"民權國中校門口警衛室內沙發椅旁邊",
    "行政區":"大同區"
    }
  },
  {
    "type": "Feature",
    "geometry": {
       "type": "Point",
       "coordinates":  [ 121.608512,25.033608 ]
    },
    "properties": {
    "場所名稱":"臺北市立育成高級中學",
    "場所地址":"重陽路366號",
    "場所分類":"學校、大型集會場所",
    "AED放置地點":"校門口1F穿堂",
    "行政區":"南港區"
    }
  },
  {
    "type": "Feature",
    "geometry": {
       "type": "Point",
       "coordinates":  [ 121.512454,25.066047 ]
    },
    "properties": {
    "場所名稱":"臺北市大同區延平國民小學",
    "場所地址":"昌吉街97號",
    "場所分類":"其他",
    "AED放置地點":"學務處門旁",
    "行政區":"大同區"
    }
  },
  {
    "type": "Feature",
    "geometry": {
       "type": "Point",
       "coordinates":  [ 121.518102,25.076266 ]
    },
    "properties": {
    "場所名稱":"臺北市立重慶國民中學",
    "場所地址":"敦煌路19號",
    "場所分類":"學校、大型集會場所",
    "AED放置地點":"中庭/總務處外牆",
    "行政區":"大同區"
    }
  },
  {
    "type": "Feature",
    "geometry": {
       "type": "Point",
       "coordinates":  [ 121.518454,25.061177 ]
    },
    "properties": {
    "場所名稱":"臺北市立成淵高級中學",
    "場所地址":"承德路2段235號",
    "場所分類":"學校、大型集會場所",
    "AED放置地點":"健康中心前走廊",
    "行政區":"大同區"
    }
  },
  {
    "type": "Feature",
    "geometry": {
       "type": "Point",
       "coordinates":  [ 121.5185486,25.0640643 ]
    },
    "properties": {
    "場所名稱":"樸苒安有限公司",
    "場所地址":"承德路三段25號2.3樓",
    "場所分類":"學校、大型集會場所",
    "AED放置地點":"櫃台左前方",
    "行政區":"大同區"
    }
  },
  {
    "type": "Feature",
    "geometry": {
       "type": "Point",
       "coordinates":  [ 121.5138259,25.0518459 ]
    },
    "properties": {
    "場所名稱":"承攜行旅台北重慶館",
    "場所地址":"重慶北路一段62號",
    "場所分類":"旅宿場所",
    "AED放置地點":"旅館大廳",
    "行政區":"大同區"
    }
  },
  {
    "type": "Feature",
    "geometry": {
       "type": "Point",
       "coordinates":  [ 121.5142533,25.0522756 ]
    },
    "properties": {
    "場所名稱":"台北桃禧大飯店",
    "場所地址":"重慶北路一段73號",
    "場所分類":"旅宿場所",
    "AED放置地點":"櫃台旁",
    "行政區":"大同區"
    }
  },
  {
    "type": "Feature",
    "geometry": {
       "type": "Point",
       "coordinates":  [ 121.591476,25.045919 ]
    },
    "properties": {
    "場所名稱":"南港公園",
    "場所地址":"東新街170之1號",
    "場所分類":"其他",
    "AED放置地點":"南港公園駐警室內",
    "行政區":"南港區"
    }
  },
  {
    "type": "Feature",
    "geometry": {
       "type": "Point",
       "coordinates":  [ 121.508218,25.051223 ]
    },
    "properties": {
    "場所名稱":"臺北市立忠孝國民中學",
    "場所地址":"西寧北路32號",
    "場所分類":"學校、大型集會場所",
    "AED放置地點":"穿堂",
    "行政區":"大同區"
    }
  },
  {
    "type": "Feature",
    "geometry": {
       "type": "Point",
       "coordinates":  [ 121.513555,25.074304 ]
    },
    "properties": {
    "場所名稱":"臺北市立圖書館大同分館",
    "場所地址":"重慶北路3段318號",
    "場所分類":"大型休閒場所",
    "AED放置地點":"臺北市立圖書館大同分館入口處右側，服務台旁之牆面。",
    "行政區":"大同區"
    }
  },
  {
    "type": "Feature",
    "geometry": {
       "type": "Point",
       "coordinates":  [ 121.616187,25.0589412 ]
    },
    "properties": {
    "場所名稱":"中國信託商業銀行",
    "場所地址":"台北市南港區經貿二路168號1樓",
    "場所分類":"其他",
    "AED放置地點":"A棟1樓大廳",
    "行政區":"南港區"
    }
  },
  {
    "type": "Feature",
    "geometry": {
       "type": "Point",
       "coordinates":  [ 121.616187,25.0589412 ]
    },
    "properties": {
    "場所名稱":"中國信託商業銀行",
    "場所地址":"台北市南港區經貿二路168號1樓",
    "場所分類":"其他",
    "AED放置地點":"經貿二路168號Ｃ棟１樓(服務台旁)",
    "行政區":"南港區"
    }
  },
  {
    "type": "Feature",
    "geometry": {
       "type": "Point",
       "coordinates":  [ 121.616187,25.0589412 ]
    },
    "properties": {
    "場所名稱":"中國信託商業銀行",
    "場所地址":"台北市南港區經貿二路168號1樓",
    "場所分類":"其他",
    "AED放置地點":"台北市南港區經貿二路188號1F",
    "行政區":"南港區"
    }
  },
  {
    "type": "Feature",
    "geometry": {
       "type": "Point",
       "coordinates":  [ 121.616187,25.0589412 ]
    },
    "properties": {
    "場所名稱":"中國信託商業銀行",
    "場所地址":"台北市南港區經貿二路168號1樓",
    "場所分類":"其他",
    "AED放置地點":"台北市南港區經貿二路168號2樓",
    "行政區":"南港區"
    }
  },
  {
    "type": "Feature",
    "geometry": {
       "type": "Point",
       "coordinates":  [ 121.616187,25.0589412 ]
    },
    "properties": {
    "場所名稱":"中國信託商業銀行",
    "場所地址":"台北市南港區經貿二路168號1樓",
    "場所分類":"其他",
    "AED放置地點":"經貿二路168號B棟3F",
    "行政區":"南港區"
    }
  },
  {
    "type": "Feature",
    "geometry": {
       "type": "Point",
       "coordinates":  [ 121.6072083,25.05267019 ]
    },
    "properties": {
    "場所名稱":"潤泰旭展股份有限公司(CITYLINK南港店)",
    "場所地址":"忠孝東路七段369號",
    "場所分類":"大型購物場所",
    "AED放置地點":"C棟11F",
    "行政區":"南港區"
    }
  },
  {
    "type": "Feature",
    "geometry": {
       "type": "Point",
       "coordinates":  [ 121.6099135,25.0522286 ]
    },
    "properties": {
    "場所名稱":"台北生技園區",
    "場所地址":"忠孝東路七段508號2樓",
    "場所分類":"其他",
    "AED放置地點":"2樓大廳",
    "行政區":"南港區"
    }
  },
  {
    "type": "Feature",
    "geometry": {
       "type": "Point",
       "coordinates":  [ 121.617555,25.05539 ]
    },
    "properties": {
    "場所名稱":"臺北捷運南港展覽館站BR24",
    "場所地址":"南港路1段32號",
    "場所分類":"交通要衝",
    "AED放置地點":"地下1樓",
    "行政區":"南港區"
    }
  },
  {
    "type": "Feature",
    "geometry": {
       "type": "Point",
       "coordinates":  [ 121.607859,25.056498 ]
    },
    "properties": {
    "場所名稱":"臺北市立南港高級工業職業學校",
    "場所地址":"興中路29號",
    "場所分類":"學校、大型集會場所",
    "AED放置地點":"教室區大樓1樓健康中心前走廊",
    "行政區":"南港區"
    }
  },
  {
    "type": "Feature",
    "geometry": {
       "type": "Point",
       "coordinates":  [ 121.511471,25.061411 ]
    },
    "properties": {
    "場所名稱":"臺北市大同區太平國民小學",
    "場所地址":"延平北路二段239號",
    "場所分類":"其他",
    "AED放置地點":"行政大樓一樓",
    "行政區":"大同區"
    }
  },
  {
    "type": "Feature",
    "geometry": {
       "type": "Point",
       "coordinates":  [ 121.511306,25.062724 ]
    },
    "properties": {
    "場所名稱":"京站實業股份有限公司",
    "場所地址":"承德路一段一號",
    "場所分類":"大型購物場所",
    "AED放置地點":"1FQ1出入口",
    "行政區":"大同區"
    }
  },
  {
    "type": "Feature",
    "geometry": {
       "type": "Point",
       "coordinates":  [ 121.511306,25.062724 ]
    },
    "properties": {
    "場所名稱":"京站實業股份有限公司",
    "場所地址":"承德路一段一號",
    "場所分類":"大型購物場所",
    "AED放置地點":"B3東側",
    "行政區":"大同區"
    }
  }
]
}